z_center_A,angle_center_deg,value
-0.975,0.5,0
-0.975,1.5,0
-0.975,2.5,0
-0.975,3.5,0
-0.975,4.5,0
-0.975,5.5,0
-0.975,6.5,0
-0.975,7.5,0
-0.975,8.5,0
-0.975,9.5,0
-0.975,10.5,0
-0.975,11.5,0
-0.975,12.5,0
-0.975,13.5,0
-0.975,14.5,0
-0.975,15.5,0
-0.975,16.5,0
-0.975,17.5,0
-0.975,18.5,0
-0.975,19.5,0
-0.975,20.5,0
-0.975,21.5,0
-0.975,22.5,0
-0.975,23.5,0
-0.975,24.5,0
-0.975,25.5,0
-0.975,26.5,0
-0.975,27.5,0
-0.975,28.5,0
-0.975,29.5,0
-0.975,30.5,0
-0.975,31.5,0
-0.975,32.5,0
-0.975,33.5,0
-0.975,34.5,0
-0.975,35.5,0
-0.975,36.5,0
-0.975,37.5,0
-0.975,38.5,0
-0.975,39.5,0
-0.975,40.5,0
-0.975,41.5,0
-0.975,42.5,0
-0.975,43.5,0
-0.975,44.5,0
-0.975,45.5,0
-0.975,46.5,0
-0.975,47.5,0
-0.975,48.5,0
-0.975,49.5,0
-0.975,50.5,0
-0.975,51.5,0
-0.975,52.5,0
-0.975,53.5,0
-0.975,54.5,0
-0.975,55.5,0
-0.975,56.5,0
-0.975,57.5,0
-0.975,58.5,0
-0.975,59.5,0
-0.975,60.5,0
-0.975,61.5,0
-0.975,62.5,0
-0.975,63.5,0
-0.975,64.5,0
-0.975,65.5,0
-0.975,66.5,0
-0.975,67.5,0
-0.975,68.5,0
-0.975,69.5,0
-0.975,70.5,0
-0.975,71.5,0
-0.975,72.5,0
-0.975,73.5,0
-0.975,74.5,0
-0.975,75.5,0
-0.975,76.5,0
-0.975,77.5,0
-0.975,78.5,0
-0.975,79.5,0
-0.975,80.5,0
-0.975,81.5,0
-0.975,82.5,0
-0.975,83.5,0
-0.975,84.5,0
-0.975,85.5,0
-0.975,86.5,0
-0.975,87.5,0
-0.975,88.5,0
-0.975,89.5,0
-0.975,90.5,0
-0.975,91.5,0
-0.975,92.5,0
-0.975,93.5,0
-0.975,94.5,0
-0.975,95.5,0
-0.975,96.5,0
-0.975,97.5,0
-0.975,98.5,0
-0.975,99.5,0
-0.975,100.5,0
-0.975,101.5,0
-0.975,102.5,0
-0.975,103.5,0
-0.975,104.5,0
-0.975,105.5,0
-0.975,106.5,0
-0.975,107.5,0
-0.975,108.5,0
-0.975,109.5,0
-0.975,110.5,0
-0.975,111.5,0
-0.975,112.5,0
-0.975,113.5,0
-0.975,114.5,0
-0.975,115.5,0
-0.975,116.5,0
-0.975,117.5,0
-0.975,118.5,0
-0.975,119.5,0
-0.975,120.5,0
-0.975,121.5,0
-0.975,122.5,0
-0.975,123.5,0
-0.975,124.5,0
-0.975,125.5,0
-0.975,126.5,0
-0.975,127.5,0
-0.975,128.5,0
-0.975,129.5,0
-0.975,130.5,0
-0.975,131.5,0
-0.975,132.5,0
-0.975,133.5,0
-0.975,134.5,0
-0.975,135.5,0
-0.975,136.5,0
-0.975,137.5,0
-0.975,138.5,0
-0.975,139.5,0
-0.975,140.5,0
-0.975,141.5,0
-0.975,142.5,0
-0.975,143.5,0
-0.975,144.5,0
-0.975,145.5,0
-0.975,146.5,0
-0.975,147.5,0
-0.975,148.5,0
-0.975,149.5,0
-0.975,150.5,0
-0.975,151.5,0
-0.975,152.5,0
-0.975,153.5,0
-0.975,154.5,0
-0.975,155.5,0
-0.975,156.5,0
-0.975,157.5,0
-0.975,158.5,0
-0.975,159.5,0
-0.975,160.5,0
-0.975,161.5,0
-0.975,162.5,0
-0.975,163.5,0
-0.975,164.5,0
-0.975,165.5,0
-0.975,166.5,0
-0.975,167.5,0
-0.975,168.5,0
-0.975,169.5,0
-0.975,170.5,0
-0.975,171.5,0
-0.975,172.5,0
-0.975,173.5,0
-0.975,174.5,0
-0.975,175.5,0
-0.975,176.5,0
-0.975,177.5,0
-0.975,178.5,0
-0.975,179.5,0
-0.925,0.5,0
-0.925,1.5,0
-0.925,2.5,0
-0.925,3.5,0
-0.925,4.5,0
-0.925,5.5,0
-0.925,6.5,0
-0.925,7.5,0
-0.925,8.5,0
-0.925,9.5,0
-0.925,10.5,0
-0.925,11.5,0
-0.925,12.5,0
-0.925,13.5,0
-0.925,14.5,0
-0.925,15.5,0
-0.925,16.5,0
-0.925,17.5,0
-0.925,18.5,0
-0.925,19.5,0
-0.925,20.5,0
-0.925,21.5,0
-0.925,22.5,0
-0.925,23.5,0
-0.925,24.5,0
-0.925,25.5,0
-0.925,26.5,0
-0.925,27.5,0
-0.925,28.5,0
-0.925,29.5,0
-0.925,30.5,0
-0.925,31.5,0
-0.925,32.5,0
-0.925,33.5,0
-0.925,34.5,0
-0.925,35.5,0
-0.925,36.5,0
-0.925,37.5,0
-0.925,38.5,0
-0.925,39.5,0
-0.925,40.5,0
-0.925,41.5,0
-0.925,42.5,0
-0.925,43.5,0
-0.925,44.5,0
-0.925,45.5,0
-0.925,46.5,0
-0.925,47.5,0
-0.925,48.5,0
-0.925,49.5,0
-0.925,50.5,0
-0.925,51.5,0
-0.925,52.5,0
-0.925,53.5,0
-0.925,54.5,0
-0.925,55.5,0
-0.925,56.5,0
-0.925,57.5,0
-0.925,58.5,0
-0.925,59.5,0
-0.925,60.5,0
-0.925,61.5,0
-0.925,62.5,0
-0.925,63.5,0
-0.925,64.5,0
-0.925,65.5,0
-0.925,66.5,0
-0.925,67.5,0
-0.925,68.5,0
-0.925,69.5,0
-0.925,70.5,0
-0.925,71.5,0
-0.925,72.5,0
-0.925,73.5,0
-0.925,74.5,0
-0.925,75.5,0
-0.925,76.5,0
-0.925,77.5,0
-0.925,78.5,0
-0.925,79.5,0
-0.925,80.5,0
-0.925,81.5,0
-0.925,82.5,0
-0.925,83.5,0
-0.925,84.5,0
-0.925,85.5,0
-0.925,86.5,0
-0.925,87.5,0
-0.925,88.5,0
-0.925,89.5,0
-0.925,90.5,0
-0.925,91.5,0
-0.925,92.5,0
-0.925,93.5,0
-0.925,94.5,0
-0.925,95.5,0
-0.925,96.5,0
-0.925,97.5,0
-0.925,98.5,0
-0.925,99.5,0
-0.925,100.5,0
-0.925,101.5,0
-0.925,102.5,0
-0.925,103.5,0
-0.925,104.5,0
-0.925,105.5,0
-0.925,106.5,0
-0.925,107.5,0
-0.925,108.5,0
-0.925,109.5,0
-0.925,110.5,0
-0.925,111.5,0
-0.925,112.5,0
-0.925,113.5,0
-0.925,114.5,0
-0.925,115.5,0
-0.925,116.5,0
-0.925,117.5,0
-0.925,118.5,0
-0.925,119.5,0
-0.925,120.5,0
-0.925,121.5,0
-0.925,122.5,0
-0.925,123.5,0
-0.925,124.5,0
-0.925,125.5,0
-0.925,126.5,0
-0.925,127.5,0
-0.925,128.5,0
-0.925,129.5,0
-0.925,130.5,0
-0.925,131.5,0
-0.925,132.5,0
-0.925,133.5,0
-0.925,134.5,0
-0.925,135.5,0
-0.925,136.5,0
-0.925,137.5,0
-0.925,138.5,0
-0.925,139.5,0
-0.925,140.5,0
-0.925,141.5,0
-0.925,142.5,0
-0.925,143.5,0
-0.925,144.5,0
-0.925,145.5,0
-0.925,146.5,0
-0.925,147.5,0
-0.925,148.5,0
-0.925,149.5,0
-0.925,150.5,0
-0.925,151.5,0
-0.925,152.5,0
-0.925,153.5,0
-0.925,154.5,0
-0.925,155.5,0
-0.925,156.5,0
-0.925,157.5,0
-0.925,158.5,0
-0.925,159.5,0
-0.925,160.5,0
-0.925,161.5,0
-0.925,162.5,0
-0.925,163.5,0
-0.925,164.5,0
-0.925,165.5,0
-0.925,166.5,0
-0.925,167.5,0
-0.925,168.5,0
-0.925,169.5,0
-0.925,170.5,0
-0.925,171.5,0
-0.925,172.5,0
-0.925,173.5,0
-0.925,174.5,0
-0.925,175.5,0
-0.925,176.5,0
-0.925,177.5,0
-0.925,178.5,0
-0.925,179.5,0
-0.875,0.5,0
-0.875,1.5,0
-0.875,2.5,0
-0.875,3.5,0
-0.875,4.5,0
-0.875,5.5,0
-0.875,6.5,0
-0.875,7.5,0
-0.875,8.5,0
-0.875,9.5,0
-0.875,10.5,0
-0.875,11.5,0
-0.875,12.5,0
-0.875,13.5,0
-0.875,14.5,0
-0.875,15.5,0
-0.875,16.5,0
-0.875,17.5,0
-0.875,18.5,0
-0.875,19.5,0
-0.875,20.5,0
-0.875,21.5,0
-0.875,22.5,0
-0.875,23.5,0
-0.875,24.5,0
-0.875,25.5,0
-0.875,26.5,0
-0.875,27.5,0
-0.875,28.5,0
-0.875,29.5,0
-0.875,30.5,0
-0.875,31.5,0
-0.875,32.5,0
-0.875,33.5,0
-0.875,34.5,0
-0.875,35.5,0
-0.875,36.5,0
-0.875,37.5,0
-0.875,38.5,0
-0.875,39.5,0
-0.875,40.5,0
-0.875,41.5,0
-0.875,42.5,0
-0.875,43.5,0
-0.875,44.5,0
-0.875,45.5,0
-0.875,46.5,0
-0.875,47.5,0
-0.875,48.5,0
-0.875,49.5,0
-0.875,50.5,0
-0.875,51.5,0
-0.875,52.5,0
-0.875,53.5,0
-0.875,54.5,0
-0.875,55.5,0
-0.875,56.5,0
-0.875,57.5,0
-0.875,58.5,0
-0.875,59.5,0
-0.875,60.5,0
-0.875,61.5,0
-0.875,62.5,0
-0.875,63.5,0
-0.875,64.5,0
-0.875,65.5,0
-0.875,66.5,0
-0.875,67.5,0
-0.875,68.5,0
-0.875,69.5,0
-0.875,70.5,0
-0.875,71.5,0
-0.875,72.5,0
-0.875,73.5,0
-0.875,74.5,0
-0.875,75.5,0
-0.875,76.5,0
-0.875,77.5,0
-0.875,78.5,0
-0.875,79.5,0
-0.875,80.5,0
-0.875,81.5,0
-0.875,82.5,0
-0.875,83.5,0
-0.875,84.5,0
-0.875,85.5,0
-0.875,86.5,0
-0.875,87.5,0
-0.875,88.5,0
-0.875,89.5,0
-0.875,90.5,0
-0.875,91.5,0
-0.875,92.5,0
-0.875,93.5,0
-0.875,94.5,0
-0.875,95.5,0
-0.875,96.5,0
-0.875,97.5,0
-0.875,98.5,0
-0.875,99.5,0
-0.875,100.5,0
-0.875,101.5,0
-0.875,102.5,0
-0.875,103.5,0
-0.875,104.5,0
-0.875,105.5,0
-0.875,106.5,0
-0.875,107.5,0
-0.875,108.5,0
-0.875,109.5,0
-0.875,110.5,0
-0.875,111.5,0
-0.875,112.5,0
-0.875,113.5,0
-0.875,114.5,0
-0.875,115.5,0
-0.875,116.5,0
-0.875,117.5,0
-0.875,118.5,0
-0.875,119.5,0
-0.875,120.5,0
-0.875,121.5,0
-0.875,122.5,0
-0.875,123.5,0
-0.875,124.5,0
-0.875,125.5,0
-0.875,126.5,0
-0.875,127.5,0
-0.875,128.5,0
-0.875,129.5,0
-0.875,130.5,0
-0.875,131.5,0
-0.875,132.5,0
-0.875,133.5,0
-0.875,134.5,0
-0.875,135.5,0
-0.875,136.5,0
-0.875,137.5,0
-0.875,138.5,0
-0.875,139.5,0
-0.875,140.5,0
-0.875,141.5,0
-0.875,142.5,0
-0.875,143.5,0
-0.875,144.5,0
-0.875,145.5,0
-0.875,146.5,0
-0.875,147.5,0
-0.875,148.5,0
-0.875,149.5,0
-0.875,150.5,0
-0.875,151.5,0
-0.875,152.5,0
-0.875,153.5,0
-0.875,154.5,0
-0.875,155.5,0
-0.875,156.5,0
-0.875,157.5,0
-0.875,158.5,0
-0.875,159.5,0
-0.875,160.5,0
-0.875,161.5,0
-0.875,162.5,0
-0.875,163.5,0
-0.875,164.5,0
-0.875,165.5,0
-0.875,166.5,0
-0.875,167.5,0
-0.875,168.5,0
-0.875,169.5,0
-0.875,170.5,0
-0.875,171.5,0
-0.875,172.5,0
-0.875,173.5,0
-0.875,174.5,0
-0.875,175.5,0
-0.875,176.5,0
-0.875,177.5,0
-0.875,178.5,0
-0.875,179.5,0
-0.825,0.5,0
-0.825,1.5,0
-0.825,2.5,0
-0.825,3.5,0
-0.825,4.5,0
-0.825,5.5,0
-0.825,6.5,0
-0.825,7.5,0
-0.825,8.5,0
-0.825,9.5,0
-0.825,10.5,0
-0.825,11.5,0
-0.825,12.5,0
-0.825,13.5,0
-0.825,14.5,0
-0.825,15.5,0
-0.825,16.5,0
-0.825,17.5,0
-0.825,18.5,0
-0.825,19.5,0
-0.825,20.5,0
-0.825,21.5,0
-0.825,22.5,0
-0.825,23.5,0
-0.825,24.5,0
-0.825,25.5,0
-0.825,26.5,0
-0.825,27.5,0
-0.825,28.5,0
-0.825,29.5,0
-0.825,30.5,0
-0.825,31.5,0
-0.825,32.5,0
-0.825,33.5,0
-0.825,34.5,0
-0.825,35.5,0
-0.825,36.5,0
-0.825,37.5,0
-0.825,38.5,0
-0.825,39.5,0
-0.825,40.5,0
-0.825,41.5,0
-0.825,42.5,0
-0.825,43.5,0
-0.825,44.5,0
-0.825,45.5,0
-0.825,46.5,0
-0.825,47.5,0
-0.825,48.5,0
-0.825,49.5,0
-0.825,50.5,0
-0.825,51.5,0
-0.825,52.5,0
-0.825,53.5,0
-0.825,54.5,0
-0.825,55.5,0
-0.825,56.5,0
-0.825,57.5,0
-0.825,58.5,0
-0.825,59.5,0
-0.825,60.5,0
-0.825,61.5,0
-0.825,62.5,0
-0.825,63.5,0
-0.825,64.5,0
-0.825,65.5,0
-0.825,66.5,0
-0.825,67.5,0
-0.825,68.5,0
-0.825,69.5,0
-0.825,70.5,0
-0.825,71.5,0
-0.825,72.5,0
-0.825,73.5,0
-0.825,74.5,0
-0.825,75.5,0
-0.825,76.5,0
-0.825,77.5,0
-0.825,78.5,0
-0.825,79.5,0
-0.825,80.5,0
-0.825,81.5,0
-0.825,82.5,0
-0.825,83.5,0
-0.825,84.5,0
-0.825,85.5,0
-0.825,86.5,0
-0.825,87.5,0
-0.825,88.5,0
-0.825,89.5,0
-0.825,90.5,0
-0.825,91.5,0
-0.825,92.5,0
-0.825,93.5,0
-0.825,94.5,0
-0.825,95.5,0
-0.825,96.5,0
-0.825,97.5,0
-0.825,98.5,0
-0.825,99.5,0
-0.825,100.5,0
-0.825,101.5,0
-0.825,102.5,0
-0.825,103.5,0
-0.825,104.5,0
-0.825,105.5,0
-0.825,106.5,0
-0.825,107.5,0
-0.825,108.5,0
-0.825,109.5,0
-0.825,110.5,0
-0.825,111.5,0
-0.825,112.5,0
-0.825,113.5,0
-0.825,114.5,0
-0.825,115.5,0
-0.825,116.5,0
-0.825,117.5,0
-0.825,118.5,0
-0.825,119.5,0
-0.825,120.5,0
-0.825,121.5,0
-0.825,122.5,0
-0.825,123.5,0
-0.825,124.5,0
-0.825,125.5,0
-0.825,126.5,0
-0.825,127.5,0
-0.825,128.5,0
-0.825,129.5,0
-0.825,130.5,0
-0.825,131.5,0
-0.825,132.5,0
-0.825,133.5,0
-0.825,134.5,0
-0.825,135.5,0
-0.825,136.5,0
-0.825,137.5,0
-0.825,138.5,0
-0.825,139.5,0
-0.825,140.5,0
-0.825,141.5,0
-0.825,142.5,0
-0.825,143.5,0
-0.825,144.5,0
-0.825,145.5,0
-0.825,146.5,0
-0.825,147.5,0
-0.825,148.5,0
-0.825,149.5,0
-0.825,150.5,0
-0.825,151.5,0
-0.825,152.5,0
-0.825,153.5,0
-0.825,154.5,0
-0.825,155.5,0
-0.825,156.5,0
-0.825,157.5,0
-0.825,158.5,0
-0.825,159.5,0
-0.825,160.5,0
-0.825,161.5,0
-0.825,162.5,0
-0.825,163.5,0
-0.825,164.5,0
-0.825,165.5,0
-0.825,166.5,0
-0.825,167.5,0
-0.825,168.5,0
-0.825,169.5,0
-0.825,170.5,0
-0.825,171.5,0
-0.825,172.5,0
-0.825,173.5,0
-0.825,174.5,0
-0.825,175.5,0
-0.825,176.5,0
-0.825,177.5,0
-0.825,178.5,0
-0.825,179.5,0
-0.775,0.5,0
-0.775,1.5,0
-0.775,2.5,0
-0.775,3.5,0
-0.775,4.5,0
-0.775,5.5,0
-0.775,6.5,0
-0.775,7.5,0
-0.775,8.5,0
-0.775,9.5,0
-0.775,10.5,0
-0.775,11.5,0
-0.775,12.5,0
-0.775,13.5,0
-0.775,14.5,0
-0.775,15.5,0
-0.775,16.5,0
-0.775,17.5,0
-0.775,18.5,0
-0.775,19.5,0
-0.775,20.5,0
-0.775,21.5,0
-0.775,22.5,0
-0.775,23.5,0
-0.775,24.5,0
-0.775,25.5,0
-0.775,26.5,0
-0.775,27.5,0
-0.775,28.5,0
-0.775,29.5,0
-0.775,30.5,0
-0.775,31.5,0
-0.775,32.5,0
-0.775,33.5,0
-0.775,34.5,0
-0.775,35.5,0
-0.775,36.5,0
-0.775,37.5,0
-0.775,38.5,0
-0.775,39.5,0
-0.775,40.5,0
-0.775,41.5,0
-0.775,42.5,0
-0.775,43.5,0
-0.775,44.5,0
-0.775,45.5,0
-0.775,46.5,0
-0.775,47.5,0
-0.775,48.5,0
-0.775,49.5,0
-0.775,50.5,0
-0.775,51.5,0
-0.775,52.5,0
-0.775,53.5,0
-0.775,54.5,0
-0.775,55.5,0
-0.775,56.5,0
-0.775,57.5,0
-0.775,58.5,0
-0.775,59.5,0
-0.775,60.5,0
-0.775,61.5,0
-0.775,62.5,0
-0.775,63.5,0
-0.775,64.5,0
-0.775,65.5,0
-0.775,66.5,0
-0.775,67.5,0
-0.775,68.5,0
-0.775,69.5,0
-0.775,70.5,0
-0.775,71.5,0
-0.775,72.5,0
-0.775,73.5,0
-0.775,74.5,0
-0.775,75.5,0
-0.775,76.5,0
-0.775,77.5,0
-0.775,78.5,0
-0.775,79.5,0
-0.775,80.5,0
-0.775,81.5,0
-0.775,82.5,0
-0.775,83.5,0
-0.775,84.5,0
-0.775,85.5,0
-0.775,86.5,0
-0.775,87.5,0
-0.775,88.5,0
-0.775,89.5,0
-0.775,90.5,0
-0.775,91.5,0
-0.775,92.5,0
-0.775,93.5,0
-0.775,94.5,0
-0.775,95.5,0
-0.775,96.5,0
-0.775,97.5,0
-0.775,98.5,0
-0.775,99.5,0
-0.775,100.5,0
-0.775,101.5,0
-0.775,102.5,0
-0.775,103.5,0
-0.775,104.5,0
-0.775,105.5,0
-0.775,106.5,0
-0.775,107.5,0
-0.775,108.5,0
-0.775,109.5,0
-0.775,110.5,0
-0.775,111.5,0
-0.775,112.5,0
-0.775,113.5,0
-0.775,114.5,0
-0.775,115.5,0
-0.775,116.5,0
-0.775,117.5,0
-0.775,118.5,0
-0.775,119.5,0
-0.775,120.5,0
-0.775,121.5,0
-0.775,122.5,0
-0.775,123.5,0
-0.775,124.5,0
-0.775,125.5,0
-0.775,126.5,0
-0.775,127.5,0
-0.775,128.5,0
-0.775,129.5,0
-0.775,130.5,0
-0.775,131.5,0
-0.775,132.5,0
-0.775,133.5,0
-0.775,134.5,0
-0.775,135.5,0
-0.775,136.5,0
-0.775,137.5,0
-0.775,138.5,0
-0.775,139.5,0
-0.775,140.5,0
-0.775,141.5,0
-0.775,142.5,0
-0.775,143.5,0
-0.775,144.5,0
-0.775,145.5,0
-0.775,146.5,0
-0.775,147.5,0
-0.775,148.5,0
-0.775,149.5,0
-0.775,150.5,0
-0.775,151.5,0
-0.775,152.5,0
-0.775,153.5,0
-0.775,154.5,0
-0.775,155.5,0
-0.775,156.5,0
-0.775,157.5,0
-0.775,158.5,0
-0.775,159.5,0
-0.775,160.5,0
-0.775,161.5,0
-0.775,162.5,0
-0.775,163.5,0
-0.775,164.5,0
-0.775,165.5,0
-0.775,166.5,0
-0.775,167.5,0
-0.775,168.5,0
-0.775,169.5,0
-0.775,170.5,0
-0.775,171.5,0
-0.775,172.5,0
-0.775,173.5,0
-0.775,174.5,0
-0.775,175.5,0
-0.775,176.5,0
-0.775,177.5,0
-0.775,178.5,0
-0.775,179.5,0
-0.725,0.5,0
-0.725,1.5,0
-0.725,2.5,0
-0.725,3.5,0
-0.725,4.5,0
-0.725,5.5,0
-0.725,6.5,0
-0.725,7.5,0
-0.725,8.5,0
-0.725,9.5,0
-0.725,10.5,0
-0.725,11.5,0
-0.725,12.5,0
-0.725,13.5,0
-0.725,14.5,0
-0.725,15.5,0
-0.725,16.5,0
-0.725,17.5,0
-0.725,18.5,0
-0.725,19.5,0
-0.725,20.5,0
-0.725,21.5,0
-0.725,22.5,0
-0.725,23.5,0
-0.725,24.5,0
-0.725,25.5,0
-0.725,26.5,0
-0.725,27.5,0
-0.725,28.5,0
-0.725,29.5,0
-0.725,30.5,0
-0.725,31.5,0
-0.725,32.5,0
-0.725,33.5,0
-0.725,34.5,0
-0.725,35.5,0
-0.725,36.5,0
-0.725,37.5,0
-0.725,38.5,0
-0.725,39.5,0
-0.725,40.5,0
-0.725,41.5,0
-0.725,42.5,0
-0.725,43.5,0
-0.725,44.5,0
-0.725,45.5,0
-0.725,46.5,0
-0.725,47.5,0
-0.725,48.5,0
-0.725,49.5,0
-0.725,50.5,0
-0.725,51.5,0
-0.725,52.5,0
-0.725,53.5,0
-0.725,54.5,0
-0.725,55.5,0
-0.725,56.5,0
-0.725,57.5,0
-0.725,58.5,0
-0.725,59.5,0
-0.725,60.5,0
-0.725,61.5,0
-0.725,62.5,0
-0.725,63.5,0
-0.725,64.5,0
-0.725,65.5,0
-0.725,66.5,0
-0.725,67.5,0
-0.725,68.5,0
-0.725,69.5,0
-0.725,70.5,0
-0.725,71.5,0
-0.725,72.5,0
-0.725,73.5,0
-0.725,74.5,0
-0.725,75.5,0
-0.725,76.5,0
-0.725,77.5,0
-0.725,78.5,0
-0.725,79.5,0
-0.725,80.5,0
-0.725,81.5,0
-0.725,82.5,0
-0.725,83.5,0
-0.725,84.5,0
-0.725,85.5,0
-0.725,86.5,0
-0.725,87.5,0
-0.725,88.5,0
-0.725,89.5,0
-0.725,90.5,0
-0.725,91.5,0
-0.725,92.5,0
-0.725,93.5,0
-0.725,94.5,0
-0.725,95.5,0
-0.725,96.5,0
-0.725,97.5,0
-0.725,98.5,0
-0.725,99.5,0
-0.725,100.5,0
-0.725,101.5,0
-0.725,102.5,0
-0.725,103.5,0
-0.725,104.5,0
-0.725,105.5,0
-0.725,106.5,0
-0.725,107.5,0
-0.725,108.5,0
-0.725,109.5,0
-0.725,110.5,0
-0.725,111.5,0
-0.725,112.5,0
-0.725,113.5,0
-0.725,114.5,0
-0.725,115.5,0
-0.725,116.5,0
-0.725,117.5,0
-0.725,118.5,0
-0.725,119.5,0
-0.725,120.5,0
-0.725,121.5,0
-0.725,122.5,0
-0.725,123.5,0
-0.725,124.5,0
-0.725,125.5,0
-0.725,126.5,0
-0.725,127.5,0
-0.725,128.5,0
-0.725,129.5,0
-0.725,130.5,0
-0.725,131.5,0
-0.725,132.5,0
-0.725,133.5,0
-0.725,134.5,0
-0.725,135.5,0
-0.725,136.5,0
-0.725,137.5,0
-0.725,138.5,0
-0.725,139.5,0
-0.725,140.5,0
-0.725,141.5,0
-0.725,142.5,0
-0.725,143.5,0
-0.725,144.5,0
-0.725,145.5,0
-0.725,146.5,0
-0.725,147.5,0
-0.725,148.5,0
-0.725,149.5,0
-0.725,150.5,0
-0.725,151.5,0
-0.725,152.5,0
-0.725,153.5,0
-0.725,154.5,0
-0.725,155.5,0
-0.725,156.5,0
-0.725,157.5,0
-0.725,158.5,0
-0.725,159.5,0
-0.725,160.5,0
-0.725,161.5,0
-0.725,162.5,0
-0.725,163.5,0
-0.725,164.5,0
-0.725,165.5,0
-0.725,166.5,0
-0.725,167.5,0
-0.725,168.5,0
-0.725,169.5,0
-0.725,170.5,0
-0.725,171.5,0
-0.725,172.5,0
-0.725,173.5,0
-0.725,174.5,0
-0.725,175.5,0
-0.725,176.5,0
-0.725,177.5,0
-0.725,178.5,0
-0.725,179.5,0
-0.675,0.5,0
-0.675,1.5,0
-0.675,2.5,0
-0.675,3.5,0
-0.675,4.5,0
-0.675,5.5,0
-0.675,6.5,0
-0.675,7.5,0
-0.675,8.5,0
-0.675,9.5,0
-0.675,10.5,0
-0.675,11.5,0
-0.675,12.5,0
-0.675,13.5,0
-0.675,14.5,0
-0.675,15.5,0
-0.675,16.5,0
-0.675,17.5,0
-0.675,18.5,0
-0.675,19.5,0
-0.675,20.5,0
-0.675,21.5,0
-0.675,22.5,0
-0.675,23.5,0
-0.675,24.5,0
-0.675,25.5,0
-0.675,26.5,0
-0.675,27.5,0
-0.675,28.5,0
-0.675,29.5,0
-0.675,30.5,0
-0.675,31.5,0
-0.675,32.5,0
-0.675,33.5,0
-0.675,34.5,0
-0.675,35.5,0
-0.675,36.5,0
-0.675,37.5,0
-0.675,38.5,0
-0.675,39.5,0
-0.675,40.5,0
-0.675,41.5,0
-0.675,42.5,0
-0.675,43.5,0
-0.675,44.5,0
-0.675,45.5,0
-0.675,46.5,0
-0.675,47.5,0
-0.675,48.5,0
-0.675,49.5,0
-0.675,50.5,0
-0.675,51.5,0
-0.675,52.5,0
-0.675,53.5,0
-0.675,54.5,0
-0.675,55.5,0
-0.675,56.5,0
-0.675,57.5,0
-0.675,58.5,0
-0.675,59.5,0
-0.675,60.5,0
-0.675,61.5,0
-0.675,62.5,0
-0.675,63.5,0
-0.675,64.5,0
-0.675,65.5,0
-0.675,66.5,0
-0.675,67.5,0
-0.675,68.5,0
-0.675,69.5,0
-0.675,70.5,0
-0.675,71.5,0
-0.675,72.5,0
-0.675,73.5,0
-0.675,74.5,0
-0.675,75.5,0
-0.675,76.5,0
-0.675,77.5,0
-0.675,78.5,0
-0.675,79.5,0
-0.675,80.5,0
-0.675,81.5,0
-0.675,82.5,0
-0.675,83.5,0
-0.675,84.5,0
-0.675,85.5,0
-0.675,86.5,0
-0.675,87.5,0
-0.675,88.5,0
-0.675,89.5,0
-0.675,90.5,0
-0.675,91.5,0
-0.675,92.5,0
-0.675,93.5,0
-0.675,94.5,0
-0.675,95.5,0
-0.675,96.5,0
-0.675,97.5,0
-0.675,98.5,0
-0.675,99.5,0
-0.675,100.5,0
-0.675,101.5,0
-0.675,102.5,0
-0.675,103.5,0
-0.675,104.5,0
-0.675,105.5,0
-0.675,106.5,0
-0.675,107.5,0
-0.675,108.5,0
-0.675,109.5,0
-0.675,110.5,0
-0.675,111.5,0
-0.675,112.5,0
-0.675,113.5,0
-0.675,114.5,0
-0.675,115.5,0
-0.675,116.5,0
-0.675,117.5,0
-0.675,118.5,0
-0.675,119.5,0
-0.675,120.5,0
-0.675,121.5,0
-0.675,122.5,0
-0.675,123.5,0
-0.675,124.5,0
-0.675,125.5,0
-0.675,126.5,0
-0.675,127.5,0
-0.675,128.5,0
-0.675,129.5,0
-0.675,130.5,0
-0.675,131.5,0
-0.675,132.5,0
-0.675,133.5,0
-0.675,134.5,0
-0.675,135.5,0
-0.675,136.5,0
-0.675,137.5,0
-0.675,138.5,0
-0.675,139.5,0
-0.675,140.5,0
-0.675,141.5,0
-0.675,142.5,0
-0.675,143.5,0
-0.675,144.5,0
-0.675,145.5,0
-0.675,146.5,0
-0.675,147.5,0
-0.675,148.5,0
-0.675,149.5,0
-0.675,150.5,0
-0.675,151.5,0
-0.675,152.5,0
-0.675,153.5,0
-0.675,154.5,0
-0.675,155.5,0
-0.675,156.5,0
-0.675,157.5,0
-0.675,158.5,0
-0.675,159.5,0
-0.675,160.5,0
-0.675,161.5,0
-0.675,162.5,0
-0.675,163.5,0
-0.675,164.5,0
-0.675,165.5,0
-0.675,166.5,0
-0.675,167.5,0
-0.675,168.5,0
-0.675,169.5,0
-0.675,170.5,0
-0.675,171.5,0
-0.675,172.5,0
-0.675,173.5,0
-0.675,174.5,0
-0.675,175.5,0
-0.675,176.5,0
-0.675,177.5,0
-0.675,178.5,0
-0.675,179.5,0
-0.625,0.5,0
-0.625,1.5,0
-0.625,2.5,0
-0.625,3.5,0
-0.625,4.5,0
-0.625,5.5,0
-0.625,6.5,0
-0.625,7.5,0
-0.625,8.5,0
-0.625,9.5,0
-0.625,10.5,0
-0.625,11.5,0
-0.625,12.5,0
-0.625,13.5,0
-0.625,14.5,0
-0.625,15.5,0
-0.625,16.5,0
-0.625,17.5,0
-0.625,18.5,0
-0.625,19.5,0
-0.625,20.5,0
-0.625,21.5,0
-0.625,22.5,0
-0.625,23.5,0
-0.625,24.5,0
-0.625,25.5,0
-0.625,26.5,0
-0.625,27.5,0
-0.625,28.5,0
-0.625,29.5,0
-0.625,30.5,0
-0.625,31.5,0
-0.625,32.5,0
-0.625,33.5,0
-0.625,34.5,0
-0.625,35.5,0
-0.625,36.5,0
-0.625,37.5,0
-0.625,38.5,0
-0.625,39.5,0
-0.625,40.5,0
-0.625,41.5,0
-0.625,42.5,0
-0.625,43.5,0
-0.625,44.5,0
-0.625,45.5,0
-0.625,46.5,0
-0.625,47.5,0
-0.625,48.5,0
-0.625,49.5,0
-0.625,50.5,0
-0.625,51.5,0
-0.625,52.5,0
-0.625,53.5,0
-0.625,54.5,0
-0.625,55.5,0
-0.625,56.5,0
-0.625,57.5,0
-0.625,58.5,0
-0.625,59.5,0
-0.625,60.5,0
-0.625,61.5,0
-0.625,62.5,0
-0.625,63.5,0
-0.625,64.5,0
-0.625,65.5,0
-0.625,66.5,0
-0.625,67.5,0
-0.625,68.5,0
-0.625,69.5,0
-0.625,70.5,0
-0.625,71.5,0
-0.625,72.5,0
-0.625,73.5,0
-0.625,74.5,0
-0.625,75.5,0
-0.625,76.5,0
-0.625,77.5,0
-0.625,78.5,0
-0.625,79.5,0
-0.625,80.5,0
-0.625,81.5,0
-0.625,82.5,0
-0.625,83.5,0
-0.625,84.5,0
-0.625,85.5,0
-0.625,86.5,0
-0.625,87.5,0
-0.625,88.5,0
-0.625,89.5,0
-0.625,90.5,0
-0.625,91.5,0
-0.625,92.5,0
-0.625,93.5,0
-0.625,94.5,0
-0.625,95.5,0
-0.625,96.5,0
-0.625,97.5,0
-0.625,98.5,0
-0.625,99.5,0
-0.625,100.5,0
-0.625,101.5,0
-0.625,102.5,0
-0.625,103.5,0
-0.625,104.5,0
-0.625,105.5,0
-0.625,106.5,0
-0.625,107.5,0
-0.625,108.5,0
-0.625,109.5,0
-0.625,110.5,0
-0.625,111.5,0
-0.625,112.5,0
-0.625,113.5,0
-0.625,114.5,0
-0.625,115.5,0
-0.625,116.5,0
-0.625,117.5,0
-0.625,118.5,0
-0.625,119.5,0
-0.625,120.5,0
-0.625,121.5,0
-0.625,122.5,0
-0.625,123.5,0
-0.625,124.5,0
-0.625,125.5,0
-0.625,126.5,0
-0.625,127.5,0
-0.625,128.5,0
-0.625,129.5,0
-0.625,130.5,0
-0.625,131.5,0
-0.625,132.5,0
-0.625,133.5,0
-0.625,134.5,0
-0.625,135.5,0
-0.625,136.5,0
-0.625,137.5,0
-0.625,138.5,0
-0.625,139.5,0
-0.625,140.5,0
-0.625,141.5,0
-0.625,142.5,0
-0.625,143.5,0
-0.625,144.5,0
-0.625,145.5,0
-0.625,146.5,0
-0.625,147.5,0
-0.625,148.5,0
-0.625,149.5,0
-0.625,150.5,0
-0.625,151.5,0
-0.625,152.5,0
-0.625,153.5,0
-0.625,154.5,0
-0.625,155.5,0
-0.625,156.5,0
-0.625,157.5,0
-0.625,158.5,0
-0.625,159.5,0
-0.625,160.5,0
-0.625,161.5,0
-0.625,162.5,0
-0.625,163.5,0
-0.625,164.5,0
-0.625,165.5,0
-0.625,166.5,0
-0.625,167.5,0
-0.625,168.5,0
-0.625,169.5,0
-0.625,170.5,0
-0.625,171.5,0
-0.625,172.5,0
-0.625,173.5,0
-0.625,174.5,0
-0.625,175.5,0
-0.625,176.5,0
-0.625,177.5,0
-0.625,178.5,0
-0.625,179.5,0
-0.575,0.5,0
-0.575,1.5,0
-0.575,2.5,0
-0.575,3.5,0
-0.575,4.5,0
-0.575,5.5,0
-0.575,6.5,0
-0.575,7.5,0
-0.575,8.5,0
-0.575,9.5,0
-0.575,10.5,0
-0.575,11.5,0
-0.575,12.5,0
-0.575,13.5,0
-0.575,14.5,0
-0.575,15.5,0
-0.575,16.5,0
-0.575,17.5,0
-0.575,18.5,0
-0.575,19.5,0
-0.575,20.5,0
-0.575,21.5,0
-0.575,22.5,0
-0.575,23.5,0
-0.575,24.5,0
-0.575,25.5,0
-0.575,26.5,0
-0.575,27.5,0
-0.575,28.5,0
-0.575,29.5,0
-0.575,30.5,0
-0.575,31.5,0
-0.575,32.5,0
-0.575,33.5,0
-0.575,34.5,0
-0.575,35.5,0
-0.575,36.5,0
-0.575,37.5,0
-0.575,38.5,0
-0.575,39.5,0
-0.575,40.5,0
-0.575,41.5,0
-0.575,42.5,0
-0.575,43.5,0
-0.575,44.5,0
-0.575,45.5,0
-0.575,46.5,0
-0.575,47.5,0
-0.575,48.5,0
-0.575,49.5,0
-0.575,50.5,0
-0.575,51.5,0
-0.575,52.5,0
-0.575,53.5,0
-0.575,54.5,0
-0.575,55.5,0
-0.575,56.5,0
-0.575,57.5,0
-0.575,58.5,0
-0.575,59.5,0
-0.575,60.5,0
-0.575,61.5,0
-0.575,62.5,0
-0.575,63.5,0
-0.575,64.5,0
-0.575,65.5,0
-0.575,66.5,0
-0.575,67.5,0
-0.575,68.5,0
-0.575,69.5,0
-0.575,70.5,0
-0.575,71.5,0
-0.575,72.5,0
-0.575,73.5,0
-0.575,74.5,0
-0.575,75.5,0
-0.575,76.5,0
-0.575,77.5,0
-0.575,78.5,0
-0.575,79.5,0
-0.575,80.5,0
-0.575,81.5,0
-0.575,82.5,0
-0.575,83.5,0
-0.575,84.5,0
-0.575,85.5,0
-0.575,86.5,0
-0.575,87.5,0
-0.575,88.5,0
-0.575,89.5,0
-0.575,90.5,0
-0.575,91.5,0
-0.575,92.5,0
-0.575,93.5,0
-0.575,94.5,0
-0.575,95.5,0
-0.575,96.5,0
-0.575,97.5,0
-0.575,98.5,0
-0.575,99.5,0
-0.575,100.5,0
-0.575,101.5,0
-0.575,102.5,0
-0.575,103.5,0
-0.575,104.5,0
-0.575,105.5,0
-0.575,106.5,0
-0.575,107.5,0
-0.575,108.5,0
-0.575,109.5,0
-0.575,110.5,0
-0.575,111.5,0
-0.575,112.5,0
-0.575,113.5,0
-0.575,114.5,0
-0.575,115.5,0
-0.575,116.5,0
-0.575,117.5,0
-0.575,118.5,0
-0.575,119.5,0
-0.575,120.5,0
-0.575,121.5,0
-0.575,122.5,0
-0.575,123.5,0
-0.575,124.5,0
-0.575,125.5,0
-0.575,126.5,0
-0.575,127.5,0
-0.575,128.5,0
-0.575,129.5,0
-0.575,130.5,0
-0.575,131.5,0
-0.575,132.5,0
-0.575,133.5,0
-0.575,134.5,0
-0.575,135.5,0
-0.575,136.5,0
-0.575,137.5,0
-0.575,138.5,0
-0.575,139.5,0
-0.575,140.5,0
-0.575,141.5,0
-0.575,142.5,0
-0.575,143.5,0
-0.575,144.5,0
-0.575,145.5,0
-0.575,146.5,0
-0.575,147.5,0
-0.575,148.5,0
-0.575,149.5,0
-0.575,150.5,0
-0.575,151.5,0
-0.575,152.5,0
-0.575,153.5,0
-0.575,154.5,0
-0.575,155.5,0
-0.575,156.5,0
-0.575,157.5,0
-0.575,158.5,0
-0.575,159.5,0
-0.575,160.5,0
-0.575,161.5,0
-0.575,162.5,0
-0.575,163.5,0
-0.575,164.5,0
-0.575,165.5,0
-0.575,166.5,0
-0.575,167.5,0
-0.575,168.5,0
-0.575,169.5,0
-0.575,170.5,0
-0.575,171.5,0
-0.575,172.5,0
-0.575,173.5,0
-0.575,174.5,0
-0.575,175.5,0
-0.575,176.5,0
-0.575,177.5,0
-0.575,178.5,0
-0.575,179.5,0
-0.525,0.5,0
-0.525,1.5,0
-0.525,2.5,0
-0.525,3.5,0
-0.525,4.5,0
-0.525,5.5,0
-0.525,6.5,0
-0.525,7.5,0
-0.525,8.5,0
-0.525,9.5,0
-0.525,10.5,0
-0.525,11.5,0
-0.525,12.5,0
-0.525,13.5,0
-0.525,14.5,0
-0.525,15.5,0
-0.525,16.5,0
-0.525,17.5,0
-0.525,18.5,0
-0.525,19.5,0
-0.525,20.5,0
-0.525,21.5,0
-0.525,22.5,0
-0.525,23.5,0
-0.525,24.5,0
-0.525,25.5,0
-0.525,26.5,0
-0.525,27.5,0
-0.525,28.5,0
-0.525,29.5,0
-0.525,30.5,0
-0.525,31.5,0
-0.525,32.5,0
-0.525,33.5,0
-0.525,34.5,0
-0.525,35.5,0
-0.525,36.5,0
-0.525,37.5,0
-0.525,38.5,0
-0.525,39.5,0
-0.525,40.5,0
-0.525,41.5,0
-0.525,42.5,0
-0.525,43.5,0
-0.525,44.5,0
-0.525,45.5,0
-0.525,46.5,0
-0.525,47.5,0
-0.525,48.5,0
-0.525,49.5,0
-0.525,50.5,0
-0.525,51.5,0
-0.525,52.5,0
-0.525,53.5,0
-0.525,54.5,0
-0.525,55.5,0
-0.525,56.5,0
-0.525,57.5,0
-0.525,58.5,0
-0.525,59.5,0
-0.525,60.5,0
-0.525,61.5,0
-0.525,62.5,0
-0.525,63.5,0
-0.525,64.5,0
-0.525,65.5,0
-0.525,66.5,0
-0.525,67.5,0
-0.525,68.5,0
-0.525,69.5,0
-0.525,70.5,0
-0.525,71.5,0
-0.525,72.5,0
-0.525,73.5,0
-0.525,74.5,0
-0.525,75.5,0
-0.525,76.5,0
-0.525,77.5,0
-0.525,78.5,0
-0.525,79.5,0
-0.525,80.5,0
-0.525,81.5,0
-0.525,82.5,0
-0.525,83.5,0
-0.525,84.5,0
-0.525,85.5,0
-0.525,86.5,0
-0.525,87.5,0
-0.525,88.5,0
-0.525,89.5,0
-0.525,90.5,0
-0.525,91.5,0
-0.525,92.5,0
-0.525,93.5,0
-0.525,94.5,0
-0.525,95.5,0
-0.525,96.5,0
-0.525,97.5,0
-0.525,98.5,0
-0.525,99.5,0
-0.525,100.5,0
-0.525,101.5,0
-0.525,102.5,0
-0.525,103.5,0
-0.525,104.5,0
-0.525,105.5,0
-0.525,106.5,0
-0.525,107.5,0
-0.525,108.5,0
-0.525,109.5,0
-0.525,110.5,0
-0.525,111.5,0
-0.525,112.5,0
-0.525,113.5,0
-0.525,114.5,0
-0.525,115.5,0
-0.525,116.5,0
-0.525,117.5,0
-0.525,118.5,0
-0.525,119.5,0
-0.525,120.5,0
-0.525,121.5,0
-0.525,122.5,0
-0.525,123.5,0
-0.525,124.5,0
-0.525,125.5,0
-0.525,126.5,0
-0.525,127.5,0
-0.525,128.5,0
-0.525,129.5,0
-0.525,130.5,0
-0.525,131.5,0
-0.525,132.5,0
-0.525,133.5,0
-0.525,134.5,0
-0.525,135.5,0
-0.525,136.5,0
-0.525,137.5,0
-0.525,138.5,0
-0.525,139.5,0
-0.525,140.5,0
-0.525,141.5,0
-0.525,142.5,0
-0.525,143.5,0
-0.525,144.5,0
-0.525,145.5,0
-0.525,146.5,0
-0.525,147.5,0
-0.525,148.5,0
-0.525,149.5,0
-0.525,150.5,0
-0.525,151.5,0
-0.525,152.5,0
-0.525,153.5,0
-0.525,154.5,0
-0.525,155.5,0
-0.525,156.5,0
-0.525,157.5,0
-0.525,158.5,0
-0.525,159.5,0
-0.525,160.5,0
-0.525,161.5,0
-0.525,162.5,0
-0.525,163.5,0
-0.525,164.5,0
-0.525,165.5,0
-0.525,166.5,0
-0.525,167.5,0
-0.525,168.5,0
-0.525,169.5,0
-0.525,170.5,0
-0.525,171.5,0
-0.525,172.5,0
-0.525,173.5,0
-0.525,174.5,0
-0.525,175.5,0
-0.525,176.5,0
-0.525,177.5,0
-0.525,178.5,0
-0.525,179.5,0
-0.475,0.5,0
-0.475,1.5,0
-0.475,2.5,0
-0.475,3.5,0
-0.475,4.5,0
-0.475,5.5,0
-0.475,6.5,0
-0.475,7.5,0
-0.475,8.5,0
-0.475,9.5,0
-0.475,10.5,0
-0.475,11.5,0
-0.475,12.5,0
-0.475,13.5,0
-0.475,14.5,0
-0.475,15.5,0
-0.475,16.5,0
-0.475,17.5,0
-0.475,18.5,0
-0.475,19.5,0
-0.475,20.5,0
-0.475,21.5,0
-0.475,22.5,0
-0.475,23.5,0
-0.475,24.5,0
-0.475,25.5,0
-0.475,26.5,0
-0.475,27.5,0
-0.475,28.5,0
-0.475,29.5,0
-0.475,30.5,0
-0.475,31.5,0
-0.475,32.5,0
-0.475,33.5,0
-0.475,34.5,0
-0.475,35.5,0
-0.475,36.5,0
-0.475,37.5,0
-0.475,38.5,0
-0.475,39.5,0
-0.475,40.5,0
-0.475,41.5,0
-0.475,42.5,0
-0.475,43.5,0
-0.475,44.5,0
-0.475,45.5,0
-0.475,46.5,0
-0.475,47.5,0
-0.475,48.5,0
-0.475,49.5,0
-0.475,50.5,0
-0.475,51.5,0
-0.475,52.5,0
-0.475,53.5,0
-0.475,54.5,0
-0.475,55.5,0
-0.475,56.5,0
-0.475,57.5,0
-0.475,58.5,0
-0.475,59.5,0
-0.475,60.5,0
-0.475,61.5,0
-0.475,62.5,0
-0.475,63.5,0
-0.475,64.5,0
-0.475,65.5,0
-0.475,66.5,0
-0.475,67.5,0
-0.475,68.5,0
-0.475,69.5,0
-0.475,70.5,0
-0.475,71.5,0
-0.475,72.5,0
-0.475,73.5,0
-0.475,74.5,0
-0.475,75.5,0
-0.475,76.5,0
-0.475,77.5,0
-0.475,78.5,0
-0.475,79.5,0
-0.475,80.5,0
-0.475,81.5,0
-0.475,82.5,0
-0.475,83.5,0
-0.475,84.5,0
-0.475,85.5,0
-0.475,86.5,0
-0.475,87.5,0
-0.475,88.5,0
-0.475,89.5,0
-0.475,90.5,0
-0.475,91.5,0
-0.475,92.5,0
-0.475,93.5,0
-0.475,94.5,0
-0.475,95.5,0
-0.475,96.5,0
-0.475,97.5,0
-0.475,98.5,0
-0.475,99.5,0
-0.475,100.5,0
-0.475,101.5,0
-0.475,102.5,0
-0.475,103.5,0
-0.475,104.5,0
-0.475,105.5,0
-0.475,106.5,0
-0.475,107.5,0
-0.475,108.5,0
-0.475,109.5,0
-0.475,110.5,0
-0.475,111.5,0
-0.475,112.5,0
-0.475,113.5,0
-0.475,114.5,0
-0.475,115.5,0
-0.475,116.5,0
-0.475,117.5,0
-0.475,118.5,0
-0.475,119.5,0
-0.475,120.5,0
-0.475,121.5,0
-0.475,122.5,0
-0.475,123.5,0
-0.475,124.5,0
-0.475,125.5,0
-0.475,126.5,0
-0.475,127.5,0
-0.475,128.5,0
-0.475,129.5,0
-0.475,130.5,0
-0.475,131.5,0
-0.475,132.5,0
-0.475,133.5,0
-0.475,134.5,0
-0.475,135.5,0
-0.475,136.5,0
-0.475,137.5,0
-0.475,138.5,0
-0.475,139.5,0
-0.475,140.5,0
-0.475,141.5,0
-0.475,142.5,0
-0.475,143.5,0
-0.475,144.5,0
-0.475,145.5,0
-0.475,146.5,0
-0.475,147.5,0
-0.475,148.5,0
-0.475,149.5,0
-0.475,150.5,0
-0.475,151.5,0
-0.475,152.5,0
-0.475,153.5,0
-0.475,154.5,0
-0.475,155.5,0
-0.475,156.5,0
-0.475,157.5,0
-0.475,158.5,0
-0.475,159.5,0
-0.475,160.5,0
-0.475,161.5,0
-0.475,162.5,0
-0.475,163.5,0
-0.475,164.5,0
-0.475,165.5,0
-0.475,166.5,0
-0.475,167.5,0
-0.475,168.5,0
-0.475,169.5,0
-0.475,170.5,0
-0.475,171.5,0
-0.475,172.5,0
-0.475,173.5,0
-0.475,174.5,0
-0.475,175.5,0
-0.475,176.5,0
-0.475,177.5,0
-0.475,178.5,0
-0.475,179.5,0
-0.425,0.5,0
-0.425,1.5,0
-0.425,2.5,0
-0.425,3.5,0
-0.425,4.5,0
-0.425,5.5,0
-0.425,6.5,0
-0.425,7.5,0
-0.425,8.5,0
-0.425,9.5,0
-0.425,10.5,0
-0.425,11.5,0
-0.425,12.5,0
-0.425,13.5,0
-0.425,14.5,0
-0.425,15.5,0
-0.425,16.5,0
-0.425,17.5,0
-0.425,18.5,0
-0.425,19.5,0
-0.425,20.5,0
-0.425,21.5,0
-0.425,22.5,0
-0.425,23.5,0
-0.425,24.5,0
-0.425,25.5,0
-0.425,26.5,0
-0.425,27.5,0
-0.425,28.5,0
-0.425,29.5,0
-0.425,30.5,0
-0.425,31.5,0
-0.425,32.5,0
-0.425,33.5,0
-0.425,34.5,0
-0.425,35.5,0
-0.425,36.5,0
-0.425,37.5,0
-0.425,38.5,0
-0.425,39.5,0
-0.425,40.5,0
-0.425,41.5,0
-0.425,42.5,0
-0.425,43.5,0
-0.425,44.5,0
-0.425,45.5,0
-0.425,46.5,0
-0.425,47.5,0
-0.425,48.5,0
-0.425,49.5,0
-0.425,50.5,0
-0.425,51.5,0
-0.425,52.5,0
-0.425,53.5,0
-0.425,54.5,0
-0.425,55.5,0
-0.425,56.5,0
-0.425,57.5,0
-0.425,58.5,0
-0.425,59.5,0
-0.425,60.5,0
-0.425,61.5,0
-0.425,62.5,0
-0.425,63.5,0
-0.425,64.5,0
-0.425,65.5,0
-0.425,66.5,0
-0.425,67.5,0
-0.425,68.5,0
-0.425,69.5,0
-0.425,70.5,0
-0.425,71.5,0
-0.425,72.5,0
-0.425,73.5,0
-0.425,74.5,0
-0.425,75.5,0
-0.425,76.5,0
-0.425,77.5,0
-0.425,78.5,0
-0.425,79.5,0
-0.425,80.5,0
-0.425,81.5,0
-0.425,82.5,0
-0.425,83.5,0
-0.425,84.5,0
-0.425,85.5,0
-0.425,86.5,0
-0.425,87.5,0
-0.425,88.5,0
-0.425,89.5,0
-0.425,90.5,0
-0.425,91.5,0
-0.425,92.5,0
-0.425,93.5,0
-0.425,94.5,0
-0.425,95.5,0
-0.425,96.5,0
-0.425,97.5,0
-0.425,98.5,0
-0.425,99.5,0
-0.425,100.5,0
-0.425,101.5,0
-0.425,102.5,0
-0.425,103.5,0
-0.425,104.5,0
-0.425,105.5,0
-0.425,106.5,0
-0.425,107.5,0
-0.425,108.5,0
-0.425,109.5,0
-0.425,110.5,0
-0.425,111.5,0
-0.425,112.5,0
-0.425,113.5,0
-0.425,114.5,0
-0.425,115.5,0
-0.425,116.5,0
-0.425,117.5,0
-0.425,118.5,0
-0.425,119.5,0
-0.425,120.5,0
-0.425,121.5,0
-0.425,122.5,0
-0.425,123.5,0
-0.425,124.5,0
-0.425,125.5,0
-0.425,126.5,0
-0.425,127.5,0
-0.425,128.5,0
-0.425,129.5,0
-0.425,130.5,0
-0.425,131.5,0
-0.425,132.5,0
-0.425,133.5,0
-0.425,134.5,0
-0.425,135.5,0
-0.425,136.5,0
-0.425,137.5,0
-0.425,138.5,0
-0.425,139.5,0
-0.425,140.5,0
-0.425,141.5,0
-0.425,142.5,0
-0.425,143.5,0
-0.425,144.5,0
-0.425,145.5,0
-0.425,146.5,0
-0.425,147.5,0
-0.425,148.5,0
-0.425,149.5,0
-0.425,150.5,0
-0.425,151.5,0
-0.425,152.5,0
-0.425,153.5,0
-0.425,154.5,0
-0.425,155.5,0
-0.425,156.5,0
-0.425,157.5,0
-0.425,158.5,0
-0.425,159.5,0
-0.425,160.5,0
-0.425,161.5,0
-0.425,162.5,0
-0.425,163.5,0
-0.425,164.5,0
-0.425,165.5,0
-0.425,166.5,0
-0.425,167.5,0
-0.425,168.5,0
-0.425,169.5,0
-0.425,170.5,0
-0.425,171.5,0
-0.425,172.5,0
-0.425,173.5,0
-0.425,174.5,0
-0.425,175.5,0
-0.425,176.5,0
-0.425,177.5,0
-0.425,178.5,0
-0.425,179.5,0
-0.375,0.5,0
-0.375,1.5,0
-0.375,2.5,0
-0.375,3.5,0
-0.375,4.5,0
-0.375,5.5,0
-0.375,6.5,0
-0.375,7.5,0
-0.375,8.5,0
-0.375,9.5,0
-0.375,10.5,0
-0.375,11.5,0
-0.375,12.5,0
-0.375,13.5,0
-0.375,14.5,0
-0.375,15.5,0
-0.375,16.5,0
-0.375,17.5,0
-0.375,18.5,0
-0.375,19.5,0
-0.375,20.5,0
-0.375,21.5,0
-0.375,22.5,0
-0.375,23.5,0
-0.375,24.5,0
-0.375,25.5,0
-0.375,26.5,0
-0.375,27.5,0
-0.375,28.5,0
-0.375,29.5,0
-0.375,30.5,0
-0.375,31.5,0
-0.375,32.5,0
-0.375,33.5,0
-0.375,34.5,0
-0.375,35.5,0
-0.375,36.5,0
-0.375,37.5,0
-0.375,38.5,0
-0.375,39.5,0
-0.375,40.5,0
-0.375,41.5,0
-0.375,42.5,0
-0.375,43.5,0
-0.375,44.5,0
-0.375,45.5,0
-0.375,46.5,0
-0.375,47.5,0
-0.375,48.5,0
-0.375,49.5,0
-0.375,50.5,0
-0.375,51.5,0
-0.375,52.5,0
-0.375,53.5,0
-0.375,54.5,0
-0.375,55.5,0
-0.375,56.5,0
-0.375,57.5,0
-0.375,58.5,0
-0.375,59.5,0
-0.375,60.5,0
-0.375,61.5,0
-0.375,62.5,0
-0.375,63.5,0
-0.375,64.5,0
-0.375,65.5,0
-0.375,66.5,0
-0.375,67.5,0
-0.375,68.5,0
-0.375,69.5,0
-0.375,70.5,0
-0.375,71.5,0
-0.375,72.5,0
-0.375,73.5,0
-0.375,74.5,0
-0.375,75.5,0
-0.375,76.5,0
-0.375,77.5,0
-0.375,78.5,0
-0.375,79.5,0
-0.375,80.5,0
-0.375,81.5,0
-0.375,82.5,0
-0.375,83.5,0
-0.375,84.5,0
-0.375,85.5,0
-0.375,86.5,0
-0.375,87.5,0
-0.375,88.5,0
-0.375,89.5,0
-0.375,90.5,0
-0.375,91.5,0
-0.375,92.5,0
-0.375,93.5,0
-0.375,94.5,0
-0.375,95.5,0
-0.375,96.5,0
-0.375,97.5,0
-0.375,98.5,0
-0.375,99.5,0
-0.375,100.5,0
-0.375,101.5,0
-0.375,102.5,0
-0.375,103.5,0
-0.375,104.5,0
-0.375,105.5,0
-0.375,106.5,0
-0.375,107.5,0
-0.375,108.5,0
-0.375,109.5,0
-0.375,110.5,0
-0.375,111.5,0
-0.375,112.5,0
-0.375,113.5,0
-0.375,114.5,0
-0.375,115.5,0
-0.375,116.5,0
-0.375,117.5,0
-0.375,118.5,0
-0.375,119.5,0
-0.375,120.5,0
-0.375,121.5,0
-0.375,122.5,0
-0.375,123.5,0
-0.375,124.5,0
-0.375,125.5,0
-0.375,126.5,0
-0.375,127.5,0
-0.375,128.5,0
-0.375,129.5,0
-0.375,130.5,0
-0.375,131.5,0
-0.375,132.5,0
-0.375,133.5,0
-0.375,134.5,0
-0.375,135.5,0
-0.375,136.5,0
-0.375,137.5,0
-0.375,138.5,0
-0.375,139.5,0
-0.375,140.5,0
-0.375,141.5,0
-0.375,142.5,0
-0.375,143.5,0
-0.375,144.5,0
-0.375,145.5,0
-0.375,146.5,0
-0.375,147.5,0
-0.375,148.5,0
-0.375,149.5,0
-0.375,150.5,0
-0.375,151.5,0
-0.375,152.5,0
-0.375,153.5,0
-0.375,154.5,0
-0.375,155.5,0
-0.375,156.5,0
-0.375,157.5,0
-0.375,158.5,0
-0.375,159.5,0
-0.375,160.5,0
-0.375,161.5,0
-0.375,162.5,0
-0.375,163.5,0
-0.375,164.5,0
-0.375,165.5,0
-0.375,166.5,0
-0.375,167.5,0
-0.375,168.5,0
-0.375,169.5,0
-0.375,170.5,0
-0.375,171.5,0
-0.375,172.5,0
-0.375,173.5,0
-0.375,174.5,0
-0.375,175.5,0
-0.375,176.5,0
-0.375,177.5,0
-0.375,178.5,0
-0.375,179.5,0
-0.325,0.5,0
-0.325,1.5,0
-0.325,2.5,0
-0.325,3.5,0
-0.325,4.5,0
-0.325,5.5,0
-0.325,6.5,0
-0.325,7.5,0
-0.325,8.5,0
-0.325,9.5,0
-0.325,10.5,0
-0.325,11.5,0
-0.325,12.5,0
-0.325,13.5,0
-0.325,14.5,0
-0.325,15.5,0
-0.325,16.5,0
-0.325,17.5,0
-0.325,18.5,0
-0.325,19.5,0
-0.325,20.5,0
-0.325,21.5,0
-0.325,22.5,0
-0.325,23.5,0
-0.325,24.5,0
-0.325,25.5,0
-0.325,26.5,0
-0.325,27.5,0
-0.325,28.5,0
-0.325,29.5,0
-0.325,30.5,0
-0.325,31.5,0
-0.325,32.5,0
-0.325,33.5,0
-0.325,34.5,0
-0.325,35.5,0
-0.325,36.5,0
-0.325,37.5,0
-0.325,38.5,0
-0.325,39.5,0
-0.325,40.5,0
-0.325,41.5,0
-0.325,42.5,0
-0.325,43.5,0
-0.325,44.5,0
-0.325,45.5,0
-0.325,46.5,0
-0.325,47.5,0
-0.325,48.5,0
-0.325,49.5,0
-0.325,50.5,0
-0.325,51.5,0
-0.325,52.5,0
-0.325,53.5,0
-0.325,54.5,0
-0.325,55.5,0
-0.325,56.5,0
-0.325,57.5,0
-0.325,58.5,0
-0.325,59.5,0
-0.325,60.5,0
-0.325,61.5,0
-0.325,62.5,0
-0.325,63.5,0
-0.325,64.5,0
-0.325,65.5,0
-0.325,66.5,0
-0.325,67.5,0
-0.325,68.5,0
-0.325,69.5,0
-0.325,70.5,0
-0.325,71.5,0
-0.325,72.5,0
-0.325,73.5,0
-0.325,74.5,0
-0.325,75.5,0
-0.325,76.5,0
-0.325,77.5,0
-0.325,78.5,0
-0.325,79.5,0
-0.325,80.5,0
-0.325,81.5,0
-0.325,82.5,0
-0.325,83.5,0
-0.325,84.5,0
-0.325,85.5,0
-0.325,86.5,0
-0.325,87.5,0
-0.325,88.5,0
-0.325,89.5,0
-0.325,90.5,0
-0.325,91.5,0
-0.325,92.5,0
-0.325,93.5,0
-0.325,94.5,0
-0.325,95.5,0
-0.325,96.5,0
-0.325,97.5,0
-0.325,98.5,0
-0.325,99.5,0
-0.325,100.5,0
-0.325,101.5,0
-0.325,102.5,0
-0.325,103.5,0
-0.325,104.5,0
-0.325,105.5,0
-0.325,106.5,0
-0.325,107.5,0
-0.325,108.5,0
-0.325,109.5,0
-0.325,110.5,0
-0.325,111.5,0
-0.325,112.5,0
-0.325,113.5,0
-0.325,114.5,0
-0.325,115.5,0
-0.325,116.5,0
-0.325,117.5,0
-0.325,118.5,0
-0.325,119.5,0
-0.325,120.5,0
-0.325,121.5,0
-0.325,122.5,0
-0.325,123.5,0
-0.325,124.5,0
-0.325,125.5,0
-0.325,126.5,0
-0.325,127.5,0
-0.325,128.5,0
-0.325,129.5,0
-0.325,130.5,0
-0.325,131.5,0
-0.325,132.5,0
-0.325,133.5,0
-0.325,134.5,0
-0.325,135.5,0
-0.325,136.5,0
-0.325,137.5,0
-0.325,138.5,0
-0.325,139.5,0
-0.325,140.5,0
-0.325,141.5,0
-0.325,142.5,0
-0.325,143.5,0
-0.325,144.5,0
-0.325,145.5,0
-0.325,146.5,0
-0.325,147.5,0
-0.325,148.5,0
-0.325,149.5,0
-0.325,150.5,0
-0.325,151.5,0
-0.325,152.5,0
-0.325,153.5,0
-0.325,154.5,0
-0.325,155.5,0
-0.325,156.5,0
-0.325,157.5,0
-0.325,158.5,0
-0.325,159.5,0
-0.325,160.5,0
-0.325,161.5,0
-0.325,162.5,0
-0.325,163.5,0
-0.325,164.5,0
-0.325,165.5,0
-0.325,166.5,0
-0.325,167.5,0
-0.325,168.5,0
-0.325,169.5,0
-0.325,170.5,0
-0.325,171.5,0
-0.325,172.5,0
-0.325,173.5,0
-0.325,174.5,0
-0.325,175.5,0
-0.325,176.5,0
-0.325,177.5,0
-0.325,178.5,0
-0.325,179.5,0
-0.275,0.5,0
-0.275,1.5,0
-0.275,2.5,0
-0.275,3.5,0
-0.275,4.5,0
-0.275,5.5,0
-0.275,6.5,0
-0.275,7.5,0
-0.275,8.5,0
-0.275,9.5,0
-0.275,10.5,0
-0.275,11.5,0
-0.275,12.5,0
-0.275,13.5,0
-0.275,14.5,0
-0.275,15.5,0
-0.275,16.5,0
-0.275,17.5,0
-0.275,18.5,0
-0.275,19.5,0
-0.275,20.5,0
-0.275,21.5,0
-0.275,22.5,0
-0.275,23.5,0
-0.275,24.5,0
-0.275,25.5,0
-0.275,26.5,0
-0.275,27.5,0
-0.275,28.5,0
-0.275,29.5,0
-0.275,30.5,0
-0.275,31.5,0
-0.275,32.5,0
-0.275,33.5,0
-0.275,34.5,0
-0.275,35.5,0
-0.275,36.5,0
-0.275,37.5,0
-0.275,38.5,0
-0.275,39.5,0
-0.275,40.5,0
-0.275,41.5,0
-0.275,42.5,0
-0.275,43.5,0
-0.275,44.5,0
-0.275,45.5,0
-0.275,46.5,0
-0.275,47.5,0
-0.275,48.5,0
-0.275,49.5,0
-0.275,50.5,0
-0.275,51.5,0
-0.275,52.5,0
-0.275,53.5,0
-0.275,54.5,0
-0.275,55.5,0
-0.275,56.5,0
-0.275,57.5,0
-0.275,58.5,0
-0.275,59.5,0
-0.275,60.5,0
-0.275,61.5,0
-0.275,62.5,0
-0.275,63.5,0
-0.275,64.5,0
-0.275,65.5,0
-0.275,66.5,0
-0.275,67.5,0
-0.275,68.5,0
-0.275,69.5,0
-0.275,70.5,0
-0.275,71.5,0
-0.275,72.5,0
-0.275,73.5,0
-0.275,74.5,0
-0.275,75.5,0
-0.275,76.5,0
-0.275,77.5,0
-0.275,78.5,0
-0.275,79.5,0
-0.275,80.5,0
-0.275,81.5,0
-0.275,82.5,0
-0.275,83.5,0
-0.275,84.5,0
-0.275,85.5,0
-0.275,86.5,0
-0.275,87.5,0
-0.275,88.5,0
-0.275,89.5,0
-0.275,90.5,0
-0.275,91.5,0
-0.275,92.5,0
-0.275,93.5,0
-0.275,94.5,0
-0.275,95.5,0
-0.275,96.5,0
-0.275,97.5,0
-0.275,98.5,0
-0.275,99.5,0
-0.275,100.5,0
-0.275,101.5,0
-0.275,102.5,0
-0.275,103.5,0
-0.275,104.5,0
-0.275,105.5,0
-0.275,106.5,0
-0.275,107.5,0
-0.275,108.5,0
-0.275,109.5,0
-0.275,110.5,0
-0.275,111.5,0
-0.275,112.5,0
-0.275,113.5,0
-0.275,114.5,0
-0.275,115.5,0
-0.275,116.5,0
-0.275,117.5,0
-0.275,118.5,0
-0.275,119.5,0
-0.275,120.5,0
-0.275,121.5,0
-0.275,122.5,0
-0.275,123.5,0
-0.275,124.5,0
-0.275,125.5,0
-0.275,126.5,0
-0.275,127.5,0
-0.275,128.5,0
-0.275,129.5,0
-0.275,130.5,0
-0.275,131.5,0
-0.275,132.5,0
-0.275,133.5,0
-0.275,134.5,0
-0.275,135.5,0
-0.275,136.5,0
-0.275,137.5,0
-0.275,138.5,0
-0.275,139.5,0
-0.275,140.5,0
-0.275,141.5,0
-0.275,142.5,0
-0.275,143.5,0
-0.275,144.5,0
-0.275,145.5,0
-0.275,146.5,0
-0.275,147.5,0
-0.275,148.5,0
-0.275,149.5,0
-0.275,150.5,0
-0.275,151.5,0
-0.275,152.5,0
-0.275,153.5,0
-0.275,154.5,0
-0.275,155.5,0
-0.275,156.5,0
-0.275,157.5,0
-0.275,158.5,0
-0.275,159.5,0
-0.275,160.5,0
-0.275,161.5,0
-0.275,162.5,0
-0.275,163.5,0
-0.275,164.5,0
-0.275,165.5,0
-0.275,166.5,0
-0.275,167.5,0
-0.275,168.5,0
-0.275,169.5,0
-0.275,170.5,0
-0.275,171.5,0
-0.275,172.5,0
-0.275,173.5,0
-0.275,174.5,0
-0.275,175.5,0
-0.275,176.5,0
-0.275,177.5,0
-0.275,178.5,0
-0.275,179.5,0
-0.225,0.5,0
-0.225,1.5,0
-0.225,2.5,0
-0.225,3.5,0
-0.225,4.5,0
-0.225,5.5,0
-0.225,6.5,0
-0.225,7.5,0
-0.225,8.5,0
-0.225,9.5,0
-0.225,10.5,0
-0.225,11.5,0
-0.225,12.5,0
-0.225,13.5,0
-0.225,14.5,0
-0.225,15.5,0
-0.225,16.5,0
-0.225,17.5,0
-0.225,18.5,0
-0.225,19.5,0
-0.225,20.5,0
-0.225,21.5,0
-0.225,22.5,0
-0.225,23.5,0
-0.225,24.5,0
-0.225,25.5,0
-0.225,26.5,0
-0.225,27.5,0
-0.225,28.5,0
-0.225,29.5,0
-0.225,30.5,0
-0.225,31.5,0
-0.225,32.5,0
-0.225,33.5,0
-0.225,34.5,0
-0.225,35.5,0
-0.225,36.5,0
-0.225,37.5,0
-0.225,38.5,0
-0.225,39.5,0
-0.225,40.5,0
-0.225,41.5,0
-0.225,42.5,0
-0.225,43.5,0
-0.225,44.5,0
-0.225,45.5,0
-0.225,46.5,0
-0.225,47.5,0
-0.225,48.5,0
-0.225,49.5,0
-0.225,50.5,0
-0.225,51.5,0
-0.225,52.5,0
-0.225,53.5,0
-0.225,54.5,0
-0.225,55.5,0
-0.225,56.5,0
-0.225,57.5,0
-0.225,58.5,0
-0.225,59.5,0
-0.225,60.5,0
-0.225,61.5,0
-0.225,62.5,0
-0.225,63.5,0
-0.225,64.5,0
-0.225,65.5,0
-0.225,66.5,0
-0.225,67.5,0
-0.225,68.5,0
-0.225,69.5,0
-0.225,70.5,0
-0.225,71.5,0
-0.225,72.5,0
-0.225,73.5,0
-0.225,74.5,0
-0.225,75.5,0
-0.225,76.5,0
-0.225,77.5,0
-0.225,78.5,0
-0.225,79.5,0
-0.225,80.5,0
-0.225,81.5,0
-0.225,82.5,0
-0.225,83.5,0
-0.225,84.5,0
-0.225,85.5,0
-0.225,86.5,0
-0.225,87.5,0
-0.225,88.5,0
-0.225,89.5,0
-0.225,90.5,0
-0.225,91.5,0
-0.225,92.5,0
-0.225,93.5,0
-0.225,94.5,0
-0.225,95.5,0
-0.225,96.5,0
-0.225,97.5,0
-0.225,98.5,0
-0.225,99.5,0
-0.225,100.5,0
-0.225,101.5,0
-0.225,102.5,0
-0.225,103.5,0
-0.225,104.5,0
-0.225,105.5,0
-0.225,106.5,0
-0.225,107.5,0
-0.225,108.5,0
-0.225,109.5,0
-0.225,110.5,0
-0.225,111.5,0
-0.225,112.5,0
-0.225,113.5,0
-0.225,114.5,0
-0.225,115.5,0
-0.225,116.5,0
-0.225,117.5,0
-0.225,118.5,0
-0.225,119.5,0
-0.225,120.5,0
-0.225,121.5,0
-0.225,122.5,0
-0.225,123.5,0
-0.225,124.5,0
-0.225,125.5,0
-0.225,126.5,0
-0.225,127.5,0
-0.225,128.5,0
-0.225,129.5,0
-0.225,130.5,0
-0.225,131.5,0
-0.225,132.5,0
-0.225,133.5,0
-0.225,134.5,0
-0.225,135.5,0
-0.225,136.5,0
-0.225,137.5,0
-0.225,138.5,0
-0.225,139.5,0
-0.225,140.5,0
-0.225,141.5,0
-0.225,142.5,0
-0.225,143.5,0
-0.225,144.5,0
-0.225,145.5,0
-0.225,146.5,0
-0.225,147.5,0
-0.225,148.5,0
-0.225,149.5,0
-0.225,150.5,0
-0.225,151.5,0
-0.225,152.5,0
-0.225,153.5,0
-0.225,154.5,0
-0.225,155.5,0
-0.225,156.5,0
-0.225,157.5,0
-0.225,158.5,0
-0.225,159.5,0
-0.225,160.5,0
-0.225,161.5,0
-0.225,162.5,0
-0.225,163.5,0
-0.225,164.5,0
-0.225,165.5,0
-0.225,166.5,0
-0.225,167.5,0
-0.225,168.5,0
-0.225,169.5,0
-0.225,170.5,0
-0.225,171.5,0
-0.225,172.5,0
-0.225,173.5,0
-0.225,174.5,0
-0.225,175.5,0
-0.225,176.5,0
-0.225,177.5,0
-0.225,178.5,0
-0.225,179.5,0
-0.175,0.5,0
-0.175,1.5,0
-0.175,2.5,0
-0.175,3.5,0
-0.175,4.5,0
-0.175,5.5,0
-0.175,6.5,0
-0.175,7.5,0
-0.175,8.5,0
-0.175,9.5,0
-0.175,10.5,0
-0.175,11.5,0
-0.175,12.5,0
-0.175,13.5,0
-0.175,14.5,0
-0.175,15.5,0
-0.175,16.5,0
-0.175,17.5,0
-0.175,18.5,0
-0.175,19.5,0
-0.175,20.5,0
-0.175,21.5,0
-0.175,22.5,0
-0.175,23.5,0
-0.175,24.5,0
-0.175,25.5,0
-0.175,26.5,0
-0.175,27.5,0
-0.175,28.5,0
-0.175,29.5,0
-0.175,30.5,0
-0.175,31.5,0
-0.175,32.5,0
-0.175,33.5,0
-0.175,34.5,0
-0.175,35.5,0
-0.175,36.5,0
-0.175,37.5,0
-0.175,38.5,0
-0.175,39.5,0
-0.175,40.5,0
-0.175,41.5,0
-0.175,42.5,0
-0.175,43.5,0
-0.175,44.5,0
-0.175,45.5,0
-0.175,46.5,0
-0.175,47.5,0
-0.175,48.5,0
-0.175,49.5,0
-0.175,50.5,0
-0.175,51.5,0
-0.175,52.5,0
-0.175,53.5,0
-0.175,54.5,0
-0.175,55.5,0
-0.175,56.5,0
-0.175,57.5,0
-0.175,58.5,0
-0.175,59.5,0
-0.175,60.5,0
-0.175,61.5,0
-0.175,62.5,0
-0.175,63.5,0
-0.175,64.5,0
-0.175,65.5,0
-0.175,66.5,0
-0.175,67.5,0
-0.175,68.5,0
-0.175,69.5,0
-0.175,70.5,0
-0.175,71.5,0
-0.175,72.5,0
-0.175,73.5,0
-0.175,74.5,0
-0.175,75.5,0
-0.175,76.5,0
-0.175,77.5,0
-0.175,78.5,0
-0.175,79.5,0
-0.175,80.5,0
-0.175,81.5,0
-0.175,82.5,0
-0.175,83.5,0
-0.175,84.5,0
-0.175,85.5,0
-0.175,86.5,0
-0.175,87.5,0
-0.175,88.5,0
-0.175,89.5,0
-0.175,90.5,0
-0.175,91.5,0
-0.175,92.5,0
-0.175,93.5,0
-0.175,94.5,0
-0.175,95.5,0
-0.175,96.5,0
-0.175,97.5,0
-0.175,98.5,0
-0.175,99.5,0
-0.175,100.5,0
-0.175,101.5,0
-0.175,102.5,0
-0.175,103.5,0
-0.175,104.5,0
-0.175,105.5,0
-0.175,106.5,0
-0.175,107.5,0
-0.175,108.5,0
-0.175,109.5,0
-0.175,110.5,0
-0.175,111.5,0
-0.175,112.5,0
-0.175,113.5,0
-0.175,114.5,0
-0.175,115.5,0
-0.175,116.5,0
-0.175,117.5,0
-0.175,118.5,0
-0.175,119.5,0
-0.175,120.5,0
-0.175,121.5,0
-0.175,122.5,0
-0.175,123.5,0
-0.175,124.5,0
-0.175,125.5,0
-0.175,126.5,0
-0.175,127.5,0
-0.175,128.5,0
-0.175,129.5,0
-0.175,130.5,0
-0.175,131.5,0
-0.175,132.5,0
-0.175,133.5,0
-0.175,134.5,0
-0.175,135.5,0
-0.175,136.5,0
-0.175,137.5,0
-0.175,138.5,0
-0.175,139.5,0
-0.175,140.5,0
-0.175,141.5,0
-0.175,142.5,0
-0.175,143.5,0
-0.175,144.5,0
-0.175,145.5,0
-0.175,146.5,0
-0.175,147.5,0
-0.175,148.5,0
-0.175,149.5,0
-0.175,150.5,0
-0.175,151.5,0
-0.175,152.5,0
-0.175,153.5,0
-0.175,154.5,0
-0.175,155.5,0
-0.175,156.5,0
-0.175,157.5,0
-0.175,158.5,0
-0.175,159.5,0
-0.175,160.5,0
-0.175,161.5,0
-0.175,162.5,0
-0.175,163.5,0
-0.175,164.5,0
-0.175,165.5,0
-0.175,166.5,0
-0.175,167.5,0
-0.175,168.5,0
-0.175,169.5,0
-0.175,170.5,0
-0.175,171.5,0
-0.175,172.5,0
-0.175,173.5,0
-0.175,174.5,0
-0.175,175.5,0
-0.175,176.5,0
-0.175,177.5,0
-0.175,178.5,0
-0.175,179.5,0
-0.125,0.5,0
-0.125,1.5,0
-0.125,2.5,0
-0.125,3.5,0
-0.125,4.5,0
-0.125,5.5,0
-0.125,6.5,0
-0.125,7.5,0
-0.125,8.5,0
-0.125,9.5,0
-0.125,10.5,0
-0.125,11.5,0
-0.125,12.5,0
-0.125,13.5,0
-0.125,14.5,0
-0.125,15.5,0
-0.125,16.5,0
-0.125,17.5,0
-0.125,18.5,0
-0.125,19.5,0
-0.125,20.5,0
-0.125,21.5,0
-0.125,22.5,0
-0.125,23.5,0
-0.125,24.5,0
-0.125,25.5,0
-0.125,26.5,0
-0.125,27.5,0
-0.125,28.5,0
-0.125,29.5,0
-0.125,30.5,0
-0.125,31.5,0
-0.125,32.5,0
-0.125,33.5,0
-0.125,34.5,0
-0.125,35.5,0
-0.125,36.5,0
-0.125,37.5,0
-0.125,38.5,0
-0.125,39.5,0
-0.125,40.5,0
-0.125,41.5,0
-0.125,42.5,0
-0.125,43.5,0
-0.125,44.5,0
-0.125,45.5,0
-0.125,46.5,0
-0.125,47.5,0
-0.125,48.5,0
-0.125,49.5,0
-0.125,50.5,0
-0.125,51.5,0
-0.125,52.5,0
-0.125,53.5,0
-0.125,54.5,0
-0.125,55.5,0
-0.125,56.5,0
-0.125,57.5,0
-0.125,58.5,0
-0.125,59.5,0
-0.125,60.5,0
-0.125,61.5,0
-0.125,62.5,0
-0.125,63.5,0
-0.125,64.5,0
-0.125,65.5,0
-0.125,66.5,0
-0.125,67.5,0
-0.125,68.5,0
-0.125,69.5,0
-0.125,70.5,0
-0.125,71.5,0
-0.125,72.5,0
-0.125,73.5,0
-0.125,74.5,0
-0.125,75.5,0
-0.125,76.5,0
-0.125,77.5,0
-0.125,78.5,0
-0.125,79.5,0
-0.125,80.5,0
-0.125,81.5,0
-0.125,82.5,0
-0.125,83.5,0
-0.125,84.5,0
-0.125,85.5,0
-0.125,86.5,0
-0.125,87.5,0
-0.125,88.5,0
-0.125,89.5,0
-0.125,90.5,0
-0.125,91.5,0
-0.125,92.5,0
-0.125,93.5,0
-0.125,94.5,0
-0.125,95.5,0
-0.125,96.5,0
-0.125,97.5,0
-0.125,98.5,0
-0.125,99.5,0
-0.125,100.5,0
-0.125,101.5,0
-0.125,102.5,0
-0.125,103.5,0
-0.125,104.5,0
-0.125,105.5,0
-0.125,106.5,0
-0.125,107.5,0
-0.125,108.5,0
-0.125,109.5,0
-0.125,110.5,0
-0.125,111.5,0
-0.125,112.5,0
-0.125,113.5,0
-0.125,114.5,0
-0.125,115.5,0
-0.125,116.5,0
-0.125,117.5,0
-0.125,118.5,0
-0.125,119.5,0
-0.125,120.5,0
-0.125,121.5,0
-0.125,122.5,0
-0.125,123.5,0
-0.125,124.5,0
-0.125,125.5,0
-0.125,126.5,0
-0.125,127.5,0
-0.125,128.5,0
-0.125,129.5,0
-0.125,130.5,0
-0.125,131.5,0
-0.125,132.5,0
-0.125,133.5,0
-0.125,134.5,0
-0.125,135.5,0
-0.125,136.5,0
-0.125,137.5,0
-0.125,138.5,0
-0.125,139.5,0
-0.125,140.5,0
-0.125,141.5,0
-0.125,142.5,0
-0.125,143.5,0
-0.125,144.5,0
-0.125,145.5,0
-0.125,146.5,0
-0.125,147.5,0
-0.125,148.5,0
-0.125,149.5,0
-0.125,150.5,0
-0.125,151.5,0
-0.125,152.5,0
-0.125,153.5,0
-0.125,154.5,0
-0.125,155.5,0
-0.125,156.5,0
-0.125,157.5,0
-0.125,158.5,0
-0.125,159.5,0
-0.125,160.5,0
-0.125,161.5,0
-0.125,162.5,0
-0.125,163.5,0
-0.125,164.5,0
-0.125,165.5,0
-0.125,166.5,0
-0.125,167.5,0
-0.125,168.5,0
-0.125,169.5,0
-0.125,170.5,0
-0.125,171.5,0
-0.125,172.5,0
-0.125,173.5,0
-0.125,174.5,0
-0.125,175.5,0
-0.125,176.5,0
-0.125,177.5,0
-0.125,178.5,0
-0.125,179.5,0
-0.075,0.5,0
-0.075,1.5,0
-0.075,2.5,0
-0.075,3.5,0
-0.075,4.5,0
-0.075,5.5,0
-0.075,6.5,0
-0.075,7.5,0
-0.075,8.5,0
-0.075,9.5,0
-0.075,10.5,0
-0.075,11.5,0
-0.075,12.5,0
-0.075,13.5,0
-0.075,14.5,0
-0.075,15.5,0
-0.075,16.5,0
-0.075,17.5,0
-0.075,18.5,0
-0.075,19.5,0
-0.075,20.5,0
-0.075,21.5,0
-0.075,22.5,0
-0.075,23.5,0
-0.075,24.5,0
-0.075,25.5,0
-0.075,26.5,0
-0.075,27.5,0
-0.075,28.5,0
-0.075,29.5,0
-0.075,30.5,0
-0.075,31.5,0
-0.075,32.5,0
-0.075,33.5,0
-0.075,34.5,0
-0.075,35.5,0
-0.075,36.5,0
-0.075,37.5,0
-0.075,38.5,0
-0.075,39.5,0
-0.075,40.5,0
-0.075,41.5,0
-0.075,42.5,0
-0.075,43.5,0
-0.075,44.5,0
-0.075,45.5,0
-0.075,46.5,0
-0.075,47.5,0
-0.075,48.5,0
-0.075,49.5,0
-0.075,50.5,0
-0.075,51.5,0
-0.075,52.5,0
-0.075,53.5,0
-0.075,54.5,0
-0.075,55.5,0
-0.075,56.5,0
-0.075,57.5,0
-0.075,58.5,0
-0.075,59.5,0
-0.075,60.5,0
-0.075,61.5,0
-0.075,62.5,0
-0.075,63.5,0
-0.075,64.5,0
-0.075,65.5,0
-0.075,66.5,0
-0.075,67.5,0
-0.075,68.5,0
-0.075,69.5,0
-0.075,70.5,0
-0.075,71.5,0
-0.075,72.5,0
-0.075,73.5,0
-0.075,74.5,0
-0.075,75.5,0
-0.075,76.5,0
-0.075,77.5,0
-0.075,78.5,0
-0.075,79.5,0
-0.075,80.5,0
-0.075,81.5,0
-0.075,82.5,0
-0.075,83.5,0
-0.075,84.5,0
-0.075,85.5,0
-0.075,86.5,0
-0.075,87.5,0
-0.075,88.5,0
-0.075,89.5,0
-0.075,90.5,0
-0.075,91.5,0
-0.075,92.5,0
-0.075,93.5,0
-0.075,94.5,0
-0.075,95.5,0
-0.075,96.5,0
-0.075,97.5,0
-0.075,98.5,0
-0.075,99.5,0
-0.075,100.5,0
-0.075,101.5,0
-0.075,102.5,0
-0.075,103.5,0
-0.075,104.5,0
-0.075,105.5,0
-0.075,106.5,0
-0.075,107.5,0
-0.075,108.5,0
-0.075,109.5,0
-0.075,110.5,0
-0.075,111.5,0
-0.075,112.5,0
-0.075,113.5,0
-0.075,114.5,0
-0.075,115.5,0
-0.075,116.5,0
-0.075,117.5,0
-0.075,118.5,0
-0.075,119.5,0
-0.075,120.5,0
-0.075,121.5,0
-0.075,122.5,0
-0.075,123.5,0
-0.075,124.5,0
-0.075,125.5,0
-0.075,126.5,0
-0.075,127.5,0
-0.075,128.5,0
-0.075,129.5,0
-0.075,130.5,0
-0.075,131.5,0
-0.075,132.5,0
-0.075,133.5,0
-0.075,134.5,0
-0.075,135.5,0
-0.075,136.5,0
-0.075,137.5,0
-0.075,138.5,0
-0.075,139.5,0
-0.075,140.5,0
-0.075,141.5,0
-0.075,142.5,0
-0.075,143.5,0
-0.075,144.5,0
-0.075,145.5,0
-0.075,146.5,0
-0.075,147.5,0
-0.075,148.5,0
-0.075,149.5,0
-0.075,150.5,0
-0.075,151.5,0
-0.075,152.5,0
-0.075,153.5,0
-0.075,154.5,0
-0.075,155.5,0
-0.075,156.5,0
-0.075,157.5,0
-0.075,158.5,0
-0.075,159.5,0
-0.075,160.5,0
-0.075,161.5,0
-0.075,162.5,0
-0.075,163.5,0
-0.075,164.5,0
-0.075,165.5,0
-0.075,166.5,0
-0.075,167.5,0
-0.075,168.5,0
-0.075,169.5,0
-0.075,170.5,0
-0.075,171.5,0
-0.075,172.5,0
-0.075,173.5,0
-0.075,174.5,0
-0.075,175.5,0
-0.075,176.5,0
-0.075,177.5,0
-0.075,178.5,0
-0.075,179.5,0
-0.025,0.5,0
-0.025,1.5,0
-0.025,2.5,0
-0.025,3.5,0
-0.025,4.5,0
-0.025,5.5,0
-0.025,6.5,0
-0.025,7.5,0
-0.025,8.5,0
-0.025,9.5,0
-0.025,10.5,0
-0.025,11.5,0
-0.025,12.5,0
-0.025,13.5,0
-0.025,14.5,0
-0.025,15.5,0
-0.025,16.5,0
-0.025,17.5,0
-0.025,18.5,0
-0.025,19.5,0
-0.025,20.5,0
-0.025,21.5,0
-0.025,22.5,0
-0.025,23.5,0
-0.025,24.5,0
-0.025,25.5,0
-0.025,26.5,0
-0.025,27.5,0
-0.025,28.5,0
-0.025,29.5,0
-0.025,30.5,0
-0.025,31.5,0
-0.025,32.5,0
-0.025,33.5,0
-0.025,34.5,0
-0.025,35.5,0
-0.025,36.5,0
-0.025,37.5,0
-0.025,38.5,0
-0.025,39.5,0
-0.025,40.5,0
-0.025,41.5,0
-0.025,42.5,0
-0.025,43.5,0
-0.025,44.5,0
-0.025,45.5,0
-0.025,46.5,0
-0.025,47.5,0
-0.025,48.5,0
-0.025,49.5,0
-0.025,50.5,0
-0.025,51.5,0
-0.025,52.5,0
-0.025,53.5,0
-0.025,54.5,0
-0.025,55.5,0
-0.025,56.5,0
-0.025,57.5,0
-0.025,58.5,0
-0.025,59.5,0
-0.025,60.5,0
-0.025,61.5,0
-0.025,62.5,0
-0.025,63.5,0
-0.025,64.5,0
-0.025,65.5,0
-0.025,66.5,0
-0.025,67.5,0
-0.025,68.5,0
-0.025,69.5,0
-0.025,70.5,0
-0.025,71.5,0
-0.025,72.5,0
-0.025,73.5,0
-0.025,74.5,0
-0.025,75.5,0
-0.025,76.5,0
-0.025,77.5,0
-0.025,78.5,0
-0.025,79.5,0
-0.025,80.5,0
-0.025,81.5,0
-0.025,82.5,0
-0.025,83.5,0
-0.025,84.5,0
-0.025,85.5,0
-0.025,86.5,0
-0.025,87.5,0
-0.025,88.5,0
-0.025,89.5,0
-0.025,90.5,0
-0.025,91.5,0
-0.025,92.5,0
-0.025,93.5,0
-0.025,94.5,0
-0.025,95.5,0
-0.025,96.5,0
-0.025,97.5,0
-0.025,98.5,0
-0.025,99.5,0
-0.025,100.5,0
-0.025,101.5,0
-0.025,102.5,0
-0.025,103.5,0
-0.025,104.5,0
-0.025,105.5,0
-0.025,106.5,0
-0.025,107.5,0
-0.025,108.5,0
-0.025,109.5,0
-0.025,110.5,0
-0.025,111.5,0
-0.025,112.5,0
-0.025,113.5,0
-0.025,114.5,0
-0.025,115.5,0
-0.025,116.5,0
-0.025,117.5,0
-0.025,118.5,0
-0.025,119.5,0
-0.025,120.5,0
-0.025,121.5,0
-0.025,122.5,0
-0.025,123.5,0
-0.025,124.5,0
-0.025,125.5,0
-0.025,126.5,0
-0.025,127.5,0
-0.025,128.5,0
-0.025,129.5,0
-0.025,130.5,0
-0.025,131.5,0
-0.025,132.5,0
-0.025,133.5,0
-0.025,134.5,0
-0.025,135.5,0
-0.025,136.5,0
-0.025,137.5,0
-0.025,138.5,0
-0.025,139.5,0
-0.025,140.5,0
-0.025,141.5,0
-0.025,142.5,0
-0.025,143.5,0
-0.025,144.5,0
-0.025,145.5,0
-0.025,146.5,0
-0.025,147.5,0
-0.025,148.5,0
-0.025,149.5,0
-0.025,150.5,0
-0.025,151.5,0
-0.025,152.5,0
-0.025,153.5,0
-0.025,154.5,0
-0.025,155.5,0
-0.025,156.5,0
-0.025,157.5,0
-0.025,158.5,0
-0.025,159.5,0
-0.025,160.5,0
-0.025,161.5,0
-0.025,162.5,0
-0.025,163.5,0
-0.025,164.5,0
-0.025,165.5,0
-0.025,166.5,0
-0.025,167.5,0
-0.025,168.5,0
-0.025,169.5,0
-0.025,170.5,0
-0.025,171.5,0
-0.025,172.5,0
-0.025,173.5,0
-0.025,174.5,0
-0.025,175.5,0
-0.025,176.5,0
-0.025,177.5,0
-0.025,178.5,0
-0.025,179.5,0
0.025,0.5,0
0.025,1.5,0
0.025,2.5,0
0.025,3.5,0
0.025,4.5,0
0.025,5.5,0
0.025,6.5,0
0.025,7.5,0
0.025,8.5,0
0.025,9.5,0
0.025,10.5,0
0.025,11.5,0
0.025,12.5,0
0.025,13.5,0
0.025,14.5,0
0.025,15.5,0
0.025,16.5,0
0.025,17.5,0
0.025,18.5,0
0.025,19.5,0
0.025,20.5,0
0.025,21.5,0
0.025,22.5,0
0.025,23.5,0
0.025,24.5,0
0.025,25.5,0
0.025,26.5,0
0.025,27.5,0
0.025,28.5,0
0.025,29.5,0
0.025,30.5,0
0.025,31.5,0
0.025,32.5,0
0.025,33.5,0
0.025,34.5,0
0.025,35.5,0
0.025,36.5,0
0.025,37.5,0
0.025,38.5,0
0.025,39.5,0
0.025,40.5,0
0.025,41.5,0
0.025,42.5,0
0.025,43.5,0
0.025,44.5,0
0.025,45.5,0
0.025,46.5,0
0.025,47.5,0
0.025,48.5,0
0.025,49.5,0
0.025,50.5,0
0.025,51.5,0
0.025,52.5,0
0.025,53.5,0
0.025,54.5,0
0.025,55.5,0
0.025,56.5,0
0.025,57.5,0
0.025,58.5,0
0.025,59.5,0
0.025,60.5,0
0.025,61.5,0
0.025,62.5,0
0.025,63.5,0
0.025,64.5,0
0.025,65.5,0
0.025,66.5,0
0.025,67.5,0
0.025,68.5,0
0.025,69.5,0
0.025,70.5,0
0.025,71.5,0
0.025,72.5,0
0.025,73.5,0
0.025,74.5,0
0.025,75.5,0
0.025,76.5,0
0.025,77.5,0
0.025,78.5,0
0.025,79.5,0
0.025,80.5,0
0.025,81.5,0
0.025,82.5,0
0.025,83.5,0
0.025,84.5,0
0.025,85.5,0
0.025,86.5,0
0.025,87.5,0
0.025,88.5,0
0.025,89.5,0
0.025,90.5,0
0.025,91.5,0
0.025,92.5,0
0.025,93.5,0
0.025,94.5,0
0.025,95.5,0
0.025,96.5,0
0.025,97.5,0
0.025,98.5,0
0.025,99.5,0
0.025,100.5,0
0.025,101.5,0
0.025,102.5,0
0.025,103.5,0
0.025,104.5,0
0.025,105.5,0
0.025,106.5,0
0.025,107.5,0
0.025,108.5,0
0.025,109.5,0
0.025,110.5,0
0.025,111.5,0
0.025,112.5,0
0.025,113.5,0
0.025,114.5,0
0.025,115.5,0
0.025,116.5,0
0.025,117.5,0
0.025,118.5,0
0.025,119.5,0
0.025,120.5,0
0.025,121.5,0
0.025,122.5,0
0.025,123.5,0
0.025,124.5,0
0.025,125.5,0
0.025,126.5,0
0.025,127.5,0
0.025,128.5,0
0.025,129.5,0
0.025,130.5,0
0.025,131.5,0
0.025,132.5,0
0.025,133.5,0
0.025,134.5,0
0.025,135.5,0
0.025,136.5,0
0.025,137.5,0
0.025,138.5,0
0.025,139.5,0
0.025,140.5,0
0.025,141.5,0
0.025,142.5,0
0.025,143.5,0
0.025,144.5,0
0.025,145.5,0
0.025,146.5,0
0.025,147.5,0
0.025,148.5,0
0.025,149.5,0
0.025,150.5,0
0.025,151.5,0
0.025,152.5,0
0.025,153.5,0
0.025,154.5,0
0.025,155.5,0
0.025,156.5,0
0.025,157.5,0
0.025,158.5,0
0.025,159.5,0
0.025,160.5,0
0.025,161.5,0
0.025,162.5,0
0.025,163.5,0
0.025,164.5,0
0.025,165.5,0
0.025,166.5,0
0.025,167.5,0
0.025,168.5,0
0.025,169.5,0
0.025,170.5,0
0.025,171.5,0
0.025,172.5,0
0.025,173.5,0
0.025,174.5,0
0.025,175.5,0
0.025,176.5,0
0.025,177.5,0
0.025,178.5,0
0.025,179.5,0
0.075,0.5,0
0.075,1.5,0
0.075,2.5,0
0.075,3.5,0
0.075,4.5,0
0.075,5.5,0
0.075,6.5,0
0.075,7.5,0
0.075,8.5,0
0.075,9.5,0
0.075,10.5,0
0.075,11.5,0
0.075,12.5,0
0.075,13.5,0
0.075,14.5,0
0.075,15.5,0
0.075,16.5,0
0.075,17.5,0
0.075,18.5,0
0.075,19.5,0
0.075,20.5,0
0.075,21.5,0
0.075,22.5,0
0.075,23.5,0
0.075,24.5,0
0.075,25.5,0
0.075,26.5,0
0.075,27.5,0
0.075,28.5,0
0.075,29.5,0
0.075,30.5,0
0.075,31.5,0
0.075,32.5,0
0.075,33.5,0
0.075,34.5,0
0.075,35.5,0
0.075,36.5,0
0.075,37.5,0
0.075,38.5,0
0.075,39.5,0
0.075,40.5,0
0.075,41.5,0
0.075,42.5,0
0.075,43.5,0
0.075,44.5,0
0.075,45.5,0
0.075,46.5,0
0.075,47.5,0
0.075,48.5,0
0.075,49.5,0
0.075,50.5,0
0.075,51.5,0
0.075,52.5,0
0.075,53.5,0
0.075,54.5,0
0.075,55.5,0
0.075,56.5,0
0.075,57.5,0
0.075,58.5,0
0.075,59.5,0
0.075,60.5,0
0.075,61.5,0
0.075,62.5,0
0.075,63.5,0
0.075,64.5,0
0.075,65.5,0
0.075,66.5,0
0.075,67.5,0
0.075,68.5,0
0.075,69.5,0
0.075,70.5,0
0.075,71.5,0
0.075,72.5,0
0.075,73.5,0
0.075,74.5,0
0.075,75.5,0
0.075,76.5,0
0.075,77.5,0
0.075,78.5,0
0.075,79.5,0
0.075,80.5,0
0.075,81.5,0
0.075,82.5,0
0.075,83.5,0
0.075,84.5,0
0.075,85.5,0
0.075,86.5,0
0.075,87.5,0
0.075,88.5,0
0.075,89.5,0
0.075,90.5,0
0.075,91.5,0
0.075,92.5,0
0.075,93.5,0
0.075,94.5,0
0.075,95.5,0
0.075,96.5,0
0.075,97.5,0
0.075,98.5,0
0.075,99.5,0
0.075,100.5,0
0.075,101.5,0
0.075,102.5,0
0.075,103.5,0
0.075,104.5,0
0.075,105.5,0
0.075,106.5,0
0.075,107.5,0
0.075,108.5,0
0.075,109.5,0
0.075,110.5,0
0.075,111.5,0
0.075,112.5,0
0.075,113.5,0
0.075,114.5,0
0.075,115.5,0
0.075,116.5,0
0.075,117.5,0
0.075,118.5,0
0.075,119.5,0
0.075,120.5,0
0.075,121.5,0
0.075,122.5,0
0.075,123.5,0
0.075,124.5,0
0.075,125.5,0
0.075,126.5,0
0.075,127.5,0
0.075,128.5,0
0.075,129.5,0
0.075,130.5,0
0.075,131.5,0
0.075,132.5,0
0.075,133.5,0
0.075,134.5,0
0.075,135.5,0
0.075,136.5,0
0.075,137.5,0
0.075,138.5,0
0.075,139.5,0
0.075,140.5,0
0.075,141.5,0
0.075,142.5,0
0.075,143.5,0
0.075,144.5,0
0.075,145.5,0
0.075,146.5,0
0.075,147.5,0
0.075,148.5,0
0.075,149.5,0
0.075,150.5,0
0.075,151.5,0
0.075,152.5,0
0.075,153.5,0
0.075,154.5,0
0.075,155.5,0
0.075,156.5,0
0.075,157.5,0
0.075,158.5,0
0.075,159.5,0
0.075,160.5,0
0.075,161.5,0
0.075,162.5,0
0.075,163.5,0
0.075,164.5,0
0.075,165.5,0
0.075,166.5,0
0.075,167.5,0
0.075,168.5,0
0.075,169.5,0
0.075,170.5,0
0.075,171.5,0
0.075,172.5,0
0.075,173.5,0
0.075,174.5,0
0.075,175.5,0
0.075,176.5,0
0.075,177.5,0
0.075,178.5,0
0.075,179.5,0
0.125,0.5,0
0.125,1.5,0
0.125,2.5,0
0.125,3.5,0
0.125,4.5,0
0.125,5.5,0
0.125,6.5,0
0.125,7.5,0
0.125,8.5,0
0.125,9.5,0
0.125,10.5,0
0.125,11.5,0
0.125,12.5,0
0.125,13.5,0
0.125,14.5,0
0.125,15.5,0
0.125,16.5,0
0.125,17.5,0
0.125,18.5,0
0.125,19.5,0
0.125,20.5,0
0.125,21.5,0
0.125,22.5,0
0.125,23.5,0
0.125,24.5,0
0.125,25.5,0
0.125,26.5,0
0.125,27.5,0
0.125,28.5,0
0.125,29.5,0
0.125,30.5,0
0.125,31.5,0
0.125,32.5,0
0.125,33.5,0
0.125,34.5,0
0.125,35.5,0
0.125,36.5,0
0.125,37.5,0
0.125,38.5,0
0.125,39.5,0
0.125,40.5,0
0.125,41.5,0
0.125,42.5,0
0.125,43.5,0
0.125,44.5,0
0.125,45.5,0
0.125,46.5,0
0.125,47.5,0
0.125,48.5,0
0.125,49.5,0
0.125,50.5,0
0.125,51.5,0
0.125,52.5,0
0.125,53.5,0
0.125,54.5,0
0.125,55.5,0
0.125,56.5,0
0.125,57.5,0
0.125,58.5,0
0.125,59.5,0
0.125,60.5,0
0.125,61.5,0
0.125,62.5,0
0.125,63.5,0
0.125,64.5,0
0.125,65.5,0
0.125,66.5,0
0.125,67.5,0
0.125,68.5,0
0.125,69.5,0
0.125,70.5,0
0.125,71.5,0
0.125,72.5,0
0.125,73.5,0
0.125,74.5,0
0.125,75.5,0
0.125,76.5,0
0.125,77.5,0
0.125,78.5,0
0.125,79.5,0
0.125,80.5,0
0.125,81.5,0
0.125,82.5,0
0.125,83.5,0
0.125,84.5,0
0.125,85.5,0
0.125,86.5,0
0.125,87.5,0
0.125,88.5,0
0.125,89.5,0
0.125,90.5,0
0.125,91.5,0
0.125,92.5,0
0.125,93.5,0
0.125,94.5,0
0.125,95.5,0
0.125,96.5,0
0.125,97.5,0
0.125,98.5,0
0.125,99.5,0
0.125,100.5,0
0.125,101.5,0
0.125,102.5,0
0.125,103.5,0
0.125,104.5,0
0.125,105.5,0
0.125,106.5,0
0.125,107.5,0
0.125,108.5,0
0.125,109.5,0
0.125,110.5,0
0.125,111.5,0
0.125,112.5,0
0.125,113.5,0
0.125,114.5,0
0.125,115.5,0
0.125,116.5,0
0.125,117.5,0
0.125,118.5,0
0.125,119.5,0
0.125,120.5,0
0.125,121.5,0
0.125,122.5,0
0.125,123.5,0
0.125,124.5,0
0.125,125.5,0
0.125,126.5,0
0.125,127.5,0
0.125,128.5,0
0.125,129.5,0
0.125,130.5,0
0.125,131.5,0
0.125,132.5,0
0.125,133.5,0
0.125,134.5,0
0.125,135.5,0
0.125,136.5,0
0.125,137.5,0
0.125,138.5,0
0.125,139.5,0
0.125,140.5,0
0.125,141.5,0
0.125,142.5,0
0.125,143.5,0
0.125,144.5,0
0.125,145.5,0
0.125,146.5,0
0.125,147.5,0
0.125,148.5,0
0.125,149.5,0
0.125,150.5,0
0.125,151.5,0
0.125,152.5,0
0.125,153.5,0
0.125,154.5,0
0.125,155.5,0
0.125,156.5,0
0.125,157.5,0
0.125,158.5,0
0.125,159.5,0
0.125,160.5,0
0.125,161.5,0
0.125,162.5,0
0.125,163.5,0
0.125,164.5,0
0.125,165.5,0
0.125,166.5,0
0.125,167.5,0
0.125,168.5,0
0.125,169.5,0
0.125,170.5,0
0.125,171.5,0
0.125,172.5,0
0.125,173.5,0
0.125,174.5,0
0.125,175.5,0
0.125,176.5,0
0.125,177.5,0
0.125,178.5,0
0.125,179.5,0
0.175,0.5,0
0.175,1.5,0
0.175,2.5,0
0.175,3.5,0
0.175,4.5,0
0.175,5.5,0
0.175,6.5,0
0.175,7.5,0
0.175,8.5,0
0.175,9.5,0
0.175,10.5,0
0.175,11.5,0
0.175,12.5,0
0.175,13.5,0
0.175,14.5,0
0.175,15.5,0
0.175,16.5,0
0.175,17.5,0
0.175,18.5,0
0.175,19.5,0
0.175,20.5,0
0.175,21.5,0
0.175,22.5,0
0.175,23.5,0
0.175,24.5,0
0.175,25.5,0
0.175,26.5,0
0.175,27.5,0
0.175,28.5,0
0.175,29.5,0
0.175,30.5,0
0.175,31.5,0
0.175,32.5,0
0.175,33.5,0
0.175,34.5,0
0.175,35.5,0
0.175,36.5,0
0.175,37.5,0
0.175,38.5,0
0.175,39.5,0
0.175,40.5,0
0.175,41.5,0
0.175,42.5,0
0.175,43.5,0
0.175,44.5,0
0.175,45.5,0
0.175,46.5,0
0.175,47.5,0
0.175,48.5,0
0.175,49.5,0
0.175,50.5,0
0.175,51.5,0
0.175,52.5,0
0.175,53.5,0
0.175,54.5,0
0.175,55.5,0
0.175,56.5,0
0.175,57.5,0
0.175,58.5,0
0.175,59.5,0
0.175,60.5,0
0.175,61.5,0
0.175,62.5,0
0.175,63.5,0
0.175,64.5,0
0.175,65.5,0
0.175,66.5,0
0.175,67.5,0
0.175,68.5,0
0.175,69.5,0
0.175,70.5,0
0.175,71.5,0
0.175,72.5,0
0.175,73.5,0
0.175,74.5,0
0.175,75.5,0
0.175,76.5,0
0.175,77.5,0
0.175,78.5,0
0.175,79.5,0
0.175,80.5,0
0.175,81.5,0
0.175,82.5,0
0.175,83.5,0
0.175,84.5,0
0.175,85.5,0
0.175,86.5,0
0.175,87.5,0
0.175,88.5,0
0.175,89.5,0
0.175,90.5,0
0.175,91.5,0
0.175,92.5,0
0.175,93.5,0
0.175,94.5,0
0.175,95.5,0
0.175,96.5,0
0.175,97.5,0
0.175,98.5,0
0.175,99.5,0
0.175,100.5,0
0.175,101.5,0
0.175,102.5,0
0.175,103.5,0
0.175,104.5,0
0.175,105.5,0
0.175,106.5,0
0.175,107.5,0
0.175,108.5,0
0.175,109.5,0
0.175,110.5,0
0.175,111.5,0
0.175,112.5,0
0.175,113.5,0
0.175,114.5,0
0.175,115.5,0
0.175,116.5,0
0.175,117.5,0
0.175,118.5,0
0.175,119.5,0
0.175,120.5,0
0.175,121.5,0
0.175,122.5,0
0.175,123.5,0
0.175,124.5,0
0.175,125.5,0
0.175,126.5,0
0.175,127.5,0
0.175,128.5,0
0.175,129.5,0
0.175,130.5,0
0.175,131.5,0
0.175,132.5,0
0.175,133.5,0
0.175,134.5,0
0.175,135.5,0
0.175,136.5,0
0.175,137.5,0
0.175,138.5,0
0.175,139.5,0
0.175,140.5,0
0.175,141.5,0
0.175,142.5,0
0.175,143.5,0
0.175,144.5,0
0.175,145.5,0
0.175,146.5,0
0.175,147.5,0
0.175,148.5,0
0.175,149.5,0
0.175,150.5,0
0.175,151.5,0
0.175,152.5,0
0.175,153.5,0
0.175,154.5,0
0.175,155.5,0
0.175,156.5,0
0.175,157.5,0
0.175,158.5,0
0.175,159.5,0
0.175,160.5,0
0.175,161.5,0
0.175,162.5,0
0.175,163.5,0
0.175,164.5,0
0.175,165.5,0
0.175,166.5,0
0.175,167.5,0
0.175,168.5,0
0.175,169.5,0
0.175,170.5,0
0.175,171.5,0
0.175,172.5,0
0.175,173.5,0
0.175,174.5,0
0.175,175.5,0
0.175,176.5,0
0.175,177.5,0
0.175,178.5,0
0.175,179.5,0
0.225,0.5,0
0.225,1.5,0
0.225,2.5,0
0.225,3.5,0
0.225,4.5,0
0.225,5.5,0
0.225,6.5,0
0.225,7.5,0
0.225,8.5,0
0.225,9.5,0
0.225,10.5,0
0.225,11.5,0
0.225,12.5,0
0.225,13.5,0
0.225,14.5,0
0.225,15.5,0
0.225,16.5,0
0.225,17.5,0
0.225,18.5,0
0.225,19.5,0
0.225,20.5,0
0.225,21.5,0
0.225,22.5,0
0.225,23.5,0
0.225,24.5,0
0.225,25.5,0
0.225,26.5,0
0.225,27.5,0
0.225,28.5,0
0.225,29.5,0
0.225,30.5,0
0.225,31.5,0
0.225,32.5,0
0.225,33.5,0
0.225,34.5,0
0.225,35.5,0
0.225,36.5,0
0.225,37.5,0
0.225,38.5,0
0.225,39.5,0
0.225,40.5,0
0.225,41.5,0
0.225,42.5,0
0.225,43.5,0
0.225,44.5,0
0.225,45.5,0
0.225,46.5,0
0.225,47.5,0
0.225,48.5,0
0.225,49.5,0
0.225,50.5,0
0.225,51.5,0
0.225,52.5,0
0.225,53.5,0
0.225,54.5,0
0.225,55.5,0
0.225,56.5,0
0.225,57.5,0
0.225,58.5,0
0.225,59.5,0
0.225,60.5,0
0.225,61.5,0
0.225,62.5,0
0.225,63.5,0
0.225,64.5,0
0.225,65.5,0
0.225,66.5,0
0.225,67.5,0
0.225,68.5,0
0.225,69.5,0
0.225,70.5,0
0.225,71.5,0
0.225,72.5,0
0.225,73.5,0
0.225,74.5,0
0.225,75.5,0
0.225,76.5,0
0.225,77.5,0
0.225,78.5,0
0.225,79.5,0
0.225,80.5,0
0.225,81.5,0
0.225,82.5,0
0.225,83.5,0
0.225,84.5,0
0.225,85.5,0
0.225,86.5,0
0.225,87.5,0
0.225,88.5,0
0.225,89.5,0
0.225,90.5,0
0.225,91.5,0
0.225,92.5,0
0.225,93.5,0
0.225,94.5,0
0.225,95.5,0
0.225,96.5,0
0.225,97.5,0
0.225,98.5,0
0.225,99.5,0
0.225,100.5,0
0.225,101.5,0
0.225,102.5,0
0.225,103.5,0
0.225,104.5,0
0.225,105.5,0
0.225,106.5,0
0.225,107.5,0
0.225,108.5,0
0.225,109.5,0
0.225,110.5,0
0.225,111.5,0
0.225,112.5,0
0.225,113.5,0
0.225,114.5,0
0.225,115.5,0
0.225,116.5,0
0.225,117.5,0
0.225,118.5,0
0.225,119.5,0
0.225,120.5,0
0.225,121.5,0
0.225,122.5,0
0.225,123.5,0
0.225,124.5,0
0.225,125.5,0
0.225,126.5,0
0.225,127.5,0
0.225,128.5,0
0.225,129.5,0
0.225,130.5,0
0.225,131.5,0
0.225,132.5,0
0.225,133.5,0
0.225,134.5,0
0.225,135.5,0
0.225,136.5,0
0.225,137.5,0
0.225,138.5,0
0.225,139.5,0
0.225,140.5,0
0.225,141.5,0
0.225,142.5,0
0.225,143.5,0
0.225,144.5,0
0.225,145.5,0
0.225,146.5,0
0.225,147.5,0
0.225,148.5,0
0.225,149.5,0
0.225,150.5,0
0.225,151.5,0
0.225,152.5,0
0.225,153.5,0
0.225,154.5,0
0.225,155.5,0
0.225,156.5,0
0.225,157.5,0
0.225,158.5,0
0.225,159.5,0
0.225,160.5,0
0.225,161.5,0
0.225,162.5,0
0.225,163.5,0
0.225,164.5,0
0.225,165.5,0
0.225,166.5,0
0.225,167.5,0
0.225,168.5,0
0.225,169.5,0
0.225,170.5,0
0.225,171.5,0
0.225,172.5,0
0.225,173.5,0
0.225,174.5,0
0.225,175.5,0
0.225,176.5,0
0.225,177.5,0
0.225,178.5,0
0.225,179.5,0
0.275,0.5,0
0.275,1.5,0
0.275,2.5,0
0.275,3.5,0
0.275,4.5,0
0.275,5.5,0
0.275,6.5,0
0.275,7.5,0
0.275,8.5,0
0.275,9.5,0
0.275,10.5,0
0.275,11.5,0
0.275,12.5,0
0.275,13.5,0
0.275,14.5,0
0.275,15.5,0
0.275,16.5,0
0.275,17.5,0
0.275,18.5,0
0.275,19.5,0
0.275,20.5,0
0.275,21.5,0
0.275,22.5,0
0.275,23.5,0
0.275,24.5,0
0.275,25.5,0
0.275,26.5,0
0.275,27.5,0
0.275,28.5,0
0.275,29.5,0
0.275,30.5,0
0.275,31.5,0
0.275,32.5,0
0.275,33.5,0
0.275,34.5,0
0.275,35.5,0
0.275,36.5,0
0.275,37.5,0
0.275,38.5,0
0.275,39.5,0
0.275,40.5,0
0.275,41.5,0
0.275,42.5,0
0.275,43.5,0
0.275,44.5,0
0.275,45.5,0
0.275,46.5,0
0.275,47.5,0
0.275,48.5,0
0.275,49.5,0
0.275,50.5,0
0.275,51.5,0
0.275,52.5,0
0.275,53.5,0
0.275,54.5,0
0.275,55.5,0
0.275,56.5,0
0.275,57.5,0
0.275,58.5,0
0.275,59.5,0
0.275,60.5,0
0.275,61.5,0
0.275,62.5,0
0.275,63.5,0
0.275,64.5,0
0.275,65.5,0
0.275,66.5,0
0.275,67.5,0
0.275,68.5,0
0.275,69.5,0
0.275,70.5,0
0.275,71.5,0
0.275,72.5,0
0.275,73.5,0
0.275,74.5,0
0.275,75.5,0
0.275,76.5,0
0.275,77.5,0
0.275,78.5,0
0.275,79.5,0
0.275,80.5,0
0.275,81.5,0
0.275,82.5,0
0.275,83.5,0
0.275,84.5,0
0.275,85.5,0
0.275,86.5,0
0.275,87.5,0
0.275,88.5,0
0.275,89.5,0
0.275,90.5,0
0.275,91.5,0
0.275,92.5,0
0.275,93.5,0
0.275,94.5,0
0.275,95.5,0
0.275,96.5,0
0.275,97.5,0
0.275,98.5,0
0.275,99.5,0
0.275,100.5,0
0.275,101.5,0
0.275,102.5,0
0.275,103.5,0
0.275,104.5,0
0.275,105.5,0
0.275,106.5,0
0.275,107.5,0
0.275,108.5,0
0.275,109.5,0
0.275,110.5,0
0.275,111.5,0
0.275,112.5,0
0.275,113.5,0
0.275,114.5,0
0.275,115.5,0
0.275,116.5,0
0.275,117.5,0
0.275,118.5,0
0.275,119.5,0
0.275,120.5,0
0.275,121.5,0
0.275,122.5,0
0.275,123.5,0
0.275,124.5,0
0.275,125.5,0
0.275,126.5,0
0.275,127.5,0
0.275,128.5,0
0.275,129.5,0
0.275,130.5,0
0.275,131.5,0
0.275,132.5,0
0.275,133.5,0
0.275,134.5,0
0.275,135.5,0
0.275,136.5,0
0.275,137.5,0
0.275,138.5,0
0.275,139.5,0
0.275,140.5,0
0.275,141.5,0
0.275,142.5,0
0.275,143.5,0
0.275,144.5,0
0.275,145.5,0
0.275,146.5,0
0.275,147.5,0
0.275,148.5,0
0.275,149.5,0
0.275,150.5,0
0.275,151.5,0
0.275,152.5,0
0.275,153.5,0
0.275,154.5,0
0.275,155.5,0
0.275,156.5,0
0.275,157.5,0
0.275,158.5,0
0.275,159.5,0
0.275,160.5,0
0.275,161.5,0
0.275,162.5,0
0.275,163.5,0
0.275,164.5,0
0.275,165.5,0
0.275,166.5,0
0.275,167.5,0
0.275,168.5,0
0.275,169.5,0
0.275,170.5,0
0.275,171.5,0
0.275,172.5,0
0.275,173.5,0
0.275,174.5,0
0.275,175.5,0
0.275,176.5,0
0.275,177.5,0
0.275,178.5,0
0.275,179.5,0
0.325,0.5,0
0.325,1.5,0
0.325,2.5,0
0.325,3.5,0
0.325,4.5,0
0.325,5.5,0
0.325,6.5,0
0.325,7.5,0
0.325,8.5,0
0.325,9.5,0
0.325,10.5,0
0.325,11.5,0
0.325,12.5,0
0.325,13.5,0
0.325,14.5,0
0.325,15.5,0
0.325,16.5,0
0.325,17.5,0
0.325,18.5,0
0.325,19.5,0
0.325,20.5,0
0.325,21.5,0
0.325,22.5,0
0.325,23.5,0
0.325,24.5,0
0.325,25.5,0
0.325,26.5,0
0.325,27.5,0
0.325,28.5,0
0.325,29.5,0
0.325,30.5,0
0.325,31.5,0
0.325,32.5,0
0.325,33.5,0
0.325,34.5,0
0.325,35.5,0
0.325,36.5,0
0.325,37.5,0
0.325,38.5,0
0.325,39.5,0
0.325,40.5,0
0.325,41.5,0
0.325,42.5,0
0.325,43.5,0
0.325,44.5,0
0.325,45.5,0
0.325,46.5,0
0.325,47.5,0
0.325,48.5,0
0.325,49.5,0
0.325,50.5,0
0.325,51.5,0
0.325,52.5,0
0.325,53.5,0
0.325,54.5,0
0.325,55.5,0
0.325,56.5,0
0.325,57.5,0
0.325,58.5,0
0.325,59.5,0
0.325,60.5,0
0.325,61.5,0
0.325,62.5,0
0.325,63.5,0
0.325,64.5,0
0.325,65.5,0
0.325,66.5,0
0.325,67.5,0
0.325,68.5,0
0.325,69.5,0
0.325,70.5,0
0.325,71.5,0
0.325,72.5,0
0.325,73.5,0
0.325,74.5,0
0.325,75.5,0
0.325,76.5,0
0.325,77.5,0
0.325,78.5,0
0.325,79.5,0
0.325,80.5,0
0.325,81.5,0
0.325,82.5,0
0.325,83.5,0
0.325,84.5,0
0.325,85.5,0
0.325,86.5,0
0.325,87.5,0
0.325,88.5,0
0.325,89.5,0
0.325,90.5,0
0.325,91.5,0
0.325,92.5,0
0.325,93.5,0
0.325,94.5,0
0.325,95.5,0
0.325,96.5,0
0.325,97.5,0
0.325,98.5,0
0.325,99.5,0
0.325,100.5,0
0.325,101.5,0
0.325,102.5,0
0.325,103.5,0
0.325,104.5,0
0.325,105.5,0
0.325,106.5,0
0.325,107.5,0
0.325,108.5,0
0.325,109.5,0
0.325,110.5,0
0.325,111.5,0
0.325,112.5,0
0.325,113.5,0
0.325,114.5,0
0.325,115.5,0
0.325,116.5,0
0.325,117.5,0
0.325,118.5,0
0.325,119.5,0
0.325,120.5,0
0.325,121.5,0
0.325,122.5,0
0.325,123.5,0
0.325,124.5,0
0.325,125.5,0
0.325,126.5,0
0.325,127.5,0
0.325,128.5,0
0.325,129.5,0
0.325,130.5,0
0.325,131.5,0
0.325,132.5,0
0.325,133.5,0
0.325,134.5,0
0.325,135.5,0
0.325,136.5,0
0.325,137.5,0
0.325,138.5,0
0.325,139.5,0
0.325,140.5,0
0.325,141.5,0
0.325,142.5,0
0.325,143.5,0
0.325,144.5,0
0.325,145.5,0
0.325,146.5,0
0.325,147.5,0
0.325,148.5,0
0.325,149.5,0
0.325,150.5,0
0.325,151.5,0
0.325,152.5,0
0.325,153.5,0
0.325,154.5,0
0.325,155.5,0
0.325,156.5,0
0.325,157.5,0
0.325,158.5,0
0.325,159.5,0
0.325,160.5,0
0.325,161.5,0
0.325,162.5,0
0.325,163.5,0
0.325,164.5,0
0.325,165.5,0
0.325,166.5,0
0.325,167.5,0
0.325,168.5,0
0.325,169.5,0
0.325,170.5,0
0.325,171.5,0
0.325,172.5,0
0.325,173.5,0
0.325,174.5,0
0.325,175.5,0
0.325,176.5,0
0.325,177.5,0
0.325,178.5,0
0.325,179.5,0
0.375,0.5,0
0.375,1.5,0
0.375,2.5,0
0.375,3.5,0
0.375,4.5,0
0.375,5.5,0
0.375,6.5,0
0.375,7.5,0
0.375,8.5,0
0.375,9.5,0
0.375,10.5,0
0.375,11.5,0
0.375,12.5,0
0.375,13.5,0
0.375,14.5,0
0.375,15.5,0
0.375,16.5,0
0.375,17.5,0
0.375,18.5,0
0.375,19.5,0
0.375,20.5,0
0.375,21.5,0
0.375,22.5,0
0.375,23.5,0
0.375,24.5,0
0.375,25.5,0
0.375,26.5,0
0.375,27.5,0
0.375,28.5,0
0.375,29.5,0
0.375,30.5,0
0.375,31.5,0
0.375,32.5,0
0.375,33.5,0
0.375,34.5,0
0.375,35.5,0
0.375,36.5,0
0.375,37.5,0
0.375,38.5,0
0.375,39.5,0
0.375,40.5,0
0.375,41.5,0
0.375,42.5,0
0.375,43.5,0
0.375,44.5,0
0.375,45.5,0
0.375,46.5,0
0.375,47.5,0
0.375,48.5,0
0.375,49.5,0
0.375,50.5,0
0.375,51.5,0
0.375,52.5,0
0.375,53.5,0
0.375,54.5,0
0.375,55.5,0
0.375,56.5,0
0.375,57.5,0
0.375,58.5,0
0.375,59.5,0
0.375,60.5,0
0.375,61.5,0
0.375,62.5,0
0.375,63.5,0
0.375,64.5,0
0.375,65.5,0
0.375,66.5,0
0.375,67.5,0
0.375,68.5,0
0.375,69.5,0
0.375,70.5,0
0.375,71.5,0
0.375,72.5,0
0.375,73.5,0
0.375,74.5,0
0.375,75.5,0
0.375,76.5,0
0.375,77.5,0
0.375,78.5,0
0.375,79.5,0
0.375,80.5,0
0.375,81.5,0
0.375,82.5,0
0.375,83.5,0
0.375,84.5,0
0.375,85.5,0
0.375,86.5,0
0.375,87.5,0
0.375,88.5,0
0.375,89.5,0
0.375,90.5,0
0.375,91.5,0
0.375,92.5,0
0.375,93.5,0
0.375,94.5,0
0.375,95.5,0
0.375,96.5,0
0.375,97.5,0
0.375,98.5,0
0.375,99.5,0
0.375,100.5,0
0.375,101.5,0
0.375,102.5,0
0.375,103.5,0
0.375,104.5,0
0.375,105.5,0
0.375,106.5,0
0.375,107.5,0
0.375,108.5,0
0.375,109.5,0
0.375,110.5,0
0.375,111.5,0
0.375,112.5,0
0.375,113.5,0
0.375,114.5,0
0.375,115.5,0
0.375,116.5,0
0.375,117.5,0
0.375,118.5,0
0.375,119.5,0
0.375,120.5,0
0.375,121.5,0
0.375,122.5,0
0.375,123.5,0
0.375,124.5,0
0.375,125.5,0
0.375,126.5,0
0.375,127.5,0
0.375,128.5,0
0.375,129.5,0
0.375,130.5,0
0.375,131.5,0
0.375,132.5,0
0.375,133.5,0
0.375,134.5,0
0.375,135.5,0
0.375,136.5,0
0.375,137.5,0
0.375,138.5,0
0.375,139.5,0
0.375,140.5,0
0.375,141.5,0
0.375,142.5,0
0.375,143.5,0
0.375,144.5,0
0.375,145.5,0
0.375,146.5,0
0.375,147.5,0
0.375,148.5,0
0.375,149.5,0
0.375,150.5,0
0.375,151.5,0
0.375,152.5,0
0.375,153.5,0
0.375,154.5,0
0.375,155.5,0
0.375,156.5,0
0.375,157.5,0
0.375,158.5,0
0.375,159.5,0
0.375,160.5,0
0.375,161.5,0
0.375,162.5,0
0.375,163.5,0
0.375,164.5,0
0.375,165.5,0
0.375,166.5,0
0.375,167.5,0
0.375,168.5,0
0.375,169.5,0
0.375,170.5,0
0.375,171.5,0
0.375,172.5,0
0.375,173.5,0
0.375,174.5,0
0.375,175.5,0
0.375,176.5,0
0.375,177.5,0
0.375,178.5,0
0.375,179.5,0
0.425,0.5,0
0.425,1.5,0
0.425,2.5,0
0.425,3.5,0
0.425,4.5,0
0.425,5.5,0
0.425,6.5,0
0.425,7.5,0
0.425,8.5,0
0.425,9.5,0
0.425,10.5,0
0.425,11.5,0
0.425,12.5,0
0.425,13.5,0
0.425,14.5,0
0.425,15.5,0
0.425,16.5,0
0.425,17.5,0
0.425,18.5,0
0.425,19.5,0
0.425,20.5,0
0.425,21.5,0
0.425,22.5,0
0.425,23.5,0
0.425,24.5,0
0.425,25.5,0
0.425,26.5,0
0.425,27.5,0
0.425,28.5,0
0.425,29.5,0
0.425,30.5,0
0.425,31.5,0
0.425,32.5,0
0.425,33.5,0
0.425,34.5,0
0.425,35.5,0
0.425,36.5,0
0.425,37.5,0
0.425,38.5,0
0.425,39.5,0
0.425,40.5,0
0.425,41.5,0
0.425,42.5,0
0.425,43.5,0
0.425,44.5,0
0.425,45.5,0
0.425,46.5,0
0.425,47.5,0
0.425,48.5,0
0.425,49.5,0
0.425,50.5,0
0.425,51.5,0
0.425,52.5,0
0.425,53.5,0
0.425,54.5,0
0.425,55.5,0
0.425,56.5,0
0.425,57.5,0
0.425,58.5,0
0.425,59.5,0
0.425,60.5,0
0.425,61.5,0
0.425,62.5,0
0.425,63.5,0
0.425,64.5,0
0.425,65.5,0
0.425,66.5,0
0.425,67.5,0
0.425,68.5,0
0.425,69.5,0
0.425,70.5,0
0.425,71.5,0
0.425,72.5,0
0.425,73.5,0
0.425,74.5,0
0.425,75.5,0
0.425,76.5,0
0.425,77.5,0
0.425,78.5,0
0.425,79.5,0
0.425,80.5,0
0.425,81.5,0
0.425,82.5,0
0.425,83.5,0
0.425,84.5,0
0.425,85.5,0
0.425,86.5,0
0.425,87.5,0
0.425,88.5,0
0.425,89.5,0
0.425,90.5,0
0.425,91.5,0
0.425,92.5,0
0.425,93.5,0
0.425,94.5,0
0.425,95.5,0
0.425,96.5,0
0.425,97.5,0
0.425,98.5,0
0.425,99.5,0
0.425,100.5,0
0.425,101.5,0
0.425,102.5,0
0.425,103.5,0
0.425,104.5,0
0.425,105.5,0
0.425,106.5,0
0.425,107.5,0
0.425,108.5,0
0.425,109.5,0
0.425,110.5,0
0.425,111.5,0
0.425,112.5,0
0.425,113.5,0
0.425,114.5,0
0.425,115.5,0
0.425,116.5,0
0.425,117.5,0
0.425,118.5,0
0.425,119.5,0
0.425,120.5,0
0.425,121.5,0
0.425,122.5,0
0.425,123.5,0
0.425,124.5,0
0.425,125.5,0
0.425,126.5,0
0.425,127.5,0
0.425,128.5,0
0.425,129.5,0
0.425,130.5,0
0.425,131.5,0
0.425,132.5,0
0.425,133.5,0
0.425,134.5,0
0.425,135.5,0
0.425,136.5,0
0.425,137.5,0
0.425,138.5,0
0.425,139.5,0
0.425,140.5,0
0.425,141.5,0
0.425,142.5,0
0.425,143.5,0
0.425,144.5,0
0.425,145.5,0
0.425,146.5,0
0.425,147.5,0
0.425,148.5,0
0.425,149.5,0
0.425,150.5,0
0.425,151.5,0
0.425,152.5,0
0.425,153.5,0
0.425,154.5,0
0.425,155.5,0
0.425,156.5,0
0.425,157.5,0
0.425,158.5,0
0.425,159.5,0
0.425,160.5,0
0.425,161.5,0
0.425,162.5,0
0.425,163.5,0
0.425,164.5,0
0.425,165.5,0
0.425,166.5,0
0.425,167.5,0
0.425,168.5,0
0.425,169.5,0
0.425,170.5,0
0.425,171.5,0
0.425,172.5,0
0.425,173.5,0
0.425,174.5,0
0.425,175.5,0
0.425,176.5,0
0.425,177.5,0
0.425,178.5,0
0.425,179.5,0
0.475,0.5,0
0.475,1.5,0
0.475,2.5,0
0.475,3.5,0
0.475,4.5,0
0.475,5.5,0
0.475,6.5,0
0.475,7.5,0
0.475,8.5,0
0.475,9.5,0
0.475,10.5,0
0.475,11.5,0
0.475,12.5,0
0.475,13.5,0
0.475,14.5,0
0.475,15.5,0
0.475,16.5,0
0.475,17.5,0
0.475,18.5,0
0.475,19.5,0
0.475,20.5,0
0.475,21.5,0
0.475,22.5,0
0.475,23.5,0
0.475,24.5,0
0.475,25.5,0
0.475,26.5,0
0.475,27.5,0
0.475,28.5,0
0.475,29.5,0
0.475,30.5,0
0.475,31.5,0
0.475,32.5,0
0.475,33.5,0
0.475,34.5,0
0.475,35.5,0
0.475,36.5,0
0.475,37.5,0
0.475,38.5,0
0.475,39.5,0
0.475,40.5,0
0.475,41.5,0
0.475,42.5,0
0.475,43.5,0
0.475,44.5,0
0.475,45.5,0
0.475,46.5,0
0.475,47.5,0
0.475,48.5,0
0.475,49.5,0
0.475,50.5,0
0.475,51.5,0
0.475,52.5,0
0.475,53.5,0
0.475,54.5,0
0.475,55.5,0
0.475,56.5,0
0.475,57.5,0
0.475,58.5,0
0.475,59.5,0
0.475,60.5,0
0.475,61.5,0
0.475,62.5,0
0.475,63.5,0
0.475,64.5,0
0.475,65.5,0
0.475,66.5,0
0.475,67.5,0
0.475,68.5,0
0.475,69.5,0
0.475,70.5,0
0.475,71.5,0
0.475,72.5,0
0.475,73.5,0
0.475,74.5,0
0.475,75.5,0
0.475,76.5,0
0.475,77.5,0
0.475,78.5,0
0.475,79.5,0
0.475,80.5,0
0.475,81.5,0
0.475,82.5,0
0.475,83.5,0
0.475,84.5,0
0.475,85.5,0
0.475,86.5,0
0.475,87.5,0
0.475,88.5,0
0.475,89.5,0
0.475,90.5,0
0.475,91.5,0
0.475,92.5,0
0.475,93.5,0
0.475,94.5,0
0.475,95.5,0
0.475,96.5,0
0.475,97.5,0
0.475,98.5,0
0.475,99.5,0
0.475,100.5,0
0.475,101.5,0
0.475,102.5,0
0.475,103.5,0
0.475,104.5,0
0.475,105.5,0
0.475,106.5,0
0.475,107.5,0
0.475,108.5,0
0.475,109.5,0
0.475,110.5,0
0.475,111.5,0
0.475,112.5,0
0.475,113.5,0
0.475,114.5,0
0.475,115.5,0
0.475,116.5,0
0.475,117.5,0
0.475,118.5,0
0.475,119.5,0
0.475,120.5,0
0.475,121.5,0
0.475,122.5,0
0.475,123.5,0
0.475,124.5,0
0.475,125.5,0
0.475,126.5,0
0.475,127.5,0
0.475,128.5,0
0.475,129.5,0
0.475,130.5,0
0.475,131.5,0
0.475,132.5,0
0.475,133.5,0
0.475,134.5,0
0.475,135.5,0
0.475,136.5,0
0.475,137.5,0
0.475,138.5,0
0.475,139.5,0
0.475,140.5,0
0.475,141.5,0
0.475,142.5,0
0.475,143.5,0
0.475,144.5,0
0.475,145.5,0
0.475,146.5,0
0.475,147.5,0
0.475,148.5,0
0.475,149.5,0
0.475,150.5,0
0.475,151.5,0
0.475,152.5,0
0.475,153.5,0
0.475,154.5,0
0.475,155.5,0
0.475,156.5,0
0.475,157.5,0
0.475,158.5,0
0.475,159.5,0
0.475,160.5,0
0.475,161.5,0
0.475,162.5,0
0.475,163.5,0
0.475,164.5,0
0.475,165.5,0
0.475,166.5,0
0.475,167.5,0
0.475,168.5,0
0.475,169.5,0
0.475,170.5,0
0.475,171.5,0
0.475,172.5,0
0.475,173.5,0
0.475,174.5,0
0.475,175.5,0
0.475,176.5,0
0.475,177.5,0
0.475,178.5,0
0.475,179.5,0
0.525,0.5,0
0.525,1.5,0
0.525,2.5,0
0.525,3.5,0
0.525,4.5,0
0.525,5.5,0
0.525,6.5,0
0.525,7.5,0
0.525,8.5,0
0.525,9.5,0
0.525,10.5,0
0.525,11.5,0
0.525,12.5,0
0.525,13.5,0
0.525,14.5,0
0.525,15.5,0
0.525,16.5,0
0.525,17.5,0
0.525,18.5,0
0.525,19.5,0
0.525,20.5,0
0.525,21.5,0
0.525,22.5,0
0.525,23.5,0
0.525,24.5,0
0.525,25.5,0
0.525,26.5,0
0.525,27.5,0
0.525,28.5,0
0.525,29.5,0
0.525,30.5,0
0.525,31.5,0
0.525,32.5,0
0.525,33.5,0
0.525,34.5,0
0.525,35.5,0
0.525,36.5,0
0.525,37.5,0
0.525,38.5,0
0.525,39.5,0
0.525,40.5,0
0.525,41.5,0
0.525,42.5,0
0.525,43.5,0
0.525,44.5,0
0.525,45.5,0
0.525,46.5,0
0.525,47.5,0
0.525,48.5,0
0.525,49.5,0
0.525,50.5,0
0.525,51.5,0
0.525,52.5,0
0.525,53.5,0
0.525,54.5,0
0.525,55.5,0
0.525,56.5,0
0.525,57.5,0
0.525,58.5,0
0.525,59.5,0
0.525,60.5,0
0.525,61.5,0
0.525,62.5,0
0.525,63.5,0
0.525,64.5,0
0.525,65.5,0
0.525,66.5,0
0.525,67.5,0
0.525,68.5,0
0.525,69.5,0
0.525,70.5,0
0.525,71.5,0
0.525,72.5,0
0.525,73.5,0
0.525,74.5,0
0.525,75.5,0
0.525,76.5,0
0.525,77.5,0
0.525,78.5,0
0.525,79.5,0
0.525,80.5,0
0.525,81.5,0
0.525,82.5,0
0.525,83.5,0
0.525,84.5,0
0.525,85.5,0
0.525,86.5,0
0.525,87.5,0
0.525,88.5,0
0.525,89.5,0
0.525,90.5,0
0.525,91.5,0
0.525,92.5,0
0.525,93.5,0
0.525,94.5,0
0.525,95.5,0
0.525,96.5,0
0.525,97.5,0
0.525,98.5,0
0.525,99.5,0
0.525,100.5,0
0.525,101.5,0
0.525,102.5,0
0.525,103.5,0
0.525,104.5,0
0.525,105.5,0
0.525,106.5,0
0.525,107.5,0
0.525,108.5,0
0.525,109.5,0
0.525,110.5,0
0.525,111.5,0
0.525,112.5,0
0.525,113.5,0
0.525,114.5,0
0.525,115.5,0
0.525,116.5,0
0.525,117.5,0
0.525,118.5,0
0.525,119.5,0
0.525,120.5,0
0.525,121.5,0
0.525,122.5,0
0.525,123.5,0
0.525,124.5,0
0.525,125.5,0
0.525,126.5,0
0.525,127.5,0
0.525,128.5,0
0.525,129.5,0
0.525,130.5,0
0.525,131.5,0
0.525,132.5,0
0.525,133.5,0
0.525,134.5,0
0.525,135.5,0
0.525,136.5,0
0.525,137.5,0
0.525,138.5,0
0.525,139.5,0
0.525,140.5,0
0.525,141.5,0
0.525,142.5,0
0.525,143.5,0
0.525,144.5,0
0.525,145.5,0
0.525,146.5,0
0.525,147.5,0
0.525,148.5,0
0.525,149.5,0
0.525,150.5,0
0.525,151.5,0
0.525,152.5,0
0.525,153.5,0
0.525,154.5,0
0.525,155.5,0
0.525,156.5,0
0.525,157.5,0
0.525,158.5,0
0.525,159.5,0
0.525,160.5,0
0.525,161.5,0
0.525,162.5,0
0.525,163.5,0
0.525,164.5,0
0.525,165.5,0
0.525,166.5,0
0.525,167.5,0
0.525,168.5,0
0.525,169.5,0
0.525,170.5,0
0.525,171.5,0
0.525,172.5,0
0.525,173.5,0
0.525,174.5,0
0.525,175.5,0
0.525,176.5,0
0.525,177.5,0
0.525,178.5,0
0.525,179.5,0
0.575,0.5,0
0.575,1.5,0
0.575,2.5,0
0.575,3.5,0
0.575,4.5,0
0.575,5.5,0
0.575,6.5,0
0.575,7.5,0
0.575,8.5,0
0.575,9.5,0
0.575,10.5,0
0.575,11.5,0
0.575,12.5,0
0.575,13.5,0
0.575,14.5,0
0.575,15.5,0
0.575,16.5,0
0.575,17.5,0
0.575,18.5,0
0.575,19.5,0
0.575,20.5,0
0.575,21.5,0
0.575,22.5,0
0.575,23.5,0
0.575,24.5,0
0.575,25.5,0
0.575,26.5,0
0.575,27.5,0
0.575,28.5,0
0.575,29.5,0
0.575,30.5,0
0.575,31.5,0
0.575,32.5,0
0.575,33.5,0
0.575,34.5,0
0.575,35.5,0
0.575,36.5,0
0.575,37.5,0
0.575,38.5,0
0.575,39.5,0
0.575,40.5,0
0.575,41.5,0
0.575,42.5,0
0.575,43.5,0
0.575,44.5,0
0.575,45.5,0
0.575,46.5,0
0.575,47.5,0
0.575,48.5,0
0.575,49.5,0
0.575,50.5,0
0.575,51.5,0
0.575,52.5,0
0.575,53.5,0
0.575,54.5,0
0.575,55.5,0
0.575,56.5,0
0.575,57.5,0
0.575,58.5,0
0.575,59.5,0
0.575,60.5,0
0.575,61.5,0
0.575,62.5,0
0.575,63.5,0
0.575,64.5,0
0.575,65.5,0
0.575,66.5,0
0.575,67.5,0
0.575,68.5,0
0.575,69.5,0
0.575,70.5,0
0.575,71.5,0
0.575,72.5,0
0.575,73.5,0
0.575,74.5,0
0.575,75.5,0
0.575,76.5,0
0.575,77.5,0
0.575,78.5,0
0.575,79.5,0
0.575,80.5,0
0.575,81.5,0
0.575,82.5,0
0.575,83.5,0
0.575,84.5,0
0.575,85.5,0
0.575,86.5,0
0.575,87.5,0
0.575,88.5,0
0.575,89.5,0
0.575,90.5,0
0.575,91.5,0
0.575,92.5,0
0.575,93.5,0
0.575,94.5,0
0.575,95.5,0
0.575,96.5,0
0.575,97.5,0
0.575,98.5,0
0.575,99.5,0
0.575,100.5,0
0.575,101.5,0
0.575,102.5,0
0.575,103.5,0
0.575,104.5,0
0.575,105.5,0
0.575,106.5,0
0.575,107.5,0
0.575,108.5,0
0.575,109.5,0
0.575,110.5,0
0.575,111.5,0
0.575,112.5,0
0.575,113.5,0
0.575,114.5,0
0.575,115.5,0
0.575,116.5,0
0.575,117.5,0
0.575,118.5,0
0.575,119.5,0
0.575,120.5,0
0.575,121.5,0
0.575,122.5,0
0.575,123.5,0
0.575,124.5,0
0.575,125.5,0
0.575,126.5,0
0.575,127.5,0
0.575,128.5,0
0.575,129.5,0
0.575,130.5,0
0.575,131.5,0
0.575,132.5,0
0.575,133.5,0
0.575,134.5,0
0.575,135.5,0
0.575,136.5,0
0.575,137.5,0
0.575,138.5,0
0.575,139.5,0
0.575,140.5,0
0.575,141.5,0
0.575,142.5,0
0.575,143.5,0
0.575,144.5,0
0.575,145.5,0
0.575,146.5,0
0.575,147.5,0
0.575,148.5,0
0.575,149.5,0
0.575,150.5,0
0.575,151.5,0
0.575,152.5,0
0.575,153.5,0
0.575,154.5,0
0.575,155.5,0
0.575,156.5,0
0.575,157.5,0
0.575,158.5,0
0.575,159.5,0
0.575,160.5,0
0.575,161.5,0
0.575,162.5,0
0.575,163.5,0
0.575,164.5,0
0.575,165.5,0
0.575,166.5,0
0.575,167.5,0
0.575,168.5,0
0.575,169.5,0
0.575,170.5,0
0.575,171.5,0
0.575,172.5,0
0.575,173.5,0
0.575,174.5,0
0.575,175.5,0
0.575,176.5,0
0.575,177.5,0
0.575,178.5,0
0.575,179.5,0
0.625,0.5,0
0.625,1.5,0
0.625,2.5,0
0.625,3.5,0
0.625,4.5,0
0.625,5.5,0
0.625,6.5,0
0.625,7.5,0
0.625,8.5,0
0.625,9.5,0
0.625,10.5,0
0.625,11.5,0
0.625,12.5,0
0.625,13.5,0
0.625,14.5,0
0.625,15.5,0
0.625,16.5,0
0.625,17.5,0
0.625,18.5,0
0.625,19.5,0
0.625,20.5,0
0.625,21.5,0
0.625,22.5,0
0.625,23.5,0
0.625,24.5,0
0.625,25.5,0
0.625,26.5,0
0.625,27.5,0
0.625,28.5,0
0.625,29.5,0
0.625,30.5,0
0.625,31.5,0
0.625,32.5,0
0.625,33.5,0
0.625,34.5,0
0.625,35.5,0
0.625,36.5,0
0.625,37.5,0
0.625,38.5,0
0.625,39.5,0
0.625,40.5,0
0.625,41.5,0
0.625,42.5,0
0.625,43.5,0
0.625,44.5,0
0.625,45.5,0
0.625,46.5,0
0.625,47.5,0
0.625,48.5,0
0.625,49.5,0
0.625,50.5,0
0.625,51.5,0
0.625,52.5,0
0.625,53.5,0
0.625,54.5,0
0.625,55.5,0
0.625,56.5,0
0.625,57.5,0
0.625,58.5,0
0.625,59.5,0
0.625,60.5,0
0.625,61.5,0
0.625,62.5,0
0.625,63.5,0
0.625,64.5,0
0.625,65.5,0
0.625,66.5,0
0.625,67.5,0
0.625,68.5,0
0.625,69.5,0
0.625,70.5,0
0.625,71.5,0
0.625,72.5,0
0.625,73.5,0
0.625,74.5,0
0.625,75.5,0
0.625,76.5,0
0.625,77.5,0
0.625,78.5,0
0.625,79.5,0
0.625,80.5,0
0.625,81.5,0
0.625,82.5,0
0.625,83.5,0
0.625,84.5,0
0.625,85.5,0
0.625,86.5,0
0.625,87.5,0
0.625,88.5,0
0.625,89.5,0
0.625,90.5,0
0.625,91.5,0
0.625,92.5,0
0.625,93.5,0
0.625,94.5,0
0.625,95.5,0
0.625,96.5,0
0.625,97.5,0
0.625,98.5,0
0.625,99.5,0
0.625,100.5,0
0.625,101.5,0
0.625,102.5,0
0.625,103.5,0
0.625,104.5,0
0.625,105.5,0
0.625,106.5,0
0.625,107.5,0
0.625,108.5,0
0.625,109.5,0
0.625,110.5,0
0.625,111.5,0
0.625,112.5,0
0.625,113.5,0
0.625,114.5,0
0.625,115.5,0
0.625,116.5,0
0.625,117.5,0
0.625,118.5,0
0.625,119.5,0
0.625,120.5,0
0.625,121.5,0
0.625,122.5,0
0.625,123.5,0
0.625,124.5,0
0.625,125.5,0
0.625,126.5,0
0.625,127.5,0
0.625,128.5,0
0.625,129.5,0
0.625,130.5,0
0.625,131.5,0
0.625,132.5,0
0.625,133.5,0
0.625,134.5,0
0.625,135.5,0
0.625,136.5,0
0.625,137.5,0
0.625,138.5,0
0.625,139.5,0
0.625,140.5,0
0.625,141.5,0
0.625,142.5,0
0.625,143.5,0
0.625,144.5,0
0.625,145.5,0
0.625,146.5,0
0.625,147.5,0
0.625,148.5,0
0.625,149.5,0
0.625,150.5,0
0.625,151.5,0
0.625,152.5,0
0.625,153.5,0
0.625,154.5,0
0.625,155.5,0
0.625,156.5,0
0.625,157.5,0
0.625,158.5,0
0.625,159.5,0
0.625,160.5,0
0.625,161.5,0
0.625,162.5,0
0.625,163.5,0
0.625,164.5,0
0.625,165.5,0
0.625,166.5,0
0.625,167.5,0
0.625,168.5,0
0.625,169.5,0
0.625,170.5,0
0.625,171.5,0
0.625,172.5,0
0.625,173.5,0
0.625,174.5,0
0.625,175.5,0
0.625,176.5,0
0.625,177.5,0
0.625,178.5,0
0.625,179.5,0
0.675,0.5,0
0.675,1.5,0
0.675,2.5,0
0.675,3.5,0
0.675,4.5,0
0.675,5.5,0
0.675,6.5,0
0.675,7.5,0
0.675,8.5,0
0.675,9.5,0
0.675,10.5,0
0.675,11.5,0
0.675,12.5,0
0.675,13.5,0
0.675,14.5,0
0.675,15.5,0
0.675,16.5,0
0.675,17.5,0
0.675,18.5,0
0.675,19.5,0
0.675,20.5,0
0.675,21.5,0
0.675,22.5,0
0.675,23.5,0
0.675,24.5,0
0.675,25.5,0
0.675,26.5,0
0.675,27.5,0
0.675,28.5,0
0.675,29.5,0
0.675,30.5,0
0.675,31.5,0
0.675,32.5,0
0.675,33.5,0
0.675,34.5,0
0.675,35.5,0
0.675,36.5,0
0.675,37.5,0
0.675,38.5,0
0.675,39.5,0
0.675,40.5,0
0.675,41.5,0
0.675,42.5,0
0.675,43.5,0
0.675,44.5,0
0.675,45.5,0
0.675,46.5,0
0.675,47.5,0
0.675,48.5,0
0.675,49.5,0
0.675,50.5,0
0.675,51.5,0
0.675,52.5,0
0.675,53.5,0
0.675,54.5,0
0.675,55.5,0
0.675,56.5,0
0.675,57.5,0
0.675,58.5,0
0.675,59.5,0
0.675,60.5,0
0.675,61.5,0
0.675,62.5,0
0.675,63.5,0
0.675,64.5,0
0.675,65.5,0
0.675,66.5,0
0.675,67.5,0
0.675,68.5,0
0.675,69.5,0
0.675,70.5,0
0.675,71.5,0
0.675,72.5,0
0.675,73.5,0
0.675,74.5,0
0.675,75.5,0
0.675,76.5,0
0.675,77.5,0
0.675,78.5,0
0.675,79.5,0
0.675,80.5,0
0.675,81.5,0
0.675,82.5,0
0.675,83.5,0
0.675,84.5,0
0.675,85.5,0
0.675,86.5,0
0.675,87.5,0
0.675,88.5,0
0.675,89.5,0
0.675,90.5,0
0.675,91.5,0
0.675,92.5,0
0.675,93.5,0
0.675,94.5,0
0.675,95.5,0
0.675,96.5,0
0.675,97.5,0
0.675,98.5,0
0.675,99.5,0
0.675,100.5,0
0.675,101.5,0
0.675,102.5,0
0.675,103.5,0
0.675,104.5,0
0.675,105.5,0
0.675,106.5,0
0.675,107.5,0
0.675,108.5,0
0.675,109.5,0
0.675,110.5,0
0.675,111.5,0
0.675,112.5,0
0.675,113.5,0
0.675,114.5,0
0.675,115.5,0
0.675,116.5,0
0.675,117.5,0
0.675,118.5,0
0.675,119.5,0
0.675,120.5,0
0.675,121.5,0
0.675,122.5,0
0.675,123.5,0
0.675,124.5,0
0.675,125.5,0
0.675,126.5,0
0.675,127.5,0
0.675,128.5,0
0.675,129.5,0
0.675,130.5,0
0.675,131.5,0
0.675,132.5,0
0.675,133.5,0
0.675,134.5,0
0.675,135.5,0
0.675,136.5,0
0.675,137.5,0
0.675,138.5,0
0.675,139.5,0
0.675,140.5,0
0.675,141.5,0
0.675,142.5,0
0.675,143.5,0
0.675,144.5,0
0.675,145.5,0
0.675,146.5,0
0.675,147.5,0
0.675,148.5,0
0.675,149.5,0
0.675,150.5,0
0.675,151.5,0
0.675,152.5,0
0.675,153.5,0
0.675,154.5,0
0.675,155.5,0
0.675,156.5,0
0.675,157.5,0
0.675,158.5,0
0.675,159.5,0
0.675,160.5,0
0.675,161.5,0
0.675,162.5,0
0.675,163.5,0
0.675,164.5,0
0.675,165.5,0
0.675,166.5,0
0.675,167.5,0
0.675,168.5,0
0.675,169.5,0
0.675,170.5,0
0.675,171.5,0
0.675,172.5,0
0.675,173.5,0
0.675,174.5,0
0.675,175.5,0
0.675,176.5,0
0.675,177.5,0
0.675,178.5,0
0.675,179.5,0
0.725,0.5,0
0.725,1.5,0
0.725,2.5,0
0.725,3.5,0
0.725,4.5,0
0.725,5.5,0
0.725,6.5,0
0.725,7.5,0
0.725,8.5,0
0.725,9.5,0
0.725,10.5,0
0.725,11.5,0
0.725,12.5,0
0.725,13.5,0
0.725,14.5,0
0.725,15.5,0
0.725,16.5,0
0.725,17.5,0
0.725,18.5,0
0.725,19.5,0
0.725,20.5,0
0.725,21.5,0
0.725,22.5,0
0.725,23.5,0
0.725,24.5,0
0.725,25.5,0
0.725,26.5,0
0.725,27.5,0
0.725,28.5,0
0.725,29.5,0
0.725,30.5,0
0.725,31.5,0
0.725,32.5,0
0.725,33.5,0
0.725,34.5,0
0.725,35.5,0
0.725,36.5,0
0.725,37.5,0
0.725,38.5,0
0.725,39.5,0
0.725,40.5,0
0.725,41.5,0
0.725,42.5,0
0.725,43.5,0
0.725,44.5,0
0.725,45.5,0
0.725,46.5,0
0.725,47.5,0
0.725,48.5,0
0.725,49.5,0
0.725,50.5,0
0.725,51.5,0
0.725,52.5,0
0.725,53.5,0
0.725,54.5,0
0.725,55.5,0
0.725,56.5,0
0.725,57.5,0
0.725,58.5,0
0.725,59.5,0
0.725,60.5,0
0.725,61.5,0
0.725,62.5,0
0.725,63.5,0
0.725,64.5,0
0.725,65.5,0
0.725,66.5,0
0.725,67.5,0
0.725,68.5,0
0.725,69.5,0
0.725,70.5,0
0.725,71.5,0
0.725,72.5,0
0.725,73.5,0
0.725,74.5,0
0.725,75.5,0
0.725,76.5,0
0.725,77.5,0
0.725,78.5,0
0.725,79.5,0
0.725,80.5,0
0.725,81.5,0
0.725,82.5,0
0.725,83.5,0
0.725,84.5,0
0.725,85.5,0
0.725,86.5,0
0.725,87.5,0
0.725,88.5,0
0.725,89.5,0
0.725,90.5,0
0.725,91.5,0
0.725,92.5,0
0.725,93.5,0
0.725,94.5,0
0.725,95.5,0
0.725,96.5,0
0.725,97.5,0
0.725,98.5,0
0.725,99.5,0
0.725,100.5,0
0.725,101.5,0
0.725,102.5,0
0.725,103.5,0
0.725,104.5,0
0.725,105.5,0
0.725,106.5,0
0.725,107.5,0
0.725,108.5,0
0.725,109.5,0
0.725,110.5,0
0.725,111.5,0
0.725,112.5,0
0.725,113.5,0
0.725,114.5,0
0.725,115.5,0
0.725,116.5,0
0.725,117.5,0
0.725,118.5,0
0.725,119.5,0
0.725,120.5,0
0.725,121.5,0
0.725,122.5,0
0.725,123.5,0
0.725,124.5,0
0.725,125.5,0
0.725,126.5,0
0.725,127.5,0
0.725,128.5,0
0.725,129.5,0
0.725,130.5,0
0.725,131.5,0
0.725,132.5,0
0.725,133.5,0
0.725,134.5,0
0.725,135.5,0
0.725,136.5,0
0.725,137.5,0
0.725,138.5,0
0.725,139.5,0
0.725,140.5,0
0.725,141.5,0
0.725,142.5,0
0.725,143.5,0
0.725,144.5,0
0.725,145.5,0
0.725,146.5,0
0.725,147.5,0
0.725,148.5,0
0.725,149.5,0
0.725,150.5,0
0.725,151.5,0
0.725,152.5,0
0.725,153.5,0
0.725,154.5,0
0.725,155.5,0
0.725,156.5,0
0.725,157.5,0
0.725,158.5,0
0.725,159.5,0
0.725,160.5,0
0.725,161.5,0
0.725,162.5,0
0.725,163.5,0
0.725,164.5,0
0.725,165.5,0
0.725,166.5,0
0.725,167.5,0
0.725,168.5,0
0.725,169.5,0
0.725,170.5,0
0.725,171.5,0
0.725,172.5,0
0.725,173.5,0
0.725,174.5,0
0.725,175.5,0
0.725,176.5,0
0.725,177.5,0
0.725,178.5,0
0.725,179.5,0
0.775,0.5,0
0.775,1.5,0
0.775,2.5,0
0.775,3.5,0
0.775,4.5,0
0.775,5.5,0
0.775,6.5,0
0.775,7.5,0
0.775,8.5,0
0.775,9.5,0
0.775,10.5,0
0.775,11.5,0
0.775,12.5,0
0.775,13.5,0
0.775,14.5,0
0.775,15.5,0
0.775,16.5,0
0.775,17.5,0
0.775,18.5,0
0.775,19.5,0
0.775,20.5,0
0.775,21.5,0
0.775,22.5,0
0.775,23.5,0
0.775,24.5,0
0.775,25.5,0
0.775,26.5,0
0.775,27.5,0
0.775,28.5,0
0.775,29.5,0
0.775,30.5,0
0.775,31.5,0
0.775,32.5,0
0.775,33.5,0
0.775,34.5,0
0.775,35.5,0
0.775,36.5,0
0.775,37.5,0
0.775,38.5,0
0.775,39.5,0
0.775,40.5,0
0.775,41.5,0
0.775,42.5,0
0.775,43.5,0
0.775,44.5,0
0.775,45.5,0
0.775,46.5,0
0.775,47.5,0
0.775,48.5,0
0.775,49.5,0
0.775,50.5,0
0.775,51.5,0
0.775,52.5,0
0.775,53.5,0
0.775,54.5,0
0.775,55.5,0
0.775,56.5,0
0.775,57.5,0
0.775,58.5,0
0.775,59.5,0
0.775,60.5,0
0.775,61.5,0
0.775,62.5,0
0.775,63.5,0
0.775,64.5,0
0.775,65.5,0
0.775,66.5,0
0.775,67.5,0
0.775,68.5,0
0.775,69.5,0
0.775,70.5,0
0.775,71.5,0
0.775,72.5,0
0.775,73.5,0
0.775,74.5,0
0.775,75.5,0
0.775,76.5,0
0.775,77.5,0
0.775,78.5,0
0.775,79.5,0
0.775,80.5,0
0.775,81.5,0
0.775,82.5,0
0.775,83.5,0
0.775,84.5,0
0.775,85.5,0
0.775,86.5,0
0.775,87.5,0
0.775,88.5,0
0.775,89.5,0
0.775,90.5,0
0.775,91.5,0
0.775,92.5,0
0.775,93.5,0
0.775,94.5,0
0.775,95.5,0
0.775,96.5,0
0.775,97.5,0
0.775,98.5,0
0.775,99.5,0
0.775,100.5,0
0.775,101.5,0
0.775,102.5,0
0.775,103.5,0
0.775,104.5,0
0.775,105.5,0
0.775,106.5,0
0.775,107.5,0
0.775,108.5,0
0.775,109.5,0
0.775,110.5,0
0.775,111.5,0
0.775,112.5,0
0.775,113.5,0
0.775,114.5,0
0.775,115.5,0
0.775,116.5,0
0.775,117.5,0
0.775,118.5,0
0.775,119.5,0
0.775,120.5,0
0.775,121.5,0
0.775,122.5,0
0.775,123.5,0
0.775,124.5,0
0.775,125.5,0
0.775,126.5,0
0.775,127.5,0
0.775,128.5,0
0.775,129.5,0
0.775,130.5,0
0.775,131.5,0
0.775,132.5,0
0.775,133.5,0
0.775,134.5,0
0.775,135.5,0
0.775,136.5,0
0.775,137.5,0
0.775,138.5,0
0.775,139.5,0
0.775,140.5,0
0.775,141.5,0
0.775,142.5,0
0.775,143.5,0
0.775,144.5,0
0.775,145.5,0
0.775,146.5,0
0.775,147.5,0
0.775,148.5,0
0.775,149.5,0
0.775,150.5,0
0.775,151.5,0
0.775,152.5,0
0.775,153.5,0
0.775,154.5,0
0.775,155.5,0
0.775,156.5,0
0.775,157.5,0
0.775,158.5,0
0.775,159.5,0
0.775,160.5,0
0.775,161.5,0
0.775,162.5,0
0.775,163.5,0
0.775,164.5,0
0.775,165.5,0
0.775,166.5,0
0.775,167.5,0
0.775,168.5,0
0.775,169.5,0
0.775,170.5,0
0.775,171.5,0
0.775,172.5,0
0.775,173.5,0
0.775,174.5,0
0.775,175.5,0
0.775,176.5,0
0.775,177.5,0
0.775,178.5,0
0.775,179.5,0
0.825,0.5,0
0.825,1.5,0
0.825,2.5,0
0.825,3.5,0
0.825,4.5,0
0.825,5.5,0
0.825,6.5,0
0.825,7.5,0
0.825,8.5,0
0.825,9.5,0
0.825,10.5,0
0.825,11.5,0
0.825,12.5,0
0.825,13.5,0
0.825,14.5,0
0.825,15.5,0
0.825,16.5,0
0.825,17.5,0
0.825,18.5,0
0.825,19.5,0
0.825,20.5,0
0.825,21.5,0
0.825,22.5,0
0.825,23.5,0
0.825,24.5,0
0.825,25.5,0
0.825,26.5,0
0.825,27.5,0
0.825,28.5,0
0.825,29.5,0
0.825,30.5,0
0.825,31.5,0
0.825,32.5,0
0.825,33.5,0
0.825,34.5,0
0.825,35.5,0
0.825,36.5,0
0.825,37.5,0
0.825,38.5,0
0.825,39.5,0
0.825,40.5,0
0.825,41.5,0
0.825,42.5,0
0.825,43.5,0
0.825,44.5,0
0.825,45.5,0
0.825,46.5,0
0.825,47.5,0
0.825,48.5,0
0.825,49.5,0
0.825,50.5,0
0.825,51.5,0
0.825,52.5,0
0.825,53.5,0
0.825,54.5,0
0.825,55.5,0
0.825,56.5,0
0.825,57.5,0
0.825,58.5,0
0.825,59.5,0
0.825,60.5,0
0.825,61.5,0
0.825,62.5,0
0.825,63.5,0
0.825,64.5,0
0.825,65.5,0
0.825,66.5,0
0.825,67.5,0
0.825,68.5,0
0.825,69.5,0
0.825,70.5,0
0.825,71.5,0
0.825,72.5,0
0.825,73.5,0
0.825,74.5,0
0.825,75.5,0
0.825,76.5,0
0.825,77.5,0
0.825,78.5,0
0.825,79.5,0
0.825,80.5,0
0.825,81.5,0
0.825,82.5,0
0.825,83.5,0
0.825,84.5,0
0.825,85.5,0
0.825,86.5,0
0.825,87.5,0
0.825,88.5,0
0.825,89.5,0
0.825,90.5,0
0.825,91.5,0
0.825,92.5,0
0.825,93.5,0
0.825,94.5,0
0.825,95.5,0
0.825,96.5,0
0.825,97.5,0
0.825,98.5,0
0.825,99.5,0
0.825,100.5,0
0.825,101.5,0
0.825,102.5,0
0.825,103.5,0
0.825,104.5,0
0.825,105.5,0
0.825,106.5,0
0.825,107.5,0
0.825,108.5,0
0.825,109.5,0
0.825,110.5,0
0.825,111.5,0
0.825,112.5,0
0.825,113.5,0
0.825,114.5,0
0.825,115.5,0
0.825,116.5,0
0.825,117.5,0
0.825,118.5,0
0.825,119.5,0
0.825,120.5,0
0.825,121.5,0
0.825,122.5,0
0.825,123.5,0
0.825,124.5,0
0.825,125.5,0
0.825,126.5,0
0.825,127.5,0
0.825,128.5,0
0.825,129.5,0
0.825,130.5,0
0.825,131.5,0
0.825,132.5,0
0.825,133.5,0
0.825,134.5,0
0.825,135.5,0
0.825,136.5,0
0.825,137.5,0
0.825,138.5,0
0.825,139.5,0
0.825,140.5,0
0.825,141.5,0
0.825,142.5,0
0.825,143.5,0
0.825,144.5,0
0.825,145.5,0
0.825,146.5,0
0.825,147.5,0
0.825,148.5,0
0.825,149.5,0
0.825,150.5,0
0.825,151.5,0
0.825,152.5,0
0.825,153.5,0
0.825,154.5,0
0.825,155.5,0
0.825,156.5,0
0.825,157.5,0
0.825,158.5,0
0.825,159.5,0
0.825,160.5,0
0.825,161.5,0
0.825,162.5,0
0.825,163.5,0
0.825,164.5,0
0.825,165.5,0
0.825,166.5,0
0.825,167.5,0
0.825,168.5,0
0.825,169.5,0
0.825,170.5,0
0.825,171.5,0
0.825,172.5,0
0.825,173.5,0
0.825,174.5,0
0.825,175.5,0
0.825,176.5,0
0.825,177.5,0
0.825,178.5,0
0.825,179.5,0
0.875,0.5,0
0.875,1.5,0
0.875,2.5,0
0.875,3.5,0
0.875,4.5,0
0.875,5.5,0
0.875,6.5,0
0.875,7.5,0
0.875,8.5,0
0.875,9.5,0
0.875,10.5,0
0.875,11.5,0
0.875,12.5,0
0.875,13.5,0
0.875,14.5,0
0.875,15.5,0
0.875,16.5,0
0.875,17.5,0
0.875,18.5,0
0.875,19.5,0
0.875,20.5,0
0.875,21.5,0
0.875,22.5,0
0.875,23.5,0
0.875,24.5,0
0.875,25.5,0
0.875,26.5,0
0.875,27.5,0
0.875,28.5,0
0.875,29.5,0
0.875,30.5,0
0.875,31.5,0
0.875,32.5,0
0.875,33.5,0
0.875,34.5,0
0.875,35.5,0
0.875,36.5,0
0.875,37.5,0
0.875,38.5,0
0.875,39.5,0
0.875,40.5,0
0.875,41.5,0
0.875,42.5,0
0.875,43.5,0
0.875,44.5,0
0.875,45.5,0
0.875,46.5,0
0.875,47.5,0
0.875,48.5,0
0.875,49.5,0
0.875,50.5,0
0.875,51.5,0
0.875,52.5,0
0.875,53.5,0
0.875,54.5,0
0.875,55.5,0
0.875,56.5,0
0.875,57.5,0
0.875,58.5,0
0.875,59.5,0
0.875,60.5,0
0.875,61.5,0
0.875,62.5,0
0.875,63.5,0
0.875,64.5,0
0.875,65.5,0
0.875,66.5,0
0.875,67.5,0
0.875,68.5,0
0.875,69.5,0
0.875,70.5,0
0.875,71.5,0
0.875,72.5,0
0.875,73.5,0
0.875,74.5,0
0.875,75.5,0
0.875,76.5,0
0.875,77.5,0
0.875,78.5,0
0.875,79.5,0
0.875,80.5,0
0.875,81.5,0
0.875,82.5,0
0.875,83.5,0
0.875,84.5,0
0.875,85.5,0
0.875,86.5,0
0.875,87.5,0
0.875,88.5,0
0.875,89.5,0
0.875,90.5,0
0.875,91.5,0
0.875,92.5,0
0.875,93.5,0
0.875,94.5,0
0.875,95.5,0
0.875,96.5,0
0.875,97.5,0
0.875,98.5,0
0.875,99.5,0
0.875,100.5,0
0.875,101.5,0
0.875,102.5,0
0.875,103.5,0
0.875,104.5,0
0.875,105.5,0
0.875,106.5,0
0.875,107.5,0
0.875,108.5,0
0.875,109.5,0
0.875,110.5,0
0.875,111.5,0
0.875,112.5,0
0.875,113.5,0
0.875,114.5,0
0.875,115.5,0
0.875,116.5,0
0.875,117.5,0
0.875,118.5,0
0.875,119.5,0
0.875,120.5,0
0.875,121.5,0
0.875,122.5,0
0.875,123.5,0
0.875,124.5,0
0.875,125.5,0
0.875,126.5,0
0.875,127.5,0
0.875,128.5,0
0.875,129.5,0
0.875,130.5,0
0.875,131.5,0
0.875,132.5,0
0.875,133.5,0
0.875,134.5,0
0.875,135.5,0
0.875,136.5,0
0.875,137.5,0
0.875,138.5,0
0.875,139.5,0
0.875,140.5,0
0.875,141.5,0
0.875,142.5,0
0.875,143.5,0
0.875,144.5,0
0.875,145.5,0
0.875,146.5,0
0.875,147.5,0
0.875,148.5,0
0.875,149.5,0
0.875,150.5,0
0.875,151.5,0
0.875,152.5,0
0.875,153.5,0
0.875,154.5,0
0.875,155.5,0
0.875,156.5,0
0.875,157.5,0
0.875,158.5,0
0.875,159.5,0
0.875,160.5,0
0.875,161.5,0
0.875,162.5,0
0.875,163.5,0
0.875,164.5,0
0.875,165.5,0
0.875,166.5,0
0.875,167.5,0
0.875,168.5,0
0.875,169.5,0
0.875,170.5,0
0.875,171.5,0
0.875,172.5,0
0.875,173.5,0
0.875,174.5,0
0.875,175.5,0
0.875,176.5,0
0.875,177.5,0
0.875,178.5,0
0.875,179.5,0
0.925,0.5,0
0.925,1.5,0
0.925,2.5,0
0.925,3.5,0
0.925,4.5,0
0.925,5.5,0
0.925,6.5,0
0.925,7.5,0
0.925,8.5,0
0.925,9.5,0
0.925,10.5,0
0.925,11.5,0
0.925,12.5,0
0.925,13.5,0
0.925,14.5,0
0.925,15.5,0
0.925,16.5,0
0.925,17.5,0
0.925,18.5,0
0.925,19.5,0
0.925,20.5,0
0.925,21.5,0
0.925,22.5,0
0.925,23.5,0
0.925,24.5,0
0.925,25.5,0
0.925,26.5,0
0.925,27.5,0
0.925,28.5,0
0.925,29.5,0
0.925,30.5,0
0.925,31.5,0
0.925,32.5,0
0.925,33.5,0
0.925,34.5,0
0.925,35.5,0
0.925,36.5,0
0.925,37.5,0
0.925,38.5,0
0.925,39.5,0
0.925,40.5,0
0.925,41.5,0
0.925,42.5,0
0.925,43.5,0
0.925,44.5,0
0.925,45.5,0
0.925,46.5,0
0.925,47.5,0
0.925,48.5,0
0.925,49.5,0
0.925,50.5,0
0.925,51.5,0
0.925,52.5,0
0.925,53.5,0
0.925,54.5,0
0.925,55.5,0
0.925,56.5,0
0.925,57.5,0
0.925,58.5,0
0.925,59.5,0
0.925,60.5,0
0.925,61.5,0
0.925,62.5,0
0.925,63.5,0
0.925,64.5,0
0.925,65.5,0
0.925,66.5,0
0.925,67.5,0
0.925,68.5,0
0.925,69.5,0
0.925,70.5,0
0.925,71.5,0
0.925,72.5,0
0.925,73.5,0
0.925,74.5,0
0.925,75.5,0
0.925,76.5,0
0.925,77.5,0
0.925,78.5,0
0.925,79.5,0
0.925,80.5,0
0.925,81.5,0
0.925,82.5,0
0.925,83.5,0
0.925,84.5,0
0.925,85.5,0
0.925,86.5,0
0.925,87.5,0
0.925,88.5,0
0.925,89.5,0
0.925,90.5,0
0.925,91.5,0
0.925,92.5,0
0.925,93.5,0
0.925,94.5,0
0.925,95.5,0
0.925,96.5,0
0.925,97.5,0
0.925,98.5,0
0.925,99.5,0
0.925,100.5,0
0.925,101.5,0
0.925,102.5,0
0.925,103.5,0
0.925,104.5,0
0.925,105.5,0
0.925,106.5,0
0.925,107.5,0
0.925,108.5,0
0.925,109.5,0
0.925,110.5,0
0.925,111.5,0
0.925,112.5,0
0.925,113.5,0
0.925,114.5,0
0.925,115.5,0
0.925,116.5,0
0.925,117.5,0
0.925,118.5,0
0.925,119.5,0
0.925,120.5,0
0.925,121.5,0
0.925,122.5,0
0.925,123.5,0
0.925,124.5,0
0.925,125.5,0
0.925,126.5,0
0.925,127.5,0
0.925,128.5,0
0.925,129.5,0
0.925,130.5,0
0.925,131.5,0
0.925,132.5,0
0.925,133.5,0
0.925,134.5,0
0.925,135.5,0
0.925,136.5,0
0.925,137.5,0
0.925,138.5,0
0.925,139.5,0
0.925,140.5,0
0.925,141.5,0
0.925,142.5,0
0.925,143.5,0
0.925,144.5,0
0.925,145.5,0
0.925,146.5,0
0.925,147.5,0
0.925,148.5,0
0.925,149.5,0
0.925,150.5,0
0.925,151.5,0
0.925,152.5,0
0.925,153.5,0
0.925,154.5,0
0.925,155.5,0
0.925,156.5,0
0.925,157.5,0
0.925,158.5,0
0.925,159.5,0
0.925,160.5,0
0.925,161.5,0
0.925,162.5,0
0.925,163.5,0
0.925,164.5,0
0.925,165.5,0
0.925,166.5,0
0.925,167.5,0
0.925,168.5,0
0.925,169.5,0
0.925,170.5,0
0.925,171.5,0
0.925,172.5,0
0.925,173.5,0
0.925,174.5,0
0.925,175.5,0
0.925,176.5,0
0.925,177.5,0
0.925,178.5,0
0.925,179.5,0
0.975,0.5,0
0.975,1.5,0
0.975,2.5,0
0.975,3.5,0
0.975,4.5,0
0.975,5.5,0
0.975,6.5,0
0.975,7.5,0
0.975,8.5,0
0.975,9.5,0
0.975,10.5,0
0.975,11.5,0
0.975,12.5,0
0.975,13.5,0
0.975,14.5,0
0.975,15.5,0
0.975,16.5,0
0.975,17.5,0
0.975,18.5,0
0.975,19.5,0
0.975,20.5,0
0.975,21.5,0
0.975,22.5,0
0.975,23.5,0
0.975,24.5,0
0.975,25.5,0
0.975,26.5,0
0.975,27.5,0
0.975,28.5,0
0.975,29.5,0
0.975,30.5,0
0.975,31.5,0
0.975,32.5,0
0.975,33.5,0
0.975,34.5,0
0.975,35.5,0
0.975,36.5,0
0.975,37.5,0
0.975,38.5,0
0.975,39.5,0
0.975,40.5,0
0.975,41.5,0
0.975,42.5,0
0.975,43.5,0
0.975,44.5,0
0.975,45.5,0
0.975,46.5,0
0.975,47.5,0
0.975,48.5,0
0.975,49.5,0
0.975,50.5,0
0.975,51.5,0
0.975,52.5,0
0.975,53.5,0
0.975,54.5,0
0.975,55.5,0
0.975,56.5,0
0.975,57.5,0
0.975,58.5,0
0.975,59.5,0
0.975,60.5,0
0.975,61.5,0
0.975,62.5,0
0.975,63.5,0
0.975,64.5,0
0.975,65.5,0
0.975,66.5,0
0.975,67.5,0
0.975,68.5,0
0.975,69.5,0
0.975,70.5,0
0.975,71.5,0
0.975,72.5,0
0.975,73.5,0
0.975,74.5,0
0.975,75.5,0
0.975,76.5,0
0.975,77.5,0
0.975,78.5,0
0.975,79.5,0
0.975,80.5,0
0.975,81.5,0
0.975,82.5,0
0.975,83.5,0
0.975,84.5,0
0.975,85.5,0
0.975,86.5,0
0.975,87.5,0
0.975,88.5,0
0.975,89.5,0
0.975,90.5,0
0.975,91.5,0
0.975,92.5,0
0.975,93.5,0
0.975,94.5,0
0.975,95.5,0
0.975,96.5,0
0.975,97.5,0
0.975,98.5,0
0.975,99.5,0
0.975,100.5,0
0.975,101.5,0
0.975,102.5,0
0.975,103.5,0
0.975,104.5,0
0.975,105.5,0
0.975,106.5,0
0.975,107.5,0
0.975,108.5,0
0.975,109.5,0
0.975,110.5,0
0.975,111.5,0
0.975,112.5,0
0.975,113.5,0
0.975,114.5,0
0.975,115.5,0
0.975,116.5,0
0.975,117.5,0
0.975,118.5,0
0.975,119.5,0
0.975,120.5,0
0.975,121.5,0
0.975,122.5,0
0.975,123.5,0
0.975,124.5,0
0.975,125.5,0
0.975,126.5,0
0.975,127.5,0
0.975,128.5,0
0.975,129.5,0
0.975,130.5,0
0.975,131.5,0
0.975,132.5,0
0.975,133.5,0
0.975,134.5,0
0.975,135.5,0
0.975,136.5,0
0.975,137.5,0
0.975,138.5,0
0.975,139.5,0
0.975,140.5,0
0.975,141.5,0
0.975,142.5,0
0.975,143.5,0
0.975,144.5,0
0.975,145.5,0
0.975,146.5,0
0.975,147.5,0
0.975,148.5,0
0.975,149.5,0
0.975,150.5,0
0.975,151.5,0
0.975,152.5,0
0.975,153.5,0
0.975,154.5,0
0.975,155.5,0
0.975,156.5,0
0.975,157.5,0
0.975,158.5,0
0.975,159.5,0
0.975,160.5,0
0.975,161.5,0
0.975,162.5,0
0.975,163.5,0
0.975,164.5,0
0.975,165.5,0
0.975,166.5,0
0.975,167.5,0
0.975,168.5,0
0.975,169.5,0
0.975,170.5,0
0.975,171.5,0
0.975,172.5,0
0.975,173.5,0
0.975,174.5,0
0.975,175.5,0
0.975,176.5,0
0.975,177.5,0
0.975,178.5,0
0.975,179.5,0
1.025,0.5,0
1.025,1.5,0
1.025,2.5,0
1.025,3.5,0
1.025,4.5,0
1.025,5.5,0
1.025,6.5,0
1.025,7.5,0
1.025,8.5,0
1.025,9.5,0
1.025,10.5,0
1.025,11.5,0
1.025,12.5,0
1.025,13.5,0
1.025,14.5,0
1.025,15.5,0
1.025,16.5,0
1.025,17.5,0
1.025,18.5,0
1.025,19.5,0
1.025,20.5,0
1.025,21.5,0
1.025,22.5,0
1.025,23.5,0
1.025,24.5,0
1.025,25.5,0
1.025,26.5,0
1.025,27.5,0
1.025,28.5,0
1.025,29.5,0
1.025,30.5,0
1.025,31.5,0
1.025,32.5,0
1.025,33.5,0
1.025,34.5,0
1.025,35.5,0
1.025,36.5,0
1.025,37.5,0
1.025,38.5,0
1.025,39.5,0
1.025,40.5,0
1.025,41.5,0
1.025,42.5,0
1.025,43.5,0
1.025,44.5,0
1.025,45.5,0
1.025,46.5,0
1.025,47.5,0
1.025,48.5,0
1.025,49.5,0
1.025,50.5,0
1.025,51.5,0
1.025,52.5,0
1.025,53.5,0
1.025,54.5,0
1.025,55.5,0
1.025,56.5,0
1.025,57.5,0
1.025,58.5,0
1.025,59.5,0
1.025,60.5,0
1.025,61.5,0
1.025,62.5,0
1.025,63.5,0
1.025,64.5,0
1.025,65.5,0
1.025,66.5,0
1.025,67.5,0
1.025,68.5,0
1.025,69.5,0
1.025,70.5,0
1.025,71.5,0
1.025,72.5,0
1.025,73.5,0
1.025,74.5,0
1.025,75.5,0
1.025,76.5,0
1.025,77.5,0
1.025,78.5,0
1.025,79.5,0
1.025,80.5,0
1.025,81.5,0
1.025,82.5,0
1.025,83.5,0
1.025,84.5,0
1.025,85.5,0
1.025,86.5,0
1.025,87.5,0
1.025,88.5,0
1.025,89.5,0
1.025,90.5,0
1.025,91.5,0
1.025,92.5,0
1.025,93.5,0
1.025,94.5,0
1.025,95.5,0
1.025,96.5,0
1.025,97.5,0
1.025,98.5,0
1.025,99.5,0
1.025,100.5,0
1.025,101.5,0
1.025,102.5,0
1.025,103.5,0
1.025,104.5,0
1.025,105.5,0
1.025,106.5,0
1.025,107.5,0
1.025,108.5,0
1.025,109.5,0
1.025,110.5,0
1.025,111.5,0
1.025,112.5,0
1.025,113.5,0
1.025,114.5,0
1.025,115.5,0
1.025,116.5,0
1.025,117.5,0
1.025,118.5,0
1.025,119.5,0
1.025,120.5,0
1.025,121.5,0
1.025,122.5,0
1.025,123.5,0
1.025,124.5,0
1.025,125.5,0
1.025,126.5,0
1.025,127.5,0
1.025,128.5,0
1.025,129.5,0
1.025,130.5,0
1.025,131.5,0
1.025,132.5,0
1.025,133.5,0
1.025,134.5,0
1.025,135.5,0
1.025,136.5,0
1.025,137.5,0
1.025,138.5,0
1.025,139.5,0
1.025,140.5,0
1.025,141.5,0
1.025,142.5,0
1.025,143.5,0
1.025,144.5,0
1.025,145.5,0
1.025,146.5,0
1.025,147.5,0
1.025,148.5,0
1.025,149.5,0
1.025,150.5,0
1.025,151.5,0
1.025,152.5,0
1.025,153.5,0
1.025,154.5,0
1.025,155.5,0
1.025,156.5,0
1.025,157.5,0
1.025,158.5,0
1.025,159.5,0
1.025,160.5,0
1.025,161.5,0
1.025,162.5,0
1.025,163.5,0
1.025,164.5,0
1.025,165.5,0
1.025,166.5,0
1.025,167.5,0
1.025,168.5,0
1.025,169.5,0
1.025,170.5,0
1.025,171.5,0
1.025,172.5,0
1.025,173.5,0
1.025,174.5,0
1.025,175.5,0
1.025,176.5,0
1.025,177.5,0
1.025,178.5,0
1.025,179.5,0
1.075,0.5,0
1.075,1.5,0
1.075,2.5,0
1.075,3.5,0
1.075,4.5,0
1.075,5.5,0
1.075,6.5,0
1.075,7.5,0
1.075,8.5,0
1.075,9.5,0
1.075,10.5,0
1.075,11.5,0
1.075,12.5,0
1.075,13.5,0
1.075,14.5,0
1.075,15.5,0
1.075,16.5,0
1.075,17.5,0
1.075,18.5,0
1.075,19.5,0
1.075,20.5,0
1.075,21.5,0
1.075,22.5,0
1.075,23.5,0
1.075,24.5,0
1.075,25.5,0
1.075,26.5,0
1.075,27.5,0
1.075,28.5,0
1.075,29.5,0
1.075,30.5,0
1.075,31.5,0
1.075,32.5,0
1.075,33.5,0
1.075,34.5,0
1.075,35.5,0
1.075,36.5,0
1.075,37.5,0
1.075,38.5,0
1.075,39.5,0
1.075,40.5,0
1.075,41.5,0
1.075,42.5,0
1.075,43.5,0
1.075,44.5,0
1.075,45.5,0
1.075,46.5,0
1.075,47.5,0
1.075,48.5,0
1.075,49.5,0
1.075,50.5,0
1.075,51.5,0
1.075,52.5,0
1.075,53.5,0
1.075,54.5,0
1.075,55.5,0
1.075,56.5,0
1.075,57.5,0
1.075,58.5,0
1.075,59.5,0
1.075,60.5,0
1.075,61.5,0
1.075,62.5,0
1.075,63.5,0
1.075,64.5,0
1.075,65.5,0
1.075,66.5,0
1.075,67.5,0
1.075,68.5,0
1.075,69.5,0
1.075,70.5,0
1.075,71.5,0
1.075,72.5,0
1.075,73.5,0
1.075,74.5,0
1.075,75.5,0
1.075,76.5,0
1.075,77.5,0
1.075,78.5,0
1.075,79.5,0
1.075,80.5,0
1.075,81.5,0
1.075,82.5,0
1.075,83.5,0
1.075,84.5,0
1.075,85.5,0
1.075,86.5,0
1.075,87.5,0
1.075,88.5,0
1.075,89.5,0
1.075,90.5,0
1.075,91.5,0
1.075,92.5,0
1.075,93.5,0
1.075,94.5,0
1.075,95.5,0
1.075,96.5,0
1.075,97.5,0
1.075,98.5,0
1.075,99.5,0
1.075,100.5,0
1.075,101.5,0
1.075,102.5,0
1.075,103.5,0
1.075,104.5,0
1.075,105.5,0
1.075,106.5,0
1.075,107.5,0
1.075,108.5,0
1.075,109.5,0
1.075,110.5,0
1.075,111.5,0
1.075,112.5,0
1.075,113.5,0
1.075,114.5,0
1.075,115.5,0
1.075,116.5,0
1.075,117.5,0
1.075,118.5,0
1.075,119.5,0
1.075,120.5,0
1.075,121.5,0
1.075,122.5,0
1.075,123.5,0
1.075,124.5,0
1.075,125.5,0
1.075,126.5,0
1.075,127.5,0
1.075,128.5,0
1.075,129.5,0
1.075,130.5,0
1.075,131.5,0
1.075,132.5,0
1.075,133.5,0
1.075,134.5,0
1.075,135.5,0
1.075,136.5,0
1.075,137.5,0
1.075,138.5,0
1.075,139.5,0
1.075,140.5,0
1.075,141.5,0
1.075,142.5,0
1.075,143.5,0
1.075,144.5,0
1.075,145.5,0
1.075,146.5,0
1.075,147.5,0
1.075,148.5,0
1.075,149.5,0
1.075,150.5,0
1.075,151.5,0
1.075,152.5,0
1.075,153.5,0
1.075,154.5,0
1.075,155.5,0
1.075,156.5,0
1.075,157.5,0
1.075,158.5,0
1.075,159.5,0
1.075,160.5,0
1.075,161.5,0
1.075,162.5,0
1.075,163.5,0
1.075,164.5,0
1.075,165.5,0
1.075,166.5,0
1.075,167.5,0
1.075,168.5,0
1.075,169.5,0
1.075,170.5,0
1.075,171.5,0
1.075,172.5,0
1.075,173.5,0
1.075,174.5,0
1.075,175.5,0
1.075,176.5,0
1.075,177.5,0
1.075,178.5,0
1.075,179.5,0
1.125,0.5,0
1.125,1.5,0
1.125,2.5,0
1.125,3.5,0
1.125,4.5,0
1.125,5.5,0
1.125,6.5,0
1.125,7.5,0
1.125,8.5,0
1.125,9.5,0
1.125,10.5,0
1.125,11.5,0
1.125,12.5,0
1.125,13.5,0
1.125,14.5,0
1.125,15.5,0
1.125,16.5,0
1.125,17.5,0
1.125,18.5,0
1.125,19.5,0
1.125,20.5,0
1.125,21.5,0
1.125,22.5,0
1.125,23.5,0
1.125,24.5,0
1.125,25.5,0
1.125,26.5,0
1.125,27.5,0
1.125,28.5,0
1.125,29.5,0
1.125,30.5,0
1.125,31.5,0
1.125,32.5,0
1.125,33.5,0
1.125,34.5,0
1.125,35.5,0
1.125,36.5,0
1.125,37.5,0
1.125,38.5,0
1.125,39.5,0
1.125,40.5,0
1.125,41.5,0
1.125,42.5,0
1.125,43.5,0
1.125,44.5,0
1.125,45.5,0
1.125,46.5,0
1.125,47.5,0
1.125,48.5,0
1.125,49.5,0
1.125,50.5,0
1.125,51.5,0
1.125,52.5,0
1.125,53.5,0
1.125,54.5,0
1.125,55.5,0
1.125,56.5,0
1.125,57.5,0
1.125,58.5,0
1.125,59.5,0
1.125,60.5,0
1.125,61.5,0
1.125,62.5,0
1.125,63.5,0
1.125,64.5,0
1.125,65.5,0
1.125,66.5,0
1.125,67.5,0
1.125,68.5,0
1.125,69.5,0
1.125,70.5,0
1.125,71.5,0
1.125,72.5,0
1.125,73.5,0
1.125,74.5,0
1.125,75.5,0
1.125,76.5,0
1.125,77.5,0
1.125,78.5,0
1.125,79.5,0
1.125,80.5,0
1.125,81.5,0
1.125,82.5,0
1.125,83.5,0
1.125,84.5,0
1.125,85.5,0
1.125,86.5,0
1.125,87.5,0
1.125,88.5,0
1.125,89.5,0
1.125,90.5,0
1.125,91.5,0
1.125,92.5,0
1.125,93.5,0
1.125,94.5,0
1.125,95.5,0
1.125,96.5,0
1.125,97.5,0
1.125,98.5,0
1.125,99.5,0
1.125,100.5,0
1.125,101.5,0
1.125,102.5,0
1.125,103.5,0
1.125,104.5,0
1.125,105.5,0
1.125,106.5,0
1.125,107.5,0
1.125,108.5,0
1.125,109.5,0
1.125,110.5,0
1.125,111.5,0
1.125,112.5,0
1.125,113.5,0
1.125,114.5,0
1.125,115.5,0
1.125,116.5,0
1.125,117.5,0
1.125,118.5,0
1.125,119.5,0
1.125,120.5,0
1.125,121.5,0
1.125,122.5,0
1.125,123.5,0
1.125,124.5,0
1.125,125.5,0
1.125,126.5,0
1.125,127.5,0
1.125,128.5,0
1.125,129.5,0
1.125,130.5,0
1.125,131.5,0
1.125,132.5,0
1.125,133.5,0
1.125,134.5,0
1.125,135.5,0
1.125,136.5,0
1.125,137.5,0
1.125,138.5,0
1.125,139.5,0
1.125,140.5,0
1.125,141.5,0
1.125,142.5,0
1.125,143.5,0
1.125,144.5,0
1.125,145.5,0
1.125,146.5,0
1.125,147.5,0
1.125,148.5,0
1.125,149.5,0
1.125,150.5,0
1.125,151.5,0
1.125,152.5,0
1.125,153.5,0
1.125,154.5,0
1.125,155.5,0
1.125,156.5,0
1.125,157.5,0
1.125,158.5,0
1.125,159.5,0
1.125,160.5,0
1.125,161.5,0
1.125,162.5,0
1.125,163.5,0
1.125,164.5,0
1.125,165.5,0
1.125,166.5,0
1.125,167.5,0
1.125,168.5,0
1.125,169.5,0
1.125,170.5,0
1.125,171.5,0
1.125,172.5,0
1.125,173.5,0
1.125,174.5,0
1.125,175.5,0
1.125,176.5,0
1.125,177.5,0
1.125,178.5,0
1.125,179.5,0
1.175,0.5,0
1.175,1.5,0
1.175,2.5,0
1.175,3.5,0
1.175,4.5,0
1.175,5.5,0
1.175,6.5,0
1.175,7.5,0
1.175,8.5,0
1.175,9.5,0
1.175,10.5,0
1.175,11.5,0
1.175,12.5,0
1.175,13.5,0
1.175,14.5,0
1.175,15.5,0
1.175,16.5,0
1.175,17.5,0
1.175,18.5,0
1.175,19.5,0
1.175,20.5,0
1.175,21.5,0
1.175,22.5,0
1.175,23.5,0
1.175,24.5,0
1.175,25.5,0
1.175,26.5,0
1.175,27.5,0
1.175,28.5,0
1.175,29.5,0
1.175,30.5,0
1.175,31.5,0
1.175,32.5,0
1.175,33.5,0
1.175,34.5,0
1.175,35.5,0
1.175,36.5,0
1.175,37.5,0
1.175,38.5,0
1.175,39.5,0
1.175,40.5,0
1.175,41.5,0
1.175,42.5,0
1.175,43.5,0
1.175,44.5,0
1.175,45.5,0
1.175,46.5,0
1.175,47.5,0
1.175,48.5,0
1.175,49.5,0
1.175,50.5,0
1.175,51.5,0
1.175,52.5,0
1.175,53.5,0
1.175,54.5,0
1.175,55.5,0
1.175,56.5,0
1.175,57.5,0
1.175,58.5,0
1.175,59.5,0
1.175,60.5,4.999750012e-05
1.175,61.5,0
1.175,62.5,0
1.175,63.5,0
1.175,64.5,4.999750012e-05
1.175,65.5,0
1.175,66.5,0
1.175,67.5,0
1.175,68.5,0
1.175,69.5,0
1.175,70.5,0
1.175,71.5,0
1.175,72.5,0
1.175,73.5,4.999750012e-05
1.175,74.5,0
1.175,75.5,0
1.175,76.5,4.999750012e-05
1.175,77.5,0
1.175,78.5,0
1.175,79.5,0
1.175,80.5,0
1.175,81.5,0
1.175,82.5,0
1.175,83.5,0
1.175,84.5,0
1.175,85.5,0
1.175,86.5,0
1.175,87.5,0
1.175,88.5,0
1.175,89.5,0
1.175,90.5,0
1.175,91.5,0
1.175,92.5,0
1.175,93.5,0
1.175,94.5,0
1.175,95.5,0
1.175,96.5,0
1.175,97.5,0
1.175,98.5,0
1.175,99.5,0
1.175,100.5,0
1.175,101.5,0
1.175,102.5,0
1.175,103.5,0
1.175,104.5,0
1.175,105.5,0
1.175,106.5,0
1.175,107.5,0
1.175,108.5,0
1.175,109.5,0
1.175,110.5,0
1.175,111.5,0
1.175,112.5,0
1.175,113.5,0
1.175,114.5,0
1.175,115.5,0
1.175,116.5,0
1.175,117.5,0
1.175,118.5,0
1.175,119.5,0
1.175,120.5,0
1.175,121.5,0
1.175,122.5,0
1.175,123.5,0
1.175,124.5,0
1.175,125.5,0
1.175,126.5,0
1.175,127.5,0
1.175,128.5,0
1.175,129.5,0
1.175,130.5,0
1.175,131.5,0
1.175,132.5,0
1.175,133.5,0
1.175,134.5,0
1.175,135.5,0
1.175,136.5,0
1.175,137.5,0
1.175,138.5,0
1.175,139.5,0
1.175,140.5,0
1.175,141.5,0
1.175,142.5,0
1.175,143.5,0
1.175,144.5,0
1.175,145.5,0
1.175,146.5,0
1.175,147.5,0
1.175,148.5,0
1.175,149.5,0
1.175,150.5,0
1.175,151.5,0
1.175,152.5,0
1.175,153.5,0
1.175,154.5,0
1.175,155.5,0
1.175,156.5,0
1.175,157.5,0
1.175,158.5,0
1.175,159.5,0
1.175,160.5,0
1.175,161.5,0
1.175,162.5,0
1.175,163.5,0
1.175,164.5,0
1.175,165.5,0
1.175,166.5,0
1.175,167.5,0
1.175,168.5,0
1.175,169.5,0
1.175,170.5,0
1.175,171.5,0
1.175,172.5,0
1.175,173.5,0
1.175,174.5,0
1.175,175.5,0
1.175,176.5,0
1.175,177.5,0
1.175,178.5,0
1.175,179.5,0
1.225,0.5,0
1.225,1.5,0
1.225,2.5,0
1.225,3.5,0
1.225,4.5,0
1.225,5.5,0
1.225,6.5,0
1.225,7.5,0
1.225,8.5,0
1.225,9.5,0
1.225,10.5,0
1.225,11.5,0
1.225,12.5,0
1.225,13.5,0
1.225,14.5,0
1.225,15.5,0
1.225,16.5,0
1.225,17.5,0
1.225,18.5,0
1.225,19.5,0
1.225,20.5,0
1.225,21.5,0
1.225,22.5,0
1.225,23.5,0
1.225,24.5,0
1.225,25.5,0
1.225,26.5,0
1.225,27.5,0
1.225,28.5,0
1.225,29.5,0
1.225,30.5,0
1.225,31.5,0
1.225,32.5,0
1.225,33.5,0
1.225,34.5,0
1.225,35.5,0
1.225,36.5,0
1.225,37.5,0
1.225,38.5,0
1.225,39.5,0
1.225,40.5,0
1.225,41.5,0
1.225,42.5,0
1.225,43.5,0
1.225,44.5,0
1.225,45.5,0
1.225,46.5,0
1.225,47.5,0
1.225,48.5,0
1.225,49.5,0
1.225,50.5,0
1.225,51.5,0
1.225,52.5,0
1.225,53.5,0
1.225,54.5,0
1.225,55.5,0
1.225,56.5,0
1.225,57.5,0
1.225,58.5,0
1.225,59.5,0
1.225,60.5,0
1.225,61.5,0
1.225,62.5,4.999750012e-05
1.225,63.5,4.999750012e-05
1.225,64.5,0
1.225,65.5,0
1.225,66.5,4.999750012e-05
1.225,67.5,0
1.225,68.5,0
1.225,69.5,0
1.225,70.5,9.999500025e-05
1.225,71.5,0
1.225,72.5,4.999750012e-05
1.225,73.5,0
1.225,74.5,0
1.225,75.5,0
1.225,76.5,0
1.225,77.5,0
1.225,78.5,0
1.225,79.5,0
1.225,80.5,0
1.225,81.5,0
1.225,82.5,0
1.225,83.5,0
1.225,84.5,0
1.225,85.5,0
1.225,86.5,0
1.225,87.5,0
1.225,88.5,0
1.225,89.5,0
1.225,90.5,0
1.225,91.5,0
1.225,92.5,0
1.225,93.5,0
1.225,94.5,0
1.225,95.5,0
1.225,96.5,0
1.225,97.5,0
1.225,98.5,0
1.225,99.5,0
1.225,100.5,0
1.225,101.5,0
1.225,102.5,0
1.225,103.5,0
1.225,104.5,0
1.225,105.5,0
1.225,106.5,0
1.225,107.5,0
1.225,108.5,0
1.225,109.5,0
1.225,110.5,0
1.225,111.5,0
1.225,112.5,0
1.225,113.5,0
1.225,114.5,0
1.225,115.5,0
1.225,116.5,0
1.225,117.5,0
1.225,118.5,0
1.225,119.5,0
1.225,120.5,0
1.225,121.5,0
1.225,122.5,0
1.225,123.5,0
1.225,124.5,0
1.225,125.5,0
1.225,126.5,0
1.225,127.5,0
1.225,128.5,0
1.225,129.5,0
1.225,130.5,0
1.225,131.5,0
1.225,132.5,0
1.225,133.5,0
1.225,134.5,0
1.225,135.5,0
1.225,136.5,0
1.225,137.5,0
1.225,138.5,0
1.225,139.5,0
1.225,140.5,0
1.225,141.5,0
1.225,142.5,0
1.225,143.5,0
1.225,144.5,0
1.225,145.5,0
1.225,146.5,0
1.225,147.5,0
1.225,148.5,0
1.225,149.5,0
1.225,150.5,0
1.225,151.5,0
1.225,152.5,0
1.225,153.5,0
1.225,154.5,0
1.225,155.5,0
1.225,156.5,0
1.225,157.5,0
1.225,158.5,0
1.225,159.5,0
1.225,160.5,0
1.225,161.5,0
1.225,162.5,0
1.225,163.5,0
1.225,164.5,0
1.225,165.5,0
1.225,166.5,0
1.225,167.5,0
1.225,168.5,0
1.225,169.5,0
1.225,170.5,0
1.225,171.5,0
1.225,172.5,0
1.225,173.5,0
1.225,174.5,0
1.225,175.5,0
1.225,176.5,0
1.225,177.5,0
1.225,178.5,0
1.225,179.5,0
1.275,0.5,0
1.275,1.5,0
1.275,2.5,0
1.275,3.5,0
1.275,4.5,0
1.275,5.5,0
1.275,6.5,0
1.275,7.5,0
1.275,8.5,0
1.275,9.5,0
1.275,10.5,0
1.275,11.5,0
1.275,12.5,0
1.275,13.5,0
1.275,14.5,0
1.275,15.5,0
1.275,16.5,0
1.275,17.5,0
1.275,18.5,0
1.275,19.5,0
1.275,20.5,0
1.275,21.5,0
1.275,22.5,0
1.275,23.5,0
1.275,24.5,0
1.275,25.5,0
1.275,26.5,0
1.275,27.5,0
1.275,28.5,0
1.275,29.5,0
1.275,30.5,0
1.275,31.5,0
1.275,32.5,0
1.275,33.5,0
1.275,34.5,0
1.275,35.5,0
1.275,36.5,0
1.275,37.5,0
1.275,38.5,0
1.275,39.5,0
1.275,40.5,0
1.275,41.5,0
1.275,42.5,0
1.275,43.5,0
1.275,44.5,0
1.275,45.5,0
1.275,46.5,0
1.275,47.5,0
1.275,48.5,0
1.275,49.5,0
1.275,50.5,0
1.275,51.5,0
1.275,52.5,0
1.275,53.5,0
1.275,54.5,0
1.275,55.5,0
1.275,56.5,4.999750012e-05
1.275,57.5,0
1.275,58.5,0
1.275,59.5,0
1.275,60.5,4.999750012e-05
1.275,61.5,0
1.275,62.5,0
1.275,63.5,0
1.275,64.5,0
1.275,65.5,4.999750012e-05
1.275,66.5,0
1.275,67.5,0
1.275,68.5,0
1.275,69.5,0
1.275,70.5,0
1.275,71.5,9.999500025e-05
1.275,72.5,9.999500025e-05
1.275,73.5,4.999750012e-05
1.275,74.5,0
1.275,75.5,0
1.275,76.5,0
1.275,77.5,0
1.275,78.5,4.999750012e-05
1.275,79.5,0
1.275,80.5,4.999750012e-05
1.275,81.5,0
1.275,82.5,0
1.275,83.5,0
1.275,84.5,0
1.275,85.5,0
1.275,86.5,0
1.275,87.5,0
1.275,88.5,0
1.275,89.5,0
1.275,90.5,0
1.275,91.5,0
1.275,92.5,0
1.275,93.5,0
1.275,94.5,0
1.275,95.5,0
1.275,96.5,0
1.275,97.5,0
1.275,98.5,0
1.275,99.5,0
1.275,100.5,0
1.275,101.5,0
1.275,102.5,0
1.275,103.5,0
1.275,104.5,0
1.275,105.5,0
1.275,106.5,0
1.275,107.5,0
1.275,108.5,0
1.275,109.5,0
1.275,110.5,0
1.275,111.5,0
1.275,112.5,0
1.275,113.5,0
1.275,114.5,0
1.275,115.5,0
1.275,116.5,0
1.275,117.5,0
1.275,118.5,0
1.275,119.5,0
1.275,120.5,0
1.275,121.5,0
1.275,122.5,0
1.275,123.5,0
1.275,124.5,0
1.275,125.5,0
1.275,126.5,0
1.275,127.5,0
1.275,128.5,0
1.275,129.5,0
1.275,130.5,0
1.275,131.5,0
1.275,132.5,0
1.275,133.5,0
1.275,134.5,0
1.275,135.5,0
1.275,136.5,0
1.275,137.5,0
1.275,138.5,0
1.275,139.5,0
1.275,140.5,0
1.275,141.5,0
1.275,142.5,0
1.275,143.5,0
1.275,144.5,0
1.275,145.5,0
1.275,146.5,0
1.275,147.5,0
1.275,148.5,0
1.275,149.5,0
1.275,150.5,0
1.275,151.5,0
1.275,152.5,0
1.275,153.5,0
1.275,154.5,0
1.275,155.5,0
1.275,156.5,0
1.275,157.5,0
1.275,158.5,0
1.275,159.5,0
1.275,160.5,0
1.275,161.5,0
1.275,162.5,0
1.275,163.5,0
1.275,164.5,0
1.275,165.5,0
1.275,166.5,0
1.275,167.5,0
1.275,168.5,0
1.275,169.5,0
1.275,170.5,0
1.275,171.5,0
1.275,172.5,0
1.275,173.5,0
1.275,174.5,0
1.275,175.5,0
1.275,176.5,0
1.275,177.5,0
1.275,178.5,0
1.275,179.5,0
1.325,0.5,0
1.325,1.5,0
1.325,2.5,0
1.325,3.5,0
1.325,4.5,0
1.325,5.5,0
1.325,6.5,0
1.325,7.5,0
1.325,8.5,0
1.325,9.5,0
1.325,10.5,0
1.325,11.5,0
1.325,12.5,0
1.325,13.5,0
1.325,14.5,0
1.325,15.5,0
1.325,16.5,0
1.325,17.5,0
1.325,18.5,0
1.325,19.5,0
1.325,20.5,0
1.325,21.5,0
1.325,22.5,0
1.325,23.5,0
1.325,24.5,0
1.325,25.5,0
1.325,26.5,0
1.325,27.5,0
1.325,28.5,4.999750012e-05
1.325,29.5,0
1.325,30.5,0
1.325,31.5,4.999750012e-05
1.325,32.5,0
1.325,33.5,0
1.325,34.5,0
1.325,35.5,0
1.325,36.5,0
1.325,37.5,0
1.325,38.5,0
1.325,39.5,0
1.325,40.5,0
1.325,41.5,0
1.325,42.5,0
1.325,43.5,0
1.325,44.5,0
1.325,45.5,0
1.325,46.5,0
1.325,47.5,0
1.325,48.5,0
1.325,49.5,0
1.325,50.5,0
1.325,51.5,4.999750012e-05
1.325,52.5,0
1.325,53.5,0
1.325,54.5,0
1.325,55.5,4.999750012e-05
1.325,56.5,0
1.325,57.5,0
1.325,58.5,0
1.325,59.5,0
1.325,60.5,4.999750012e-05
1.325,61.5,0
1.325,62.5,0
1.325,63.5,0
1.325,64.5,4.999750012e-05
1.325,65.5,4.999750012e-05
1.325,66.5,4.999750012e-05
1.325,67.5,4.999750012e-05
1.325,68.5,4.999750012e-05
1.325,69.5,4.999750012e-05
1.325,70.5,0
1.325,71.5,4.999750012e-05
1.325,72.5,4.999750012e-05
1.325,73.5,4.999750012e-05
1.325,74.5,0
1.325,75.5,4.999750012e-05
1.325,76.5,4.999750012e-05
1.325,77.5,0
1.325,78.5,9.999500025e-05
1.325,79.5,4.999750012e-05
1.325,80.5,4.999750012e-05
1.325,81.5,0
1.325,82.5,4.999750012e-05
1.325,83.5,0
1.325,84.5,0
1.325,85.5,0
1.325,86.5,0
1.325,87.5,0
1.325,88.5,0
1.325,89.5,0
1.325,90.5,0
1.325,91.5,0
1.325,92.5,0
1.325,93.5,4.999750012e-05
1.325,94.5,0
1.325,95.5,0
1.325,96.5,0
1.325,97.5,0
1.325,98.5,0
1.325,99.5,0
1.325,100.5,0
1.325,101.5,0
1.325,102.5,0
1.325,103.5,0
1.325,104.5,0
1.325,105.5,0
1.325,106.5,0
1.325,107.5,0
1.325,108.5,0
1.325,109.5,0
1.325,110.5,0
1.325,111.5,0
1.325,112.5,0
1.325,113.5,0
1.325,114.5,0
1.325,115.5,0
1.325,116.5,0
1.325,117.5,0
1.325,118.5,0
1.325,119.5,0
1.325,120.5,0
1.325,121.5,0
1.325,122.5,0
1.325,123.5,0
1.325,124.5,0
1.325,125.5,0
1.325,126.5,0
1.325,127.5,0
1.325,128.5,0
1.325,129.5,0
1.325,130.5,0
1.325,131.5,0
1.325,132.5,0
1.325,133.5,0
1.325,134.5,0
1.325,135.5,0
1.325,136.5,0
1.325,137.5,0
1.325,138.5,0
1.325,139.5,0
1.325,140.5,0
1.325,141.5,0
1.325,142.5,0
1.325,143.5,0
1.325,144.5,0
1.325,145.5,0
1.325,146.5,0
1.325,147.5,0
1.325,148.5,0
1.325,149.5,0
1.325,150.5,0
1.325,151.5,0
1.325,152.5,0
1.325,153.5,0
1.325,154.5,0
1.325,155.5,0
1.325,156.5,0
1.325,157.5,0
1.325,158.5,0
1.325,159.5,0
1.325,160.5,0
1.325,161.5,0
1.325,162.5,0
1.325,163.5,0
1.325,164.5,0
1.325,165.5,0
1.325,166.5,0
1.325,167.5,0
1.325,168.5,0
1.325,169.5,0
1.325,170.5,0
1.325,171.5,0
1.325,172.5,0
1.325,173.5,0
1.325,174.5,0
1.325,175.5,0
1.325,176.5,0
1.325,177.5,0
1.325,178.5,0
1.325,179.5,0
1.375,0.5,0
1.375,1.5,0
1.375,2.5,0
1.375,3.5,0
1.375,4.5,0
1.375,5.5,0
1.375,6.5,0
1.375,7.5,0
1.375,8.5,0
1.375,9.5,0
1.375,10.5,0
1.375,11.5,0
1.375,12.5,0
1.375,13.5,0
1.375,14.5,0
1.375,15.5,0
1.375,16.5,0
1.375,17.5,0
1.375,18.5,0
1.375,19.5,0
1.375,20.5,0
1.375,21.5,0
1.375,22.5,0
1.375,23.5,0
1.375,24.5,0
1.375,25.5,0
1.375,26.5,0
1.375,27.5,0
1.375,28.5,0
1.375,29.5,0
1.375,30.5,0
1.375,31.5,0
1.375,32.5,0
1.375,33.5,9.999500025e-05
1.375,34.5,0
1.375,35.5,0
1.375,36.5,0
1.375,37.5,0
1.375,38.5,0
1.375,39.5,4.999750012e-05
1.375,40.5,0
1.375,41.5,0
1.375,42.5,4.999750012e-05
1.375,43.5,4.999750012e-05
1.375,44.5,0
1.375,45.5,4.999750012e-05
1.375,46.5,0.0001999900005
1.375,47.5,0
1.375,48.5,4.999750012e-05
1.375,49.5,0
1.375,50.5,0
1.375,51.5,9.999500025e-05
1.375,52.5,0
1.375,53.5,0.0001499925004
1.375,54.5,4.999750012e-05
1.375,55.5,0
1.375,56.5,9.999500025e-05
1.375,57.5,0
1.375,58.5,9.999500025e-05
1.375,59.5,0
1.375,60.5,4.999750012e-05
1.375,61.5,4.999750012e-05
1.375,62.5,4.999750012e-05
1.375,63.5,0.0001499925004
1.375,64.5,4.999750012e-05
1.375,65.5,4.999750012e-05
1.375,66.5,0
1.375,67.5,0
1.375,68.5,4.999750012e-05
1.375,69.5,0.0001499925004
1.375,70.5,9.999500025e-05
1.375,71.5,9.999500025e-05
1.375,72.5,0
1.375,73.5,9.999500025e-05
1.375,74.5,0.0001499925004
1.375,75.5,4.999750012e-05
1.375,76.5,0.0001499925004
1.375,77.5,0.0001499925004
1.375,78.5,9.999500025e-05
1.375,79.5,9.999500025e-05
1.375,80.5,9.999500025e-05
1.375,81.5,4.999750012e-05
1.375,82.5,9.999500025e-05
1.375,83.5,0.0001499925004
1.375,84.5,4.999750012e-05
1.375,85.5,0.0001499925004
1.375,86.5,0
1.375,87.5,4.999750012e-05
1.375,88.5,4.999750012e-05
1.375,89.5,0
1.375,90.5,0
1.375,91.5,4.999750012e-05
1.375,92.5,0
1.375,93.5,0
1.375,94.5,0
1.375,95.5,0
1.375,96.5,0
1.375,97.5,0
1.375,98.5,0
1.375,99.5,0
1.375,100.5,0
1.375,101.5,0
1.375,102.5,0
1.375,103.5,0
1.375,104.5,0
1.375,105.5,0
1.375,106.5,0
1.375,107.5,0
1.375,108.5,0
1.375,109.5,0
1.375,110.5,0
1.375,111.5,0
1.375,112.5,0
1.375,113.5,0
1.375,114.5,0
1.375,115.5,0
1.375,116.5,0
1.375,117.5,0
1.375,118.5,0
1.375,119.5,0
1.375,120.5,0
1.375,121.5,0
1.375,122.5,0
1.375,123.5,0
1.375,124.5,0
1.375,125.5,0
1.375,126.5,0
1.375,127.5,0
1.375,128.5,0
1.375,129.5,0
1.375,130.5,0
1.375,131.5,0
1.375,132.5,0
1.375,133.5,0
1.375,134.5,0
1.375,135.5,0
1.375,136.5,0
1.375,137.5,0
1.375,138.5,0
1.375,139.5,0
1.375,140.5,0
1.375,141.5,0
1.375,142.5,0
1.375,143.5,0
1.375,144.5,0
1.375,145.5,0
1.375,146.5,0
1.375,147.5,0
1.375,148.5,0
1.375,149.5,0
1.375,150.5,0
1.375,151.5,0
1.375,152.5,0
1.375,153.5,0
1.375,154.5,0
1.375,155.5,0
1.375,156.5,0
1.375,157.5,0
1.375,158.5,0
1.375,159.5,0
1.375,160.5,0
1.375,161.5,0
1.375,162.5,0
1.375,163.5,0
1.375,164.5,0
1.375,165.5,0
1.375,166.5,0
1.375,167.5,0
1.375,168.5,0
1.375,169.5,0
1.375,170.5,0
1.375,171.5,0
1.375,172.5,0
1.375,173.5,0
1.375,174.5,0
1.375,175.5,0
1.375,176.5,0
1.375,177.5,0
1.375,178.5,0
1.375,179.5,0
1.425,0.5,0
1.425,1.5,0
1.425,2.5,0
1.425,3.5,0
1.425,4.5,0
1.425,5.5,0
1.425,6.5,0
1.425,7.5,0
1.425,8.5,0
1.425,9.5,0
1.425,10.5,0
1.425,11.5,0
1.425,12.5,0
1.425,13.5,0
1.425,14.5,0
1.425,15.5,0
1.425,16.5,0
1.425,17.5,0
1.425,18.5,0
1.425,19.5,0
1.425,20.5,0
1.425,21.5,0
1.425,22.5,0
1.425,23.5,0
1.425,24.5,0
1.425,25.5,0
1.425,26.5,0
1.425,27.5,4.999750012e-05
1.425,28.5,0
1.425,29.5,0
1.425,30.5,0
1.425,31.5,9.999500025e-05
1.425,32.5,4.999750012e-05
1.425,33.5,9.999500025e-05
1.425,34.5,0.0002499875006
1.425,35.5,9.999500025e-05
1.425,36.5,4.999750012e-05
1.425,37.5,9.999500025e-05
1.425,38.5,0.0001499925004
1.425,39.5,0
1.425,40.5,9.999500025e-05
1.425,41.5,0
1.425,42.5,0.0001499925004
1.425,43.5,0.0001999900005
1.425,44.5,9.999500025e-05
1.425,45.5,0.0003499825009
1.425,46.5,0.0003499825009
1.425,47.5,0.000399980001
1.425,48.5,0.0001499925004
1.425,49.5,0.0001499925004
1.425,50.5,9.999500025e-05
1.425,51.5,0.0002999850007
1.425,52.5,0.0001999900005
1.425,53.5,0.0001999900005
1.425,54.5,0.0002499875006
1.425,55.5,0.0002499875006
1.425,56.5,0.0002499875006
1.425,57.5,0.0002999850007
1.425,58.5,0.0001499925004
1.425,59.5,9.999500025e-05
1.425,60.5,0.0003499825009
1.425,61.5,0.0003499825009
1.425,62.5,9.999500025e-05
1.425,63.5,0.0001499925004
1.425,64.5,0.0001499925004
1.425,65.5,0.0001999900005
1.425,66.5,0.0001999900005
1.425,67.5,0.0003499825009
1.425,68.5,0.0001499925004
1.425,69.5,0.0001999900005
1.425,70.5,0.0001999900005
1.425,71.5,0.0003499825009
1.425,72.5,0.0004999750012
1.425,73.5,0.0003499825009
1.425,74.5,0.0006999650017
1.425,75.5,0.000399980001
1.425,76.5,0.0004499775011
1.425,77.5,0.0008499575021
1.425,78.5,0.0005499725014
1.425,79.5,0.0007499625019
1.425,80.5,0.0005999700015
1.425,81.5,0.0004499775011
1.425,82.5,0.000399980001
1.425,83.5,0.0001999900005
1.425,84.5,0.0004499775011
1.425,85.5,0.0002999850007
1.425,86.5,9.999500025e-05
1.425,87.5,0.0001999900005
1.425,88.5,9.999500025e-05
1.425,89.5,0
1.425,90.5,9.999500025e-05
1.425,91.5,4.999750012e-05
1.425,92.5,0
1.425,93.5,4.999750012e-05
1.425,94.5,0
1.425,95.5,0
1.425,96.5,0
1.425,97.5,0
1.425,98.5,0
1.425,99.5,0
1.425,100.5,0
1.425,101.5,0
1.425,102.5,0
1.425,103.5,0
1.425,104.5,0
1.425,105.5,0
1.425,106.5,0
1.425,107.5,0
1.425,108.5,0
1.425,109.5,0
1.425,110.5,0
1.425,111.5,0
1.425,112.5,0
1.425,113.5,0
1.425,114.5,0
1.425,115.5,0
1.425,116.5,0
1.425,117.5,0
1.425,118.5,0
1.425,119.5,0
1.425,120.5,0
1.425,121.5,0
1.425,122.5,0
1.425,123.5,0
1.425,124.5,0
1.425,125.5,0
1.425,126.5,0
1.425,127.5,0
1.425,128.5,0
1.425,129.5,0
1.425,130.5,0
1.425,131.5,0
1.425,132.5,0
1.425,133.5,0
1.425,134.5,0
1.425,135.5,0
1.425,136.5,0
1.425,137.5,0
1.425,138.5,0
1.425,139.5,0
1.425,140.5,0
1.425,141.5,0
1.425,142.5,0
1.425,143.5,0
1.425,144.5,0
1.425,145.5,0
1.425,146.5,0
1.425,147.5,0
1.425,148.5,0
1.425,149.5,0
1.425,150.5,0
1.425,151.5,0
1.425,152.5,0
1.425,153.5,0
1.425,154.5,0
1.425,155.5,0
1.425,156.5,0
1.425,157.5,0
1.425,158.5,0
1.425,159.5,0
1.425,160.5,0
1.425,161.5,0
1.425,162.5,0
1.425,163.5,0
1.425,164.5,0
1.425,165.5,0
1.425,166.5,0
1.425,167.5,0
1.425,168.5,0
1.425,169.5,0
1.425,170.5,0
1.425,171.5,0
1.425,172.5,0
1.425,173.5,0
1.425,174.5,0
1.425,175.5,0
1.425,176.5,0
1.425,177.5,0
1.425,178.5,0
1.425,179.5,0
1.475,0.5,0
1.475,1.5,0
1.475,2.5,0
1.475,3.5,0
1.475,4.5,0
1.475,5.5,0
1.475,6.5,0
1.475,7.5,0
1.475,8.5,0
1.475,9.5,0
1.475,10.5,0
1.475,11.5,0
1.475,12.5,0
1.475,13.5,0
1.475,14.5,0
1.475,15.5,0
1.475,16.5,0
1.475,17.5,4.999750012e-05
1.475,18.5,0
1.475,19.5,0
1.475,20.5,0
1.475,21.5,9.999500025e-05
1.475,22.5,4.999750012e-05
1.475,23.5,4.999750012e-05
1.475,24.5,4.999750012e-05
1.475,25.5,0
1.475,26.5,4.999750012e-05
1.475,27.5,4.999750012e-05
1.475,28.5,0
1.475,29.5,0.0002499875006
1.475,30.5,9.999500025e-05
1.475,31.5,0.0002999850007
1.475,32.5,0.0002999850007
1.475,33.5,0.0003499825009
1.475,34.5,0.0002499875006
1.475,35.5,0.0003499825009
1.475,36.5,0.0003499825009
1.475,37.5,0.0006499675016
1.475,38.5,0.0004499775011
1.475,39.5,0.0004499775011
1.475,40.5,0.0006499675016
1.475,41.5,0.001049947503
1.475,42.5,0.001049947503
1.475,43.5,0.0008499575021
1.475,44.5,0.0006499675016
1.475,45.5,0.0005999700015
1.475,46.5,0.0005499725014
1.475,47.5,0.0008999550022
1.475,48.5,0.0008499575021
1.475,49.5,0.0008499575021
1.475,50.5,0.0006999650017
1.475,51.5,0.000799960002
1.475,52.5,0.0006999650017
1.475,53.5,0.0007499625019
1.475,54.5,0.0007499625019
1.475,55.5,0.0006999650017
1.475,56.5,0.001099945003
1.475,57.5,0.0008499575021
1.475,58.5,0.0008999550022
1.475,59.5,0.0008999550022
1.475,60.5,0.0005499725014
1.475,61.5,0.0006499675016
1.475,62.5,0.0009999500025
1.475,63.5,0.001149942503
1.475,64.5,0.0008999550022
1.475,65.5,0.001199940003
1.475,66.5,0.0008499575021
1.475,67.5,0.001049947503
1.475,68.5,0.001349932503
1.475,69.5,0.001049947503
1.475,70.5,0.001799910004
1.475,71.5,0.001949902505
1.475,72.5,0.002449877506
1.475,73.5,0.002599870006
1.475,74.5,0.002799860007
1.475,75.5,0.002549872506
1.475,76.5,0.001999900005
1.475,77.5,0.002399880006
1.475,78.5,0.003049847508
1.475,79.5,0.001849907505
1.475,80.5,0.001949902505
1.475,81.5,0.002049897505
1.475,82.5,0.001349932503
1.475,83.5,0.001799910004
1.475,84.5,0.0008499575021
1.475,85.5,0.000799960002
1.475,86.5,0.0008999550022
1.475,87.5,0.000799960002
1.475,88.5,0.0007499625019
1.475,89.5,0.0005499725014
1.475,90.5,9.999500025e-05
1.475,91.5,0.0001999900005
1.475,92.5,0.0002999850007
1.475,93.5,0.0001499925004
1.475,94.5,0.0001499925004
1.475,95.5,0
1.475,96.5,0
1.475,97.5,4.999750012e-05
1.475,98.5,0
1.475,99.5,0
1.475,100.5,4.999750012e-05
1.475,101.5,4.999750012e-05
1.475,102.5,0
1.475,103.5,0
1.475,104.5,0
1.475,105.5,0
1.475,106.5,0
1.475,107.5,0
1.475,108.5,0
1.475,109.5,0
1.475,110.5,0
1.475,111.5,0
1.475,112.5,0
1.475,113.5,0
1.475,114.5,0
1.475,115.5,0
1.475,116.5,0
1.475,117.5,0
1.475,118.5,0
1.475,119.5,0
1.475,120.5,0
1.475,121.5,0
1.475,122.5,0
1.475,123.5,0
1.475,124.5,0
1.475,125.5,0
1.475,126.5,0
1.475,127.5,0
1.475,128.5,0
1.475,129.5,0
1.475,130.5,0
1.475,131.5,0
1.475,132.5,0
1.475,133.5,0
1.475,134.5,0
1.475,135.5,0
1.475,136.5,0
1.475,137.5,0
1.475,138.5,0
1.475,139.5,0
1.475,140.5,0
1.475,141.5,0
1.475,142.5,0
1.475,143.5,0
1.475,144.5,0
1.475,145.5,0
1.475,146.5,0
1.475,147.5,0
1.475,148.5,0
1.475,149.5,0
1.475,150.5,0
1.475,151.5,0
1.475,152.5,0
1.475,153.5,0
1.475,154.5,0
1.475,155.5,0
1.475,156.5,0
1.475,157.5,0
1.475,158.5,0
1.475,159.5,0
1.475,160.5,0
1.475,161.5,0
1.475,162.5,0
1.475,163.5,0
1.475,164.5,0
1.475,165.5,0
1.475,166.5,0
1.475,167.5,0
1.475,168.5,0
1.475,169.5,0
1.475,170.5,0
1.475,171.5,0
1.475,172.5,0
1.475,173.5,0
1.475,174.5,0
1.475,175.5,0
1.475,176.5,0
1.475,177.5,0
1.475,178.5,0
1.475,179.5,0
1.525,0.5,0
1.525,1.5,0
1.525,2.5,0
1.525,3.5,0
1.525,4.5,0
1.525,5.5,0
1.525,6.5,0
1.525,7.5,0
1.525,8.5,0
1.525,9.5,0
1.525,10.5,0
1.525,11.5,0
1.525,12.5,0
1.525,13.5,4.999750012e-05
1.525,14.5,4.999750012e-05
1.525,15.5,0
1.525,16.5,4.999750012e-05
1.525,17.5,9.999500025e-05
1.525,18.5,0
1.525,19.5,4.999750012e-05
1.525,20.5,0
1.525,21.5,4.999750012e-05
1.525,22.5,4.999750012e-05
1.525,23.5,0.0001499925004
1.525,24.5,0.0002499875006
1.525,25.5,0.0001499925004
1.525,26.5,0.0002499875006
1.525,27.5,0.000399980001
1.525,28.5,0.0004499775011
1.525,29.5,0.0006999650017
1.525,30.5,0.0006999650017
1.525,31.5,0.0004499775011
1.525,32.5,0.001049947503
1.525,33.5,0.0006499675016
1.525,34.5,0.001049947503
1.525,35.5,0.001399930003
1.525,36.5,0.001699915004
1.525,37.5,0.001399930003
1.525,38.5,0.001949902505
1.525,39.5,0.001899905005
1.525,40.5,0.002199890005
1.525,41.5,0.002449877506
1.525,42.5,0.002699865007
1.525,43.5,0.002599870006
1.525,44.5,0.002549872506
1.525,45.5,0.00399980001
1.525,46.5,0.003599820009
1.525,47.5,0.003399830008
1.525,48.5,0.002499875006
1.525,49.5,0.004249787511
1.525,50.5,0.002699865007
1.525,51.5,0.003299835008
1.525,52.5,0.003249837508
1.525,53.5,0.003699815009
1.525,54.5,0.003349832508
1.525,55.5,0.003499825009
1.525,56.5,0.002799860007
1.525,57.5,0.002949852507
1.525,58.5,0.002799860007
1.525,59.5,0.002599870006
1.525,60.5,0.003199840008
1.525,61.5,0.002599870006
1.525,62.5,0.003749812509
1.525,63.5,0.003399830008
1.525,64.5,0.00394980251
1.525,65.5,0.003449827509
1.525,66.5,0.003549822509
1.525,67.5,0.003399830008
1.525,68.5,0.004249787511
1.525,69.5,0.004399780011
1.525,70.5,0.004249787511
1.525,71.5,0.006499675016
1.525,72.5,0.006049697515
1.525,73.5,0.006949652517
1.525,74.5,0.008299585021
1.525,75.5,0.00814959252
1.525,76.5,0.007799610019
1.525,77.5,0.008799560022
1.525,78.5,0.00804959752
1.525,79.5,0.008249587521
1.525,80.5,0.007449627519
1.525,81.5,0.007599620019
1.525,82.5,0.005999700015
1.525,83.5,0.004999750012
1.525,84.5,0.003699815009
1.525,85.5,0.003599820009
1.525,86.5,0.003499825009
1.525,87.5,0.002999850007
1.525,88.5,0.002549872506
1.525,89.5,0.002299885006
1.525,90.5,0.001399930003
1.525,91.5,0.0009499525024
1.525,92.5,0.0009499525024
1.525,93.5,0.0005499725014
1.525,94.5,0.0004499775011
1.525,95.5,0.0002999850007
1.525,96.5,0.0002499875006
1.525,97.5,9.999500025e-05
1.525,98.5,0.0002499875006
1.525,99.5,9.999500025e-05
1.525,100.5,4.999750012e-05
1.525,101.5,0
1.525,102.5,0
1.525,103.5,9.999500025e-05
1.525,104.5,0
1.525,105.5,9.999500025e-05
1.525,106.5,4.999750012e-05
1.525,107.5,0
1.525,108.5,0
1.525,109.5,0
1.525,110.5,4.999750012e-05
1.525,111.5,0
1.525,112.5,0
1.525,113.5,0
1.525,114.5,0
1.525,115.5,0
1.525,116.5,0
1.525,117.5,0
1.525,118.5,0
1.525,119.5,0
1.525,120.5,0
1.525,121.5,0
1.525,122.5,0
1.525,123.5,0
1.525,124.5,0
1.525,125.5,0
1.525,126.5,0
1.525,127.5,0
1.525,128.5,0
1.525,129.5,0
1.525,130.5,0
1.525,131.5,0
1.525,132.5,0
1.525,133.5,0
1.525,134.5,0
1.525,135.5,0
1.525,136.5,0
1.525,137.5,0
1.525,138.5,0
1.525,139.5,0
1.525,140.5,0
1.525,141.5,0
1.525,142.5,0
1.525,143.5,0
1.525,144.5,0
1.525,145.5,0
1.525,146.5,0
1.525,147.5,0
1.525,148.5,0
1.525,149.5,0
1.525,150.5,0
1.525,151.5,0
1.525,152.5,0
1.525,153.5,0
1.525,154.5,0
1.525,155.5,0
1.525,156.5,0
1.525,157.5,0
1.525,158.5,0
1.525,159.5,0
1.525,160.5,0
1.525,161.5,0
1.525,162.5,0
1.525,163.5,0
1.525,164.5,0
1.525,165.5,0
1.525,166.5,0
1.525,167.5,0
1.525,168.5,0
1.525,169.5,0
1.525,170.5,0
1.525,171.5,0
1.525,172.5,0
1.525,173.5,0
1.525,174.5,0
1.525,175.5,0
1.525,176.5,0
1.525,177.5,0
1.525,178.5,0
1.525,179.5,0
1.575,0.5,0
1.575,1.5,0
1.575,2.5,0
1.575,3.5,0
1.575,4.5,0
1.575,5.5,0
1.575,6.5,0
1.575,7.5,0
1.575,8.5,0
1.575,9.5,0
1.575,10.5,0
1.575,11.5,0
1.575,12.5,0
1.575,13.5,0
1.575,14.5,0.0001499925004
1.575,15.5,4.999750012e-05
1.575,16.5,4.999750012e-05
1.575,17.5,0.0001999900005
1.575,18.5,0.0002999850007
1.575,19.5,0.0001499925004
1.575,20.5,0.0001499925004
1.575,21.5,0.0001499925004
1.575,22.5,0.0002999850007
1.575,23.5,0.0004499775011
1.575,24.5,0.0005499725014
1.575,25.5,0.0008499575021
1.575,26.5,0.0005999700015
1.575,27.5,0.0008999550022
1.575,28.5,0.001499925004
1.575,29.5,0.002099895005
1.575,30.5,0.002149892505
1.575,31.5,0.002299885006
1.575,32.5,0.002399880006
1.575,33.5,0.003349832508
1.575,34.5,0.003649817509
1.575,35.5,0.003799810009
1.575,36.5,0.00409979501
1.575,37.5,0.004649767512
1.575,38.5,0.005199740013
1.575,39.5,0.005899705015
1.575,40.5,0.005799710014
1.575,41.5,0.006049697515
1.575,42.5,0.00789960502
1.575,43.5,0.008349582521
1.575,44.5,0.00804959752
1.575,45.5,0.009399530023
1.575,46.5,0.01024948753
1.575,47.5,0.01164941753
1.575,48.5,0.01119944003
1.575,49.5,0.01204939753
1.575,50.5,0.01259937003
1.575,51.5,0.01219939003
1.575,52.5,0.01074946253
1.575,53.5,0.01174941253
1.575,54.5,0.01244937753
1.575,55.5,0.01069946503
1.575,56.5,0.01079946003
1.575,57.5,0.01034948253
1.575,58.5,0.01114944253
1.575,59.5,0.01039948003
1.575,60.5,0.009199540023
1.575,61.5,0.009399530023
1.575,62.5,0.009999500025
1.575,63.5,0.01019949003
1.575,64.5,0.009599520024
1.575,65.5,0.01129943503
1.575,66.5,0.01194940253
1.575,67.5,0.01324933753
1.575,68.5,0.01444927754
1.575,69.5,0.01354932253
1.575,70.5,0.01579921004
1.575,71.5,0.01849907505
1.575,72.5,0.01999900005
1.575,73.5,0.02019899005
1.575,74.5,0.02124893755
1.575,75.5,0.02384880756
1.575,76.5,0.02689865507
1.575,77.5,0.02379881006
1.575,78.5,0.02529873506
1.575,79.5,0.02564871756
1.575,80.5,0.02614869257
1.575,81.5,0.02144892755
1.575,82.5,0.02069896505
1.575,83.5,0.01889905505
1.575,84.5,0.01574921254
1.575,85.5,0.01539923004
1.575,86.5,0.01109944503
1.575,87.5,0.01154942253
1.575,88.5,0.006899655017
1.575,89.5,0.007199640018
1.575,90.5,0.004949752512
1.575,91.5,0.003149842508
1.575,92.5,0.002649867507
1.575,93.5,0.001949902505
1.575,94.5,0.001199940003
1.575,95.5,0.001299935003
1.575,96.5,0.0009499525024
1.575,97.5,0.0005499725014
1.575,98.5,0.0004499775011
1.575,99.5,0.0002499875006
1.575,100.5,0.0002999850007
1.575,101.5,0.0002499875006
1.575,102.5,0.0001499925004
1.575,103.5,4.999750012e-05
1.575,104.5,0.0001499925004
1.575,105.5,0.0001499925004
1.575,106.5,4.999750012e-05
1.575,107.5,9.999500025e-05
1.575,108.5,0.0001499925004
1.575,109.5,9.999500025e-05
1.575,110.5,4.999750012e-05
1.575,111.5,0.0001499925004
1.575,112.5,9.999500025e-05
1.575,113.5,0
1.575,114.5,0
1.575,115.5,4.999750012e-05
1.575,116.5,0
1.575,117.5,4.999750012e-05
1.575,118.5,0
1.575,119.5,0
1.575,120.5,0
1.575,121.5,0
1.575,122.5,0
1.575,123.5,0
1.575,124.5,0
1.575,125.5,0
1.575,126.5,0
1.575,127.5,0
1.575,128.5,0
1.575,129.5,0
1.575,130.5,0
1.575,131.5,0
1.575,132.5,0
1.575,133.5,0
1.575,134.5,0
1.575,135.5,0
1.575,136.5,0
1.575,137.5,0
1.575,138.5,0
1.575,139.5,0
1.575,140.5,0
1.575,141.5,0
1.575,142.5,0
1.575,143.5,0
1.575,144.5,0
1.575,145.5,0
1.575,146.5,0
1.575,147.5,0
1.575,148.5,0
1.575,149.5,0
1.575,150.5,0
1.575,151.5,0
1.575,152.5,0
1.575,153.5,0
1.575,154.5,0
1.575,155.5,0
1.575,156.5,0
1.575,157.5,0
1.575,158.5,0
1.575,159.5,0
1.575,160.5,0
1.575,161.5,0
1.575,162.5,0
1.575,163.5,0
1.575,164.5,0
1.575,165.5,0
1.575,166.5,0
1.575,167.5,0
1.575,168.5,0
1.575,169.5,0
1.575,170.5,0
1.575,171.5,0
1.575,172.5,0
1.575,173.5,0
1.575,174.5,0
1.575,175.5,0
1.575,176.5,0
1.575,177.5,0
1.575,178.5,0
1.575,179.5,0
1.625,0.5,0
1.625,1.5,0
1.625,2.5,0
1.625,3.5,0
1.625,4.5,0
1.625,5.5,0
1.625,6.5,0
1.625,7.5,0
1.625,8.5,0
1.625,9.5,0
1.625,10.5,0
1.625,11.5,0
1.625,12.5,0
1.625,13.5,4.999750012e-05
1.625,14.5,4.999750012e-05
1.625,15.5,0
1.625,16.5,0.0001499925004
1.625,17.5,0
1.625,18.5,0.0002999850007
1.625,19.5,0.0005999700015
1.625,20.5,0.0004499775011
1.625,21.5,0.0007499625019
1.625,22.5,0.0005999700015
1.625,23.5,0.001049947503
1.625,24.5,0.001699915004
1.625,25.5,0.001599920004
1.625,26.5,0.001949902505
1.625,27.5,0.002349882506
1.625,28.5,0.002499875006
1.625,29.5,0.002449877506
1.625,30.5,0.00399980001
1.625,31.5,0.004749762512
1.625,32.5,0.005399730013
1.625,33.5,0.006449677516
1.625,34.5,0.007049647518
1.625,35.5,0.008549572521
1.625,36.5,0.009349532523
1.625,37.5,0.01009949503
1.625,38.5,0.01379931003
1.625,39.5,0.01354932253
1.625,40.5,0.01559922004
1.625,41.5,0.01594920254
1.625,42.5,0.01769911504
1.625,43.5,0.02029898505
1.625,44.5,0.02149892505
1.625,45.5,0.02194890255
1.625,46.5,0.02769861507
1.625,47.5,0.02919854007
1.625,48.5,0.02964851757
1.625,49.5,0.03079846008
1.625,50.5,0.03459827009
1.625,51.5,0.03329833508
1.625,52.5,0.03274836258
1.625,53.5,0.03139843008
1.625,54.5,0.03124843758
1.625,55.5,0.03104844758
1.625,56.5,0.03149842508
1.625,57.5,0.02754862257
1.625,58.5,0.03134843258
1.625,59.5,0.02644867757
1.625,60.5,0.02694865257
1.625,61.5,0.02689865507
1.625,62.5,0.02709864507
1.625,63.5,0.02774861257
1.625,64.5,0.02779861007
1.625,65.5,0.02914854257
1.625,66.5,0.02929853507
1.625,67.5,0.03309834508
1.625,68.5,0.03284835758
1.625,69.5,0.03669816509
1.625,70.5,0.0383980801
1.625,71.5,0.04299785011
1.625,72.5,0.04969751512
1.625,73.5,0.05249737513
1.625,74.5,0.05664716764
1.625,75.5,0.05624718764
1.625,76.5,0.06454677266
1.625,77.5,0.06709664517
1.625,78.5,0.06854657267
1.625,79.5,0.06554672266
1.625,80.5,0.06409679516
1.625,81.5,0.05789710514
1.625,82.5,0.05599720014
1.625,83.5,0.05044747763
1.625,84.5,0.0411979401
1.625,85.5,0.0384980751
1.625,86.5,0.03339833008
1.625,87.5,0.02869856507
1.625,88.5,0.02444877756
1.625,89.5,0.01704914754
1.625,90.5,0.01429928504
1.625,91.5,0.01204939753
1.625,92.5,0.008599570021
1.625,93.5,0.005049747513
1.625,94.5,0.004899755012
1.625,95.5,0.003599820009
1.625,96.5,0.002249887506
1.625,97.5,0.001899905005
1.625,98.5,0.001649917504
1.625,99.5,0.001149942503
1.625,100.5,0.0005999700015
1.625,101.5,0.0005999700015
1.625,102.5,0.000399980001
1.625,103.5,0.000799960002
1.625,104.5,0.000399980001
1.625,105.5,0.0002499875006
1.625,106.5,9.999500025e-05
1.625,107.5,0.0001999900005
1.625,108.5,4.999750012e-05
1.625,109.5,0.0002499875006
1.625,110.5,0
1.625,111.5,9.999500025e-05
1.625,112.5,0.0001499925004
1.625,113.5,4.999750012e-05
1.625,114.5,0.0001999900005
1.625,115.5,4.999750012e-05
1.625,116.5,4.999750012e-05
1.625,117.5,9.999500025e-05
1.625,118.5,0
1.625,119.5,4.999750012e-05
1.625,120.5,0
1.625,121.5,4.999750012e-05
1.625,122.5,0
1.625,123.5,0
1.625,124.5,0
1.625,125.5,0
1.625,126.5,0
1.625,127.5,0
1.625,128.5,0
1.625,129.5,0
1.625,130.5,0
1.625,131.5,0
1.625,132.5,0
1.625,133.5,0
1.625,134.5,0
1.625,135.5,0
1.625,136.5,0
1.625,137.5,0
1.625,138.5,0
1.625,139.5,0
1.625,140.5,0
1.625,141.5,0
1.625,142.5,0
1.625,143.5,0
1.625,144.5,0
1.625,145.5,0
1.625,146.5,0
1.625,147.5,0
1.625,148.5,0
1.625,149.5,0
1.625,150.5,0
1.625,151.5,0
1.625,152.5,0
1.625,153.5,0
1.625,154.5,0
1.625,155.5,0
1.625,156.5,0
1.625,157.5,0
1.625,158.5,0
1.625,159.5,0
1.625,160.5,0
1.625,161.5,0
1.625,162.5,0
1.625,163.5,0
1.625,164.5,0
1.625,165.5,0
1.625,166.5,0
1.625,167.5,0
1.625,168.5,0
1.625,169.5,0
1.625,170.5,0
1.625,171.5,0
1.625,172.5,0
1.625,173.5,0
1.625,174.5,0
1.625,175.5,0
1.625,176.5,0
1.625,177.5,0
1.625,178.5,0
1.625,179.5,0
1.675,0.5,0
1.675,1.5,0
1.675,2.5,0
1.675,3.5,0
1.675,4.5,0
1.675,5.5,0
1.675,6.5,0
1.675,7.5,0
1.675,8.5,0
1.675,9.5,0
1.675,10.5,4.999750012e-05
1.675,11.5,0
1.675,12.5,4.999750012e-05
1.675,13.5,9.999500025e-05
1.675,14.5,0.0001499925004
1.675,15.5,0.0002499875006
1.675,16.5,0.0002499875006
1.675,17.5,0.000399980001
1.675,18.5,0.0008999550022
1.675,19.5,0.0005999700015
1.675,20.5,0.001599920004
1.675,21.5,0.001249937503
1.675,22.5,0.002299885006
1.675,23.5,0.002799860007
1.675,24.5,0.002399880006
1.675,25.5,0.003399830008
1.675,26.5,0.004649767512
1.675,27.5,0.005649717514
1.675,28.5,0.005749712514
1.675,29.5,0.007399630018
1.675,30.5,0.007699615019
1.675,31.5,0.009849507525
1.675,32.5,0.01154942253
1.675,33.5,0.01559922004
1.675,34.5,0.01659917004
1.675,35.5,0.01799910004
1.675,36.5,0.02099895005
1.675,37.5,0.02394880256
1.675,38.5,0.02544872756
1.675,39.5,0.02779861007
1.675,40.5,0.03179841008
1.675,41.5,0.03444827759
1.675,42.5,0.03749812509
1.675,43.5,0.04269786511
1.675,44.5,0.04889755512
1.675,45.5,0.05194740263
1.675,46.5,0.05804709765
1.675,47.5,0.06249687516
1.675,48.5,0.06564671766
1.675,49.5,0.06269686516
1.675,50.5,0.06654667267
1.675,51.5,0.07024648768
1.675,52.5,0.07194640268
1.675,53.5,0.07184640768
1.675,54.5,0.07074646268
1.675,55.5,0.06849657517
1.675,56.5,0.06829658517
1.675,57.5,0.06354682266
1.675,58.5,0.06174691265
1.675,59.5,0.05924703765
1.675,60.5,0.05784710764
1.675,61.5,0.05834708265
1.675,62.5,0.05519724014
1.675,63.5,0.05789710514
1.675,64.5,0.05479726014
1.675,65.5,0.05824708765
1.675,66.5,0.06349682516
1.675,67.5,0.06774661267
1.675,68.5,0.07249637518
1.675,69.5,0.07444627769
1.675,70.5,0.08739563022
1.675,71.5,0.08969551522
1.675,72.5,0.1013449328
1.675,73.5,0.1089945503
1.675,74.5,0.1163941803
1.675,75.5,0.1268436578
1.675,76.5,0.1286435678
1.675,77.5,0.1378431078
1.675,78.5,0.1360431978
1.675,79.5,0.1361431928
1.675,80.5,0.1341432928
1.675,81.5,0.1359932003
1.675,82.5,0.1176941153
1.675,83.5,0.1101444928
1.675,84.5,0.1049447528
1.675,85.5,0.08914554272
1.675,86.5,0.07499625019
1.675,87.5,0.06639668017
1.675,88.5,0.05459727014
1.675,89.5,0.04334783261
1.675,90.5,0.03409829509
1.675,91.5,0.02719864007
1.675,92.5,0.02149892505
1.675,93.5,0.01549922504
1.675,94.5,0.01074946253
1.675,95.5,0.00809959502
1.675,96.5,0.006399680016
1.675,97.5,0.003749812509
1.675,98.5,0.00394980251
1.675,99.5,0.001899905005
1.675,100.5,0.001449927504
1.675,101.5,0.001099945003
1.675,102.5,0.0009499525024
1.675,103.5,0.0005499725014
1.675,104.5,0.0006999650017
1.675,105.5,0.0002999850007
1.675,106.5,0.0004499775011
1.675,107.5,0.0001999900005
1.675,108.5,0.0001999900005
1.675,109.5,0.0001499925004
1.675,110.5,4.999750012e-05
1.675,111.5,0.0001499925004
1.675,112.5,4.999750012e-05
1.675,113.5,0
1.675,114.5,0
1.675,115.5,0
1.675,116.5,9.999500025e-05
1.675,117.5,0
1.675,118.5,4.999750012e-05
1.675,119.5,0
1.675,120.5,4.999750012e-05
1.675,121.5,0
1.675,122.5,0
1.675,123.5,0
1.675,124.5,0
1.675,125.5,0
1.675,126.5,0
1.675,127.5,0
1.675,128.5,0
1.675,129.5,0
1.675,130.5,0
1.675,131.5,0
1.675,132.5,0
1.675,133.5,0
1.675,134.5,0
1.675,135.5,0
1.675,136.5,0
1.675,137.5,0
1.675,138.5,0
1.675,139.5,0
1.675,140.5,0
1.675,141.5,0
1.675,142.5,0
1.675,143.5,0
1.675,144.5,0
1.675,145.5,0
1.675,146.5,0
1.675,147.5,0
1.675,148.5,0
1.675,149.5,0
1.675,150.5,0
1.675,151.5,0
1.675,152.5,0
1.675,153.5,0
1.675,154.5,0
1.675,155.5,0
1.675,156.5,0
1.675,157.5,0
1.675,158.5,0
1.675,159.5,0
1.675,160.5,0
1.675,161.5,0
1.675,162.5,0
1.675,163.5,0
1.675,164.5,0
1.675,165.5,0
1.675,166.5,0
1.675,167.5,0
1.675,168.5,0
1.675,169.5,0
1.675,170.5,0
1.675,171.5,0
1.675,172.5,0
1.675,173.5,0
1.675,174.5,0
1.675,175.5,0
1.675,176.5,0
1.675,177.5,0
1.675,178.5,0
1.675,179.5,0
1.725,0.5,0
1.725,1.5,0
1.725,2.5,0
1.725,3.5,0
1.725,4.5,0
1.725,5.5,0
1.725,6.5,0
1.725,7.5,0
1.725,8.5,4.999750012e-05
1.725,9.5,0
1.725,10.5,4.999750012e-05
1.725,11.5,0.0001499925004
1.725,12.5,4.999750012e-05
1.725,13.5,0.0002499875006
1.725,14.5,0.0001499925004
1.725,15.5,0.0002499875006
1.725,16.5,0.0005999700015
1.725,17.5,0.0005999700015
1.725,18.5,0.001599920004
1.725,19.5,0.001349932503
1.725,20.5,0.002149892505
1.725,21.5,0.002149892505
1.725,22.5,0.002649867507
1.725,23.5,0.003249837508
1.725,24.5,0.00419979001
1.725,25.5,0.005849707515
1.725,26.5,0.006799660017
1.725,27.5,0.008699565022
1.725,28.5,0.01009949503
1.725,29.5,0.01389930503
1.725,30.5,0.01569921504
1.725,31.5,0.01784910754
1.725,32.5,0.02214889256
1.725,33.5,0.02279886006
1.725,34.5,0.02899855007
1.725,35.5,0.03089845508
1.725,36.5,0.03624818759
1.725,37.5,0.0411479426
1.725,38.5,0.04579771011
1.725,39.5,0.05049747513
1.725,40.5,0.05409729514
1.725,41.5,0.06214689266
1.725,42.5,0.06604669767
1.725,43.5,0.07319634018
1.725,44.5,0.0788960552
1.725,45.5,0.09014549273
1.725,46.5,0.09694515274
1.725,47.5,0.1040947953
1.725,48.5,0.1082445878
1.725,49.5,0.1164941753
1.725,50.5,0.1249437528
1.725,51.5,0.1294435278
1.725,52.5,0.1302934853
1.725,53.5,0.1334933253
1.725,54.5,0.1351432428
1.725,55.5,0.1303934803
1.725,56.5,0.1269436528
1.725,57.5,0.1267936603
1.725,58.5,0.1171941403
1.725,59.5,0.1177441128
1.725,60.5,0.1120943953
1.725,61.5,0.1064446778
1.725,62.5,0.1060446978
1.725,63.5,0.09819509025
1.725,64.5,0.1033448328
1.725,65.5,0.1053947303
1.725,66.5,0.1043447828
1.725,67.5,0.1138943053
1.725,68.5,0.1216939153
1.725,69.5,0.1298935053
1.725,70.5,0.1410929454
1.725,71.5,0.1536923154
1.725,72.5,0.1700414979
1.725,73.5,0.186440678
1.725,74.5,0.198840058
1.725,75.5,0.211939403
1.725,76.5,0.2308884556
1.725,77.5,0.2318384081
1.725,78.5,0.2339883006
1.725,79.5,0.2404879756
1.725,80.5,0.2395880206
1.725,81.5,0.2366881656
1.725,82.5,0.2224888756
1.725,83.5,0.208839558
1.725,84.5,0.1931903405
1.725,85.5,0.1731913404
1.725,86.5,0.1432928354
1.725,87.5,0.1274936253
1.725,88.5,0.1051447428
1.725,89.5,0.08729563522
1.725,90.5,0.07079646018
1.725,91.5,0.05304734763
1.725,92.5,0.04344782761
1.725,93.5,0.03364831758
1.725,94.5,0.02504874756
1.725,95.5,0.01739913004
1.725,96.5,0.01299935003
1.725,97.5,0.009749512524
1.725,98.5,0.006849657517
1.725,99.5,0.005949702515
1.725,100.5,0.004299785011
1.725,101.5,0.003049847508
1.725,102.5,0.001999900005
1.725,103.5,0.001849907505
1.725,104.5,0.000799960002
1.725,105.5,0.0006499675016
1.725,106.5,0.0004499775011
1.725,107.5,0.0002999850007
1.725,108.5,0.0004499775011
1.725,109.5,0.0001999900005
1.725,110.5,0.0003499825009
1.725,111.5,4.999750012e-05
1.725,112.5,9.999500025e-05
1.725,113.5,0.0001999900005
1.725,114.5,0
1.725,115.5,0
1.725,116.5,9.999500025e-05
1.725,117.5,0.0001499925004
1.725,118.5,0
1.725,119.5,0
1.725,120.5,4.999750012e-05
1.725,121.5,9.999500025e-05
1.725,122.5,4.999750012e-05
1.725,123.5,0
1.725,124.5,4.999750012e-05
1.725,125.5,0
1.725,126.5,0
1.725,127.5,0
1.725,128.5,0
1.725,129.5,0
1.725,130.5,0
1.725,131.5,0
1.725,132.5,0
1.725,133.5,0
1.725,134.5,0
1.725,135.5,0
1.725,136.5,0
1.725,137.5,0
1.725,138.5,0
1.725,139.5,0
1.725,140.5,0
1.725,141.5,0
1.725,142.5,0
1.725,143.5,0
1.725,144.5,0
1.725,145.5,0
1.725,146.5,0
1.725,147.5,0
1.725,148.5,0
1.725,149.5,0
1.725,150.5,0
1.725,151.5,0
1.725,152.5,0
1.725,153.5,0
1.725,154.5,0
1.725,155.5,0
1.725,156.5,0
1.725,157.5,0
1.725,158.5,0
1.725,159.5,0
1.725,160.5,0
1.725,161.5,0
1.725,162.5,0
1.725,163.5,0
1.725,164.5,0
1.725,165.5,0
1.725,166.5,0
1.725,167.5,0
1.725,168.5,0
1.725,169.5,0
1.725,170.5,0
1.725,171.5,0
1.725,172.5,0
1.725,173.5,0
1.725,174.5,0
1.725,175.5,0
1.725,176.5,0
1.725,177.5,0
1.725,178.5,0
1.725,179.5,0
1.775,0.5,0
1.775,1.5,0
1.775,2.5,9.999500025e-05
1.775,3.5,0
1.775,4.5,0
1.775,5.5,9.999500025e-05
1.775,6.5,0
1.775,7.5,4.999750012e-05
1.775,8.5,4.999750012e-05
1.775,9.5,0
1.775,10.5,9.999500025e-05
1.775,11.5,9.999500025e-05
1.775,12.5,0.0005499725014
1.775,13.5,0.0002999850007
1.775,14.5,0.0006999650017
1.775,15.5,0.0003499825009
1.775,16.5,0.0005999700015
1.775,17.5,0.001199940003
1.775,18.5,0.001749912504
1.775,19.5,0.001499925004
1.775,20.5,0.002349882506
1.775,21.5,0.002799860007
1.775,22.5,0.003399830008
1.775,23.5,0.004899755012
1.775,24.5,0.006749662517
1.775,25.5,0.008249587521
1.775,26.5,0.01114944253
1.775,27.5,0.01154942253
1.775,28.5,0.01629918504
1.775,29.5,0.02004899755
1.775,30.5,0.02259887006
1.775,31.5,0.02669866507
1.775,32.5,0.03179841008
1.775,33.5,0.03564821759
1.775,34.5,0.0398480076
1.775,35.5,0.04834758262
1.775,36.5,0.05384730763
1.775,37.5,0.05969701515
1.775,38.5,0.06624668767
1.775,39.5,0.07414629269
1.775,40.5,0.08384580771
1.775,41.5,0.08969551522
1.775,42.5,0.1001449928
1.775,43.5,0.1114444278
1.775,44.5,0.1196940153
1.775,45.5,0.1330933453
1.775,46.5,0.1424428779
1.775,47.5,0.1534923254
1.775,48.5,0.1672416379
1.775,49.5,0.184140793
1.775,50.5,0.1870906455
1.775,51.5,0.195340233
1.775,52.5,0.1987900605
1.775,53.5,0.2044897755
1.775,54.5,0.2086895655
1.775,55.5,0.201839908
1.775,56.5,0.198340083
1.775,57.5,0.1910904455
1.775,58.5,0.185040748
1.775,59.5,0.1758412079
1.775,60.5,0.1690415479
1.775,61.5,0.1629418529
1.775,62.5,0.1603419829
1.775,63.5,0.1592420379
1.775,64.5,0.1557922104
1.775,65.5,0.1574421279
1.775,66.5,0.1615419229
1.775,67.5,0.1709414529
1.775,68.5,0.1783410829
1.775,69.5,0.1935903205
1.775,70.5,0.200039998
1.775,71.5,0.2208389581
1.775,72.5,0.2449377531
1.775,73.5,0.2612869357
1.775,74.5,0.2832358382
1.775,75.5,0.3086845658
1.775,76.5,0.3269836508
1.775,77.5,0.3385830708
1.775,78.5,0.3666316684
1.775,79.5,0.3650817459
1.775,80.5,0.3593820309
1.775,81.5,0.3561321934
1.775,82.5,0.3432828359
1.775,83.5,0.3186340683
1.775,84.5,0.2946852657
1.775,85.5,0.2706864657
1.775,86.5,0.2338883056
1.775,87.5,0.207739613
1.775,88.5,0.1804909755
1.775,89.5,0.1498425079
1.775,90.5,0.1162941853
1.775,91.5,0.09709514524
1.775,92.5,0.07184640768
1.775,93.5,0.05459727014
1.775,94.5,0.04239788011
1.775,95.5,0.03439828009
1.775,96.5,0.02294885256
1.775,97.5,0.01794910254
1.775,98.5,0.01309934503
1.775,99.5,0.008349582521
1.775,100.5,0.005399730013
1.775,101.5,0.004599770011
1.775,102.5,0.003199840008
1.775,103.5,0.002449877506
1.775,104.5,0.002149892505
1.775,105.5,0.001299935003
1.775,106.5,0.001249937503
1.775,107.5,0.0004999750012
1.775,108.5,0.0005999700015
1.775,109.5,0.0002499875006
1.775,110.5,0.0007499625019
1.775,111.5,0.000399980001
1.775,112.5,0.0002999850007
1.775,113.5,9.999500025e-05
1.775,114.5,9.999500025e-05
1.775,115.5,4.999750012e-05
1.775,116.5,9.999500025e-05
1.775,117.5,9.999500025e-05
1.775,118.5,0
1.775,119.5,4.999750012e-05
1.775,120.5,4.999750012e-05
1.775,121.5,0
1.775,122.5,9.999500025e-05
1.775,123.5,0
1.775,124.5,4.999750012e-05
1.775,125.5,0
1.775,126.5,0
1.775,127.5,0
1.775,128.5,0
1.775,129.5,0
1.775,130.5,0
1.775,131.5,0
1.775,132.5,0
1.775,133.5,0
1.775,134.5,0
1.775,135.5,0
1.775,136.5,0
1.775,137.5,0
1.775,138.5,0
1.775,139.5,0
1.775,140.5,0
1.775,141.5,0
1.775,142.5,0
1.775,143.5,0
1.775,144.5,0
1.775,145.5,0
1.775,146.5,0
1.775,147.5,0
1.775,148.5,0
1.775,149.5,0
1.775,150.5,0
1.775,151.5,0
1.775,152.5,0
1.775,153.5,0
1.775,154.5,0
1.775,155.5,0
1.775,156.5,0
1.775,157.5,0
1.775,158.5,0
1.775,159.5,0
1.775,160.5,0
1.775,161.5,0
1.775,162.5,0
1.775,163.5,0
1.775,164.5,0
1.775,165.5,0
1.775,166.5,0
1.775,167.5,0
1.775,168.5,0
1.775,169.5,0
1.775,170.5,0
1.775,171.5,0
1.775,172.5,0
1.775,173.5,0
1.775,174.5,0
1.775,175.5,0
1.775,176.5,0
1.775,177.5,0
1.775,178.5,0
1.775,179.5,0
1.825,0.5,0
1.825,1.5,0
1.825,2.5,0
1.825,3.5,4.999750012e-05
1.825,4.5,0
1.825,5.5,4.999750012e-05
1.825,6.5,4.999750012e-05
1.825,7.5,4.999750012e-05
1.825,8.5,4.999750012e-05
1.825,9.5,9.999500025e-05
1.825,10.5,0.0004499775011
1.825,11.5,0.0002499875006
1.825,12.5,0.0003499825009
1.825,13.5,0.0001499925004
1.825,14.5,0.0002499875006
1.825,15.5,0.0005999700015
1.825,16.5,0.0008499575021
1.825,17.5,0.001399930003
1.825,18.5,0.001949902505
1.825,19.5,0.001749912504
1.825,20.5,0.002799860007
1.825,21.5,0.003799810009
1.825,22.5,0.005649717514
1.825,23.5,0.006799660017
1.825,24.5,0.009549522524
1.825,25.5,0.01144942753
1.825,26.5,0.01339933003
1.825,27.5,0.01644917754
1.825,28.5,0.01869906505
1.825,29.5,0.02399880006
1.825,30.5,0.02869856507
1.825,31.5,0.03329833508
1.825,32.5,0.0385480726
1.825,33.5,0.04539773011
1.825,34.5,0.04969751512
1.825,35.5,0.05619719014
1.825,36.5,0.06654667267
1.825,37.5,0.07024648768
1.825,38.5,0.0810459477
1.825,39.5,0.08864556772
1.825,40.5,0.1022948853
1.825,41.5,0.1083445828
1.825,42.5,0.1189440528
1.825,43.5,0.1346432678
1.825,44.5,0.1490925454
1.825,45.5,0.1608919554
1.825,46.5,0.1735913204
1.825,47.5,0.188140593
1.825,48.5,0.2122893855
1.825,49.5,0.2264386781
1.825,50.5,0.2359882006
1.825,51.5,0.2433378331
1.825,52.5,0.2545872706
1.825,53.5,0.2592870356
1.825,54.5,0.2665866707
1.825,55.5,0.2652367382
1.825,56.5,0.2649367532
1.825,57.5,0.2605869707
1.825,58.5,0.2504374781
1.825,59.5,0.2368881556
1.825,60.5,0.2275386231
1.825,61.5,0.2140892955
1.825,62.5,0.207939603
1.825,63.5,0.2065896705
1.825,64.5,0.195040248
1.825,65.5,0.195840208
1.825,66.5,0.203239838
1.825,67.5,0.2051897405
1.825,68.5,0.210739463
1.825,69.5,0.2384880756
1.825,70.5,0.2438878056
1.825,71.5,0.2696865157
1.825,72.5,0.2912354382
1.825,73.5,0.3133343333
1.825,74.5,0.3501824909
1.825,75.5,0.3783310834
1.825,76.5,0.399580021
1.825,77.5,0.419379031
1.825,78.5,0.4413779311
1.825,79.5,0.4373281336
1.825,80.5,0.4451777411
1.825,81.5,0.4528273586
1.825,82.5,0.4371781411
1.825,83.5,0.4178291085
1.825,84.5,0.389280536
1.825,85.5,0.3619819009
1.825,86.5,0.3163841808
1.825,87.5,0.2860356982
1.825,88.5,0.2401379931
1.825,89.5,0.1990900455
1.825,90.5,0.1704414779
1.825,91.5,0.1375931203
1.825,92.5,0.1064946753
1.825,93.5,0.08394580271
1.825,94.5,0.06609669517
1.825,95.5,0.04949752512
1.825,96.5,0.03719814009
1.825,97.5,0.02624868757
1.825,98.5,0.01924903755
1.825,99.5,0.01364931753
1.825,100.5,0.009299535023
1.825,101.5,0.006999650017
1.825,102.5,0.005899705015
1.825,103.5,0.004349782511
1.825,104.5,0.002699865007
1.825,105.5,0.001699915004
1.825,106.5,0.001399930003
1.825,107.5,0.001499925004
1.825,108.5,0.0008999550022
1.825,109.5,0.0004999750012
1.825,110.5,0.0006499675016
1.825,111.5,0.0004999750012
1.825,112.5,0.0002999850007
1.825,113.5,9.999500025e-05
1.825,114.5,0.0001499925004
1.825,115.5,0.0002499875006
1.825,116.5,4.999750012e-05
1.825,117.5,9.999500025e-05
1.825,118.5,9.999500025e-05
1.825,119.5,0
1.825,120.5,0
1.825,121.5,0
1.825,122.5,4.999750012e-05
1.825,123.5,0
1.825,124.5,0
1.825,125.5,0
1.825,126.5,0
1.825,127.5,0
1.825,128.5,0
1.825,129.5,0
1.825,130.5,0
1.825,131.5,0
1.825,132.5,0
1.825,133.5,0
1.825,134.5,0
1.825,135.5,0
1.825,136.5,0
1.825,137.5,0
1.825,138.5,0
1.825,139.5,0
1.825,140.5,0
1.825,141.5,0
1.825,142.5,0
1.825,143.5,0
1.825,144.5,0
1.825,145.5,0
1.825,146.5,0
1.825,147.5,0
1.825,148.5,0
1.825,149.5,0
1.825,150.5,0
1.825,151.5,0
1.825,152.5,0
1.825,153.5,0
1.825,154.5,0
1.825,155.5,0
1.825,156.5,0
1.825,157.5,0
1.825,158.5,0
1.825,159.5,0
1.825,160.5,0
1.825,161.5,0
1.825,162.5,0
1.825,163.5,0
1.825,164.5,0
1.825,165.5,0
1.825,166.5,0
1.825,167.5,0
1.825,168.5,0
1.825,169.5,0
1.825,170.5,0
1.825,171.5,0
1.825,172.5,0
1.825,173.5,0
1.825,174.5,0
1.825,175.5,0
1.825,176.5,0
1.825,177.5,0
1.825,178.5,0
1.825,179.5,0
1.875,0.5,0
1.875,1.5,0
1.875,2.5,0
1.875,3.5,0
1.875,4.5,0
1.875,5.5,0
1.875,6.5,4.999750012e-05
1.875,7.5,4.999750012e-05
1.875,8.5,9.999500025e-05
1.875,9.5,9.999500025e-05
1.875,10.5,0.0001499925004
1.875,11.5,0.0002499875006
1.875,12.5,0.0002499875006
1.875,13.5,0.0004999750012
1.875,14.5,0.0006999650017
1.875,15.5,0.0006499675016
1.875,16.5,0.001049947503
1.875,17.5,0.001699915004
1.875,18.5,0.002399880006
1.875,19.5,0.002399880006
1.875,20.5,0.003099845008
1.875,21.5,0.00419979001
1.875,22.5,0.004799760012
1.875,23.5,0.006349682516
1.875,24.5,0.00799960002
1.875,25.5,0.009349532523
1.875,26.5,0.01374931253
1.875,27.5,0.01464926754
1.875,28.5,0.01854907255
1.875,29.5,0.02324883756
1.875,30.5,0.02694865257
1.875,31.5,0.03179841008
1.875,32.5,0.03629818509
1.875,33.5,0.04289785511
1.875,34.5,0.05149742513
1.875,35.5,0.05504724764
1.875,36.5,0.06469676516
1.875,37.5,0.07179641018
1.875,38.5,0.07484625769
1.875,39.5,0.09114544273
1.875,40.5,0.09714514274
1.875,41.5,0.1107444628
1.875,42.5,0.1253437328
1.875,43.5,0.1354432278
1.875,44.5,0.1513924304
1.875,45.5,0.1617419129
1.875,46.5,0.1825908705
1.875,47.5,0.1960901955
1.875,48.5,0.2150892455
1.875,49.5,0.2294385281
1.875,50.5,0.2462376881
1.875,51.5,0.2644867757
1.875,52.5,0.2786360682
1.875,53.5,0.2813859307
1.875,54.5,0.2883355832
1.875,55.5,0.2977351132
1.875,56.5,0.2956852157
1.875,57.5,0.2909354532
1.875,58.5,0.2720863957
1.875,59.5,0.2664366782
1.875,60.5,0.2615869207
1.875,61.5,0.2469376531
1.875,62.5,0.2401879906
1.875,63.5,0.2246387681
1.875,64.5,0.216339183
1.875,65.5,0.215139243
1.875,66.5,0.2135893205
1.875,67.5,0.2181890905
1.875,68.5,0.2227888606
1.875,69.5,0.2400379981
1.875,70.5,0.2493875306
1.875,71.5,0.2745862707
1.875,72.5,0.2935353232
1.875,73.5,0.3196340183
1.875,74.5,0.3454327284
1.875,75.5,0.3680315984
1.875,76.5,0.4018299085
1.875,77.5,0.4195290235
1.875,78.5,0.4536773161
1.875,79.5,0.4541272936
1.875,80.5,0.4588270586
1.875,81.5,0.4661266937
1.875,82.5,0.4670266487
1.875,83.5,0.4477276136
1.875,84.5,0.4273286336
1.875,85.5,0.397180141
1.875,86.5,0.3655817209
1.875,87.5,0.3264836758
1.875,88.5,0.2854857257
1.875,89.5,0.2460876956
1.875,90.5,0.206739663
1.875,91.5,0.1678416079
1.875,92.5,0.1381430928
1.875,93.5,0.1095445228
1.875,94.5,0.08479576021
1.875,95.5,0.06454677266
1.875,96.5,0.04544772761
1.875,97.5,0.03354832258
1.875,98.5,0.02604869757
1.875,99.5,0.01939903005
1.875,100.5,0.01369931503
1.875,101.5,0.009649517524
1.875,102.5,0.006749662517
1.875,103.5,0.005099745013
1.875,104.5,0.003799810009
1.875,105.5,0.002449877506
1.875,106.5,0.002249887506
1.875,107.5,0.001099945003
1.875,108.5,0.0009499525024
1.875,109.5,0.0005999700015
1.875,110.5,0.000799960002
1.875,111.5,0.0005499725014
1.875,112.5,0.0002999850007
1.875,113.5,0.0002999850007
1.875,114.5,0.0001499925004
1.875,115.5,0.0001499925004
1.875,116.5,0.0002999850007
1.875,117.5,4.999750012e-05
1.875,118.5,0
1.875,119.5,4.999750012e-05
1.875,120.5,4.999750012e-05
1.875,121.5,4.999750012e-05
1.875,122.5,0
1.875,123.5,0
1.875,124.5,0
1.875,125.5,0
1.875,126.5,0
1.875,127.5,0
1.875,128.5,0
1.875,129.5,0
1.875,130.5,0
1.875,131.5,0
1.875,132.5,0
1.875,133.5,0
1.875,134.5,0
1.875,135.5,0
1.875,136.5,0
1.875,137.5,0
1.875,138.5,0
1.875,139.5,0
1.875,140.5,0
1.875,141.5,0
1.875,142.5,0
1.875,143.5,0
1.875,144.5,0
1.875,145.5,0
1.875,146.5,0
1.875,147.5,0
1.875,148.5,0
1.875,149.5,0
1.875,150.5,0
1.875,151.5,0
1.875,152.5,0
1.875,153.5,0
1.875,154.5,0
1.875,155.5,0
1.875,156.5,0
1.875,157.5,0
1.875,158.5,0
1.875,159.5,0
1.875,160.5,0
1.875,161.5,0
1.875,162.5,0
1.875,163.5,0
1.875,164.5,0
1.875,165.5,0
1.875,166.5,0
1.875,167.5,0
1.875,168.5,0
1.875,169.5,0
1.875,170.5,0
1.875,171.5,0
1.875,172.5,0
1.875,173.5,0
1.875,174.5,0
1.875,175.5,0
1.875,176.5,0
1.875,177.5,0
1.875,178.5,0
1.875,179.5,0
1.925,0.5,0
1.925,1.5,0
1.925,2.5,0
1.925,3.5,0
1.925,4.5,4.999750012e-05
1.925,5.5,0
1.925,6.5,4.999750012e-05
1.925,7.5,0
1.925,8.5,0
1.925,9.5,0
1.925,10.5,0.0001499925004
1.925,11.5,0.0002499875006
1.925,12.5,9.999500025e-05
1.925,13.5,0.0003499825009
1.925,14.5,0.000399980001
1.925,15.5,0.001049947503
1.925,16.5,0.0009999500025
1.925,17.5,0.001099945003
1.925,18.5,0.001999900005
1.925,19.5,0.002899855007
1.925,20.5,0.002949852507
1.925,21.5,0.003149842508
1.925,22.5,0.005699715014
1.925,23.5,0.006849657517
1.925,24.5,0.007499625019
1.925,25.5,0.009649517524
1.925,26.5,0.01179941003
1.925,27.5,0.01434928254
1.925,28.5,0.01544922754
1.925,29.5,0.02174891255
1.925,30.5,0.02294885256
1.925,31.5,0.02734863257
1.925,32.5,0.03089845508
1.925,33.5,0.03669816509
1.925,34.5,0.0401479926
1.925,35.5,0.05204739763
1.925,36.5,0.05329733513
1.925,37.5,0.05904704765
1.925,38.5,0.07024648768
1.925,39.5,0.0797460127
1.925,40.5,0.08609569522
1.925,41.5,0.09739513024
1.925,42.5,0.1028948553
1.925,43.5,0.1109444528
1.925,44.5,0.1243937803
1.925,45.5,0.1373431328
1.925,46.5,0.1529923504
1.925,47.5,0.1692915354
1.925,48.5,0.187040648
1.925,49.5,0.199640018
1.925,50.5,0.2177891105
1.925,51.5,0.2199890005
1.925,52.5,0.2429378531
1.925,53.5,0.2487875606
1.925,54.5,0.2615869207
1.925,55.5,0.2680365982
1.925,56.5,0.2656867157
1.925,57.5,0.2568371581
1.925,58.5,0.2644367782
1.925,59.5,0.2538373081
1.925,60.5,0.2364381781
1.925,61.5,0.2268386581
1.925,62.5,0.2182890855
1.925,63.5,0.206339683
1.925,64.5,0.198740063
1.925,65.5,0.2002899855
1.925,66.5,0.1889905505
1.925,67.5,0.1957902105
1.925,68.5,0.2053897305
1.925,69.5,0.2048897555
1.925,70.5,0.2158892055
1.925,71.5,0.2376381181
1.925,72.5,0.2529373531
1.925,73.5,0.2663866807
1.925,74.5,0.2974851257
1.925,75.5,0.3188840558
1.925,76.5,0.3372831358
1.925,77.5,0.3625818709
1.925,78.5,0.3751812409
1.925,79.5,0.397680116
1.925,80.5,0.4146292685
1.925,81.5,0.4224288786
1.925,82.5,0.4122293885
1.925,83.5,0.404179791
1.925,84.5,0.385180741
1.925,85.5,0.3730313484
1.925,86.5,0.3456327184
1.925,87.5,0.3187840608
1.925,88.5,0.2755862207
1.925,89.5,0.2448377581
1.925,90.5,0.2055897205
1.925,91.5,0.1716914154
1.925,92.5,0.1409929504
1.925,93.5,0.1148942553
1.925,94.5,0.08889555522
1.925,95.5,0.06954652267
1.925,96.5,0.05144742763
1.925,97.5,0.0400979951
1.925,98.5,0.03249837508
1.925,99.5,0.02069896505
1.925,100.5,0.01584920754
1.925,101.5,0.01069946503
1.925,102.5,0.00794960252
1.925,103.5,0.005549722514
1.925,104.5,0.004749762512
1.925,105.5,0.003299835008
1.925,106.5,0.002499875006
1.925,107.5,0.000799960002
1.925,108.5,0.001349932503
1.925,109.5,0.001099945003
1.925,110.5,0.0006999650017
1.925,111.5,0.0005999700015
1.925,112.5,0.000399980001
1.925,113.5,0.0003499825009
1.925,114.5,0.0002999850007
1.925,115.5,0.0002499875006
1.925,116.5,9.999500025e-05
1.925,117.5,0.0001499925004
1.925,118.5,4.999750012e-05
1.925,119.5,4.999750012e-05
1.925,120.5,0.0001499925004
1.925,121.5,9.999500025e-05
1.925,122.5,0
1.925,123.5,4.999750012e-05
1.925,124.5,0
1.925,125.5,4.999750012e-05
1.925,126.5,0
1.925,127.5,0
1.925,128.5,0
1.925,129.5,0
1.925,130.5,0
1.925,131.5,0
1.925,132.5,0
1.925,133.5,0
1.925,134.5,0
1.925,135.5,0
1.925,136.5,0
1.925,137.5,0
1.925,138.5,0
1.925,139.5,0
1.925,140.5,0
1.925,141.5,0
1.925,142.5,0
1.925,143.5,0
1.925,144.5,0
1.925,145.5,0
1.925,146.5,0
1.925,147.5,0
1.925,148.5,0
1.925,149.5,0
1.925,150.5,0
1.925,151.5,0
1.925,152.5,0
1.925,153.5,0
1.925,154.5,0
1.925,155.5,0
1.925,156.5,0
1.925,157.5,0
1.925,158.5,0
1.925,159.5,0
1.925,160.5,0
1.925,161.5,0
1.925,162.5,0
1.925,163.5,0
1.925,164.5,0
1.925,165.5,0
1.925,166.5,0
1.925,167.5,0
1.925,168.5,0
1.925,169.5,0
1.925,170.5,0
1.925,171.5,0
1.925,172.5,0
1.925,173.5,0
1.925,174.5,0
1.925,175.5,0
1.925,176.5,0
1.925,177.5,0
1.925,178.5,0
1.925,179.5,0
1.975,0.5,0
1.975,1.5,0
1.975,2.5,0
1.975,3.5,0
1.975,4.5,0
1.975,5.5,0
1.975,6.5,4.999750012e-05
1.975,7.5,4.999750012e-05
1.975,8.5,4.999750012e-05
1.975,9.5,4.999750012e-05
1.975,10.5,0.0001999900005
1.975,11.5,0.0001999900005
1.975,12.5,0.0002999850007
1.975,13.5,0.0002999850007
1.975,14.5,0.0002999850007
1.975,15.5,0.000399980001
1.975,16.5,0.0005499725014
1.975,17.5,0.0005499725014
1.975,18.5,0.0008999550022
1.975,19.5,0.001649917504
1.975,20.5,0.001749912504
1.975,21.5,0.002499875006
1.975,22.5,0.004299785011
1.975,23.5,0.005449727514
1.975,24.5,0.006399680016
1.975,25.5,0.006899655017
1.975,26.5,0.00819959002
1.975,27.5,0.009799510024
1.975,28.5,0.01114944253
1.975,29.5,0.01354932253
1.975,30.5,0.01514924254
1.975,31.5,0.02029898505
1.975,32.5,0.01994900255
1.975,33.5,0.02634868257
1.975,34.5,0.02864856757
1.975,35.5,0.03099845008
1.975,36.5,0.03514824259
1.975,37.5,0.04254787261
1.975,38.5,0.04409779511
1.975,39.5,0.05194740263
1.975,40.5,0.05454727264
1.975,41.5,0.06524673766
1.975,42.5,0.07574621269
1.975,43.5,0.0808459577
1.975,44.5,0.08914554272
1.975,45.5,0.09964501775
1.975,46.5,0.1115944203
1.975,47.5,0.1203439828
1.975,48.5,0.1317934103
1.975,49.5,0.1443927804
1.975,50.5,0.1552422379
1.975,51.5,0.1709414529
1.975,52.5,0.1787910604
1.975,53.5,0.1929903505
1.975,54.5,0.200439978
1.975,55.5,0.2016899155
1.975,56.5,0.2109894505
1.975,57.5,0.207739613
1.975,58.5,0.204339783
1.975,59.5,0.2008899555
1.975,60.5,0.1965901705
1.975,61.5,0.1860906955
1.975,62.5,0.1737913104
1.975,63.5,0.1650417479
1.975,64.5,0.1561421929
1.975,65.5,0.1502924854
1.975,66.5,0.1493425329
1.975,67.5,0.1480925954
1.975,68.5,0.1481425929
1.975,69.5,0.1542922854
1.975,70.5,0.1586420679
1.975,71.5,0.1674916254
1.975,72.5,0.1813909305
1.975,73.5,0.193640318
1.975,74.5,0.2094895255
1.975,75.5,0.2255387231
1.975,76.5,0.2352882356
1.975,77.5,0.2554372281
1.975,78.5,0.2750862457
1.975,79.5,0.2899855007
1.975,80.5,0.3017849108
1.975,81.5,0.3105344733
1.975,82.5,0.3071346433
1.975,83.5,0.3054347283
1.975,84.5,0.2982850857
1.975,85.5,0.2931353432
1.975,86.5,0.2701864907
1.975,87.5,0.2496875156
1.975,88.5,0.2333883306
1.975,89.5,0.199440028
1.975,90.5,0.1734913254
1.975,91.5,0.1515424229
1.975,92.5,0.1299935003
1.975,93.5,0.09969501525
1.975,94.5,0.0787460627
1.975,95.5,0.06409679516
1.975,96.5,0.05164741763
1.975,97.5,0.0388480576
1.975,98.5,0.03134843258
1.975,99.5,0.02334883256
1.975,100.5,0.01569921504
1.975,101.5,0.01159942003
1.975,102.5,0.00814959252
1.975,103.5,0.006899655017
1.975,104.5,0.00404979751
1.975,105.5,0.002949852507
1.975,106.5,0.002299885006
1.975,107.5,0.001699915004
1.975,108.5,0.0008999550022
1.975,109.5,0.001299935003
1.975,110.5,0.0008999550022
1.975,111.5,0.0005499725014
1.975,112.5,0.0002499875006
1.975,113.5,0.000399980001
1.975,114.5,0.000399980001
1.975,115.5,0.0001999900005
1.975,116.5,0.0001999900005
1.975,117.5,0.0002499875006
1.975,118.5,0.0001999900005
1.975,119.5,0.0001499925004
1.975,120.5,9.999500025e-05
1.975,121.5,0
1.975,122.5,4.999750012e-05
1.975,123.5,0
1.975,124.5,0
1.975,125.5,4.999750012e-05
1.975,126.5,0
1.975,127.5,0
1.975,128.5,0
1.975,129.5,0
1.975,130.5,0
1.975,131.5,0
1.975,132.5,0
1.975,133.5,0
1.975,134.5,0
1.975,135.5,0
1.975,136.5,0
1.975,137.5,0
1.975,138.5,0
1.975,139.5,0
1.975,140.5,0
1.975,141.5,0
1.975,142.5,0
1.975,143.5,0
1.975,144.5,0
1.975,145.5,0
1.975,146.5,0
1.975,147.5,0
1.975,148.5,0
1.975,149.5,0
1.975,150.5,0
1.975,151.5,0
1.975,152.5,0
1.975,153.5,0
1.975,154.5,0
1.975,155.5,0
1.975,156.5,0
1.975,157.5,0
1.975,158.5,0
1.975,159.5,0
1.975,160.5,0
1.975,161.5,0
1.975,162.5,0
1.975,163.5,0
1.975,164.5,0
1.975,165.5,0
1.975,166.5,0
1.975,167.5,0
1.975,168.5,0
1.975,169.5,0
1.975,170.5,0
1.975,171.5,0
1.975,172.5,0
1.975,173.5,0
1.975,174.5,0
1.975,175.5,0
1.975,176.5,0
1.975,177.5,0
1.975,178.5,0
1.975,179.5,0
2.025,0.5,0
2.025,1.5,0
2.025,2.5,0
2.025,3.5,0
2.025,4.5,0
2.025,5.5,0
2.025,6.5,0
2.025,7.5,0
2.025,8.5,0.0001499925004
2.025,9.5,9.999500025e-05
2.025,10.5,0
2.025,11.5,0
2.025,12.5,9.999500025e-05
2.025,13.5,0.0001999900005
2.025,14.5,0.0001499925004
2.025,15.5,0.0001499925004
2.025,16.5,0.0004999750012
2.025,17.5,0.0006999650017
2.025,18.5,0.0008999550022
2.025,19.5,0.001299935003
2.025,20.5,0.001549922504
2.025,21.5,0.001999900005
2.025,22.5,0.001849907505
2.025,23.5,0.002499875006
2.025,24.5,0.004449777511
2.025,25.5,0.00389980501
2.025,26.5,0.004799760012
2.025,27.5,0.005849707515
2.025,28.5,0.007749612519
2.025,29.5,0.008349582521
2.025,30.5,0.01024948753
2.025,31.5,0.01229938503
2.025,32.5,0.01164941753
2.025,33.5,0.01459927004
2.025,34.5,0.01579921004
2.025,35.5,0.01919904005
2.025,36.5,0.02184890755
2.025,37.5,0.02564871756
2.025,38.5,0.02874856257
2.025,39.5,0.03004849758
2.025,40.5,0.03324833758
2.025,41.5,0.0383980801
2.025,42.5,0.0415979201
2.025,43.5,0.04669766512
2.025,44.5,0.05384730763
2.025,45.5,0.05904704765
2.025,46.5,0.06564671766
2.025,47.5,0.07024648768
2.025,48.5,0.07799610019
2.025,49.5,0.08409579521
2.025,50.5,0.09529523524
2.025,51.5,0.1065946703
2.025,52.5,0.1126943653
2.025,53.5,0.1183940803
2.025,54.5,0.1248937553
2.025,55.5,0.1342432878
2.025,56.5,0.1294435278
2.025,57.5,0.1339433028
2.025,58.5,0.1316934153
2.025,59.5,0.1364431778
2.025,60.5,0.1258437078
2.025,61.5,0.1279436028
2.025,62.5,0.1151442428
2.025,63.5,0.1128943553
2.025,64.5,0.1050447478
2.025,65.5,0.1005449728
2.025,66.5,0.09784510774
2.025,67.5,0.09584520774
2.025,68.5,0.09499525024
2.025,69.5,0.09394530273
2.025,70.5,0.09899505025
2.025,71.5,0.1043947803
2.025,72.5,0.1122943853
2.025,73.5,0.1184940753
2.025,74.5,0.1303434828
2.025,75.5,0.1370931453
2.025,76.5,0.1496425179
2.025,77.5,0.1611419429
2.025,78.5,0.1628918554
2.025,79.5,0.1796910154
2.025,80.5,0.1874906255
2.025,81.5,0.194640268
2.025,82.5,0.190540473
2.025,83.5,0.192340383
2.025,84.5,0.1939903005
2.025,85.5,0.192940353
2.025,86.5,0.183040848
2.025,87.5,0.1725413729
2.025,88.5,0.1575921204
2.025,89.5,0.1438428079
2.025,90.5,0.1264936753
2.025,91.5,0.1110944453
2.025,92.5,0.09499525024
2.025,93.5,0.07674616269
2.025,94.5,0.06229688516
2.025,95.5,0.04994750262
2.025,96.5,0.04259787011
2.025,97.5,0.03234838258
2.025,98.5,0.02479876006
2.025,99.5,0.01939903005
2.025,100.5,0.01509924504
2.025,101.5,0.01059947003
2.025,102.5,0.007049647518
2.025,103.5,0.005649717514
2.025,104.5,0.00389980501
2.025,105.5,0.003399830008
2.025,106.5,0.002199890005
2.025,107.5,0.0009499525024
2.025,108.5,0.0009999500025
2.025,109.5,0.0009999500025
2.025,110.5,0.000399980001
2.025,111.5,0.0008999550022
2.025,112.5,0.0001499925004
2.025,113.5,9.999500025e-05
2.025,114.5,9.999500025e-05
2.025,115.5,0.0001499925004
2.025,116.5,0
2.025,117.5,4.999750012e-05
2.025,118.5,0
2.025,119.5,9.999500025e-05
2.025,120.5,0
2.025,121.5,0
2.025,122.5,4.999750012e-05
2.025,123.5,0
2.025,124.5,0
2.025,125.5,0
2.025,126.5,0
2.025,127.5,0
2.025,128.5,0
2.025,129.5,0
2.025,130.5,0
2.025,131.5,0
2.025,132.5,0
2.025,133.5,0
2.025,134.5,0
2.025,135.5,0
2.025,136.5,0
2.025,137.5,0
2.025,138.5,0
2.025,139.5,0
2.025,140.5,0
2.025,141.5,0
2.025,142.5,0
2.025,143.5,0
2.025,144.5,0
2.025,145.5,0
2.025,146.5,0
2.025,147.5,0
2.025,148.5,0
2.025,149.5,0
2.025,150.5,0
2.025,151.5,0
2.025,152.5,0
2.025,153.5,0
2.025,154.5,0
2.025,155.5,0
2.025,156.5,0
2.025,157.5,0
2.025,158.5,0
2.025,159.5,0
2.025,160.5,0
2.025,161.5,0
2.025,162.5,0
2.025,163.5,0
2.025,164.5,0
2.025,165.5,0
2.025,166.5,0
2.025,167.5,0
2.025,168.5,0
2.025,169.5,0
2.025,170.5,0
2.025,171.5,0
2.025,172.5,0
2.025,173.5,0
2.025,174.5,0
2.025,175.5,0
2.025,176.5,0
2.025,177.5,0
2.025,178.5,0
2.025,179.5,0
2.075,0.5,0
2.075,1.5,0
2.075,2.5,0
2.075,3.5,0
2.075,4.5,0
2.075,5.5,0
2.075,6.5,0
2.075,7.5,0
2.075,8.5,4.999750012e-05
2.075,9.5,9.999500025e-05
2.075,10.5,4.999750012e-05
2.075,11.5,4.999750012e-05
2.075,12.5,0.0002499875006
2.075,13.5,0
2.075,14.5,0.0002999850007
2.075,15.5,0.0004499775011
2.075,16.5,0.0002999850007
2.075,17.5,0.0004999750012
2.075,18.5,0.0004999750012
2.075,19.5,0.0004999750012
2.075,20.5,0.0007499625019
2.075,21.5,0.001099945003
2.075,22.5,0.001149942503
2.075,23.5,0.001499925004
2.075,24.5,0.001599920004
2.075,25.5,0.002299885006
2.075,26.5,0.002649867507
2.075,27.5,0.003049847508
2.075,28.5,0.003649817509
2.075,29.5,0.004749762512
2.075,30.5,0.005149742513
2.075,31.5,0.005699715014
2.075,32.5,0.007249637518
2.075,33.5,0.007699615019
2.075,34.5,0.008799560022
2.075,35.5,0.01004949753
2.075,36.5,0.01134943253
2.075,37.5,0.01304934753
2.075,38.5,0.01384930753
2.075,39.5,0.01624918754
2.075,40.5,0.01774911254
2.075,41.5,0.01929903505
2.075,42.5,0.02074896255
2.075,43.5,0.02404879756
2.075,44.5,0.02529873506
2.075,45.5,0.03109844508
2.075,46.5,0.03279836008
2.075,47.5,0.03649817509
2.075,48.5,0.0390480476
2.075,49.5,0.04659767012
2.075,50.5,0.04759762012
2.075,51.5,0.05129743513
2.075,52.5,0.05894705265
2.075,53.5,0.06294685266
2.075,54.5,0.06324683766
2.075,55.5,0.06669666517
2.075,56.5,0.07074646268
2.075,57.5,0.07124643768
2.075,58.5,0.07759612019
2.075,59.5,0.07449627519
2.075,60.5,0.07304634768
2.075,61.5,0.07229638518
2.075,62.5,0.06709664517
2.075,63.5,0.06319684016
2.075,64.5,0.06319684016
2.075,65.5,0.05774711264
2.075,66.5,0.05489725514
2.075,67.5,0.05434728264
2.075,68.5,0.05189740513
2.075,69.5,0.05424728764
2.075,70.5,0.05314734263
2.075,71.5,0.05694715264
2.075,72.5,0.05909704515
2.075,73.5,0.06029698515
2.075,74.5,0.06519674016
2.075,75.5,0.07074646268
2.075,76.5,0.07594620269
2.075,77.5,0.0808459577
2.075,78.5,0.08504574771
2.075,79.5,0.09499525024
2.075,80.5,0.09789510524
2.075,81.5,0.09889505525
2.075,82.5,0.1008449578
2.075,83.5,0.1029448528
2.075,84.5,0.1067946603
2.075,85.5,0.1049447528
2.075,86.5,0.1046947653
2.075,87.5,0.09819509025
2.075,88.5,0.09329533523
2.075,89.5,0.08359582021
2.075,90.5,0.07569621519
2.075,91.5,0.06984650767
2.075,92.5,0.06419679016
2.075,93.5,0.05454727264
2.075,94.5,0.04559772011
2.075,95.5,0.03719814009
2.075,96.5,0.02994850257
2.075,97.5,0.02474876256
2.075,98.5,0.02039898005
2.075,99.5,0.01509924504
2.075,100.5,0.01289935503
2.075,101.5,0.008399580021
2.075,102.5,0.006949652517
2.075,103.5,0.00419979001
2.075,104.5,0.003649817509
2.075,105.5,0.002849857507
2.075,106.5,0.001799910004
2.075,107.5,0.001149942503
2.075,108.5,0.0009499525024
2.075,109.5,0.0007499625019
2.075,110.5,0.0005499725014
2.075,111.5,0.0005499725014
2.075,112.5,0.0003499825009
2.075,113.5,0.0001999900005
2.075,114.5,0.0001999900005
2.075,115.5,9.999500025e-05
2.075,116.5,9.999500025e-05
2.075,117.5,4.999750012e-05
2.075,118.5,4.999750012e-05
2.075,119.5,4.999750012e-05
2.075,120.5,0
2.075,121.5,0
2.075,122.5,0
2.075,123.5,0
2.075,124.5,0
2.075,125.5,0
2.075,126.5,0
2.075,127.5,0
2.075,128.5,0
2.075,129.5,0
2.075,130.5,0
2.075,131.5,0
2.075,132.5,0
2.075,133.5,0
2.075,134.5,0
2.075,135.5,0
2.075,136.5,0
2.075,137.5,0
2.075,138.5,0
2.075,139.5,0
2.075,140.5,0
2.075,141.5,0
2.075,142.5,0
2.075,143.5,0
2.075,144.5,0
2.075,145.5,0
2.075,146.5,0
2.075,147.5,0
2.075,148.5,0
2.075,149.5,0
2.075,150.5,0
2.075,151.5,0
2.075,152.5,0
2.075,153.5,0
2.075,154.5,0
2.075,155.5,0
2.075,156.5,0
2.075,157.5,0
2.075,158.5,0
2.075,159.5,0
2.075,160.5,0
2.075,161.5,0
2.075,162.5,0
2.075,163.5,0
2.075,164.5,0
2.075,165.5,0
2.075,166.5,0
2.075,167.5,0
2.075,168.5,0
2.075,169.5,0
2.075,170.5,0
2.075,171.5,0
2.075,172.5,0
2.075,173.5,0
2.075,174.5,0
2.075,175.5,0
2.075,176.5,0
2.075,177.5,0
2.075,178.5,0
2.075,179.5,0
2.125,0.5,0
2.125,1.5,0
2.125,2.5,0
2.125,3.5,0
2.125,4.5,0
2.125,5.5,0
2.125,6.5,0
2.125,7.5,0
2.125,8.5,0
2.125,9.5,4.999750012e-05
2.125,10.5,0.0001499925004
2.125,11.5,4.999750012e-05
2.125,12.5,9.999500025e-05
2.125,13.5,4.999750012e-05
2.125,14.5,0.0001499925004
2.125,15.5,9.999500025e-05
2.125,16.5,4.999750012e-05
2.125,17.5,0.0002499875006
2.125,18.5,0.0002499875006
2.125,19.5,0.0003499825009
2.125,20.5,0.0004999750012
2.125,21.5,0.0004999750012
2.125,22.5,0.0005999700015
2.125,23.5,0.0005999700015
2.125,24.5,0.0005999700015
2.125,25.5,0.0009999500025
2.125,26.5,0.001049947503
2.125,27.5,0.0009999500025
2.125,28.5,0.001599920004
2.125,29.5,0.001899905005
2.125,30.5,0.001649917504
2.125,31.5,0.001949902505
2.125,32.5,0.002799860007
2.125,33.5,0.002449877506
2.125,34.5,0.003799810009
2.125,35.5,0.004749762512
2.125,36.5,0.005049747513
2.125,37.5,0.005749712514
2.125,38.5,0.006049697515
2.125,39.5,0.006599670016
2.125,40.5,0.007149642518
2.125,41.5,0.00819959002
2.125,42.5,0.008849557522
2.125,43.5,0.01134943253
2.125,44.5,0.01109944503
2.125,45.5,0.01309934503
2.125,46.5,0.01429928504
2.125,47.5,0.01594920254
2.125,48.5,0.01649917504
2.125,49.5,0.01654917254
2.125,50.5,0.02009899505
2.125,51.5,0.02239888006
2.125,52.5,0.02489875506
2.125,53.5,0.02689865507
2.125,54.5,0.02779861007
2.125,55.5,0.03184840758
2.125,56.5,0.02884855757
2.125,57.5,0.03429828509
2.125,58.5,0.03254837258
2.125,59.5,0.03439828009
2.125,60.5,0.03594820259
2.125,61.5,0.03229838508
2.125,62.5,0.03454827259
2.125,63.5,0.03124843758
2.125,64.5,0.03174841258
2.125,65.5,0.02884855757
2.125,66.5,0.02569871506
2.125,67.5,0.02529873506
2.125,68.5,0.02514874256
2.125,69.5,0.02499875006
2.125,70.5,0.02759862007
2.125,71.5,0.02634868257
2.125,72.5,0.02714864257
2.125,73.5,0.02684865757
2.125,74.5,0.02964851757
2.125,75.5,0.03254837258
2.125,76.5,0.03469826509
2.125,77.5,0.03629818509
2.125,78.5,0.03679816009
2.125,79.5,0.0411979401
2.125,80.5,0.0393980301
2.125,81.5,0.04544772761
2.125,82.5,0.04789760512
2.125,83.5,0.04799760012
2.125,84.5,0.04589770511
2.125,85.5,0.04844757762
2.125,86.5,0.04869756512
2.125,87.5,0.04989750512
2.125,88.5,0.04629768512
2.125,89.5,0.04614769262
2.125,90.5,0.0406479676
2.125,91.5,0.0380480976
2.125,92.5,0.03514824259
2.125,93.5,0.03084845758
2.125,94.5,0.02434878256
2.125,95.5,0.02084895755
2.125,96.5,0.01689915504
2.125,97.5,0.01539923004
2.125,98.5,0.01194940253
2.125,99.5,0.009049547523
2.125,100.5,0.00799960002
2.125,101.5,0.006099695015
2.125,102.5,0.004749762512
2.125,103.5,0.003099845008
2.125,104.5,0.003399830008
2.125,105.5,0.001699915004
2.125,106.5,0.001349932503
2.125,107.5,0.0009499525024
2.125,108.5,0.0006999650017
2.125,109.5,0.0006999650017
2.125,110.5,0.0006999650017
2.125,111.5,9.999500025e-05
2.125,112.5,0.0002999850007
2.125,113.5,0.0001499925004
2.125,114.5,4.999750012e-05
2.125,115.5,0
2.125,116.5,9.999500025e-05
2.125,117.5,0
2.125,118.5,0
2.125,119.5,0
2.125,120.5,0
2.125,121.5,0
2.125,122.5,0
2.125,123.5,0
2.125,124.5,0
2.125,125.5,0
2.125,126.5,0
2.125,127.5,0
2.125,128.5,0
2.125,129.5,0
2.125,130.5,0
2.125,131.5,0
2.125,132.5,0
2.125,133.5,0
2.125,134.5,0
2.125,135.5,0
2.125,136.5,0
2.125,137.5,0
2.125,138.5,0
2.125,139.5,0
2.125,140.5,0
2.125,141.5,0
2.125,142.5,0
2.125,143.5,0
2.125,144.5,0
2.125,145.5,0
2.125,146.5,0
2.125,147.5,0
2.125,148.5,0
2.125,149.5,0
2.125,150.5,0
2.125,151.5,0
2.125,152.5,0
2.125,153.5,0
2.125,154.5,0
2.125,155.5,0
2.125,156.5,0
2.125,157.5,0
2.125,158.5,0
2.125,159.5,0
2.125,160.5,0
2.125,161.5,0
2.125,162.5,0
2.125,163.5,0
2.125,164.5,0
2.125,165.5,0
2.125,166.5,0
2.125,167.5,0
2.125,168.5,0
2.125,169.5,0
2.125,170.5,0
2.125,171.5,0
2.125,172.5,0
2.125,173.5,0
2.125,174.5,0
2.125,175.5,0
2.125,176.5,0
2.125,177.5,0
2.125,178.5,0
2.125,179.5,0
2.175,0.5,0
2.175,1.5,0
2.175,2.5,0
2.175,3.5,0
2.175,4.5,0
2.175,5.5,0
2.175,6.5,0
2.175,7.5,4.999750012e-05
2.175,8.5,0
2.175,9.5,0
2.175,10.5,4.999750012e-05
2.175,11.5,4.999750012e-05
2.175,12.5,0.0001499925004
2.175,13.5,9.999500025e-05
2.175,14.5,0.0001499925004
2.175,15.5,0.0001999900005
2.175,16.5,0.0002499875006
2.175,17.5,9.999500025e-05
2.175,18.5,0.0003499825009
2.175,19.5,0.0001999900005
2.175,20.5,0.0002499875006
2.175,21.5,0.0001499925004
2.175,22.5,0.000399980001
2.175,23.5,0.0002999850007
2.175,24.5,0.0002999850007
2.175,25.5,0.0004999750012
2.175,26.5,0.0004999750012
2.175,27.5,0.0005499725014
2.175,28.5,0.0005499725014
2.175,29.5,0.0004999750012
2.175,30.5,0.001099945003
2.175,31.5,0.001599920004
2.175,32.5,0.001199940003
2.175,33.5,0.001249937503
2.175,34.5,0.001549922504
2.175,35.5,0.001849907505
2.175,36.5,0.001849907505
2.175,37.5,0.002299885006
2.175,38.5,0.002349882506
2.175,39.5,0.002199890005
2.175,40.5,0.003049847508
2.175,41.5,0.003299835008
2.175,42.5,0.003249837508
2.175,43.5,0.00389980501
2.175,44.5,0.004649767512
2.175,45.5,0.005099745013
2.175,46.5,0.005549722514
2.175,47.5,0.005849707515
2.175,48.5,0.005949702515
2.175,49.5,0.007699615019
2.175,50.5,0.007449627519
2.175,51.5,0.008799560022
2.175,52.5,0.009649517524
2.175,53.5,0.01009949503
2.175,54.5,0.01104944753
2.175,55.5,0.01194940253
2.175,56.5,0.01149942503
2.175,57.5,0.01289935503
2.175,58.5,0.01339933003
2.175,59.5,0.01364931753
2.175,60.5,0.01479926004
2.175,61.5,0.01489925504
2.175,62.5,0.01364931753
2.175,63.5,0.01389930503
2.175,64.5,0.01444927754
2.175,65.5,0.01439928004
2.175,66.5,0.01194940253
2.175,67.5,0.01114944253
2.175,68.5,0.01074946253
2.175,69.5,0.01054947253
2.175,70.5,0.01074946253
2.175,71.5,0.01074946253
2.175,72.5,0.01079946003
2.175,73.5,0.01099945003
2.175,74.5,0.01159942003
2.175,75.5,0.01359932003
2.175,76.5,0.01284935753
2.175,77.5,0.01464926754
2.175,78.5,0.01399930003
2.175,79.5,0.01569921504
2.175,80.5,0.01724913754
2.175,81.5,0.01799910004
2.175,82.5,0.01819909005
2.175,83.5,0.01889905505
2.175,84.5,0.01844907755
2.175,85.5,0.02004899755
2.175,86.5,0.01964901755
2.175,87.5,0.02089895505
2.175,88.5,0.02079896005
2.175,89.5,0.01994900255
2.175,90.5,0.01739913004
2.175,91.5,0.01704914754
2.175,92.5,0.01704914754
2.175,93.5,0.01369931503
2.175,94.5,0.01239938003
2.175,95.5,0.01179941003
2.175,96.5,0.009549522524
2.175,97.5,0.008499575021
2.175,98.5,0.005549722514
2.175,99.5,0.005749712514
2.175,100.5,0.003399830008
2.175,101.5,0.003249837508
2.175,102.5,0.002649867507
2.175,103.5,0.001749912504
2.175,104.5,0.001449927504
2.175,105.5,0.001699915004
2.175,106.5,0.0009999500025
2.175,107.5,0.0005999700015
2.175,108.5,0.000399980001
2.175,109.5,0.0004999750012
2.175,110.5,0.0001499925004
2.175,111.5,0.0001999900005
2.175,112.5,0.0001499925004
2.175,113.5,0.0001999900005
2.175,114.5,0
2.175,115.5,0
2.175,116.5,0
2.175,117.5,4.999750012e-05
2.175,118.5,0.0001499925004
2.175,119.5,9.999500025e-05
2.175,120.5,4.999750012e-05
2.175,121.5,0
2.175,122.5,0
2.175,123.5,4.999750012e-05
2.175,124.5,0
2.175,125.5,4.999750012e-05
2.175,126.5,0
2.175,127.5,0
2.175,128.5,0
2.175,129.5,0
2.175,130.5,0
2.175,131.5,0
2.175,132.5,0
2.175,133.5,0
2.175,134.5,0
2.175,135.5,0
2.175,136.5,0
2.175,137.5,0
2.175,138.5,0
2.175,139.5,0
2.175,140.5,0
2.175,141.5,0
2.175,142.5,0
2.175,143.5,0
2.175,144.5,0
2.175,145.5,0
2.175,146.5,0
2.175,147.5,0
2.175,148.5,0
2.175,149.5,0
2.175,150.5,0
2.175,151.5,0
2.175,152.5,0
2.175,153.5,0
2.175,154.5,0
2.175,155.5,0
2.175,156.5,0
2.175,157.5,0
2.175,158.5,0
2.175,159.5,0
2.175,160.5,0
2.175,161.5,0
2.175,162.5,0
2.175,163.5,0
2.175,164.5,0
2.175,165.5,0
2.175,166.5,0
2.175,167.5,0
2.175,168.5,0
2.175,169.5,0
2.175,170.5,0
2.175,171.5,0
2.175,172.5,0
2.175,173.5,0
2.175,174.5,0
2.175,175.5,0
2.175,176.5,0
2.175,177.5,0
2.175,178.5,0
2.175,179.5,0
2.225,0.5,0
2.225,1.5,0
2.225,2.5,4.999750012e-05
2.225,3.5,4.999750012e-05
2.225,4.5,4.999750012e-05
2.225,5.5,4.999750012e-05
2.225,6.5,0
2.225,7.5,0
2.225,8.5,4.999750012e-05
2.225,9.5,0
2.225,10.5,0
2.225,11.5,0
2.225,12.5,4.999750012e-05
2.225,13.5,0
2.225,14.5,4.999750012e-05
2.225,15.5,0
2.225,16.5,0
2.225,17.5,4.999750012e-05
2.225,18.5,9.999500025e-05
2.225,19.5,4.999750012e-05
2.225,20.5,0.0002499875006
2.225,21.5,0.0002499875006
2.225,22.5,0.0001999900005
2.225,23.5,0.0001999900005
2.225,24.5,0.0002999850007
2.225,25.5,0.0001499925004
2.225,26.5,0.000399980001
2.225,27.5,0.0004499775011
2.225,28.5,0.0003499825009
2.225,29.5,0.0005499725014
2.225,30.5,0.0004999750012
2.225,31.5,0.0004499775011
2.225,32.5,0.0004999750012
2.225,33.5,0.0006499675016
2.225,34.5,0.0007499625019
2.225,35.5,0.0004499775011
2.225,36.5,0.0004999750012
2.225,37.5,0.0004999750012
2.225,38.5,0.000799960002
2.225,39.5,0.0008499575021
2.225,40.5,0.0007499625019
2.225,41.5,0.001099945003
2.225,42.5,0.001499925004
2.225,43.5,0.001199940003
2.225,44.5,0.001099945003
2.225,45.5,0.001499925004
2.225,46.5,0.001849907505
2.225,47.5,0.002099895005
2.225,48.5,0.002149892505
2.225,49.5,0.002199890005
2.225,50.5,0.002349882506
2.225,51.5,0.002699865007
2.225,52.5,0.002899855007
2.225,53.5,0.002699865007
2.225,54.5,0.002699865007
2.225,55.5,0.004549772511
2.225,56.5,0.004549772511
2.225,57.5,0.004949752512
2.225,58.5,0.004899755012
2.225,59.5,0.005099745013
2.225,60.5,0.005099745013
2.225,61.5,0.004599770011
2.225,62.5,0.005449727514
2.225,63.5,0.004949752512
2.225,64.5,0.004499775011
2.225,65.5,0.004449777511
2.225,66.5,0.004599770011
2.225,67.5,0.004699765012
2.225,68.5,0.004649767512
2.225,69.5,0.00394980251
2.225,70.5,0.00414979251
2.225,71.5,0.00384980751
2.225,72.5,0.00399980001
2.225,73.5,0.003599820009
2.225,74.5,0.004649767512
2.225,75.5,0.004749762512
2.225,76.5,0.005299735013
2.225,77.5,0.003799810009
2.225,78.5,0.006249687516
2.225,79.5,0.004849757512
2.225,80.5,0.005999700015
2.225,81.5,0.006649667517
2.225,82.5,0.007649617519
2.225,83.5,0.007249637518
2.225,84.5,0.007349632518
2.225,85.5,0.007799610019
2.225,86.5,0.007349632518
2.225,87.5,0.008649567522
2.225,88.5,0.00819959002
2.225,89.5,0.008499575021
2.225,90.5,0.007199640018
2.225,91.5,0.007149642518
2.225,92.5,0.007799610019
2.225,93.5,0.006799660017
2.225,94.5,0.006449677516
2.225,95.5,0.00414979251
2.225,96.5,0.005349732513
2.225,97.5,0.00414979251
2.225,98.5,0.003199840008
2.225,99.5,0.002599870006
2.225,100.5,0.001699915004
2.225,101.5,0.001999900005
2.225,102.5,0.001649917504
2.225,103.5,0.001149942503
2.225,104.5,0.0009499525024
2.225,105.5,0.001249937503
2.225,106.5,0.0004499775011
2.225,107.5,0.0006999650017
2.225,108.5,0.0001499925004
2.225,109.5,0.0002999850007
2.225,110.5,4.999750012e-05
2.225,111.5,9.999500025e-05
2.225,112.5,4.999750012e-05
2.225,113.5,4.999750012e-05
2.225,114.5,0
2.225,115.5,4.999750012e-05
2.225,116.5,4.999750012e-05
2.225,117.5,0
2.225,118.5,0
2.225,119.5,4.999750012e-05
2.225,120.5,0
2.225,121.5,0
2.225,122.5,4.999750012e-05
2.225,123.5,0
2.225,124.5,0
2.225,125.5,0
2.225,126.5,4.999750012e-05
2.225,127.5,4.999750012e-05
2.225,128.5,0
2.225,129.5,0
2.225,130.5,0
2.225,131.5,0
2.225,132.5,0
2.225,133.5,0
2.225,134.5,0
2.225,135.5,0
2.225,136.5,0
2.225,137.5,0
2.225,138.5,0
2.225,139.5,0
2.225,140.5,0
2.225,141.5,0
2.225,142.5,0
2.225,143.5,0
2.225,144.5,0
2.225,145.5,0
2.225,146.5,0
2.225,147.5,0
2.225,148.5,0
2.225,149.5,0
2.225,150.5,0
2.225,151.5,0
2.225,152.5,0
2.225,153.5,0
2.225,154.5,0
2.225,155.5,0
2.225,156.5,0
2.225,157.5,0
2.225,158.5,0
2.225,159.5,0
2.225,160.5,0
2.225,161.5,0
2.225,162.5,0
2.225,163.5,0
2.225,164.5,0
2.225,165.5,0
2.225,166.5,0
2.225,167.5,0
2.225,168.5,0
2.225,169.5,0
2.225,170.5,0
2.225,171.5,0
2.225,172.5,0
2.225,173.5,0
2.225,174.5,0
2.225,175.5,0
2.225,176.5,0
2.225,177.5,0
2.225,178.5,0
2.225,179.5,0
2.275,0.5,0
2.275,1.5,0
2.275,2.5,0
2.275,3.5,0
2.275,4.5,0
2.275,5.5,0
2.275,6.5,0
2.275,7.5,0
2.275,8.5,0
2.275,9.5,0
2.275,10.5,4.999750012e-05
2.275,11.5,0
2.275,12.5,4.999750012e-05
2.275,13.5,0
2.275,14.5,0
2.275,15.5,4.999750012e-05
2.275,16.5,0
2.275,17.5,0
2.275,18.5,9.999500025e-05
2.275,19.5,0
2.275,20.5,4.999750012e-05
2.275,21.5,0
2.275,22.5,9.999500025e-05
2.275,23.5,4.999750012e-05
2.275,24.5,0
2.275,25.5,4.999750012e-05
2.275,26.5,4.999750012e-05
2.275,27.5,4.999750012e-05
2.275,28.5,0.0002999850007
2.275,29.5,0.0002499875006
2.275,30.5,0.0001999900005
2.275,31.5,0.0002499875006
2.275,32.5,0.000399980001
2.275,33.5,0.0001999900005
2.275,34.5,0.0004499775011
2.275,35.5,0.0001999900005
2.275,36.5,0.0001999900005
2.275,37.5,0.0002499875006
2.275,38.5,0.0002999850007
2.275,39.5,0.000399980001
2.275,40.5,0.0004499775011
2.275,41.5,0.0004499775011
2.275,42.5,0.0002999850007
2.275,43.5,0.0003499825009
2.275,44.5,0.0005999700015
2.275,45.5,0.0006499675016
2.275,46.5,0.0007499625019
2.275,47.5,0.0005499725014
2.275,48.5,0.000399980001
2.275,49.5,0.0004499775011
2.275,50.5,0.0005999700015
2.275,51.5,0.0008999550022
2.275,52.5,0.0004999750012
2.275,53.5,0.001349932503
2.275,54.5,0.001349932503
2.275,55.5,0.001149942503
2.275,56.5,0.001299935003
2.275,57.5,0.001249937503
2.275,58.5,0.001799910004
2.275,59.5,0.001449927504
2.275,60.5,0.002049897505
2.275,61.5,0.002149892505
2.275,62.5,0.001999900005
2.275,63.5,0.001699915004
2.275,64.5,0.001449927504
2.275,65.5,0.001549922504
2.275,66.5,0.001949902505
2.275,67.5,0.001799910004
2.275,68.5,0.001999900005
2.275,69.5,0.001199940003
2.275,70.5,0.001199940003
2.275,71.5,0.001149942503
2.275,72.5,0.001749912504
2.275,73.5,0.001249937503
2.275,74.5,0.001549922504
2.275,75.5,0.001249937503
2.275,76.5,0.001149942503
2.275,77.5,0.001849907505
2.275,78.5,0.002349882506
2.275,79.5,0.002099895005
2.275,80.5,0.002099895005
2.275,81.5,0.002649867507
2.275,82.5,0.002249887506
2.275,83.5,0.002649867507
2.275,84.5,0.002549872506
2.275,85.5,0.002549872506
2.275,86.5,0.002299885006
2.275,87.5,0.002749862507
2.275,88.5,0.003499825009
2.275,89.5,0.003349832508
2.275,90.5,0.003349832508
2.275,91.5,0.002849857507
2.275,92.5,0.002949852507
2.275,93.5,0.003399830008
2.275,94.5,0.003649817509
2.275,95.5,0.002349882506
2.275,96.5,0.002499875006
2.275,97.5,0.001899905005
2.275,98.5,0.001849907505
2.275,99.5,0.001499925004
2.275,100.5,0.001199940003
2.275,101.5,0.0008999550022
2.275,102.5,0.001049947503
2.275,103.5,0.000399980001
2.275,104.5,0.0005499725014
2.275,105.5,0.0006499675016
2.275,106.5,0.0006499675016
2.275,107.5,0.0002999850007
2.275,108.5,0.0002499875006
2.275,109.5,9.999500025e-05
2.275,110.5,0.0001499925004
2.275,111.5,0.0002999850007
2.275,112.5,9.999500025e-05
2.275,113.5,0
2.275,114.5,0
2.275,115.5,0
2.275,116.5,0
2.275,117.5,0
2.275,118.5,0
2.275,119.5,0
2.275,120.5,0
2.275,121.5,0
2.275,122.5,0
2.275,123.5,0
2.275,124.5,0
2.275,125.5,0
2.275,126.5,0
2.275,127.5,0
2.275,128.5,0
2.275,129.5,0
2.275,130.5,0
2.275,131.5,0
2.275,132.5,0
2.275,133.5,0
2.275,134.5,0
2.275,135.5,0
2.275,136.5,0
2.275,137.5,0
2.275,138.5,0
2.275,139.5,0
2.275,140.5,0
2.275,141.5,0
2.275,142.5,0
2.275,143.5,0
2.275,144.5,0
2.275,145.5,0
2.275,146.5,0
2.275,147.5,0
2.275,148.5,0
2.275,149.5,0
2.275,150.5,0
2.275,151.5,0
2.275,152.5,0
2.275,153.5,0
2.275,154.5,0
2.275,155.5,0
2.275,156.5,0
2.275,157.5,0
2.275,158.5,0
2.275,159.5,0
2.275,160.5,0
2.275,161.5,0
2.275,162.5,0
2.275,163.5,0
2.275,164.5,0
2.275,165.5,0
2.275,166.5,0
2.275,167.5,0
2.275,168.5,0
2.275,169.5,0
2.275,170.5,0
2.275,171.5,0
2.275,172.5,0
2.275,173.5,0
2.275,174.5,0
2.275,175.5,0
2.275,176.5,0
2.275,177.5,0
2.275,178.5,0
2.275,179.5,0
2.325,0.5,0
2.325,1.5,0
2.325,2.5,0
2.325,3.5,0
2.325,4.5,0
2.325,5.5,4.999750012e-05
2.325,6.5,0
2.325,7.5,0
2.325,8.5,0
2.325,9.5,0
2.325,10.5,0
2.325,11.5,4.999750012e-05
2.325,12.5,0
2.325,13.5,0
2.325,14.5,0
2.325,15.5,0
2.325,16.5,4.999750012e-05
2.325,17.5,4.999750012e-05
2.325,18.5,4.999750012e-05
2.325,19.5,0
2.325,20.5,0
2.325,21.5,0
2.325,22.5,4.999750012e-05
2.325,23.5,9.999500025e-05
2.325,24.5,4.999750012e-05
2.325,25.5,4.999750012e-05
2.325,26.5,4.999750012e-05
2.325,27.5,9.999500025e-05
2.325,28.5,4.999750012e-05
2.325,29.5,9.999500025e-05
2.325,30.5,9.999500025e-05
2.325,31.5,0
2.325,32.5,9.999500025e-05
2.325,33.5,4.999750012e-05
2.325,34.5,0
2.325,35.5,0
2.325,36.5,4.999750012e-05
2.325,37.5,9.999500025e-05
2.325,38.5,4.999750012e-05
2.325,39.5,4.999750012e-05
2.325,40.5,0
2.325,41.5,0.0001999900005
2.325,42.5,0.0001999900005
2.325,43.5,4.999750012e-05
2.325,44.5,0.0001999900005
2.325,45.5,0
2.325,46.5,0
2.325,47.5,0.0001499925004
2.325,48.5,0.0004499775011
2.325,49.5,0.0003499825009
2.325,50.5,0.0001499925004
2.325,51.5,9.999500025e-05
2.325,52.5,0.0001999900005
2.325,53.5,0.0002499875006
2.325,54.5,0.0002499875006
2.325,55.5,0.0002499875006
2.325,56.5,0.0004499775011
2.325,57.5,0.0003499825009
2.325,58.5,0.0006999650017
2.325,59.5,0.0003499825009
2.325,60.5,0.0007499625019
2.325,61.5,0.000399980001
2.325,62.5,0.0006999650017
2.325,63.5,0.0003499825009
2.325,64.5,0.0003499825009
2.325,65.5,0.0006999650017
2.325,66.5,0.0003499825009
2.325,67.5,0.0005999700015
2.325,68.5,0.0005499725014
2.325,69.5,0.0005499725014
2.325,70.5,0.0004499775011
2.325,71.5,0.0004499775011
2.325,72.5,0.0006999650017
2.325,73.5,0.0005999700015
2.325,74.5,0.0004499775011
2.325,75.5,0.0005499725014
2.325,76.5,0.0003499825009
2.325,77.5,0.0003499825009
2.325,78.5,0.0004499775011
2.325,79.5,0.0003499825009
2.325,80.5,0.0008999550022
2.325,81.5,0.000799960002
2.325,82.5,0.0005499725014
2.325,83.5,0.0007499625019
2.325,84.5,0.0004999750012
2.325,85.5,0.0007499625019
2.325,86.5,0.0008499575021
2.325,87.5,0.0009499525024
2.325,88.5,0.0006499675016
2.325,89.5,0.0008499575021
2.325,90.5,0.0008499575021
2.325,91.5,0.001149942503
2.325,92.5,0.001399930003
2.325,93.5,0.0008999550022
2.325,94.5,0.0009499525024
2.325,95.5,0.0006499675016
2.325,96.5,0.0006499675016
2.325,97.5,0.001199940003
2.325,98.5,0.0006499675016
2.325,99.5,0.001049947503
2.325,100.5,0.0006499675016
2.325,101.5,0.0006999650017
2.325,102.5,0.0004499775011
2.325,103.5,0.0005499725014
2.325,104.5,0.0003499825009
2.325,105.5,0.0001499925004
2.325,106.5,0.0002499875006
2.325,107.5,0.0002999850007
2.325,108.5,4.999750012e-05
2.325,109.5,0
2.325,110.5,0.0001499925004
2.325,111.5,0.0001499925004
2.325,112.5,4.999750012e-05
2.325,113.5,9.999500025e-05
2.325,114.5,4.999750012e-05
2.325,115.5,0
2.325,116.5,9.999500025e-05
2.325,117.5,0
2.325,118.5,0
2.325,119.5,4.999750012e-05
2.325,120.5,4.999750012e-05
2.325,121.5,0
2.325,122.5,0
2.325,123.5,0
2.325,124.5,0
2.325,125.5,0
2.325,126.5,0
2.325,127.5,0
2.325,128.5,0
2.325,129.5,0
2.325,130.5,0
2.325,131.5,0
2.325,132.5,0
2.325,133.5,0
2.325,134.5,0
2.325,135.5,0
2.325,136.5,0
2.325,137.5,0
2.325,138.5,0
2.325,139.5,0
2.325,140.5,0
2.325,141.5,0
2.325,142.5,0
2.325,143.5,0
2.325,144.5,0
2.325,145.5,0
2.325,146.5,0
2.325,147.5,0
2.325,148.5,0
2.325,149.5,0
2.325,150.5,0
2.325,151.5,0
2.325,152.5,0
2.325,153.5,0
2.325,154.5,0
2.325,155.5,0
2.325,156.5,0
2.325,157.5,0
2.325,158.5,0
2.325,159.5,0
2.325,160.5,0
2.325,161.5,0
2.325,162.5,0
2.325,163.5,0
2.325,164.5,0
2.325,165.5,0
2.325,166.5,0
2.325,167.5,0
2.325,168.5,0
2.325,169.5,0
2.325,170.5,0
2.325,171.5,0
2.325,172.5,0
2.325,173.5,0
2.325,174.5,0
2.325,175.5,0
2.325,176.5,0
2.325,177.5,0
2.325,178.5,0
2.325,179.5,0
2.375,0.5,0
2.375,1.5,0
2.375,2.5,0
2.375,3.5,0
2.375,4.5,0.0001499925004
2.375,5.5,0
2.375,6.5,0
2.375,7.5,0
2.375,8.5,4.999750012e-05
2.375,9.5,4.999750012e-05
2.375,10.5,0
2.375,11.5,4.999750012e-05
2.375,12.5,0
2.375,13.5,0
2.375,14.5,0
2.375,15.5,0
2.375,16.5,0
2.375,17.5,4.999750012e-05
2.375,18.5,4.999750012e-05
2.375,19.5,0
2.375,20.5,9.999500025e-05
2.375,21.5,0
2.375,22.5,0
2.375,23.5,0
2.375,24.5,0
2.375,25.5,0
2.375,26.5,0
2.375,27.5,0
2.375,28.5,0
2.375,29.5,0
2.375,30.5,0
2.375,31.5,4.999750012e-05
2.375,32.5,0
2.375,33.5,4.999750012e-05
2.375,34.5,0
2.375,35.5,4.999750012e-05
2.375,36.5,0
2.375,37.5,0
2.375,38.5,9.999500025e-05
2.375,39.5,0
2.375,40.5,0
2.375,41.5,0
2.375,42.5,4.999750012e-05
2.375,43.5,4.999750012e-05
2.375,44.5,0
2.375,45.5,0
2.375,46.5,9.999500025e-05
2.375,47.5,0.0001499925004
2.375,48.5,4.999750012e-05
2.375,49.5,4.999750012e-05
2.375,50.5,0
2.375,51.5,0.0001499925004
2.375,52.5,9.999500025e-05
2.375,53.5,4.999750012e-05
2.375,54.5,9.999500025e-05
2.375,55.5,0
2.375,56.5,4.999750012e-05
2.375,57.5,4.999750012e-05
2.375,58.5,4.999750012e-05
2.375,59.5,0.0001499925004
2.375,60.5,0
2.375,61.5,0.0001499925004
2.375,62.5,4.999750012e-05
2.375,63.5,0.0001999900005
2.375,64.5,4.999750012e-05
2.375,65.5,0.0001499925004
2.375,66.5,0
2.375,67.5,0.0001999900005
2.375,68.5,0.0001499925004
2.375,69.5,0.0001499925004
2.375,70.5,4.999750012e-05
2.375,71.5,0.0001999900005
2.375,72.5,0.0001999900005
2.375,73.5,9.999500025e-05
2.375,74.5,9.999500025e-05
2.375,75.5,0.0001999900005
2.375,76.5,9.999500025e-05
2.375,77.5,0.0001999900005
2.375,78.5,9.999500025e-05
2.375,79.5,9.999500025e-05
2.375,80.5,9.999500025e-05
2.375,81.5,0.0001499925004
2.375,82.5,9.999500025e-05
2.375,83.5,0.0001499925004
2.375,84.5,0.0002999850007
2.375,85.5,0.0002499875006
2.375,86.5,4.999750012e-05
2.375,87.5,0.0002999850007
2.375,88.5,0.0001999900005
2.375,89.5,0.0003499825009
2.375,90.5,0.0002999850007
2.375,91.5,0.0001499925004
2.375,92.5,0.0002999850007
2.375,93.5,0.0001499925004
2.375,94.5,0.000399980001
2.375,95.5,0.0002999850007
2.375,96.5,0.0002999850007
2.375,97.5,0.000399980001
2.375,98.5,0.0003499825009
2.375,99.5,0.0001999900005
2.375,100.5,0.0003499825009
2.375,101.5,0.0001499925004
2.375,102.5,0.0001999900005
2.375,103.5,0.0002999850007
2.375,104.5,0.0003499825009
2.375,105.5,4.999750012e-05
2.375,106.5,4.999750012e-05
2.375,107.5,9.999500025e-05
2.375,108.5,0
2.375,109.5,9.999500025e-05
2.375,110.5,9.999500025e-05
2.375,111.5,0.0001499925004
2.375,112.5,4.999750012e-05
2.375,113.5,0
2.375,114.5,0
2.375,115.5,0
2.375,116.5,0
2.375,117.5,9.999500025e-05
2.375,118.5,0
2.375,119.5,0
2.375,120.5,0
2.375,121.5,0
2.375,122.5,0
2.375,123.5,0
2.375,124.5,0
2.375,125.5,0
2.375,126.5,0
2.375,127.5,0
2.375,128.5,0
2.375,129.5,0
2.375,130.5,0
2.375,131.5,0
2.375,132.5,0
2.375,133.5,0
2.375,134.5,0
2.375,135.5,0
2.375,136.5,0
2.375,137.5,0
2.375,138.5,0
2.375,139.5,0
2.375,140.5,0
2.375,141.5,0
2.375,142.5,0
2.375,143.5,0
2.375,144.5,0
2.375,145.5,0
2.375,146.5,0
2.375,147.5,0
2.375,148.5,0
2.375,149.5,0
2.375,150.5,0
2.375,151.5,0
2.375,152.5,0
2.375,153.5,0
2.375,154.5,0
2.375,155.5,0
2.375,156.5,0
2.375,157.5,0
2.375,158.5,0
2.375,159.5,0
2.375,160.5,0
2.375,161.5,0
2.375,162.5,0
2.375,163.5,0
2.375,164.5,0
2.375,165.5,0
2.375,166.5,0
2.375,167.5,0
2.375,168.5,0
2.375,169.5,0
2.375,170.5,0
2.375,171.5,0
2.375,172.5,0
2.375,173.5,0
2.375,174.5,0
2.375,175.5,0
2.375,176.5,0
2.375,177.5,0
2.375,178.5,0
2.375,179.5,0
2.425,0.5,0
2.425,1.5,0
2.425,2.5,0
2.425,3.5,0
2.425,4.5,0
2.425,5.5,0
2.425,6.5,0
2.425,7.5,0
2.425,8.5,0
2.425,9.5,0
2.425,10.5,0
2.425,11.5,0.0001499925004
2.425,12.5,0
2.425,13.5,0
2.425,14.5,4.999750012e-05
2.425,15.5,4.999750012e-05
2.425,16.5,0
2.425,17.5,4.999750012e-05
2.425,18.5,4.999750012e-05
2.425,19.5,0
2.425,20.5,4.999750012e-05
2.425,21.5,4.999750012e-05
2.425,22.5,4.999750012e-05
2.425,23.5,0
2.425,24.5,0
2.425,25.5,4.999750012e-05
2.425,26.5,4.999750012e-05
2.425,27.5,0
2.425,28.5,0
2.425,29.5,4.999750012e-05
2.425,30.5,0
2.425,31.5,4.999750012e-05
2.425,32.5,4.999750012e-05
2.425,33.5,0
2.425,34.5,0
2.425,35.5,0
2.425,36.5,0
2.425,37.5,4.999750012e-05
2.425,38.5,0
2.425,39.5,0
2.425,40.5,0
2.425,41.5,0
2.425,42.5,0
2.425,43.5,0
2.425,44.5,4.999750012e-05
2.425,45.5,0
2.425,46.5,0
2.425,47.5,0.0001499925004
2.425,48.5,0
2.425,49.5,0
2.425,50.5,4.999750012e-05
2.425,51.5,4.999750012e-05
2.425,52.5,0
2.425,53.5,4.999750012e-05
2.425,54.5,4.999750012e-05
2.425,55.5,0
2.425,56.5,0
2.425,57.5,4.999750012e-05
2.425,58.5,9.999500025e-05
2.425,59.5,4.999750012e-05
2.425,60.5,9.999500025e-05
2.425,61.5,9.999500025e-05
2.425,62.5,4.999750012e-05
2.425,63.5,0
2.425,64.5,0
2.425,65.5,0
2.425,66.5,4.999750012e-05
2.425,67.5,9.999500025e-05
2.425,68.5,0
2.425,69.5,4.999750012e-05
2.425,70.5,4.999750012e-05
2.425,71.5,4.999750012e-05
2.425,72.5,0.0002499875006
2.425,73.5,0.0001499925004
2.425,74.5,4.999750012e-05
2.425,75.5,0
2.425,76.5,9.999500025e-05
2.425,77.5,0
2.425,78.5,9.999500025e-05
2.425,79.5,0.0001999900005
2.425,80.5,9.999500025e-05
2.425,81.5,0
2.425,82.5,0.0001499925004
2.425,83.5,0.0001499925004
2.425,84.5,9.999500025e-05
2.425,85.5,4.999750012e-05
2.425,86.5,0.0002499875006
2.425,87.5,0.0001999900005
2.425,88.5,0.0001999900005
2.425,89.5,9.999500025e-05
2.425,90.5,0.0001999900005
2.425,91.5,0.0001499925004
2.425,92.5,0.0001499925004
2.425,93.5,9.999500025e-05
2.425,94.5,0.0002499875006
2.425,95.5,0.0001499925004
2.425,96.5,0.0002499875006
2.425,97.5,0.0001999900005
2.425,98.5,0.0001499925004
2.425,99.5,0.0001999900005
2.425,100.5,0.0001499925004
2.425,101.5,0.0003499825009
2.425,102.5,0
2.425,103.5,0
2.425,104.5,0.0001999900005
2.425,105.5,0
2.425,106.5,4.999750012e-05
2.425,107.5,0
2.425,108.5,0
2.425,109.5,0
2.425,110.5,9.999500025e-05
2.425,111.5,0
2.425,112.5,0
2.425,113.5,9.999500025e-05
2.425,114.5,4.999750012e-05
2.425,115.5,0
2.425,116.5,0
2.425,117.5,0
2.425,118.5,0
2.425,119.5,0
2.425,120.5,0
2.425,121.5,0
2.425,122.5,0
2.425,123.5,0
2.425,124.5,0
2.425,125.5,0
2.425,126.5,0
2.425,127.5,0
2.425,128.5,0
2.425,129.5,0
2.425,130.5,0
2.425,131.5,0
2.425,132.5,0
2.425,133.5,0
2.425,134.5,0
2.425,135.5,0
2.425,136.5,0
2.425,137.5,0
2.425,138.5,0
2.425,139.5,0
2.425,140.5,0
2.425,141.5,0
2.425,142.5,0
2.425,143.5,0
2.425,144.5,0
2.425,145.5,0
2.425,146.5,0
2.425,147.5,0
2.425,148.5,0
2.425,149.5,0
2.425,150.5,0
2.425,151.5,0
2.425,152.5,0
2.425,153.5,0
2.425,154.5,0
2.425,155.5,0
2.425,156.5,0
2.425,157.5,0
2.425,158.5,0
2.425,159.5,0
2.425,160.5,0
2.425,161.5,0
2.425,162.5,0
2.425,163.5,0
2.425,164.5,0
2.425,165.5,0
2.425,166.5,0
2.425,167.5,0
2.425,168.5,0
2.425,169.5,0
2.425,170.5,0
2.425,171.5,0
2.425,172.5,0
2.425,173.5,0
2.425,174.5,0
2.425,175.5,0
2.425,176.5,0
2.425,177.5,0
2.425,178.5,0
2.425,179.5,0
2.475,0.5,0
2.475,1.5,0
2.475,2.5,0
2.475,3.5,0
2.475,4.5,0
2.475,5.5,0
2.475,6.5,0
2.475,7.5,0
2.475,8.5,0
2.475,9.5,0
2.475,10.5,0
2.475,11.5,0
2.475,12.5,0
2.475,13.5,0
2.475,14.5,0
2.475,15.5,0
2.475,16.5,0
2.475,17.5,0
2.475,18.5,0
2.475,19.5,0
2.475,20.5,0
2.475,21.5,9.999500025e-05
2.475,22.5,9.999500025e-05
2.475,23.5,4.999750012e-05
2.475,24.5,0
2.475,25.5,4.999750012e-05
2.475,26.5,9.999500025e-05
2.475,27.5,4.999750012e-05
2.475,28.5,4.999750012e-05
2.475,29.5,0
2.475,30.5,4.999750012e-05
2.475,31.5,0
2.475,32.5,0
2.475,33.5,0
2.475,34.5,4.999750012e-05
2.475,35.5,0
2.475,36.5,0
2.475,37.5,0
2.475,38.5,4.999750012e-05
2.475,39.5,0
2.475,40.5,4.999750012e-05
2.475,41.5,0
2.475,42.5,4.999750012e-05
2.475,43.5,4.999750012e-05
2.475,44.5,9.999500025e-05
2.475,45.5,0
2.475,46.5,0
2.475,47.5,0
2.475,48.5,0
2.475,49.5,0
2.475,50.5,0
2.475,51.5,0
2.475,52.5,4.999750012e-05
2.475,53.5,0
2.475,54.5,0
2.475,55.5,4.999750012e-05
2.475,56.5,0
2.475,57.5,4.999750012e-05
2.475,58.5,0
2.475,59.5,4.999750012e-05
2.475,60.5,0
2.475,61.5,0
2.475,62.5,0
2.475,63.5,0
2.475,64.5,0
2.475,65.5,4.999750012e-05
2.475,66.5,0
2.475,67.5,4.999750012e-05
2.475,68.5,0
2.475,69.5,0
2.475,70.5,4.999750012e-05
2.475,71.5,0
2.475,72.5,4.999750012e-05
2.475,73.5,0
2.475,74.5,0
2.475,75.5,0
2.475,76.5,4.999750012e-05
2.475,77.5,0
2.475,78.5,0
2.475,79.5,4.999750012e-05
2.475,80.5,0
2.475,81.5,0
2.475,82.5,0
2.475,83.5,4.999750012e-05
2.475,84.5,0
2.475,85.5,4.999750012e-05
2.475,86.5,9.999500025e-05
2.475,87.5,9.999500025e-05
2.475,88.5,0.0001499925004
2.475,89.5,4.999750012e-05
2.475,90.5,0.0001499925004
2.475,91.5,0.0002499875006
2.475,92.5,0.0001499925004
2.475,93.5,4.999750012e-05
2.475,94.5,0.0002499875006
2.475,95.5,0
2.475,96.5,9.999500025e-05
2.475,97.5,4.999750012e-05
2.475,98.5,9.999500025e-05
2.475,99.5,0.0001499925004
2.475,100.5,0
2.475,101.5,0.0001999900005
2.475,102.5,4.999750012e-05
2.475,103.5,0.0001499925004
2.475,104.5,0
2.475,105.5,0
2.475,106.5,0.0001499925004
2.475,107.5,0
2.475,108.5,0
2.475,109.5,0
2.475,110.5,0
2.475,111.5,0
2.475,112.5,0
2.475,113.5,0
2.475,114.5,0
2.475,115.5,0
2.475,116.5,0
2.475,117.5,0
2.475,118.5,0
2.475,119.5,0
2.475,120.5,4.999750012e-05
2.475,121.5,0
2.475,122.5,4.999750012e-05
2.475,123.5,0
2.475,124.5,0
2.475,125.5,0
2.475,126.5,0
2.475,127.5,0
2.475,128.5,4.999750012e-05
2.475,129.5,4.999750012e-05
2.475,130.5,0
2.475,131.5,0
2.475,132.5,0
2.475,133.5,0
2.475,134.5,0
2.475,135.5,0
2.475,136.5,0
2.475,137.5,0
2.475,138.5,0
2.475,139.5,0
2.475,140.5,0
2.475,141.5,0
2.475,142.5,0
2.475,143.5,0
2.475,144.5,0
2.475,145.5,0
2.475,146.5,0
2.475,147.5,0
2.475,148.5,0
2.475,149.5,0
2.475,150.5,0
2.475,151.5,0
2.475,152.5,0
2.475,153.5,0
2.475,154.5,0
2.475,155.5,0
2.475,156.5,0
2.475,157.5,0
2.475,158.5,0
2.475,159.5,0
2.475,160.5,0
2.475,161.5,0
2.475,162.5,0
2.475,163.5,0
2.475,164.5,0
2.475,165.5,0
2.475,166.5,0
2.475,167.5,0
2.475,168.5,0
2.475,169.5,0
2.475,170.5,0
2.475,171.5,0
2.475,172.5,0
2.475,173.5,0
2.475,174.5,0
2.475,175.5,0
2.475,176.5,0
2.475,177.5,0
2.475,178.5,0
2.475,179.5,0
2.525,0.5,0
2.525,1.5,0
2.525,2.5,0
2.525,3.5,0
2.525,4.5,0
2.525,5.5,0
2.525,6.5,0
2.525,7.5,0
2.525,8.5,0
2.525,9.5,0
2.525,10.5,0
2.525,11.5,0
2.525,12.5,4.999750012e-05
2.525,13.5,4.999750012e-05
2.525,14.5,4.999750012e-05
2.525,15.5,0
2.525,16.5,0
2.525,17.5,4.999750012e-05
2.525,18.5,0
2.525,19.5,4.999750012e-05
2.525,20.5,0
2.525,21.5,9.999500025e-05
2.525,22.5,4.999750012e-05
2.525,23.5,4.999750012e-05
2.525,24.5,0
2.525,25.5,4.999750012e-05
2.525,26.5,9.999500025e-05
2.525,27.5,0
2.525,28.5,0
2.525,29.5,0
2.525,30.5,0
2.525,31.5,0
2.525,32.5,0
2.525,33.5,0
2.525,34.5,0
2.525,35.5,0
2.525,36.5,0
2.525,37.5,0
2.525,38.5,0
2.525,39.5,0
2.525,40.5,4.999750012e-05
2.525,41.5,0
2.525,42.5,0
2.525,43.5,0
2.525,44.5,0
2.525,45.5,4.999750012e-05
2.525,46.5,0
2.525,47.5,0
2.525,48.5,0
2.525,49.5,4.999750012e-05
2.525,50.5,0
2.525,51.5,0
2.525,52.5,0
2.525,53.5,0
2.525,54.5,4.999750012e-05
2.525,55.5,0
2.525,56.5,0
2.525,57.5,9.999500025e-05
2.525,58.5,0
2.525,59.5,4.999750012e-05
2.525,60.5,0
2.525,61.5,4.999750012e-05
2.525,62.5,0
2.525,63.5,0
2.525,64.5,4.999750012e-05
2.525,65.5,4.999750012e-05
2.525,66.5,9.999500025e-05
2.525,67.5,0
2.525,68.5,0
2.525,69.5,4.999750012e-05
2.525,70.5,0
2.525,71.5,0
2.525,72.5,0
2.525,73.5,0
2.525,74.5,0
2.525,75.5,0
2.525,76.5,0
2.525,77.5,4.999750012e-05
2.525,78.5,0
2.525,79.5,0
2.525,80.5,0
2.525,81.5,9.999500025e-05
2.525,82.5,4.999750012e-05
2.525,83.5,0
2.525,84.5,9.999500025e-05
2.525,85.5,4.999750012e-05
2.525,86.5,0.0001999900005
2.525,87.5,4.999750012e-05
2.525,88.5,0.0002499875006
2.525,89.5,0.0001499925004
2.525,90.5,0
2.525,91.5,0.0002499875006
2.525,92.5,4.999750012e-05
2.525,93.5,0.0001999900005
2.525,94.5,0.0001499925004
2.525,95.5,0.0001499925004
2.525,96.5,9.999500025e-05
2.525,97.5,4.999750012e-05
2.525,98.5,0.0001499925004
2.525,99.5,9.999500025e-05
2.525,100.5,9.999500025e-05
2.525,101.5,0
2.525,102.5,0.0001499925004
2.525,103.5,4.999750012e-05
2.525,104.5,0.0001499925004
2.525,105.5,0
2.525,106.5,0
2.525,107.5,4.999750012e-05
2.525,108.5,0
2.525,109.5,4.999750012e-05
2.525,110.5,0
2.525,111.5,0
2.525,112.5,0
2.525,113.5,9.999500025e-05
2.525,114.5,0
2.525,115.5,0
2.525,116.5,0
2.525,117.5,0
2.525,118.5,0
2.525,119.5,0
2.525,120.5,0
2.525,121.5,0
2.525,122.5,0
2.525,123.5,0
2.525,124.5,0
2.525,125.5,0
2.525,126.5,0
2.525,127.5,0
2.525,128.5,0
2.525,129.5,0
2.525,130.5,0
2.525,131.5,0
2.525,132.5,0
2.525,133.5,0
2.525,134.5,0
2.525,135.5,0
2.525,136.5,0
2.525,137.5,0
2.525,138.5,0
2.525,139.5,0
2.525,140.5,0
2.525,141.5,0
2.525,142.5,0
2.525,143.5,0
2.525,144.5,0
2.525,145.5,0
2.525,146.5,0
2.525,147.5,0
2.525,148.5,0
2.525,149.5,0
2.525,150.5,0
2.525,151.5,0
2.525,152.5,0
2.525,153.5,0
2.525,154.5,0
2.525,155.5,0
2.525,156.5,0
2.525,157.5,0
2.525,158.5,0
2.525,159.5,0
2.525,160.5,0
2.525,161.5,0
2.525,162.5,0
2.525,163.5,0
2.525,164.5,0
2.525,165.5,0
2.525,166.5,0
2.525,167.5,0
2.525,168.5,0
2.525,169.5,0
2.525,170.5,0
2.525,171.5,0
2.525,172.5,0
2.525,173.5,0
2.525,174.5,0
2.525,175.5,0
2.525,176.5,0
2.525,177.5,0
2.525,178.5,0
2.525,179.5,0
2.575,0.5,0
2.575,1.5,0
2.575,2.5,0
2.575,3.5,0
2.575,4.5,0
2.575,5.5,0
2.575,6.5,0
2.575,7.5,0
2.575,8.5,0
2.575,9.5,0
2.575,10.5,0
2.575,11.5,0
2.575,12.5,0
2.575,13.5,0
2.575,14.5,0
2.575,15.5,0
2.575,16.5,0
2.575,17.5,0
2.575,18.5,4.999750012e-05
2.575,19.5,9.999500025e-05
2.575,20.5,4.999750012e-05
2.575,21.5,0
2.575,22.5,0
2.575,23.5,0
2.575,24.5,0
2.575,25.5,0
2.575,26.5,4.999750012e-05
2.575,27.5,0
2.575,28.5,0
2.575,29.5,0
2.575,30.5,0
2.575,31.5,0
2.575,32.5,0
2.575,33.5,0
2.575,34.5,0
2.575,35.5,0
2.575,36.5,0
2.575,37.5,0
2.575,38.5,0
2.575,39.5,0
2.575,40.5,0
2.575,41.5,0
2.575,42.5,0
2.575,43.5,0
2.575,44.5,0
2.575,45.5,0
2.575,46.5,0
2.575,47.5,0
2.575,48.5,0
2.575,49.5,0
2.575,50.5,0
2.575,51.5,0
2.575,52.5,0
2.575,53.5,0
2.575,54.5,0
2.575,55.5,0
2.575,56.5,0
2.575,57.5,0
2.575,58.5,0
2.575,59.5,0
2.575,60.5,0
2.575,61.5,0
2.575,62.5,0
2.575,63.5,0
2.575,64.5,0
2.575,65.5,0
2.575,66.5,0
2.575,67.5,0
2.575,68.5,0
2.575,69.5,0
2.575,70.5,4.999750012e-05
2.575,71.5,0
2.575,72.5,0
2.575,73.5,0
2.575,74.5,0
2.575,75.5,9.999500025e-05
2.575,76.5,0
2.575,77.5,0
2.575,78.5,0
2.575,79.5,0
2.575,80.5,0
2.575,81.5,0
2.575,82.5,0.0001499925004
2.575,83.5,0
2.575,84.5,0.0001499925004
2.575,85.5,4.999750012e-05
2.575,86.5,4.999750012e-05
2.575,87.5,0
2.575,88.5,4.999750012e-05
2.575,89.5,4.999750012e-05
2.575,90.5,4.999750012e-05
2.575,91.5,0.0001499925004
2.575,92.5,4.999750012e-05
2.575,93.5,9.999500025e-05
2.575,94.5,4.999750012e-05
2.575,95.5,0
2.575,96.5,4.999750012e-05
2.575,97.5,0.0001499925004
2.575,98.5,0
2.575,99.5,0.0002499875006
2.575,100.5,9.999500025e-05
2.575,101.5,4.999750012e-05
2.575,102.5,9.999500025e-05
2.575,103.5,0.0001499925004
2.575,104.5,4.999750012e-05
2.575,105.5,4.999750012e-05
2.575,106.5,4.999750012e-05
2.575,107.5,9.999500025e-05
2.575,108.5,4.999750012e-05
2.575,109.5,4.999750012e-05
2.575,110.5,0
2.575,111.5,0
2.575,112.5,0
2.575,113.5,0
2.575,114.5,4.999750012e-05
2.575,115.5,4.999750012e-05
2.575,116.5,0
2.575,117.5,0
2.575,118.5,0
2.575,119.5,0
2.575,120.5,0
2.575,121.5,0
2.575,122.5,0
2.575,123.5,0
2.575,124.5,0
2.575,125.5,0
2.575,126.5,0
2.575,127.5,0
2.575,128.5,0
2.575,129.5,0
2.575,130.5,0
2.575,131.5,0
2.575,132.5,0
2.575,133.5,0
2.575,134.5,0
2.575,135.5,0
2.575,136.5,0
2.575,137.5,0
2.575,138.5,0
2.575,139.5,0
2.575,140.5,0
2.575,141.5,0
2.575,142.5,0
2.575,143.5,0
2.575,144.5,0
2.575,145.5,0
2.575,146.5,0
2.575,147.5,0
2.575,148.5,0
2.575,149.5,0
2.575,150.5,0
2.575,151.5,0
2.575,152.5,0
2.575,153.5,0
2.575,154.5,0
2.575,155.5,0
2.575,156.5,0
2.575,157.5,0
2.575,158.5,0
2.575,159.5,0
2.575,160.5,0
2.575,161.5,0
2.575,162.5,0
2.575,163.5,0
2.575,164.5,0
2.575,165.5,0
2.575,166.5,0
2.575,167.5,0
2.575,168.5,0
2.575,169.5,0
2.575,170.5,0
2.575,171.5,0
2.575,172.5,0
2.575,173.5,0
2.575,174.5,0
2.575,175.5,0
2.575,176.5,0
2.575,177.5,0
2.575,178.5,0
2.575,179.5,0
2.625,0.5,0
2.625,1.5,0
2.625,2.5,0
2.625,3.5,0
2.625,4.5,0
2.625,5.5,0
2.625,6.5,0
2.625,7.5,0
2.625,8.5,0
2.625,9.5,0
2.625,10.5,9.999500025e-05
2.625,11.5,0
2.625,12.5,0
2.625,13.5,0
2.625,14.5,0
2.625,15.5,0
2.625,16.5,4.999750012e-05
2.625,17.5,0
2.625,18.5,0
2.625,19.5,0
2.625,20.5,4.999750012e-05
2.625,21.5,4.999750012e-05
2.625,22.5,0
2.625,23.5,0
2.625,24.5,4.999750012e-05
2.625,25.5,9.999500025e-05
2.625,26.5,0
2.625,27.5,0
2.625,28.5,4.999750012e-05
2.625,29.5,0
2.625,30.5,4.999750012e-05
2.625,31.5,4.999750012e-05
2.625,32.5,0
2.625,33.5,0
2.625,34.5,0
2.625,35.5,0
2.625,36.5,0
2.625,37.5,0
2.625,38.5,0
2.625,39.5,0
2.625,40.5,0
2.625,41.5,0
2.625,42.5,0
2.625,43.5,0
2.625,44.5,0
2.625,45.5,0
2.625,46.5,0
2.625,47.5,0
2.625,48.5,0
2.625,49.5,0
2.625,50.5,0
2.625,51.5,0
2.625,52.5,0
2.625,53.5,0
2.625,54.5,0
2.625,55.5,0
2.625,56.5,0
2.625,57.5,0
2.625,58.5,0
2.625,59.5,0
2.625,60.5,0
2.625,61.5,0
2.625,62.5,0
2.625,63.5,0
2.625,64.5,0
2.625,65.5,0
2.625,66.5,0
2.625,67.5,0
2.625,68.5,0
2.625,69.5,0
2.625,70.5,0
2.625,71.5,0
2.625,72.5,0
2.625,73.5,0
2.625,74.5,0
2.625,75.5,0
2.625,76.5,0
2.625,77.5,0
2.625,78.5,0
2.625,79.5,0
2.625,80.5,0
2.625,81.5,0
2.625,82.5,0
2.625,83.5,0
2.625,84.5,0
2.625,85.5,4.999750012e-05
2.625,86.5,0
2.625,87.5,0
2.625,88.5,4.999750012e-05
2.625,89.5,4.999750012e-05
2.625,90.5,0
2.625,91.5,0
2.625,92.5,0
2.625,93.5,9.999500025e-05
2.625,94.5,4.999750012e-05
2.625,95.5,0
2.625,96.5,4.999750012e-05
2.625,97.5,4.999750012e-05
2.625,98.5,0
2.625,99.5,0
2.625,100.5,0
2.625,101.5,0
2.625,102.5,0
2.625,103.5,0
2.625,104.5,4.999750012e-05
2.625,105.5,4.999750012e-05
2.625,106.5,0
2.625,107.5,0
2.625,108.5,4.999750012e-05
2.625,109.5,4.999750012e-05
2.625,110.5,0
2.625,111.5,0
2.625,112.5,0
2.625,113.5,0
2.625,114.5,0
2.625,115.5,0
2.625,116.5,0
2.625,117.5,0
2.625,118.5,4.999750012e-05
2.625,119.5,0
2.625,120.5,0
2.625,121.5,0
2.625,122.5,0
2.625,123.5,0
2.625,124.5,0
2.625,125.5,0
2.625,126.5,0
2.625,127.5,0
2.625,128.5,0
2.625,129.5,0
2.625,130.5,0
2.625,131.5,0
2.625,132.5,0
2.625,133.5,0
2.625,134.5,0
2.625,135.5,0
2.625,136.5,0
2.625,137.5,0
2.625,138.5,0
2.625,139.5,0
2.625,140.5,0
2.625,141.5,0
2.625,142.5,0
2.625,143.5,0
2.625,144.5,0
2.625,145.5,0
2.625,146.5,0
2.625,147.5,0
2.625,148.5,0
2.625,149.5,0
2.625,150.5,0
2.625,151.5,0
2.625,152.5,0
2.625,153.5,0
2.625,154.5,0
2.625,155.5,0
2.625,156.5,0
2.625,157.5,0
2.625,158.5,0
2.625,159.5,0
2.625,160.5,0
2.625,161.5,0
2.625,162.5,0
2.625,163.5,0
2.625,164.5,0
2.625,165.5,0
2.625,166.5,0
2.625,167.5,0
2.625,168.5,0
2.625,169.5,0
2.625,170.5,0
2.625,171.5,0
2.625,172.5,0
2.625,173.5,0
2.625,174.5,0
2.625,175.5,0
2.625,176.5,0
2.625,177.5,0
2.625,178.5,0
2.625,179.5,0
2.675,0.5,0
2.675,1.5,0
2.675,2.5,0
2.675,3.5,0
2.675,4.5,0
2.675,5.5,0
2.675,6.5,0
2.675,7.5,0
2.675,8.5,0
2.675,9.5,0
2.675,10.5,0
2.675,11.5,4.999750012e-05
2.675,12.5,0
2.675,13.5,0
2.675,14.5,0
2.675,15.5,0
2.675,16.5,4.999750012e-05
2.675,17.5,0
2.675,18.5,0
2.675,19.5,0
2.675,20.5,0
2.675,21.5,0
2.675,22.5,0
2.675,23.5,0
2.675,24.5,0
2.675,25.5,0
2.675,26.5,0
2.675,27.5,0
2.675,28.5,0
2.675,29.5,0
2.675,30.5,0
2.675,31.5,9.999500025e-05
2.675,32.5,0
2.675,33.5,0
2.675,34.5,0
2.675,35.5,0
2.675,36.5,4.999750012e-05
2.675,37.5,0
2.675,38.5,0
2.675,39.5,0
2.675,40.5,0
2.675,41.5,0
2.675,42.5,0
2.675,43.5,0
2.675,44.5,0
2.675,45.5,0
2.675,46.5,0
2.675,47.5,0
2.675,48.5,0
2.675,49.5,0
2.675,50.5,0
2.675,51.5,0
2.675,52.5,0
2.675,53.5,0
2.675,54.5,0
2.675,55.5,0
2.675,56.5,0
2.675,57.5,0
2.675,58.5,0
2.675,59.5,0
2.675,60.5,0
2.675,61.5,0
2.675,62.5,0
2.675,63.5,0
2.675,64.5,0
2.675,65.5,0
2.675,66.5,0
2.675,67.5,0
2.675,68.5,0
2.675,69.5,0
2.675,70.5,0
2.675,71.5,0
2.675,72.5,0
2.675,73.5,0
2.675,74.5,0
2.675,75.5,0
2.675,76.5,0
2.675,77.5,0
2.675,78.5,0
2.675,79.5,0
2.675,80.5,0
2.675,81.5,0
2.675,82.5,0
2.675,83.5,0
2.675,84.5,0
2.675,85.5,0
2.675,86.5,0
2.675,87.5,0
2.675,88.5,0
2.675,89.5,0
2.675,90.5,0
2.675,91.5,0
2.675,92.5,0
2.675,93.5,0
2.675,94.5,4.999750012e-05
2.675,95.5,4.999750012e-05
2.675,96.5,0
2.675,97.5,0
2.675,98.5,0
2.675,99.5,0
2.675,100.5,0
2.675,101.5,0
2.675,102.5,0
2.675,103.5,0
2.675,104.5,0
2.675,105.5,0
2.675,106.5,4.999750012e-05
2.675,107.5,0
2.675,108.5,4.999750012e-05
2.675,109.5,0
2.675,110.5,0
2.675,111.5,0
2.675,112.5,0
2.675,113.5,0
2.675,114.5,0
2.675,115.5,0
2.675,116.5,0
2.675,117.5,0
2.675,118.5,0
2.675,119.5,0
2.675,120.5,0
2.675,121.5,0
2.675,122.5,0
2.675,123.5,0
2.675,124.5,0
2.675,125.5,0
2.675,126.5,0
2.675,127.5,0
2.675,128.5,4.999750012e-05
2.675,129.5,0
2.675,130.5,0
2.675,131.5,0
2.675,132.5,0
2.675,133.5,0
2.675,134.5,0
2.675,135.5,0
2.675,136.5,0
2.675,137.5,0
2.675,138.5,0
2.675,139.5,0
2.675,140.5,0
2.675,141.5,0
2.675,142.5,0
2.675,143.5,0
2.675,144.5,0
2.675,145.5,0
2.675,146.5,0
2.675,147.5,0
2.675,148.5,0
2.675,149.5,0
2.675,150.5,0
2.675,151.5,0
2.675,152.5,0
2.675,153.5,0
2.675,154.5,0
2.675,155.5,0
2.675,156.5,0
2.675,157.5,0
2.675,158.5,0
2.675,159.5,0
2.675,160.5,0
2.675,161.5,0
2.675,162.5,0
2.675,163.5,0
2.675,164.5,0
2.675,165.5,0
2.675,166.5,0
2.675,167.5,0
2.675,168.5,0
2.675,169.5,0
2.675,170.5,0
2.675,171.5,0
2.675,172.5,0
2.675,173.5,0
2.675,174.5,0
2.675,175.5,0
2.675,176.5,0
2.675,177.5,0
2.675,178.5,0
2.675,179.5,0
2.725,0.5,0
2.725,1.5,0
2.725,2.5,0
2.725,3.5,0
2.725,4.5,0
2.725,5.5,0
2.725,6.5,0
2.725,7.5,0
2.725,8.5,0
2.725,9.5,0
2.725,10.5,0
2.725,11.5,0
2.725,12.5,4.999750012e-05
2.725,13.5,9.999500025e-05
2.725,14.5,0
2.725,15.5,0
2.725,16.5,0
2.725,17.5,4.999750012e-05
2.725,18.5,0
2.725,19.5,0
2.725,20.5,0
2.725,21.5,0
2.725,22.5,0
2.725,23.5,0
2.725,24.5,0
2.725,25.5,0
2.725,26.5,0
2.725,27.5,0
2.725,28.5,0
2.725,29.5,0
2.725,30.5,0
2.725,31.5,0
2.725,32.5,0
2.725,33.5,0
2.725,34.5,0
2.725,35.5,4.999750012e-05
2.725,36.5,0
2.725,37.5,0
2.725,38.5,0
2.725,39.5,0
2.725,40.5,0
2.725,41.5,0
2.725,42.5,0
2.725,43.5,0
2.725,44.5,0
2.725,45.5,0
2.725,46.5,0
2.725,47.5,0
2.725,48.5,0
2.725,49.5,0
2.725,50.5,0
2.725,51.5,0
2.725,52.5,0
2.725,53.5,0
2.725,54.5,0
2.725,55.5,0
2.725,56.5,0
2.725,57.5,0
2.725,58.5,0
2.725,59.5,0
2.725,60.5,0
2.725,61.5,0
2.725,62.5,0
2.725,63.5,0
2.725,64.5,0
2.725,65.5,0
2.725,66.5,0
2.725,67.5,0
2.725,68.5,0
2.725,69.5,0
2.725,70.5,0
2.725,71.5,0
2.725,72.5,0
2.725,73.5,0
2.725,74.5,0
2.725,75.5,0
2.725,76.5,0
2.725,77.5,0
2.725,78.5,0
2.725,79.5,0
2.725,80.5,0
2.725,81.5,0
2.725,82.5,0
2.725,83.5,0
2.725,84.5,0
2.725,85.5,0
2.725,86.5,0
2.725,87.5,0
2.725,88.5,0
2.725,89.5,0
2.725,90.5,0
2.725,91.5,0
2.725,92.5,0
2.725,93.5,0
2.725,94.5,0
2.725,95.5,0
2.725,96.5,0
2.725,97.5,0
2.725,98.5,0
2.725,99.5,0
2.725,100.5,0
2.725,101.5,0
2.725,102.5,0
2.725,103.5,0
2.725,104.5,0
2.725,105.5,0
2.725,106.5,0
2.725,107.5,0
2.725,108.5,0
2.725,109.5,0
2.725,110.5,9.999500025e-05
2.725,111.5,4.999750012e-05
2.725,112.5,0
2.725,113.5,4.999750012e-05
2.725,114.5,0
2.725,115.5,0
2.725,116.5,0
2.725,117.5,0
2.725,118.5,0
2.725,119.5,0
2.725,120.5,0
2.725,121.5,0
2.725,122.5,0
2.725,123.5,0
2.725,124.5,0
2.725,125.5,0
2.725,126.5,0
2.725,127.5,0
2.725,128.5,0
2.725,129.5,0
2.725,130.5,4.999750012e-05
2.725,131.5,0
2.725,132.5,0
2.725,133.5,0
2.725,134.5,0
2.725,135.5,0
2.725,136.5,0
2.725,137.5,0
2.725,138.5,0
2.725,139.5,0
2.725,140.5,0
2.725,141.5,0
2.725,142.5,0
2.725,143.5,0
2.725,144.5,0
2.725,145.5,0
2.725,146.5,0
2.725,147.5,0
2.725,148.5,0
2.725,149.5,0
2.725,150.5,0
2.725,151.5,0
2.725,152.5,0
2.725,153.5,0
2.725,154.5,0
2.725,155.5,0
2.725,156.5,0
2.725,157.5,0
2.725,158.5,0
2.725,159.5,0
2.725,160.5,0
2.725,161.5,0
2.725,162.5,0
2.725,163.5,0
2.725,164.5,0
2.725,165.5,0
2.725,166.5,0
2.725,167.5,0
2.725,168.5,0
2.725,169.5,0
2.725,170.5,0
2.725,171.5,0
2.725,172.5,0
2.725,173.5,0
2.725,174.5,0
2.725,175.5,0
2.725,176.5,0
2.725,177.5,0
2.725,178.5,0
2.725,179.5,0
2.775,0.5,0
2.775,1.5,4.999750012e-05
2.775,2.5,0
2.775,3.5,0
2.775,4.5,0
2.775,5.5,9.999500025e-05
2.775,6.5,0
2.775,7.5,4.999750012e-05
2.775,8.5,0
2.775,9.5,0.0001499925004
2.775,10.5,4.999750012e-05
2.775,11.5,4.999750012e-05
2.775,12.5,4.999750012e-05
2.775,13.5,0
2.775,14.5,9.999500025e-05
2.775,15.5,0
2.775,16.5,0
2.775,17.5,0
2.775,18.5,0
2.775,19.5,0
2.775,20.5,0
2.775,21.5,0
2.775,22.5,0
2.775,23.5,0
2.775,24.5,0
2.775,25.5,0
2.775,26.5,0
2.775,27.5,0
2.775,28.5,0
2.775,29.5,4.999750012e-05
2.775,30.5,0
2.775,31.5,0
2.775,32.5,0
2.775,33.5,0
2.775,34.5,0
2.775,35.5,0
2.775,36.5,0
2.775,37.5,0
2.775,38.5,0
2.775,39.5,0
2.775,40.5,0
2.775,41.5,0
2.775,42.5,0
2.775,43.5,0
2.775,44.5,0
2.775,45.5,0
2.775,46.5,0
2.775,47.5,0
2.775,48.5,0
2.775,49.5,0
2.775,50.5,0
2.775,51.5,0
2.775,52.5,0
2.775,53.5,0
2.775,54.5,0
2.775,55.5,0
2.775,56.5,0
2.775,57.5,0
2.775,58.5,0
2.775,59.5,0
2.775,60.5,0
2.775,61.5,0
2.775,62.5,0
2.775,63.5,0
2.775,64.5,0
2.775,65.5,0
2.775,66.5,0
2.775,67.5,0
2.775,68.5,0
2.775,69.5,0
2.775,70.5,0
2.775,71.5,0
2.775,72.5,0
2.775,73.5,0
2.775,74.5,0
2.775,75.5,0
2.775,76.5,0
2.775,77.5,0
2.775,78.5,0
2.775,79.5,0
2.775,80.5,0
2.775,81.5,0
2.775,82.5,0
2.775,83.5,0
2.775,84.5,0
2.775,85.5,0
2.775,86.5,0
2.775,87.5,0
2.775,88.5,0
2.775,89.5,0
2.775,90.5,0
2.775,91.5,0
2.775,92.5,0
2.775,93.5,0
2.775,94.5,0
2.775,95.5,0
2.775,96.5,0
2.775,97.5,0
2.775,98.5,0
2.775,99.5,0
2.775,100.5,0
2.775,101.5,0
2.775,102.5,0
2.775,103.5,0
2.775,104.5,0
2.775,105.5,0
2.775,106.5,0
2.775,107.5,9.999500025e-05
2.775,108.5,4.999750012e-05
2.775,109.5,0
2.775,110.5,4.999750012e-05
2.775,111.5,4.999750012e-05
2.775,112.5,4.999750012e-05
2.775,113.5,4.999750012e-05
2.775,114.5,9.999500025e-05
2.775,115.5,4.999750012e-05
2.775,116.5,0
2.775,117.5,0
2.775,118.5,4.999750012e-05
2.775,119.5,0
2.775,120.5,0
2.775,121.5,0
2.775,122.5,4.999750012e-05
2.775,123.5,0
2.775,124.5,0
2.775,125.5,4.999750012e-05
2.775,126.5,0
2.775,127.5,0
2.775,128.5,0
2.775,129.5,0
2.775,130.5,0
2.775,131.5,0
2.775,132.5,0
2.775,133.5,0
2.775,134.5,0
2.775,135.5,0
2.775,136.5,0
2.775,137.5,0
2.775,138.5,0
2.775,139.5,0
2.775,140.5,0
2.775,141.5,0
2.775,142.5,0
2.775,143.5,0
2.775,144.5,0
2.775,145.5,0
2.775,146.5,0
2.775,147.5,0
2.775,148.5,0
2.775,149.5,0
2.775,150.5,0
2.775,151.5,0
2.775,152.5,0
2.775,153.5,0
2.775,154.5,0
2.775,155.5,0
2.775,156.5,0
2.775,157.5,0
2.775,158.5,0
2.775,159.5,0
2.775,160.5,0
2.775,161.5,0
2.775,162.5,0
2.775,163.5,0
2.775,164.5,0
2.775,165.5,0
2.775,166.5,0
2.775,167.5,0
2.775,168.5,0
2.775,169.5,0
2.775,170.5,0
2.775,171.5,0
2.775,172.5,0
2.775,173.5,0
2.775,174.5,0
2.775,175.5,0
2.775,176.5,0
2.775,177.5,0
2.775,178.5,0
2.775,179.5,0
2.825,0.5,0
2.825,1.5,0
2.825,2.5,4.999750012e-05
2.825,3.5,0
2.825,4.5,4.999750012e-05
2.825,5.5,4.999750012e-05
2.825,6.5,0
2.825,7.5,0
2.825,8.5,0
2.825,9.5,0
2.825,10.5,0
2.825,11.5,4.999750012e-05
2.825,12.5,0
2.825,13.5,0
2.825,14.5,4.999750012e-05
2.825,15.5,0
2.825,16.5,4.999750012e-05
2.825,17.5,0
2.825,18.5,0
2.825,19.5,4.999750012e-05
2.825,20.5,4.999750012e-05
2.825,21.5,0
2.825,22.5,0
2.825,23.5,0
2.825,24.5,0
2.825,25.5,0
2.825,26.5,4.999750012e-05
2.825,27.5,4.999750012e-05
2.825,28.5,0
2.825,29.5,0
2.825,30.5,4.999750012e-05
2.825,31.5,0
2.825,32.5,0
2.825,33.5,0
2.825,34.5,0
2.825,35.5,0
2.825,36.5,0
2.825,37.5,0
2.825,38.5,0
2.825,39.5,0
2.825,40.5,0
2.825,41.5,0
2.825,42.5,0
2.825,43.5,0
2.825,44.5,0
2.825,45.5,0
2.825,46.5,0
2.825,47.5,0
2.825,48.5,0
2.825,49.5,0
2.825,50.5,0
2.825,51.5,0
2.825,52.5,0
2.825,53.5,0
2.825,54.5,0
2.825,55.5,0
2.825,56.5,0
2.825,57.5,0
2.825,58.5,0
2.825,59.5,0
2.825,60.5,0
2.825,61.5,0
2.825,62.5,0
2.825,63.5,0
2.825,64.5,0
2.825,65.5,0
2.825,66.5,0
2.825,67.5,0
2.825,68.5,0
2.825,69.5,0
2.825,70.5,0
2.825,71.5,0
2.825,72.5,0
2.825,73.5,0
2.825,74.5,0
2.825,75.5,0
2.825,76.5,0
2.825,77.5,0
2.825,78.5,0
2.825,79.5,0
2.825,80.5,0
2.825,81.5,0
2.825,82.5,0
2.825,83.5,0
2.825,84.5,0
2.825,85.5,0
2.825,86.5,0
2.825,87.5,0
2.825,88.5,0
2.825,89.5,0
2.825,90.5,0
2.825,91.5,0
2.825,92.5,0
2.825,93.5,0
2.825,94.5,0
2.825,95.5,0
2.825,96.5,0
2.825,97.5,0
2.825,98.5,0
2.825,99.5,0
2.825,100.5,0
2.825,101.5,0
2.825,102.5,0
2.825,103.5,0
2.825,104.5,0
2.825,105.5,4.999750012e-05
2.825,106.5,0
2.825,107.5,4.999750012e-05
2.825,108.5,9.999500025e-05
2.825,109.5,0
2.825,110.5,0
2.825,111.5,4.999750012e-05
2.825,112.5,0
2.825,113.5,4.999750012e-05
2.825,114.5,0
2.825,115.5,0
2.825,116.5,4.999750012e-05
2.825,117.5,9.999500025e-05
2.825,118.5,0
2.825,119.5,0
2.825,120.5,0
2.825,121.5,9.999500025e-05
2.825,122.5,0
2.825,123.5,0
2.825,124.5,0
2.825,125.5,0
2.825,126.5,0
2.825,127.5,0
2.825,128.5,0
2.825,129.5,0
2.825,130.5,0
2.825,131.5,0
2.825,132.5,0
2.825,133.5,0
2.825,134.5,0
2.825,135.5,0
2.825,136.5,0
2.825,137.5,0
2.825,138.5,0
2.825,139.5,0
2.825,140.5,0
2.825,141.5,0
2.825,142.5,0
2.825,143.5,0
2.825,144.5,0
2.825,145.5,0
2.825,146.5,0
2.825,147.5,0
2.825,148.5,0
2.825,149.5,0
2.825,150.5,0
2.825,151.5,0
2.825,152.5,0
2.825,153.5,0
2.825,154.5,0
2.825,155.5,0
2.825,156.5,0
2.825,157.5,0
2.825,158.5,0
2.825,159.5,0
2.825,160.5,0
2.825,161.5,0
2.825,162.5,0
2.825,163.5,0
2.825,164.5,0
2.825,165.5,0
2.825,166.5,0
2.825,167.5,0
2.825,168.5,0
2.825,169.5,0
2.825,170.5,0
2.825,171.5,0
2.825,172.5,0
2.825,173.5,0
2.825,174.5,0
2.825,175.5,0
2.825,176.5,0
2.825,177.5,0
2.825,178.5,0
2.825,179.5,0
2.875,0.5,0
2.875,1.5,0
2.875,2.5,4.999750012e-05
2.875,3.5,4.999750012e-05
2.875,4.5,4.999750012e-05
2.875,5.5,0
2.875,6.5,0
2.875,7.5,0.0001499925004
2.875,8.5,9.999500025e-05
2.875,9.5,0.0001499925004
2.875,10.5,9.999500025e-05
2.875,11.5,4.999750012e-05
2.875,12.5,0.0001499925004
2.875,13.5,9.999500025e-05
2.875,14.5,4.999750012e-05
2.875,15.5,9.999500025e-05
2.875,16.5,0
2.875,17.5,4.999750012e-05
2.875,18.5,4.999750012e-05
2.875,19.5,4.999750012e-05
2.875,20.5,4.999750012e-05
2.875,21.5,0
2.875,22.5,0
2.875,23.5,0
2.875,24.5,0
2.875,25.5,0
2.875,26.5,0
2.875,27.5,0
2.875,28.5,0
2.875,29.5,0
2.875,30.5,0
2.875,31.5,0
2.875,32.5,0
2.875,33.5,0
2.875,34.5,0
2.875,35.5,0
2.875,36.5,0
2.875,37.5,0
2.875,38.5,0
2.875,39.5,0
2.875,40.5,0
2.875,41.5,0
2.875,42.5,0
2.875,43.5,0
2.875,44.5,0
2.875,45.5,0
2.875,46.5,0
2.875,47.5,0
2.875,48.5,0
2.875,49.5,0
2.875,50.5,0
2.875,51.5,0
2.875,52.5,0
2.875,53.5,0
2.875,54.5,0
2.875,55.5,0
2.875,56.5,0
2.875,57.5,0
2.875,58.5,0
2.875,59.5,0
2.875,60.5,0
2.875,61.5,0
2.875,62.5,0
2.875,63.5,0
2.875,64.5,0
2.875,65.5,0
2.875,66.5,0
2.875,67.5,0
2.875,68.5,0
2.875,69.5,0
2.875,70.5,0
2.875,71.5,0
2.875,72.5,0
2.875,73.5,0
2.875,74.5,0
2.875,75.5,0
2.875,76.5,0
2.875,77.5,0
2.875,78.5,0
2.875,79.5,0
2.875,80.5,0
2.875,81.5,0
2.875,82.5,0
2.875,83.5,0
2.875,84.5,0
2.875,85.5,0
2.875,86.5,0
2.875,87.5,0
2.875,88.5,0
2.875,89.5,0
2.875,90.5,0
2.875,91.5,0
2.875,92.5,0
2.875,93.5,0
2.875,94.5,0
2.875,95.5,0
2.875,96.5,0
2.875,97.5,0
2.875,98.5,0
2.875,99.5,0
2.875,100.5,0
2.875,101.5,0
2.875,102.5,0
2.875,103.5,0
2.875,104.5,4.999750012e-05
2.875,105.5,4.999750012e-05
2.875,106.5,0
2.875,107.5,4.999750012e-05
2.875,108.5,0
2.875,109.5,9.999500025e-05
2.875,110.5,4.999750012e-05
2.875,111.5,0
2.875,112.5,4.999750012e-05
2.875,113.5,9.999500025e-05
2.875,114.5,4.999750012e-05
2.875,115.5,0.0002499875006
2.875,116.5,9.999500025e-05
2.875,117.5,0
2.875,118.5,0.0001499925004
2.875,119.5,9.999500025e-05
2.875,120.5,4.999750012e-05
2.875,121.5,4.999750012e-05
2.875,122.5,4.999750012e-05
2.875,123.5,0
2.875,124.5,4.999750012e-05
2.875,125.5,0
2.875,126.5,0
2.875,127.5,0
2.875,128.5,0
2.875,129.5,0
2.875,130.5,0
2.875,131.5,0
2.875,132.5,0
2.875,133.5,0
2.875,134.5,0
2.875,135.5,0
2.875,136.5,0
2.875,137.5,0
2.875,138.5,0
2.875,139.5,0
2.875,140.5,0
2.875,141.5,0
2.875,142.5,0
2.875,143.5,0
2.875,144.5,0
2.875,145.5,0
2.875,146.5,0
2.875,147.5,0
2.875,148.5,0
2.875,149.5,0
2.875,150.5,0
2.875,151.5,0
2.875,152.5,0
2.875,153.5,0
2.875,154.5,0
2.875,155.5,0
2.875,156.5,0
2.875,157.5,0
2.875,158.5,0
2.875,159.5,0
2.875,160.5,0
2.875,161.5,0
2.875,162.5,0
2.875,163.5,0
2.875,164.5,0
2.875,165.5,0
2.875,166.5,0
2.875,167.5,0
2.875,168.5,0
2.875,169.5,0
2.875,170.5,0
2.875,171.5,0
2.875,172.5,0
2.875,173.5,0
2.875,174.5,0
2.875,175.5,0
2.875,176.5,0
2.875,177.5,0
2.875,178.5,0
2.875,179.5,0
2.925,0.5,0
2.925,1.5,0
2.925,2.5,0
2.925,3.5,0.0001499925004
2.925,4.5,0
2.925,5.5,4.999750012e-05
2.925,6.5,0.0001999900005
2.925,7.5,0.0002999850007
2.925,8.5,0.0002499875006
2.925,9.5,0
2.925,10.5,9.999500025e-05
2.925,11.5,0.0002499875006
2.925,12.5,4.999750012e-05
2.925,13.5,9.999500025e-05
2.925,14.5,4.999750012e-05
2.925,15.5,0
2.925,16.5,9.999500025e-05
2.925,17.5,0.0001499925004
2.925,18.5,0
2.925,19.5,0.0001999900005
2.925,20.5,0.0001499925004
2.925,21.5,9.999500025e-05
2.925,22.5,4.999750012e-05
2.925,23.5,4.999750012e-05
2.925,24.5,4.999750012e-05
2.925,25.5,4.999750012e-05
2.925,26.5,0
2.925,27.5,0
2.925,28.5,4.999750012e-05
2.925,29.5,4.999750012e-05
2.925,30.5,0
2.925,31.5,0
2.925,32.5,0
2.925,33.5,0
2.925,34.5,0
2.925,35.5,4.999750012e-05
2.925,36.5,0
2.925,37.5,0
2.925,38.5,0
2.925,39.5,0
2.925,40.5,0
2.925,41.5,0
2.925,42.5,0
2.925,43.5,0
2.925,44.5,0
2.925,45.5,0
2.925,46.5,0
2.925,47.5,0
2.925,48.5,0
2.925,49.5,0
2.925,50.5,0
2.925,51.5,0
2.925,52.5,0
2.925,53.5,0
2.925,54.5,0
2.925,55.5,0
2.925,56.5,0
2.925,57.5,0
2.925,58.5,0
2.925,59.5,0
2.925,60.5,0
2.925,61.5,0
2.925,62.5,0
2.925,63.5,0
2.925,64.5,0
2.925,65.5,0
2.925,66.5,0
2.925,67.5,0
2.925,68.5,0
2.925,69.5,0
2.925,70.5,0
2.925,71.5,0
2.925,72.5,0
2.925,73.5,0
2.925,74.5,0
2.925,75.5,0
2.925,76.5,0
2.925,77.5,0
2.925,78.5,0
2.925,79.5,0
2.925,80.5,0
2.925,81.5,0
2.925,82.5,0
2.925,83.5,0
2.925,84.5,0
2.925,85.5,0
2.925,86.5,0
2.925,87.5,0
2.925,88.5,0
2.925,89.5,0
2.925,90.5,0
2.925,91.5,0
2.925,92.5,0
2.925,93.5,0
2.925,94.5,0
2.925,95.5,0
2.925,96.5,0
2.925,97.5,0
2.925,98.5,4.999750012e-05
2.925,99.5,0
2.925,100.5,0
2.925,101.5,0
2.925,102.5,0
2.925,103.5,4.999750012e-05
2.925,104.5,0
2.925,105.5,0
2.925,106.5,4.999750012e-05
2.925,107.5,4.999750012e-05
2.925,108.5,0
2.925,109.5,4.999750012e-05
2.925,110.5,9.999500025e-05
2.925,111.5,0.0002499875006
2.925,112.5,0.0001499925004
2.925,113.5,0.0001499925004
2.925,114.5,0.0001999900005
2.925,115.5,0.0001999900005
2.925,116.5,0.0001999900005
2.925,117.5,9.999500025e-05
2.925,118.5,0.0002999850007
2.925,119.5,0.0001499925004
2.925,120.5,9.999500025e-05
2.925,121.5,0
2.925,122.5,4.999750012e-05
2.925,123.5,9.999500025e-05
2.925,124.5,9.999500025e-05
2.925,125.5,4.999750012e-05
2.925,126.5,0
2.925,127.5,0
2.925,128.5,0
2.925,129.5,0
2.925,130.5,4.999750012e-05
2.925,131.5,0
2.925,132.5,4.999750012e-05
2.925,133.5,0
2.925,134.5,0
2.925,135.5,0
2.925,136.5,0
2.925,137.5,0
2.925,138.5,0
2.925,139.5,0
2.925,140.5,0
2.925,141.5,0
2.925,142.5,0
2.925,143.5,0
2.925,144.5,0
2.925,145.5,0
2.925,146.5,0
2.925,147.5,0
2.925,148.5,0
2.925,149.5,0
2.925,150.5,0
2.925,151.5,0
2.925,152.5,0
2.925,153.5,0
2.925,154.5,0
2.925,155.5,0
2.925,156.5,0
2.925,157.5,0
2.925,158.5,0
2.925,159.5,0
2.925,160.5,0
2.925,161.5,0
2.925,162.5,0
2.925,163.5,0
2.925,164.5,0
2.925,165.5,0
2.925,166.5,0
2.925,167.5,0
2.925,168.5,0
2.925,169.5,0
2.925,170.5,0
2.925,171.5,0
2.925,172.5,0
2.925,173.5,0
2.925,174.5,0
2.925,175.5,0
2.925,176.5,0
2.925,177.5,0
2.925,178.5,0
2.925,179.5,0
2.975,0.5,0
2.975,1.5,9.999500025e-05
2.975,2.5,4.999750012e-05
2.975,3.5,4.999750012e-05
2.975,4.5,0.0001999900005
2.975,5.5,0.0002499875006
2.975,6.5,0.0001499925004
2.975,7.5,0.0001499925004
2.975,8.5,9.999500025e-05
2.975,9.5,0.0001999900005
2.975,10.5,0.0001999900005
2.975,11.5,0.0001499925004
2.975,12.5,0.0001999900005
2.975,13.5,0.0003499825009
2.975,14.5,0.0002499875006
2.975,15.5,4.999750012e-05
2.975,16.5,0.0001499925004
2.975,17.5,0.0002999850007
2.975,18.5,0.0001999900005
2.975,19.5,9.999500025e-05
2.975,20.5,0.0001499925004
2.975,21.5,0.0002999850007
2.975,22.5,9.999500025e-05
2.975,23.5,9.999500025e-05
2.975,24.5,0
2.975,25.5,0.0001499925004
2.975,26.5,0.0001499925004
2.975,27.5,9.999500025e-05
2.975,28.5,0
2.975,29.5,0
2.975,30.5,0
2.975,31.5,4.999750012e-05
2.975,32.5,0
2.975,33.5,0
2.975,34.5,0
2.975,35.5,0
2.975,36.5,9.999500025e-05
2.975,37.5,0
2.975,38.5,0
2.975,39.5,0
2.975,40.5,0
2.975,41.5,0
2.975,42.5,4.999750012e-05
2.975,43.5,0
2.975,44.5,0
2.975,45.5,0
2.975,46.5,0
2.975,47.5,0
2.975,48.5,0
2.975,49.5,0
2.975,50.5,0
2.975,51.5,0
2.975,52.5,0
2.975,53.5,0
2.975,54.5,0
2.975,55.5,0
2.975,56.5,0
2.975,57.5,0
2.975,58.5,0
2.975,59.5,0
2.975,60.5,0
2.975,61.5,0
2.975,62.5,0
2.975,63.5,0
2.975,64.5,0
2.975,65.5,0
2.975,66.5,0
2.975,67.5,0
2.975,68.5,0
2.975,69.5,0
2.975,70.5,0
2.975,71.5,0
2.975,72.5,0
2.975,73.5,0
2.975,74.5,0
2.975,75.5,0
2.975,76.5,0
2.975,77.5,0
2.975,78.5,0
2.975,79.5,0
2.975,80.5,0
2.975,81.5,0
2.975,82.5,0
2.975,83.5,0
2.975,84.5,4.999750012e-05
2.975,85.5,0
2.975,86.5,4.999750012e-05
2.975,87.5,0
2.975,88.5,9.999500025e-05
2.975,89.5,0
2.975,90.5,0
2.975,91.5,0
2.975,92.5,4.999750012e-05
2.975,93.5,0
2.975,94.5,0
2.975,95.5,0
2.975,96.5,4.999750012e-05
2.975,97.5,0
2.975,98.5,0
2.975,99.5,0
2.975,100.5,9.999500025e-05
2.975,101.5,4.999750012e-05
2.975,102.5,9.999500025e-05
2.975,103.5,0.0001999900005
2.975,104.5,0
2.975,105.5,4.999750012e-05
2.975,106.5,4.999750012e-05
2.975,107.5,0.0001999900005
2.975,108.5,0.0002499875006
2.975,109.5,0.0002499875006
2.975,110.5,0
2.975,111.5,0.000399980001
2.975,112.5,0.0002499875006
2.975,113.5,9.999500025e-05
2.975,114.5,0.0001499925004
2.975,115.5,0.0004499775011
2.975,116.5,0.0002499875006
2.975,117.5,9.999500025e-05
2.975,118.5,0.0003499825009
2.975,119.5,0.0001999900005
2.975,120.5,0.0001499925004
2.975,121.5,0.0001499925004
2.975,122.5,0.0003499825009
2.975,123.5,0
2.975,124.5,9.999500025e-05
2.975,125.5,4.999750012e-05
2.975,126.5,4.999750012e-05
2.975,127.5,0
2.975,128.5,0
2.975,129.5,0.0001999900005
2.975,130.5,4.999750012e-05
2.975,131.5,0.0001499925004
2.975,132.5,0
2.975,133.5,0
2.975,134.5,0
2.975,135.5,0
2.975,136.5,0
2.975,137.5,0
2.975,138.5,0
2.975,139.5,0
2.975,140.5,0
2.975,141.5,0
2.975,142.5,0
2.975,143.5,0
2.975,144.5,0
2.975,145.5,0
2.975,146.5,0
2.975,147.5,0
2.975,148.5,0
2.975,149.5,0
2.975,150.5,0
2.975,151.5,0
2.975,152.5,0
2.975,153.5,0
2.975,154.5,0
2.975,155.5,0
2.975,156.5,0
2.975,157.5,0
2.975,158.5,0
2.975,159.5,0
2.975,160.5,0
2.975,161.5,0
2.975,162.5,0
2.975,163.5,0
2.975,164.5,0
2.975,165.5,0
2.975,166.5,0
2.975,167.5,0
2.975,168.5,0
2.975,169.5,0
2.975,170.5,0
2.975,171.5,0
2.975,172.5,0
2.975,173.5,0
2.975,174.5,0
2.975,175.5,0
2.975,176.5,0
2.975,177.5,0
2.975,178.5,0
2.975,179.5,0
3.025,0.5,0
3.025,1.5,9.999500025e-05
3.025,2.5,0.0001499925004
3.025,3.5,4.999750012e-05
3.025,4.5,0.0002499875006
3.025,5.5,0.0002499875006
3.025,6.5,0.0002999850007
3.025,7.5,0.0002999850007
3.025,8.5,0.0001999900005
3.025,9.5,0.0004999750012
3.025,10.5,0.0005499725014
3.025,11.5,0.0004499775011
3.025,12.5,0.0004999750012
3.025,13.5,0.000399980001
3.025,14.5,0.0005499725014
3.025,15.5,0.0002999850007
3.025,16.5,0.000399980001
3.025,17.5,0.0002499875006
3.025,18.5,0.0004999750012
3.025,19.5,0.000399980001
3.025,20.5,0.0003499825009
3.025,21.5,0.0004499775011
3.025,22.5,0.0002499875006
3.025,23.5,0.0001499925004
3.025,24.5,0.0002999850007
3.025,25.5,9.999500025e-05
3.025,26.5,0.0001999900005
3.025,27.5,9.999500025e-05
3.025,28.5,0
3.025,29.5,4.999750012e-05
3.025,30.5,4.999750012e-05
3.025,31.5,9.999500025e-05
3.025,32.5,0.0001499925004
3.025,33.5,9.999500025e-05
3.025,34.5,0
3.025,35.5,4.999750012e-05
3.025,36.5,0
3.025,37.5,0
3.025,38.5,0
3.025,39.5,4.999750012e-05
3.025,40.5,0
3.025,41.5,9.999500025e-05
3.025,42.5,0
3.025,43.5,0
3.025,44.5,0
3.025,45.5,0
3.025,46.5,4.999750012e-05
3.025,47.5,0
3.025,48.5,0
3.025,49.5,0
3.025,50.5,0
3.025,51.5,0
3.025,52.5,0
3.025,53.5,4.999750012e-05
3.025,54.5,0
3.025,55.5,0
3.025,56.5,0
3.025,57.5,0
3.025,58.5,0
3.025,59.5,0
3.025,60.5,0
3.025,61.5,0
3.025,62.5,0
3.025,63.5,0
3.025,64.5,0
3.025,65.5,0
3.025,66.5,0
3.025,67.5,0
3.025,68.5,0
3.025,69.5,0
3.025,70.5,0
3.025,71.5,0
3.025,72.5,0
3.025,73.5,0
3.025,74.5,0
3.025,75.5,0
3.025,76.5,0
3.025,77.5,0
3.025,78.5,0
3.025,79.5,0
3.025,80.5,0
3.025,81.5,0
3.025,82.5,0
3.025,83.5,0
3.025,84.5,0
3.025,85.5,4.999750012e-05
3.025,86.5,0
3.025,87.5,4.999750012e-05
3.025,88.5,4.999750012e-05
3.025,89.5,0
3.025,90.5,4.999750012e-05
3.025,91.5,0
3.025,92.5,0
3.025,93.5,0
3.025,94.5,0
3.025,95.5,4.999750012e-05
3.025,96.5,0
3.025,97.5,0
3.025,98.5,4.999750012e-05
3.025,99.5,0.0001499925004
3.025,100.5,4.999750012e-05
3.025,101.5,0.0001499925004
3.025,102.5,0.0002499875006
3.025,103.5,9.999500025e-05
3.025,104.5,0.0002999850007
3.025,105.5,0.0002999850007
3.025,106.5,0.0001499925004
3.025,107.5,0.0001499925004
3.025,108.5,9.999500025e-05
3.025,109.5,9.999500025e-05
3.025,110.5,0.0001999900005
3.025,111.5,0.0007499625019
3.025,112.5,0.0001999900005
3.025,113.5,0.0005999700015
3.025,114.5,0.0007499625019
3.025,115.5,0.0006499675016
3.025,116.5,0.0009499525024
3.025,117.5,0.0005499725014
3.025,118.5,0.0004499775011
3.025,119.5,0.0007499625019
3.025,120.5,0.0002999850007
3.025,121.5,0.0001499925004
3.025,122.5,0.0005999700015
3.025,123.5,0.0002499875006
3.025,124.5,0.0001999900005
3.025,125.5,0.0001999900005
3.025,126.5,4.999750012e-05
3.025,127.5,0
3.025,128.5,0
3.025,129.5,9.999500025e-05
3.025,130.5,4.999750012e-05
3.025,131.5,4.999750012e-05
3.025,132.5,0
3.025,133.5,0
3.025,134.5,0
3.025,135.5,0
3.025,136.5,0
3.025,137.5,4.999750012e-05
3.025,138.5,0
3.025,139.5,0
3.025,140.5,0
3.025,141.5,0
3.025,142.5,0
3.025,143.5,0
3.025,144.5,0
3.025,145.5,0
3.025,146.5,0
3.025,147.5,0
3.025,148.5,0
3.025,149.5,0
3.025,150.5,0
3.025,151.5,0
3.025,152.5,0
3.025,153.5,0
3.025,154.5,0
3.025,155.5,0
3.025,156.5,0
3.025,157.5,0
3.025,158.5,0
3.025,159.5,0
3.025,160.5,0
3.025,161.5,0
3.025,162.5,0
3.025,163.5,0
3.025,164.5,0
3.025,165.5,0
3.025,166.5,0
3.025,167.5,0
3.025,168.5,0
3.025,169.5,0
3.025,170.5,0
3.025,171.5,0
3.025,172.5,0
3.025,173.5,0
3.025,174.5,0
3.025,175.5,0
3.025,176.5,0
3.025,177.5,0
3.025,178.5,0
3.025,179.5,0
3.075,0.5,0
3.075,1.5,4.999750012e-05
3.075,2.5,0.0001999900005
3.075,3.5,9.999500025e-05
3.075,4.5,0.000799960002
3.075,5.5,0.0002999850007
3.075,6.5,0.000799960002
3.075,7.5,0.0005999700015
3.075,8.5,0.0005999700015
3.075,9.5,0.001099945003
3.075,10.5,0.0008499575021
3.075,11.5,0.001149942503
3.075,12.5,0.000799960002
3.075,13.5,0.001099945003
3.075,14.5,0.0006999650017
3.075,15.5,0.0005999700015
3.075,16.5,0.0005999700015
3.075,17.5,0.0005999700015
3.075,18.5,0.001099945003
3.075,19.5,0.000799960002
3.075,20.5,0.0004499775011
3.075,21.5,0.0005499725014
3.075,22.5,0.0003499825009
3.075,23.5,0.0001999900005
3.075,24.5,0.0002499875006
3.075,25.5,0.0002999850007
3.075,26.5,0.0001499925004
3.075,27.5,0.0002999850007
3.075,28.5,0.0002499875006
3.075,29.5,0.0005499725014
3.075,30.5,0.0001499925004
3.075,31.5,0.0003499825009
3.075,32.5,9.999500025e-05
3.075,33.5,0.0001499925004
3.075,34.5,0.0002499875006
3.075,35.5,9.999500025e-05
3.075,36.5,0.0001499925004
3.075,37.5,9.999500025e-05
3.075,38.5,0
3.075,39.5,4.999750012e-05
3.075,40.5,4.999750012e-05
3.075,41.5,0
3.075,42.5,0
3.075,43.5,0
3.075,44.5,4.999750012e-05
3.075,45.5,0
3.075,46.5,0
3.075,47.5,0
3.075,48.5,9.999500025e-05
3.075,49.5,0
3.075,50.5,0
3.075,51.5,0
3.075,52.5,0
3.075,53.5,0
3.075,54.5,0
3.075,55.5,4.999750012e-05
3.075,56.5,0
3.075,57.5,0
3.075,58.5,0
3.075,59.5,0
3.075,60.5,0
3.075,61.5,0
3.075,62.5,0
3.075,63.5,0
3.075,64.5,0
3.075,65.5,0
3.075,66.5,0
3.075,67.5,0
3.075,68.5,0
3.075,69.5,0
3.075,70.5,0
3.075,71.5,0
3.075,72.5,0
3.075,73.5,0
3.075,74.5,0
3.075,75.5,0
3.075,76.5,0
3.075,77.5,0
3.075,78.5,0
3.075,79.5,0
3.075,80.5,0
3.075,81.5,0
3.075,82.5,0
3.075,83.5,0
3.075,84.5,0
3.075,85.5,0
3.075,86.5,0
3.075,87.5,0
3.075,88.5,0
3.075,89.5,0
3.075,90.5,4.999750012e-05
3.075,91.5,0
3.075,92.5,0
3.075,93.5,0
3.075,94.5,4.999750012e-05
3.075,95.5,0
3.075,96.5,9.999500025e-05
3.075,97.5,4.999750012e-05
3.075,98.5,4.999750012e-05
3.075,99.5,4.999750012e-05
3.075,100.5,4.999750012e-05
3.075,101.5,9.999500025e-05
3.075,102.5,4.999750012e-05
3.075,103.5,0.0001499925004
3.075,104.5,0.0001499925004
3.075,105.5,0.0002999850007
3.075,106.5,0.0002999850007
3.075,107.5,0.0002999850007
3.075,108.5,0.0001499925004
3.075,109.5,0.0006999650017
3.075,110.5,0.0005999700015
3.075,111.5,0.000799960002
3.075,112.5,0.0009499525024
3.075,113.5,0.0009499525024
3.075,114.5,0.001249937503
3.075,115.5,0.0006999650017
3.075,116.5,0.001299935003
3.075,117.5,0.0009499525024
3.075,118.5,0.001399930003
3.075,119.5,0.001399930003
3.075,120.5,0.001099945003
3.075,121.5,0.0008999550022
3.075,122.5,0.0004999750012
3.075,123.5,0.0006499675016
3.075,124.5,0.000799960002
3.075,125.5,0.0004999750012
3.075,126.5,0.0002499875006
3.075,127.5,0.0004499775011
3.075,128.5,4.999750012e-05
3.075,129.5,4.999750012e-05
3.075,130.5,4.999750012e-05
3.075,131.5,0.0001499925004
3.075,132.5,9.999500025e-05
3.075,133.5,0
3.075,134.5,4.999750012e-05
3.075,135.5,9.999500025e-05
3.075,136.5,0
3.075,137.5,4.999750012e-05
3.075,138.5,0
3.075,139.5,0
3.075,140.5,0
3.075,141.5,0
3.075,142.5,0
3.075,143.5,0
3.075,144.5,0
3.075,145.5,0
3.075,146.5,0
3.075,147.5,0
3.075,148.5,0
3.075,149.5,0
3.075,150.5,0
3.075,151.5,0
3.075,152.5,0
3.075,153.5,0
3.075,154.5,0
3.075,155.5,0
3.075,156.5,0
3.075,157.5,0
3.075,158.5,0
3.075,159.5,0
3.075,160.5,0
3.075,161.5,0
3.075,162.5,0
3.075,163.5,0
3.075,164.5,0
3.075,165.5,0
3.075,166.5,0
3.075,167.5,0
3.075,168.5,0
3.075,169.5,0
3.075,170.5,0
3.075,171.5,0
3.075,172.5,0
3.075,173.5,0
3.075,174.5,0
3.075,175.5,0
3.075,176.5,0
3.075,177.5,0
3.075,178.5,0
3.075,179.5,0
3.125,0.5,4.999750012e-05
3.125,1.5,0.0001999900005
3.125,2.5,0.0003499825009
3.125,3.5,0.0001499925004
3.125,4.5,0.0002999850007
3.125,5.5,0.0006999650017
3.125,6.5,0.0005999700015
3.125,7.5,0.0008999550022
3.125,8.5,0.0006499675016
3.125,9.5,0.001149942503
3.125,10.5,0.000799960002
3.125,11.5,0.0007499625019
3.125,12.5,0.001299935003
3.125,13.5,0.001549922504
3.125,14.5,0.001049947503
3.125,15.5,0.001099945003
3.125,16.5,0.001349932503
3.125,17.5,0.001249937503
3.125,18.5,0.0009999500025
3.125,19.5,0.001199940003
3.125,20.5,0.001249937503
3.125,21.5,0.001249937503
3.125,22.5,0.001299935003
3.125,23.5,0.0009999500025
3.125,24.5,0.000799960002
3.125,25.5,0.0009499525024
3.125,26.5,0.0002999850007
3.125,27.5,0.0002999850007
3.125,28.5,0.0003499825009
3.125,29.5,0.0001499925004
3.125,30.5,0.0003499825009
3.125,31.5,0.0001999900005
3.125,32.5,9.999500025e-05
3.125,33.5,0.0001499925004
3.125,34.5,9.999500025e-05
3.125,35.5,0
3.125,36.5,9.999500025e-05
3.125,37.5,0.0001499925004
3.125,38.5,9.999500025e-05
3.125,39.5,9.999500025e-05
3.125,40.5,4.999750012e-05
3.125,41.5,9.999500025e-05
3.125,42.5,4.999750012e-05
3.125,43.5,9.999500025e-05
3.125,44.5,4.999750012e-05
3.125,45.5,4.999750012e-05
3.125,46.5,0
3.125,47.5,9.999500025e-05
3.125,48.5,4.999750012e-05
3.125,49.5,4.999750012e-05
3.125,50.5,0
3.125,51.5,0
3.125,52.5,0
3.125,53.5,0
3.125,54.5,0
3.125,55.5,0
3.125,56.5,0
3.125,57.5,4.999750012e-05
3.125,58.5,0
3.125,59.5,4.999750012e-05
3.125,60.5,4.999750012e-05
3.125,61.5,4.999750012e-05
3.125,62.5,0
3.125,63.5,0
3.125,64.5,0
3.125,65.5,0
3.125,66.5,0
3.125,67.5,0
3.125,68.5,0
3.125,69.5,0
3.125,70.5,0
3.125,71.5,0
3.125,72.5,0
3.125,73.5,0
3.125,74.5,0
3.125,75.5,0
3.125,76.5,0
3.125,77.5,0
3.125,78.5,0
3.125,79.5,0
3.125,80.5,0
3.125,81.5,0
3.125,82.5,0
3.125,83.5,0
3.125,84.5,0
3.125,85.5,0
3.125,86.5,0
3.125,87.5,0
3.125,88.5,0
3.125,89.5,0
3.125,90.5,0
3.125,91.5,0
3.125,92.5,0
3.125,93.5,0
3.125,94.5,9.999500025e-05
3.125,95.5,0
3.125,96.5,0.0001499925004
3.125,97.5,0.0001999900005
3.125,98.5,0.0001499925004
3.125,99.5,9.999500025e-05
3.125,100.5,0.0001499925004
3.125,101.5,0.0001499925004
3.125,102.5,0.0003499825009
3.125,103.5,0.0004499775011
3.125,104.5,0.0001999900005
3.125,105.5,0.0004499775011
3.125,106.5,0.0002999850007
3.125,107.5,0.0006499675016
3.125,108.5,0.0005499725014
3.125,109.5,0.0005499725014
3.125,110.5,0.0008999550022
3.125,111.5,0.0009499525024
3.125,112.5,0.0009499525024
3.125,113.5,0.001149942503
3.125,114.5,0.001449927504
3.125,115.5,0.001399930003
3.125,116.5,0.001799910004
3.125,117.5,0.001399930003
3.125,118.5,0.001799910004
3.125,119.5,0.001799910004
3.125,120.5,0.001649917504
3.125,121.5,0.0009999500025
3.125,122.5,0.001249937503
3.125,123.5,0.001449927504
3.125,124.5,0.0008999550022
3.125,125.5,0.001099945003
3.125,126.5,0.0008999550022
3.125,127.5,0.0004499775011
3.125,128.5,0.0005499725014
3.125,129.5,0.0004499775011
3.125,130.5,0.0003499825009
3.125,131.5,0.0001999900005
3.125,132.5,0
3.125,133.5,4.999750012e-05
3.125,134.5,0.0001499925004
3.125,135.5,9.999500025e-05
3.125,136.5,0
3.125,137.5,4.999750012e-05
3.125,138.5,0
3.125,139.5,0
3.125,140.5,0
3.125,141.5,0
3.125,142.5,0
3.125,143.5,0
3.125,144.5,0
3.125,145.5,0
3.125,146.5,0
3.125,147.5,0
3.125,148.5,0
3.125,149.5,0
3.125,150.5,0
3.125,151.5,0
3.125,152.5,0
3.125,153.5,0
3.125,154.5,0
3.125,155.5,0
3.125,156.5,0
3.125,157.5,0
3.125,158.5,0
3.125,159.5,0
3.125,160.5,0
3.125,161.5,0
3.125,162.5,0
3.125,163.5,0
3.125,164.5,0
3.125,165.5,0
3.125,166.5,0
3.125,167.5,0
3.125,168.5,0
3.125,169.5,0
3.125,170.5,0
3.125,171.5,0
3.125,172.5,0
3.125,173.5,0
3.125,174.5,0
3.125,175.5,0
3.125,176.5,0
3.125,177.5,0
3.125,178.5,0
3.125,179.5,0
3.175,0.5,0
3.175,1.5,0.0002999850007
3.175,2.5,0.0005499725014
3.175,3.5,0.0006999650017
3.175,4.5,0.0009499525024
3.175,5.5,0.0009499525024
3.175,6.5,0.0009499525024
3.175,7.5,0.001049947503
3.175,8.5,0.001249937503
3.175,9.5,0.001549922504
3.175,10.5,0.001349932503
3.175,11.5,0.001349932503
3.175,12.5,0.001649917504
3.175,13.5,0.002199890005
3.175,14.5,0.001599920004
3.175,15.5,0.002099895005
3.175,16.5,0.002199890005
3.175,17.5,0.001449927504
3.175,18.5,0.001299935003
3.175,19.5,0.001249937503
3.175,20.5,0.001349932503
3.175,21.5,0.0008999550022
3.175,22.5,0.0009499525024
3.175,23.5,0.0008499575021
3.175,24.5,0.001049947503
3.175,25.5,0.0008499575021
3.175,26.5,0.0004999750012
3.175,27.5,0.0009499525024
3.175,28.5,0.0003499825009
3.175,29.5,0.0003499825009
3.175,30.5,0.0002499875006
3.175,31.5,0.0001999900005
3.175,32.5,0.000399980001
3.175,33.5,0.0003499825009
3.175,34.5,0.0001499925004
3.175,35.5,0.0001999900005
3.175,36.5,0.0002999850007
3.175,37.5,4.999750012e-05
3.175,38.5,0.0001999900005
3.175,39.5,0.0002499875006
3.175,40.5,9.999500025e-05
3.175,41.5,4.999750012e-05
3.175,42.5,4.999750012e-05
3.175,43.5,4.999750012e-05
3.175,44.5,0.0002999850007
3.175,45.5,0.0001499925004
3.175,46.5,9.999500025e-05
3.175,47.5,0
3.175,48.5,9.999500025e-05
3.175,49.5,0
3.175,50.5,9.999500025e-05
3.175,51.5,4.999750012e-05
3.175,52.5,4.999750012e-05
3.175,53.5,9.999500025e-05
3.175,54.5,4.999750012e-05
3.175,55.5,0
3.175,56.5,0
3.175,57.5,0
3.175,58.5,0
3.175,59.5,0
3.175,60.5,0
3.175,61.5,9.999500025e-05
3.175,62.5,0
3.175,63.5,9.999500025e-05
3.175,64.5,0
3.175,65.5,0
3.175,66.5,4.999750012e-05
3.175,67.5,9.999500025e-05
3.175,68.5,0
3.175,69.5,0
3.175,70.5,0
3.175,71.5,0
3.175,72.5,0
3.175,73.5,0
3.175,74.5,0
3.175,75.5,0
3.175,76.5,0
3.175,77.5,0
3.175,78.5,0
3.175,79.5,0
3.175,80.5,0
3.175,81.5,0
3.175,82.5,0
3.175,83.5,0
3.175,84.5,0
3.175,85.5,0
3.175,86.5,0
3.175,87.5,0
3.175,88.5,0
3.175,89.5,4.999750012e-05
3.175,90.5,4.999750012e-05
3.175,91.5,4.999750012e-05
3.175,92.5,0
3.175,93.5,0.0001999900005
3.175,94.5,0.0001499925004
3.175,95.5,0.0001499925004
3.175,96.5,0
3.175,97.5,0.0002999850007
3.175,98.5,0.0001499925004
3.175,99.5,0.0001499925004
3.175,100.5,0.0002999850007
3.175,101.5,0.0004499775011
3.175,102.5,0.0002499875006
3.175,103.5,0.0001999900005
3.175,104.5,0.0002499875006
3.175,105.5,0.0003499825009
3.175,106.5,0.0006499675016
3.175,107.5,0.0007499625019
3.175,108.5,0.0009999500025
3.175,109.5,0.0007499625019
3.175,110.5,0.001199940003
3.175,111.5,0.001699915004
3.175,112.5,0.001849907505
3.175,113.5,0.001499925004
3.175,114.5,0.002099895005
3.175,115.5,0.001949902505
3.175,116.5,0.002099895005
3.175,117.5,0.002399880006
3.175,118.5,0.002249887506
3.175,119.5,0.002249887506
3.175,120.5,0.002299885006
3.175,121.5,0.002249887506
3.175,122.5,0.001749912504
3.175,123.5,0.001649917504
3.175,124.5,0.001299935003
3.175,125.5,0.001199940003
3.175,126.5,0.001099945003
3.175,127.5,0.0008499575021
3.175,128.5,0.0008999550022
3.175,129.5,0.0005499725014
3.175,130.5,0.0002999850007
3.175,131.5,0.0002499875006
3.175,132.5,9.999500025e-05
3.175,133.5,0.0002499875006
3.175,134.5,0.0002499875006
3.175,135.5,9.999500025e-05
3.175,136.5,0.0001499925004
3.175,137.5,4.999750012e-05
3.175,138.5,4.999750012e-05
3.175,139.5,9.999500025e-05
3.175,140.5,0
3.175,141.5,0
3.175,142.5,0
3.175,143.5,0
3.175,144.5,0
3.175,145.5,0
3.175,146.5,0
3.175,147.5,0
3.175,148.5,0
3.175,149.5,0
3.175,150.5,0
3.175,151.5,0
3.175,152.5,0
3.175,153.5,0
3.175,154.5,0
3.175,155.5,0
3.175,156.5,0
3.175,157.5,0
3.175,158.5,0
3.175,159.5,0
3.175,160.5,0
3.175,161.5,0
3.175,162.5,0
3.175,163.5,0
3.175,164.5,0
3.175,165.5,0
3.175,166.5,0
3.175,167.5,0
3.175,168.5,0
3.175,169.5,0
3.175,170.5,0
3.175,171.5,0
3.175,172.5,0
3.175,173.5,0
3.175,174.5,0
3.175,175.5,0
3.175,176.5,0
3.175,177.5,0
3.175,178.5,0
3.175,179.5,0
3.225,0.5,0.0001499925004
3.225,1.5,0.0004499775011
3.225,2.5,0.0005999700015
3.225,3.5,0.0005999700015
3.225,4.5,0.0008999550022
3.225,5.5,0.0008499575021
3.225,6.5,0.001199940003
3.225,7.5,0.001399930003
3.225,8.5,0.0009499525024
3.225,9.5,0.001849907505
3.225,10.5,0.002199890005
3.225,11.5,0.001649917504
3.225,12.5,0.001249937503
3.225,13.5,0.001899905005
3.225,14.5,0.001499925004
3.225,15.5,0.001749912504
3.225,16.5,0.001899905005
3.225,17.5,0.002099895005
3.225,18.5,0.001749912504
3.225,19.5,0.001349932503
3.225,20.5,0.001949902505
3.225,21.5,0.001599920004
3.225,22.5,0.001049947503
3.225,23.5,0.001499925004
3.225,24.5,0.001049947503
3.225,25.5,0.000799960002
3.225,26.5,0.0006499675016
3.225,27.5,0.0008999550022
3.225,28.5,0.0008999550022
3.225,29.5,0.0006499675016
3.225,30.5,0.0003499825009
3.225,31.5,0.0005999700015
3.225,32.5,0.000399980001
3.225,33.5,0.0001999900005
3.225,34.5,0.0002999850007
3.225,35.5,0.0002999850007
3.225,36.5,0.0002999850007
3.225,37.5,0.0002499875006
3.225,38.5,0.0002499875006
3.225,39.5,4.999750012e-05
3.225,40.5,0.0001999900005
3.225,41.5,0.0001499925004
3.225,42.5,0.0001999900005
3.225,43.5,0.0001999900005
3.225,44.5,4.999750012e-05
3.225,45.5,4.999750012e-05
3.225,46.5,4.999750012e-05
3.225,47.5,4.999750012e-05
3.225,48.5,4.999750012e-05
3.225,49.5,0
3.225,50.5,9.999500025e-05
3.225,51.5,4.999750012e-05
3.225,52.5,4.999750012e-05
3.225,53.5,0
3.225,54.5,0
3.225,55.5,0
3.225,56.5,9.999500025e-05
3.225,57.5,0
3.225,58.5,0
3.225,59.5,0
3.225,60.5,0
3.225,61.5,0
3.225,62.5,0
3.225,63.5,0
3.225,64.5,4.999750012e-05
3.225,65.5,4.999750012e-05
3.225,66.5,0
3.225,67.5,4.999750012e-05
3.225,68.5,0
3.225,69.5,0
3.225,70.5,4.999750012e-05
3.225,71.5,4.999750012e-05
3.225,72.5,0
3.225,73.5,0
3.225,74.5,0
3.225,75.5,0
3.225,76.5,0
3.225,77.5,0
3.225,78.5,0
3.225,79.5,0
3.225,80.5,0
3.225,81.5,0
3.225,82.5,0
3.225,83.5,4.999750012e-05
3.225,84.5,0
3.225,85.5,4.999750012e-05
3.225,86.5,4.999750012e-05
3.225,87.5,0
3.225,88.5,0.0001499925004
3.225,89.5,0.0001499925004
3.225,90.5,9.999500025e-05
3.225,91.5,4.999750012e-05
3.225,92.5,0
3.225,93.5,4.999750012e-05
3.225,94.5,4.999750012e-05
3.225,95.5,4.999750012e-05
3.225,96.5,0.0002499875006
3.225,97.5,0.0002999850007
3.225,98.5,0.0003499825009
3.225,99.5,0.0005499725014
3.225,100.5,0.0002499875006
3.225,101.5,0.0002499875006
3.225,102.5,0.0004499775011
3.225,103.5,0.000399980001
3.225,104.5,0.0004499775011
3.225,105.5,0.0005499725014
3.225,106.5,0.0005499725014
3.225,107.5,0.000799960002
3.225,108.5,0.0009999500025
3.225,109.5,0.0008999550022
3.225,110.5,0.001249937503
3.225,111.5,0.001299935003
3.225,112.5,0.001949902505
3.225,113.5,0.002099895005
3.225,114.5,0.001949902505
3.225,115.5,0.002649867507
3.225,116.5,0.002549872506
3.225,117.5,0.002249887506
3.225,118.5,0.001999900005
3.225,119.5,0.002649867507
3.225,120.5,0.003049847508
3.225,121.5,0.001949902505
3.225,122.5,0.001749912504
3.225,123.5,0.002099895005
3.225,124.5,0.001749912504
3.225,125.5,0.001099945003
3.225,126.5,0.001199940003
3.225,127.5,0.001349932503
3.225,128.5,0.0008499575021
3.225,129.5,0.0005499725014
3.225,130.5,0.0002999850007
3.225,131.5,0.0003499825009
3.225,132.5,0.0003499825009
3.225,133.5,0.0004499775011
3.225,134.5,0.0002999850007
3.225,135.5,9.999500025e-05
3.225,136.5,0.0001999900005
3.225,137.5,9.999500025e-05
3.225,138.5,9.999500025e-05
3.225,139.5,0.0001499925004
3.225,140.5,4.999750012e-05
3.225,141.5,4.999750012e-05
3.225,142.5,0
3.225,143.5,0
3.225,144.5,0
3.225,145.5,0
3.225,146.5,0
3.225,147.5,0
3.225,148.5,0
3.225,149.5,0
3.225,150.5,0
3.225,151.5,0
3.225,152.5,0
3.225,153.5,0
3.225,154.5,0
3.225,155.5,0
3.225,156.5,0
3.225,157.5,0
3.225,158.5,0
3.225,159.5,0
3.225,160.5,0
3.225,161.5,0
3.225,162.5,0
3.225,163.5,0
3.225,164.5,0
3.225,165.5,0
3.225,166.5,0
3.225,167.5,0
3.225,168.5,0
3.225,169.5,0
3.225,170.5,0
3.225,171.5,0
3.225,172.5,0
3.225,173.5,0
3.225,174.5,0
3.225,175.5,0
3.225,176.5,0
3.225,177.5,0
3.225,178.5,0
3.225,179.5,0
3.275,0.5,0.0001499925004
3.275,1.5,0.0002999850007
3.275,2.5,0.0004499775011
3.275,3.5,0.0007499625019
3.275,4.5,0.000799960002
3.275,5.5,0.001149942503
3.275,6.5,0.001599920004
3.275,7.5,0.001249937503
3.275,8.5,0.001299935003
3.275,9.5,0.001949902505
3.275,10.5,0.001849907505
3.275,11.5,0.002149892505
3.275,12.5,0.002149892505
3.275,13.5,0.002599870006
3.275,14.5,0.002149892505
3.275,15.5,0.001999900005
3.275,16.5,0.001599920004
3.275,17.5,0.002199890005
3.275,18.5,0.002299885006
3.275,19.5,0.002549872506
3.275,20.5,0.001499925004
3.275,21.5,0.002199890005
3.275,22.5,0.001499925004
3.275,23.5,0.001399930003
3.275,24.5,0.001449927504
3.275,25.5,0.001349932503
3.275,26.5,0.001299935003
3.275,27.5,0.001699915004
3.275,28.5,0.0007499625019
3.275,29.5,0.001149942503
3.275,30.5,0.0008499575021
3.275,31.5,0.001049947503
3.275,32.5,0.0006999650017
3.275,33.5,0.0008999550022
3.275,34.5,0.0001499925004
3.275,35.5,0.0004999750012
3.275,36.5,0.0007499625019
3.275,37.5,0.0005499725014
3.275,38.5,0.0005499725014
3.275,39.5,0.0001999900005
3.275,40.5,0.0001999900005
3.275,41.5,0.0003499825009
3.275,42.5,0.0006499675016
3.275,43.5,0.0001499925004
3.275,44.5,0.0001999900005
3.275,45.5,0.0003499825009
3.275,46.5,0.0001999900005
3.275,47.5,0.0001999900005
3.275,48.5,0.0001999900005
3.275,49.5,9.999500025e-05
3.275,50.5,4.999750012e-05
3.275,51.5,0.0002499875006
3.275,52.5,4.999750012e-05
3.275,53.5,9.999500025e-05
3.275,54.5,4.999750012e-05
3.275,55.5,4.999750012e-05
3.275,56.5,0
3.275,57.5,4.999750012e-05
3.275,58.5,4.999750012e-05
3.275,59.5,4.999750012e-05
3.275,60.5,4.999750012e-05
3.275,61.5,4.999750012e-05
3.275,62.5,4.999750012e-05
3.275,63.5,9.999500025e-05
3.275,64.5,4.999750012e-05
3.275,65.5,0
3.275,66.5,4.999750012e-05
3.275,67.5,0
3.275,68.5,9.999500025e-05
3.275,69.5,9.999500025e-05
3.275,70.5,0.0001499925004
3.275,71.5,9.999500025e-05
3.275,72.5,9.999500025e-05
3.275,73.5,0
3.275,74.5,4.999750012e-05
3.275,75.5,4.999750012e-05
3.275,76.5,4.999750012e-05
3.275,77.5,0
3.275,78.5,4.999750012e-05
3.275,79.5,9.999500025e-05
3.275,80.5,0
3.275,81.5,0
3.275,82.5,0
3.275,83.5,0
3.275,84.5,0
3.275,85.5,4.999750012e-05
3.275,86.5,4.999750012e-05
3.275,87.5,9.999500025e-05
3.275,88.5,0.0001499925004
3.275,89.5,4.999750012e-05
3.275,90.5,0.0001499925004
3.275,91.5,0.0001499925004
3.275,92.5,9.999500025e-05
3.275,93.5,0.0001999900005
3.275,94.5,9.999500025e-05
3.275,95.5,0.0001999900005
3.275,96.5,0.0001999900005
3.275,97.5,0.000399980001
3.275,98.5,0.0001499925004
3.275,99.5,0.0002499875006
3.275,100.5,0.0007499625019
3.275,101.5,0.0004499775011
3.275,102.5,0.0006999650017
3.275,103.5,0.0006999650017
3.275,104.5,0.0005499725014
3.275,105.5,0.0006499675016
3.275,106.5,0.001499925004
3.275,107.5,0.001299935003
3.275,108.5,0.001499925004
3.275,109.5,0.001599920004
3.275,110.5,0.001699915004
3.275,111.5,0.001949902505
3.275,112.5,0.001649917504
3.275,113.5,0.001799910004
3.275,114.5,0.002799860007
3.275,115.5,0.002849857507
3.275,116.5,0.003049847508
3.275,117.5,0.002849857507
3.275,118.5,0.003149842508
3.275,119.5,0.003199840008
3.275,120.5,0.003349832508
3.275,121.5,0.003199840008
3.275,122.5,0.002649867507
3.275,123.5,0.002299885006
3.275,124.5,0.002249887506
3.275,125.5,0.002199890005
3.275,126.5,0.001599920004
3.275,127.5,0.001749912504
3.275,128.5,0.001499925004
3.275,129.5,0.0006999650017
3.275,130.5,0.0008999550022
3.275,131.5,0.0006999650017
3.275,132.5,0.000399980001
3.275,133.5,0.0004499775011
3.275,134.5,0.0004499775011
3.275,135.5,9.999500025e-05
3.275,136.5,0.0001499925004
3.275,137.5,9.999500025e-05
3.275,138.5,0
3.275,139.5,4.999750012e-05
3.275,140.5,9.999500025e-05
3.275,141.5,9.999500025e-05
3.275,142.5,9.999500025e-05
3.275,143.5,0
3.275,144.5,0
3.275,145.5,4.999750012e-05
3.275,146.5,0
3.275,147.5,0
3.275,148.5,0
3.275,149.5,0
3.275,150.5,0
3.275,151.5,0
3.275,152.5,0
3.275,153.5,0
3.275,154.5,0
3.275,155.5,0
3.275,156.5,0
3.275,157.5,0
3.275,158.5,0
3.275,159.5,0
3.275,160.5,0
3.275,161.5,0
3.275,162.5,0
3.275,163.5,0
3.275,164.5,0
3.275,165.5,0
3.275,166.5,0
3.275,167.5,0
3.275,168.5,0
3.275,169.5,0
3.275,170.5,0
3.275,171.5,0
3.275,172.5,0
3.275,173.5,0
3.275,174.5,0
3.275,175.5,0
3.275,176.5,0
3.275,177.5,0
3.275,178.5,0
3.275,179.5,0
3.325,0.5,0.0001499925004
3.325,1.5,0.0006499675016
3.325,2.5,0.001049947503
3.325,3.5,0.0009499525024
3.325,4.5,0.001199940003
3.325,5.5,0.001299935003
3.325,6.5,0.001399930003
3.325,7.5,0.002199890005
3.325,8.5,0.002099895005
3.325,9.5,0.001799910004
3.325,10.5,0.002949852507
3.325,11.5,0.002649867507
3.325,12.5,0.003049847508
3.325,13.5,0.002449877506
3.325,14.5,0.002699865007
3.325,15.5,0.002649867507
3.325,16.5,0.002049897505
3.325,17.5,0.002499875006
3.325,18.5,0.002399880006
3.325,19.5,0.001899905005
3.325,20.5,0.002649867507
3.325,21.5,0.002149892505
3.325,22.5,0.001949902505
3.325,23.5,0.001299935003
3.325,24.5,0.001699915004
3.325,25.5,0.001699915004
3.325,26.5,0.001949902505
3.325,27.5,0.001399930003
3.325,28.5,0.001199940003
3.325,29.5,0.0009999500025
3.325,30.5,0.001449927504
3.325,31.5,0.001299935003
3.325,32.5,0.0008999550022
3.325,33.5,0.0005999700015
3.325,34.5,0.000799960002
3.325,35.5,0.001049947503
3.325,36.5,0.000799960002
3.325,37.5,0.0005999700015
3.325,38.5,0.0006999650017
3.325,39.5,0.0003499825009
3.325,40.5,0.0003499825009
3.325,41.5,0.0003499825009
3.325,42.5,0.0003499825009
3.325,43.5,0.0006499675016
3.325,44.5,0.0004999750012
3.325,45.5,4.999750012e-05
3.325,46.5,0.0003499825009
3.325,47.5,9.999500025e-05
3.325,48.5,0.0003499825009
3.325,49.5,0.000399980001
3.325,50.5,0.0001999900005
3.325,51.5,4.999750012e-05
3.325,52.5,0.0003499825009
3.325,53.5,9.999500025e-05
3.325,54.5,0.0002499875006
3.325,55.5,9.999500025e-05
3.325,56.5,0.0001999900005
3.325,57.5,9.999500025e-05
3.325,58.5,0.0002499875006
3.325,59.5,4.999750012e-05
3.325,60.5,4.999750012e-05
3.325,61.5,0.0001499925004
3.325,62.5,4.999750012e-05
3.325,63.5,9.999500025e-05
3.325,64.5,0.0001999900005
3.325,65.5,0
3.325,66.5,9.999500025e-05
3.325,67.5,0.0001999900005
3.325,68.5,0.0001499925004
3.325,69.5,0
3.325,70.5,4.999750012e-05
3.325,71.5,0.0001499925004
3.325,72.5,0.0001499925004
3.325,73.5,0.0001999900005
3.325,74.5,0.0002499875006
3.325,75.5,0.0001999900005
3.325,76.5,0.0001499925004
3.325,77.5,0.0002499875006
3.325,78.5,0.0002499875006
3.325,79.5,9.999500025e-05
3.325,80.5,4.999750012e-05
3.325,81.5,4.999750012e-05
3.325,82.5,4.999750012e-05
3.325,83.5,9.999500025e-05
3.325,84.5,0.0001499925004
3.325,85.5,9.999500025e-05
3.325,86.5,9.999500025e-05
3.325,87.5,0.0001499925004
3.325,88.5,4.999750012e-05
3.325,89.5,4.999750012e-05
3.325,90.5,4.999750012e-05
3.325,91.5,9.999500025e-05
3.325,92.5,0.0001999900005
3.325,93.5,0.000399980001
3.325,94.5,0.0003499825009
3.325,95.5,0.0005499725014
3.325,96.5,0.000399980001
3.325,97.5,0.0002499875006
3.325,98.5,0.0005499725014
3.325,99.5,0.0007499625019
3.325,100.5,0.0006499675016
3.325,101.5,0.001049947503
3.325,102.5,0.0005499725014
3.325,103.5,0.0008999550022
3.325,104.5,0.0006999650017
3.325,105.5,0.001199940003
3.325,106.5,0.001449927504
3.325,107.5,0.002099895005
3.325,108.5,0.001649917504
3.325,109.5,0.001149942503
3.325,110.5,0.001949902505
3.325,111.5,0.002499875006
3.325,112.5,0.002599870006
3.325,113.5,0.002999850007
3.325,114.5,0.003299835008
3.325,115.5,0.002949852507
3.325,116.5,0.003399830008
3.325,117.5,0.003149842508
3.325,118.5,0.002849857507
3.325,119.5,0.00389980501
3.325,120.5,0.004549772511
3.325,121.5,0.00384980751
3.325,122.5,0.003749812509
3.325,123.5,0.002699865007
3.325,124.5,0.002949852507
3.325,125.5,0.002149892505
3.325,126.5,0.002049897505
3.325,127.5,0.002199890005
3.325,128.5,0.001599920004
3.325,129.5,0.0009499525024
3.325,130.5,0.0009999500025
3.325,131.5,0.0006999650017
3.325,132.5,0.0006499675016
3.325,133.5,0.000399980001
3.325,134.5,0.0002999850007
3.325,135.5,0.0004499775011
3.325,136.5,0.0002499875006
3.325,137.5,9.999500025e-05
3.325,138.5,0.0002499875006
3.325,139.5,9.999500025e-05
3.325,140.5,0.0001499925004
3.325,141.5,9.999500025e-05
3.325,142.5,0
3.325,143.5,0
3.325,144.5,9.999500025e-05
3.325,145.5,0
3.325,146.5,0
3.325,147.5,0
3.325,148.5,4.999750012e-05
3.325,149.5,0
3.325,150.5,0
3.325,151.5,0
3.325,152.5,0
3.325,153.5,0
3.325,154.5,0
3.325,155.5,0
3.325,156.5,0
3.325,157.5,0
3.325,158.5,0
3.325,159.5,0
3.325,160.5,0
3.325,161.5,0
3.325,162.5,0
3.325,163.5,0
3.325,164.5,0
3.325,165.5,0
3.325,166.5,0
3.325,167.5,0
3.325,168.5,0
3.325,169.5,0
3.325,170.5,0
3.325,171.5,0
3.325,172.5,0
3.325,173.5,0
3.325,174.5,0
3.325,175.5,0
3.325,176.5,0
3.325,177.5,0
3.325,178.5,0
3.325,179.5,0
3.375,0.5,0
3.375,1.5,0.0004499775011
3.375,2.5,0.0007499625019
3.375,3.5,0.0008999550022
3.375,4.5,0.001049947503
3.375,5.5,0.001649917504
3.375,6.5,0.002199890005
3.375,7.5,0.001699915004
3.375,8.5,0.002299885006
3.375,9.5,0.002099895005
3.375,10.5,0.002799860007
3.375,11.5,0.002299885006
3.375,12.5,0.002799860007
3.375,13.5,0.002799860007
3.375,14.5,0.002999850007
3.375,15.5,0.002549872506
3.375,16.5,0.003099845008
3.375,17.5,0.003549822509
3.375,18.5,0.003199840008
3.375,19.5,0.002749862507
3.375,20.5,0.002849857507
3.375,21.5,0.002599870006
3.375,22.5,0.002449877506
3.375,23.5,0.002199890005
3.375,24.5,0.002099895005
3.375,25.5,0.001849907505
3.375,26.5,0.001699915004
3.375,27.5,0.002099895005
3.375,28.5,0.001749912504
3.375,29.5,0.001799910004
3.375,30.5,0.001199940003
3.375,31.5,0.001749912504
3.375,32.5,0.001349932503
3.375,33.5,0.001749912504
3.375,34.5,0.001349932503
3.375,35.5,0.0006499675016
3.375,36.5,0.001299935003
3.375,37.5,0.0009499525024
3.375,38.5,0.0006499675016
3.375,39.5,0.0008999550022
3.375,40.5,0.001049947503
3.375,41.5,0.0006499675016
3.375,42.5,0.001049947503
3.375,43.5,0.0004999750012
3.375,44.5,0.000399980001
3.375,45.5,0.0005999700015
3.375,46.5,0.0005999700015
3.375,47.5,0.0002999850007
3.375,48.5,0.0004999750012
3.375,49.5,0.0002999850007
3.375,50.5,0.0003499825009
3.375,51.5,0.0006499675016
3.375,52.5,0.0001999900005
3.375,53.5,0.0005999700015
3.375,54.5,0.0001999900005
3.375,55.5,0.0001499925004
3.375,56.5,0.000399980001
3.375,57.5,0.0002999850007
3.375,58.5,0.0002499875006
3.375,59.5,0.0001499925004
3.375,60.5,0.0002499875006
3.375,61.5,9.999500025e-05
3.375,62.5,9.999500025e-05
3.375,63.5,0.0002999850007
3.375,64.5,9.999500025e-05
3.375,65.5,0.0001999900005
3.375,66.5,9.999500025e-05
3.375,67.5,9.999500025e-05
3.375,68.5,0.0001499925004
3.375,69.5,0.0003499825009
3.375,70.5,4.999750012e-05
3.375,71.5,0.000399980001
3.375,72.5,0.0002999850007
3.375,73.5,9.999500025e-05
3.375,74.5,0.0001499925004
3.375,75.5,0.0001499925004
3.375,76.5,0.0002999850007
3.375,77.5,0.0001999900005
3.375,78.5,0.0002999850007
3.375,79.5,0.0001499925004
3.375,80.5,0.0002499875006
3.375,81.5,0.0001999900005
3.375,82.5,0.0003499825009
3.375,83.5,0.0002499875006
3.375,84.5,0.0003499825009
3.375,85.5,0.0001999900005
3.375,86.5,0.0001999900005
3.375,87.5,9.999500025e-05
3.375,88.5,0.0002999850007
3.375,89.5,0.0002999850007
3.375,90.5,0.0002999850007
3.375,91.5,0.0001999900005
3.375,92.5,0.0004499775011
3.375,93.5,0.0005999700015
3.375,94.5,0.0008999550022
3.375,95.5,0.0004499775011
3.375,96.5,0.0004499775011
3.375,97.5,0.001149942503
3.375,98.5,0.0006499675016
3.375,99.5,0.0006999650017
3.375,100.5,0.001049947503
3.375,101.5,0.001049947503
3.375,102.5,0.001549922504
3.375,103.5,0.001949902505
3.375,104.5,0.001749912504
3.375,105.5,0.001649917504
3.375,106.5,0.002149892505
3.375,107.5,0.002499875006
3.375,108.5,0.002799860007
3.375,109.5,0.002249887506
3.375,110.5,0.002849857507
3.375,111.5,0.002799860007
3.375,112.5,0.002999850007
3.375,113.5,0.003049847508
3.375,114.5,0.003499825009
3.375,115.5,0.002999850007
3.375,116.5,0.003749812509
3.375,117.5,0.003599820009
3.375,118.5,0.003199840008
3.375,119.5,0.00409979501
3.375,120.5,0.003799810009
3.375,121.5,0.00409979501
3.375,122.5,0.003099845008
3.375,123.5,0.003149842508
3.375,124.5,0.003399830008
3.375,125.5,0.002099895005
3.375,126.5,0.003449827509
3.375,127.5,0.002599870006
3.375,128.5,0.001749912504
3.375,129.5,0.001849907505
3.375,130.5,0.001549922504
3.375,131.5,0.001049947503
3.375,132.5,0.001399930003
3.375,133.5,0.001099945003
3.375,134.5,0.0008499575021
3.375,135.5,0.0004499775011
3.375,136.5,0.0006999650017
3.375,137.5,0.0001999900005
3.375,138.5,0.0002999850007
3.375,139.5,0.0001999900005
3.375,140.5,9.999500025e-05
3.375,141.5,0.0003499825009
3.375,142.5,4.999750012e-05
3.375,143.5,0
3.375,144.5,4.999750012e-05
3.375,145.5,0
3.375,146.5,0
3.375,147.5,4.999750012e-05
3.375,148.5,0
3.375,149.5,0
3.375,150.5,0
3.375,151.5,0
3.375,152.5,0
3.375,153.5,0
3.375,154.5,4.999750012e-05
3.375,155.5,0
3.375,156.5,0
3.375,157.5,0
3.375,158.5,0
3.375,159.5,0
3.375,160.5,0
3.375,161.5,0
3.375,162.5,0
3.375,163.5,0
3.375,164.5,0
3.375,165.5,0
3.375,166.5,0
3.375,167.5,0
3.375,168.5,0
3.375,169.5,0
3.375,170.5,0
3.375,171.5,0
3.375,172.5,0
3.375,173.5,0
3.375,174.5,0
3.375,175.5,0
3.375,176.5,0
3.375,177.5,0
3.375,178.5,0
3.375,179.5,0
3.425,0.5,9.999500025e-05
3.425,1.5,0.0008999550022
3.425,2.5,0.0005999700015
3.425,3.5,0.0009499525024
3.425,4.5,0.001199940003
3.425,5.5,0.001599920004
3.425,6.5,0.001699915004
3.425,7.5,0.002249887506
3.425,8.5,0.002349882506
3.425,9.5,0.002549872506
3.425,10.5,0.002849857507
3.425,11.5,0.002949852507
3.425,12.5,0.003599820009
3.425,13.5,0.002599870006
3.425,14.5,0.003749812509
3.425,15.5,0.002999850007
3.425,16.5,0.002549872506
3.425,17.5,0.003149842508
3.425,18.5,0.003599820009
3.425,19.5,0.002799860007
3.425,20.5,0.002699865007
3.425,21.5,0.002899855007
3.425,22.5,0.002749862507
3.425,23.5,0.001999900005
3.425,24.5,0.002499875006
3.425,25.5,0.002049897505
3.425,26.5,0.002449877506
3.425,27.5,0.001999900005
3.425,28.5,0.002349882506
3.425,29.5,0.002049897505
3.425,30.5,0.002199890005
3.425,31.5,0.001899905005
3.425,32.5,0.001649917504
3.425,33.5,0.001899905005
3.425,34.5,0.001549922504
3.425,35.5,0.001149942503
3.425,36.5,0.001249937503
3.425,37.5,0.001349932503
3.425,38.5,0.0007499625019
3.425,39.5,0.001049947503
3.425,40.5,0.001499925004
3.425,41.5,0.0008499575021
3.425,42.5,0.001149942503
3.425,43.5,0.001099945003
3.425,44.5,0.0008999550022
3.425,45.5,0.001099945003
3.425,46.5,0.0007499625019
3.425,47.5,0.001049947503
3.425,48.5,0.0005999700015
3.425,49.5,0.000799960002
3.425,50.5,0.0008499575021
3.425,51.5,0.0005999700015
3.425,52.5,0.0007499625019
3.425,53.5,0.000799960002
3.425,54.5,0.000399980001
3.425,55.5,0.0006499675016
3.425,56.5,0.0007499625019
3.425,57.5,0.0006999650017
3.425,58.5,0.0008999550022
3.425,59.5,0.001249937503
3.425,60.5,0.0007499625019
3.425,61.5,0.0003499825009
3.425,62.5,0.0009499525024
3.425,63.5,0.0007499625019
3.425,64.5,0.0005999700015
3.425,65.5,0.0006499675016
3.425,66.5,0.0006499675016
3.425,67.5,0.0004999750012
3.425,68.5,0.0006999650017
3.425,69.5,0.000399980001
3.425,70.5,0.0004999750012
3.425,71.5,0.0002499875006
3.425,72.5,0.000399980001
3.425,73.5,9.999500025e-05
3.425,74.5,0.0002999850007
3.425,75.5,0.0005499725014
3.425,76.5,0.0006999650017
3.425,77.5,0.0004999750012
3.425,78.5,0.000399980001
3.425,79.5,0.000399980001
3.425,80.5,0.000399980001
3.425,81.5,0.000399980001
3.425,82.5,0.0005499725014
3.425,83.5,0.0004499775011
3.425,84.5,0.000399980001
3.425,85.5,0.0004499775011
3.425,86.5,0.0004999750012
3.425,87.5,0.0002499875006
3.425,88.5,0.0009499525024
3.425,89.5,0.0006499675016
3.425,90.5,0.0004499775011
3.425,91.5,0.0005499725014
3.425,92.5,0.0004499775011
3.425,93.5,0.0009499525024
3.425,94.5,0.0009499525024
3.425,95.5,0.0009999500025
3.425,96.5,0.0008999550022
3.425,97.5,0.0005999700015
3.425,98.5,0.0006999650017
3.425,99.5,0.001099945003
3.425,100.5,0.001199940003
3.425,101.5,0.001099945003
3.425,102.5,0.001349932503
3.425,103.5,0.001799910004
3.425,104.5,0.001499925004
3.425,105.5,0.001799910004
3.425,106.5,0.001999900005
3.425,107.5,0.002199890005
3.425,108.5,0.002099895005
3.425,109.5,0.003549822509
3.425,110.5,0.003349832508
3.425,111.5,0.003149842508
3.425,112.5,0.003399830008
3.425,113.5,0.003199840008
3.425,114.5,0.004249787511
3.425,115.5,0.003149842508
3.425,116.5,0.004499775011
3.425,117.5,0.003649817509
3.425,118.5,0.00419979001
3.425,119.5,0.005299735013
3.425,120.5,0.003649817509
3.425,121.5,0.003699815009
3.425,122.5,0.004399780011
3.425,123.5,0.004249787511
3.425,124.5,0.003699815009
3.425,125.5,0.003399830008
3.425,126.5,0.003099845008
3.425,127.5,0.002999850007
3.425,128.5,0.002249887506
3.425,129.5,0.001749912504
3.425,130.5,0.002249887506
3.425,131.5,0.001649917504
3.425,132.5,0.001549922504
3.425,133.5,0.001199940003
3.425,134.5,0.0009999500025
3.425,135.5,0.0007499625019
3.425,136.5,0.0007499625019
3.425,137.5,0.0004499775011
3.425,138.5,0.0003499825009
3.425,139.5,0.0003499825009
3.425,140.5,0.0003499825009
3.425,141.5,0.0002499875006
3.425,142.5,0.0001999900005
3.425,143.5,0.0001499925004
3.425,144.5,0.0001999900005
3.425,145.5,4.999750012e-05
3.425,146.5,0.0001999900005
3.425,147.5,9.999500025e-05
3.425,148.5,4.999750012e-05
3.425,149.5,4.999750012e-05
3.425,150.5,0
3.425,151.5,0
3.425,152.5,4.999750012e-05
3.425,153.5,0
3.425,154.5,4.999750012e-05
3.425,155.5,0
3.425,156.5,0
3.425,157.5,0
3.425,158.5,0
3.425,159.5,0
3.425,160.5,9.999500025e-05
3.425,161.5,0
3.425,162.5,0
3.425,163.5,0
3.425,164.5,0
3.425,165.5,0
3.425,166.5,0
3.425,167.5,0
3.425,168.5,0
3.425,169.5,0
3.425,170.5,0
3.425,171.5,0
3.425,172.5,0
3.425,173.5,0
3.425,174.5,0
3.425,175.5,0
3.425,176.5,0
3.425,177.5,0
3.425,178.5,0
3.425,179.5,0
3.475,0.5,4.999750012e-05
3.475,1.5,0.0004499775011
3.475,2.5,0.0004999750012
3.475,3.5,0.001149942503
3.475,4.5,0.001399930003
3.475,5.5,0.001499925004
3.475,6.5,0.001949902505
3.475,7.5,0.001999900005
3.475,8.5,0.001749912504
3.475,9.5,0.003649817509
3.475,10.5,0.003349832508
3.475,11.5,0.003449827509
3.475,12.5,0.003199840008
3.475,13.5,0.003249837508
3.475,14.5,0.003249837508
3.475,15.5,0.003249837508
3.475,16.5,0.003449827509
3.475,17.5,0.003299835008
3.475,18.5,0.002949852507
3.475,19.5,0.002649867507
3.475,20.5,0.003349832508
3.475,21.5,0.003599820009
3.475,22.5,0.003049847508
3.475,23.5,0.003349832508
3.475,24.5,0.002499875006
3.475,25.5,0.002449877506
3.475,26.5,0.002449877506
3.475,27.5,0.002249887506
3.475,28.5,0.002749862507
3.475,29.5,0.003299835008
3.475,30.5,0.002549872506
3.475,31.5,0.002249887506
3.475,32.5,0.002649867507
3.475,33.5,0.001999900005
3.475,34.5,0.001899905005
3.475,35.5,0.001799910004
3.475,36.5,0.002199890005
3.475,37.5,0.001999900005
3.475,38.5,0.001749912504
3.475,39.5,0.001499925004
3.475,40.5,0.001299935003
3.475,41.5,0.001449927504
3.475,42.5,0.001499925004
3.475,43.5,0.001449927504
3.475,44.5,0.001099945003
3.475,45.5,0.001199940003
3.475,46.5,0.001149942503
3.475,47.5,0.001199940003
3.475,48.5,0.0008999550022
3.475,49.5,0.001499925004
3.475,50.5,0.0008999550022
3.475,51.5,0.001049947503
3.475,52.5,0.001549922504
3.475,53.5,0.0009999500025
3.475,54.5,0.0009999500025
3.475,55.5,0.0008999550022
3.475,56.5,0.001349932503
3.475,57.5,0.000799960002
3.475,58.5,0.001049947503
3.475,59.5,0.0009499525024
3.475,60.5,0.001049947503
3.475,61.5,0.001149942503
3.475,62.5,0.001199940003
3.475,63.5,0.0009499525024
3.475,64.5,0.0008999550022
3.475,65.5,0.0008499575021
3.475,66.5,0.0008499575021
3.475,67.5,0.001249937503
3.475,68.5,0.001049947503
3.475,69.5,0.0005999700015
3.475,70.5,0.0005499725014
3.475,71.5,0.0009499525024
3.475,72.5,0.0008499575021
3.475,73.5,0.0006499675016
3.475,74.5,0.0008499575021
3.475,75.5,0.0004499775011
3.475,76.5,0.0009499525024
3.475,77.5,0.000799960002
3.475,78.5,0.0008999550022
3.475,79.5,0.0009499525024
3.475,80.5,0.0009999500025
3.475,81.5,0.0005499725014
3.475,82.5,0.0009499525024
3.475,83.5,0.0007499625019
3.475,84.5,0.0006499675016
3.475,85.5,0.0005499725014
3.475,86.5,0.0008499575021
3.475,87.5,0.0005999700015
3.475,88.5,0.0006999650017
3.475,89.5,0.0008999550022
3.475,90.5,0.0008999550022
3.475,91.5,0.001099945003
3.475,92.5,0.0009999500025
3.475,93.5,0.0008499575021
3.475,94.5,0.0008999550022
3.475,95.5,0.001099945003
3.475,96.5,0.001649917504
3.475,97.5,0.001299935003
3.475,98.5,0.001349932503
3.475,99.5,0.001399930003
3.475,100.5,0.0008499575021
3.475,101.5,0.001699915004
3.475,102.5,0.001599920004
3.475,103.5,0.001799910004
3.475,104.5,0.001799910004
3.475,105.5,0.002149892505
3.475,106.5,0.002299885006
3.475,107.5,0.002199890005
3.475,108.5,0.002199890005
3.475,109.5,0.002749862507
3.475,110.5,0.002599870006
3.475,111.5,0.002349882506
3.475,112.5,0.002649867507
3.475,113.5,0.004349782511
3.475,114.5,0.004599770011
3.475,115.5,0.00414979251
3.475,116.5,0.004349782511
3.475,117.5,0.005149742513
3.475,118.5,0.005099745013
3.475,119.5,0.004999750012
3.475,120.5,0.004499775011
3.475,121.5,0.004349782511
3.475,122.5,0.004299785011
3.475,123.5,0.004449777511
3.475,124.5,0.004299785011
3.475,125.5,0.00404979751
3.475,126.5,0.004299785011
3.475,127.5,0.003549822509
3.475,128.5,0.003149842508
3.475,129.5,0.002749862507
3.475,130.5,0.002549872506
3.475,131.5,0.002399880006
3.475,132.5,0.001999900005
3.475,133.5,0.001799910004
3.475,134.5,0.001349932503
3.475,135.5,0.000799960002
3.475,136.5,0.0007499625019
3.475,137.5,0.000799960002
3.475,138.5,0.0006499675016
3.475,139.5,0.0007499625019
3.475,140.5,0.0005999700015
3.475,141.5,0.0003499825009
3.475,142.5,0.0002499875006
3.475,143.5,0.0001999900005
3.475,144.5,0.0001499925004
3.475,145.5,0
3.475,146.5,9.999500025e-05
3.475,147.5,0
3.475,148.5,0
3.475,149.5,4.999750012e-05
3.475,150.5,4.999750012e-05
3.475,151.5,0
3.475,152.5,4.999750012e-05
3.475,153.5,4.999750012e-05
3.475,154.5,0
3.475,155.5,0
3.475,156.5,0
3.475,157.5,0
3.475,158.5,0
3.475,159.5,0
3.475,160.5,0
3.475,161.5,0
3.475,162.5,0
3.475,163.5,0
3.475,164.5,0
3.475,165.5,0
3.475,166.5,0
3.475,167.5,0
3.475,168.5,0
3.475,169.5,0
3.475,170.5,0
3.475,171.5,0
3.475,172.5,0
3.475,173.5,0
3.475,174.5,0
3.475,175.5,0
3.475,176.5,0
3.475,177.5,0
3.475,178.5,0
3.475,179.5,0
3.525,0.5,0.0001499925004
3.525,1.5,0.0004999750012
3.525,2.5,0.0007499625019
3.525,3.5,0.001299935003
3.525,4.5,0.001399930003
3.525,5.5,0.001399930003
3.525,6.5,0.001499925004
3.525,7.5,0.002549872506
3.525,8.5,0.002699865007
3.525,9.5,0.002449877506
3.525,10.5,0.002949852507
3.525,11.5,0.002699865007
3.525,12.5,0.002899855007
3.525,13.5,0.002349882506
3.525,14.5,0.00389980501
3.525,15.5,0.00394980251
3.525,16.5,0.003299835008
3.525,17.5,0.003449827509
3.525,18.5,0.003199840008
3.525,19.5,0.003449827509
3.525,20.5,0.002799860007
3.525,21.5,0.002899855007
3.525,22.5,0.00389980501
3.525,23.5,0.003399830008
3.525,24.5,0.002899855007
3.525,25.5,0.002999850007
3.525,26.5,0.002999850007
3.525,27.5,0.002349882506
3.525,28.5,0.003199840008
3.525,29.5,0.002699865007
3.525,30.5,0.002999850007
3.525,31.5,0.002349882506
3.525,32.5,0.003149842508
3.525,33.5,0.002699865007
3.525,34.5,0.003049847508
3.525,35.5,0.002899855007
3.525,36.5,0.002799860007
3.525,37.5,0.002399880006
3.525,38.5,0.001999900005
3.525,39.5,0.002349882506
3.525,40.5,0.001599920004
3.525,41.5,0.001949902505
3.525,42.5,0.001699915004
3.525,43.5,0.001949902505
3.525,44.5,0.001949902505
3.525,45.5,0.001799910004
3.525,46.5,0.001949902505
3.525,47.5,0.001649917504
3.525,48.5,0.001349932503
3.525,49.5,0.001449927504
3.525,50.5,0.002049897505
3.525,51.5,0.001799910004
3.525,52.5,0.001499925004
3.525,53.5,0.001299935003
3.525,54.5,0.001399930003
3.525,55.5,0.001249937503
3.525,56.5,0.001849907505
3.525,57.5,0.001549922504
3.525,58.5,0.001499925004
3.525,59.5,0.001499925004
3.525,60.5,0.001399930003
3.525,61.5,0.001649917504
3.525,62.5,0.001499925004
3.525,63.5,0.001649917504
3.525,64.5,0.001249937503
3.525,65.5,0.001099945003
3.525,66.5,0.001449927504
3.525,67.5,0.001249937503
3.525,68.5,0.001249937503
3.525,69.5,0.001399930003
3.525,70.5,0.0008499575021
3.525,71.5,0.001149942503
3.525,72.5,0.001249937503
3.525,73.5,0.001199940003
3.525,74.5,0.001049947503
3.525,75.5,0.001199940003
3.525,76.5,0.001449927504
3.525,77.5,0.0008499575021
3.525,78.5,0.001099945003
3.525,79.5,0.0009499525024
3.525,80.5,0.001099945003
3.525,81.5,0.000799960002
3.525,82.5,0.0009999500025
3.525,83.5,0.0008499575021
3.525,84.5,0.0008999550022
3.525,85.5,0.001049947503
3.525,86.5,0.001099945003
3.525,87.5,0.000799960002
3.525,88.5,0.001049947503
3.525,89.5,0.0009499525024
3.525,90.5,0.0009999500025
3.525,91.5,0.0009999500025
3.525,92.5,0.0008499575021
3.525,93.5,0.001499925004
3.525,94.5,0.001349932503
3.525,95.5,0.001049947503
3.525,96.5,0.001599920004
3.525,97.5,0.001599920004
3.525,98.5,0.001699915004
3.525,99.5,0.001899905005
3.525,100.5,0.001799910004
3.525,101.5,0.002299885006
3.525,102.5,0.002049897505
3.525,103.5,0.002399880006
3.525,104.5,0.002499875006
3.525,105.5,0.002699865007
3.525,106.5,0.002349882506
3.525,107.5,0.002799860007
3.525,108.5,0.003749812509
3.525,109.5,0.003499825009
3.525,110.5,0.003099845008
3.525,111.5,0.003549822509
3.525,112.5,0.004249787511
3.525,113.5,0.003799810009
3.525,114.5,0.004699765012
3.525,115.5,0.004699765012
3.525,116.5,0.004499775011
3.525,117.5,0.005699715014
3.525,118.5,0.004599770011
3.525,119.5,0.005299735013
3.525,120.5,0.004949752512
3.525,121.5,0.005099745013
3.525,122.5,0.00394980251
3.525,123.5,0.005499725014
3.525,124.5,0.003299835008
3.525,125.5,0.00384980751
3.525,126.5,0.004449777511
3.525,127.5,0.004349782511
3.525,128.5,0.003599820009
3.525,129.5,0.003149842508
3.525,130.5,0.003199840008
3.525,131.5,0.002249887506
3.525,132.5,0.002499875006
3.525,133.5,0.002099895005
3.525,134.5,0.002349882506
3.525,135.5,0.002299885006
3.525,136.5,0.001399930003
3.525,137.5,0.001299935003
3.525,138.5,0.0009499525024
3.525,139.5,0.0009499525024
3.525,140.5,0.0003499825009
3.525,141.5,0.0001999900005
3.525,142.5,0.0003499825009
3.525,143.5,0.000399980001
3.525,144.5,0.0002499875006
3.525,145.5,4.999750012e-05
3.525,146.5,0.0001499925004
3.525,147.5,9.999500025e-05
3.525,148.5,0.0001999900005
3.525,149.5,9.999500025e-05
3.525,150.5,0.0002999850007
3.525,151.5,4.999750012e-05
3.525,152.5,0
3.525,153.5,4.999750012e-05
3.525,154.5,4.999750012e-05
3.525,155.5,0
3.525,156.5,0
3.525,157.5,0
3.525,158.5,0
3.525,159.5,0
3.525,160.5,0
3.525,161.5,0
3.525,162.5,0
3.525,163.5,0
3.525,164.5,0
3.525,165.5,0
3.525,166.5,0
3.525,167.5,0
3.525,168.5,0
3.525,169.5,0
3.525,170.5,0
3.525,171.5,0
3.525,172.5,0
3.525,173.5,0
3.525,174.5,0
3.525,175.5,0
3.525,176.5,0
3.525,177.5,0
3.525,178.5,0
3.525,179.5,0
3.575,0.5,9.999500025e-05
3.575,1.5,0.0007499625019
3.575,2.5,0.0008999550022
3.575,3.5,0.0008499575021
3.575,4.5,0.001349932503
3.575,5.5,0.001399930003
3.575,6.5,0.001449927504
3.575,7.5,0.002299885006
3.575,8.5,0.002099895005
3.575,9.5,0.002899855007
3.575,10.5,0.002649867507
3.575,11.5,0.002449877506
3.575,12.5,0.002449877506
3.575,13.5,0.002799860007
3.575,14.5,0.003049847508
3.575,15.5,0.003449827509
3.575,16.5,0.002849857507
3.575,17.5,0.002449877506
3.575,18.5,0.003299835008
3.575,19.5,0.002999850007
3.575,20.5,0.003049847508
3.575,21.5,0.003299835008
3.575,22.5,0.002799860007
3.575,23.5,0.003799810009
3.575,24.5,0.00389980501
3.575,25.5,0.003249837508
3.575,26.5,0.003599820009
3.575,27.5,0.003299835008
3.575,28.5,0.003599820009
3.575,29.5,0.003499825009
3.575,30.5,0.002899855007
3.575,31.5,0.002999850007
3.575,32.5,0.003799810009
3.575,33.5,0.003699815009
3.575,34.5,0.003149842508
3.575,35.5,0.00409979501
3.575,36.5,0.002599870006
3.575,37.5,0.003199840008
3.575,38.5,0.002699865007
3.575,39.5,0.003349832508
3.575,40.5,0.002999850007
3.575,41.5,0.002799860007
3.575,42.5,0.002349882506
3.575,43.5,0.002799860007
3.575,44.5,0.002699865007
3.575,45.5,0.002749862507
3.575,46.5,0.002899855007
3.575,47.5,0.002599870006
3.575,48.5,0.001699915004
3.575,49.5,0.002249887506
3.575,50.5,0.003249837508
3.575,51.5,0.002499875006
3.575,52.5,0.002499875006
3.575,53.5,0.002649867507
3.575,54.5,0.002299885006
3.575,55.5,0.002449877506
3.575,56.5,0.001849907505
3.575,57.5,0.003399830008
3.575,58.5,0.002099895005
3.575,59.5,0.002999850007
3.575,60.5,0.002649867507
3.575,61.5,0.001999900005
3.575,62.5,0.002399880006
3.575,63.5,0.001749912504
3.575,64.5,0.002499875006
3.575,65.5,0.002249887506
3.575,66.5,0.002249887506
3.575,67.5,0.001499925004
3.575,68.5,0.001549922504
3.575,69.5,0.001649917504
3.575,70.5,0.002249887506
3.575,71.5,0.001549922504
3.575,72.5,0.002099895005
3.575,73.5,0.001499925004
3.575,74.5,0.001649917504
3.575,75.5,0.001849907505
3.575,76.5,0.001549922504
3.575,77.5,0.001999900005
3.575,78.5,0.001699915004
3.575,79.5,0.001899905005
3.575,80.5,0.001199940003
3.575,81.5,0.001149942503
3.575,82.5,0.001799910004
3.575,83.5,0.001299935003
3.575,84.5,0.002049897505
3.575,85.5,0.001449927504
3.575,86.5,0.001749912504
3.575,87.5,0.001649917504
3.575,88.5,0.001899905005
3.575,89.5,0.001499925004
3.575,90.5,0.001299935003
3.575,91.5,0.001849907505
3.575,92.5,0.001549922504
3.575,93.5,0.001499925004
3.575,94.5,0.001349932503
3.575,95.5,0.002099895005
3.575,96.5,0.001499925004
3.575,97.5,0.001999900005
3.575,98.5,0.002249887506
3.575,99.5,0.001849907505
3.575,100.5,0.001849907505
3.575,101.5,0.002449877506
3.575,102.5,0.002149892505
3.575,103.5,0.002399880006
3.575,104.5,0.002899855007
3.575,105.5,0.002799860007
3.575,106.5,0.002399880006
3.575,107.5,0.002699865007
3.575,108.5,0.003349832508
3.575,109.5,0.003199840008
3.575,110.5,0.003149842508
3.575,111.5,0.003299835008
3.575,112.5,0.00419979001
3.575,113.5,0.003749812509
3.575,114.5,0.004299785011
3.575,115.5,0.004599770011
3.575,116.5,0.004599770011
3.575,117.5,0.004949752512
3.575,118.5,0.006049697515
3.575,119.5,0.004599770011
3.575,120.5,0.005199740013
3.575,121.5,0.004549772511
3.575,122.5,0.005299735013
3.575,123.5,0.005749712514
3.575,124.5,0.004649767512
3.575,125.5,0.004649767512
3.575,126.5,0.004249787511
3.575,127.5,0.005049747513
3.575,128.5,0.00399980001
3.575,129.5,0.003649817509
3.575,130.5,0.00384980751
3.575,131.5,0.003049847508
3.575,132.5,0.003149842508
3.575,133.5,0.002699865007
3.575,134.5,0.002699865007
3.575,135.5,0.002199890005
3.575,136.5,0.002449877506
3.575,137.5,0.001849907505
3.575,138.5,0.001399930003
3.575,139.5,0.0009499525024
3.575,140.5,0.001199940003
3.575,141.5,0.0006999650017
3.575,142.5,0.0009499525024
3.575,143.5,0.0007499625019
3.575,144.5,0.0003499825009
3.575,145.5,0.0004999750012
3.575,146.5,0.0002999850007
3.575,147.5,0.0001499925004
3.575,148.5,0.0001499925004
3.575,149.5,0.0001499925004
3.575,150.5,0.0001999900005
3.575,151.5,0
3.575,152.5,0
3.575,153.5,0
3.575,154.5,9.999500025e-05
3.575,155.5,0
3.575,156.5,0
3.575,157.5,0
3.575,158.5,0
3.575,159.5,0
3.575,160.5,0
3.575,161.5,0
3.575,162.5,0
3.575,163.5,0
3.575,164.5,0
3.575,165.5,0
3.575,166.5,0
3.575,167.5,0
3.575,168.5,0
3.575,169.5,0
3.575,170.5,0
3.575,171.5,0
3.575,172.5,0
3.575,173.5,0
3.575,174.5,0
3.575,175.5,0
3.575,176.5,0
3.575,177.5,0
3.575,178.5,0
3.575,179.5,0
3.625,0.5,0.0002499875006
3.625,1.5,0.0007499625019
3.625,2.5,0.0009999500025
3.625,3.5,0.0009999500025
3.625,4.5,0.0005999700015
3.625,5.5,0.001749912504
3.625,6.5,0.001499925004
3.625,7.5,0.002249887506
3.625,8.5,0.001949902505
3.625,9.5,0.002549872506
3.625,10.5,0.002149892505
3.625,11.5,0.002999850007
3.625,12.5,0.002999850007
3.625,13.5,0.002849857507
3.625,14.5,0.002749862507
3.625,15.5,0.003249837508
3.625,16.5,0.003399830008
3.625,17.5,0.00419979001
3.625,18.5,0.00389980501
3.625,19.5,0.003299835008
3.625,20.5,0.003399830008
3.625,21.5,0.003199840008
3.625,22.5,0.00384980751
3.625,23.5,0.003449827509
3.625,24.5,0.004849757512
3.625,25.5,0.003799810009
3.625,26.5,0.003399830008
3.625,27.5,0.00409979501
3.625,28.5,0.004299785011
3.625,29.5,0.00419979001
3.625,30.5,0.00389980501
3.625,31.5,0.00404979751
3.625,32.5,0.003599820009
3.625,33.5,0.00414979251
3.625,34.5,0.00419979001
3.625,35.5,0.004549772511
3.625,36.5,0.003399830008
3.625,37.5,0.004849757512
3.625,38.5,0.004699765012
3.625,39.5,0.004449777511
3.625,40.5,0.003499825009
3.625,41.5,0.00419979001
3.625,42.5,0.003499825009
3.625,43.5,0.004549772511
3.625,44.5,0.003699815009
3.625,45.5,0.003349832508
3.625,46.5,0.00414979251
3.625,47.5,0.00384980751
3.625,48.5,0.004799760012
3.625,49.5,0.00384980751
3.625,50.5,0.003799810009
3.625,51.5,0.002999850007
3.625,52.5,0.003499825009
3.625,53.5,0.00384980751
3.625,54.5,0.002849857507
3.625,55.5,0.002999850007
3.625,56.5,0.004449777511
3.625,57.5,0.003249837508
3.625,58.5,0.003599820009
3.625,59.5,0.00414979251
3.625,60.5,0.003549822509
3.625,61.5,0.004949752512
3.625,62.5,0.003299835008
3.625,63.5,0.003249837508
3.625,64.5,0.003499825009
3.625,65.5,0.003099845008
3.625,66.5,0.003049847508
3.625,67.5,0.003549822509
3.625,68.5,0.002799860007
3.625,69.5,0.003499825009
3.625,70.5,0.002899855007
3.625,71.5,0.002949852507
3.625,72.5,0.002899855007
3.625,73.5,0.003149842508
3.625,74.5,0.002749862507
3.625,75.5,0.002299885006
3.625,76.5,0.002649867507
3.625,77.5,0.002249887506
3.625,78.5,0.003349832508
3.625,79.5,0.002649867507
3.625,80.5,0.002499875006
3.625,81.5,0.002549872506
3.625,82.5,0.002599870006
3.625,83.5,0.001749912504
3.625,84.5,0.001799910004
3.625,85.5,0.002349882506
3.625,86.5,0.002199890005
3.625,87.5,0.002899855007
3.625,88.5,0.001999900005
3.625,89.5,0.001499925004
3.625,90.5,0.002599870006
3.625,91.5,0.001899905005
3.625,92.5,0.002849857507
3.625,93.5,0.002299885006
3.625,94.5,0.002199890005
3.625,95.5,0.001449927504
3.625,96.5,0.002299885006
3.625,97.5,0.002449877506
3.625,98.5,0.002349882506
3.625,99.5,0.001699915004
3.625,100.5,0.002499875006
3.625,101.5,0.001849907505
3.625,102.5,0.003449827509
3.625,103.5,0.003199840008
3.625,104.5,0.003449827509
3.625,105.5,0.002999850007
3.625,106.5,0.003799810009
3.625,107.5,0.003249837508
3.625,108.5,0.002849857507
3.625,109.5,0.003199840008
3.625,110.5,0.003399830008
3.625,111.5,0.002899855007
3.625,112.5,0.00414979251
3.625,113.5,0.00389980501
3.625,114.5,0.00409979501
3.625,115.5,0.005249737513
3.625,116.5,0.004799760012
3.625,117.5,0.00419979001
3.625,118.5,0.004599770011
3.625,119.5,0.005349732513
3.625,120.5,0.005649717514
3.625,121.5,0.004649767512
3.625,122.5,0.004449777511
3.625,123.5,0.005749712514
3.625,124.5,0.005299735013
3.625,125.5,0.004849757512
3.625,126.5,0.004499775011
3.625,127.5,0.00399980001
3.625,128.5,0.005149742513
3.625,129.5,0.004399780011
3.625,130.5,0.00384980751
3.625,131.5,0.003799810009
3.625,132.5,0.003549822509
3.625,133.5,0.003049847508
3.625,134.5,0.002999850007
3.625,135.5,0.002849857507
3.625,136.5,0.002099895005
3.625,137.5,0.002099895005
3.625,138.5,0.002149892505
3.625,139.5,0.001449927504
3.625,140.5,0.001149942503
3.625,141.5,0.001049947503
3.625,142.5,0.001149942503
3.625,143.5,0.0008999550022
3.625,144.5,0.0004999750012
3.625,145.5,0.0004499775011
3.625,146.5,0.0006999650017
3.625,147.5,0.000399980001
3.625,148.5,0.0004499775011
3.625,149.5,0.0003499825009
3.625,150.5,0.0002999850007
3.625,151.5,9.999500025e-05
3.625,152.5,4.999750012e-05
3.625,153.5,0.0001999900005
3.625,154.5,4.999750012e-05
3.625,155.5,9.999500025e-05
3.625,156.5,9.999500025e-05
3.625,157.5,4.999750012e-05
3.625,158.5,4.999750012e-05
3.625,159.5,0
3.625,160.5,0
3.625,161.5,4.999750012e-05
3.625,162.5,0
3.625,163.5,0
3.625,164.5,0
3.625,165.5,0
3.625,166.5,0
3.625,167.5,0
3.625,168.5,0
3.625,169.5,0
3.625,170.5,0
3.625,171.5,0
3.625,172.5,0
3.625,173.5,0
3.625,174.5,0
3.625,175.5,0
3.625,176.5,0
3.625,177.5,0
3.625,178.5,0
3.625,179.5,0
3.675,0.5,4.999750012e-05
3.675,1.5,0.0001999900005
3.675,2.5,0.0006499675016
3.675,3.5,0.0006999650017
3.675,4.5,0.001399930003
3.675,5.5,0.001149942503
3.675,6.5,0.001399930003
3.675,7.5,0.001349932503
3.675,8.5,0.001949902505
3.675,9.5,0.002649867507
3.675,10.5,0.002499875006
3.675,11.5,0.002349882506
3.675,12.5,0.002249887506
3.675,13.5,0.002599870006
3.675,14.5,0.003699815009
3.675,15.5,0.003349832508
3.675,16.5,0.003499825009
3.675,17.5,0.00394980251
3.675,18.5,0.004299785011
3.675,19.5,0.003749812509
3.675,20.5,0.00399980001
3.675,21.5,0.003749812509
3.675,22.5,0.00399980001
3.675,23.5,0.004249787511
3.675,24.5,0.003499825009
3.675,25.5,0.005449727514
3.675,26.5,0.004399780011
3.675,27.5,0.003599820009
3.675,28.5,0.004499775011
3.675,29.5,0.004499775011
3.675,30.5,0.005499725014
3.675,31.5,0.004749762512
3.675,32.5,0.005149742513
3.675,33.5,0.005299735013
3.675,34.5,0.005099745013
3.675,35.5,0.005799710014
3.675,36.5,0.005499725014
3.675,37.5,0.006099695015
3.675,38.5,0.005099745013
3.675,39.5,0.005099745013
3.675,40.5,0.005949702515
3.675,41.5,0.005849707515
3.675,42.5,0.006249687516
3.675,43.5,0.005049747513
3.675,44.5,0.005549722514
3.675,45.5,0.005449727514
3.675,46.5,0.005799710014
3.675,47.5,0.005399730013
3.675,48.5,0.004949752512
3.675,49.5,0.00419979001
3.675,50.5,0.004949752512
3.675,51.5,0.004899755012
3.675,52.5,0.004549772511
3.675,53.5,0.00419979001
3.675,54.5,0.005349732513
3.675,55.5,0.005199740013
3.675,56.5,0.005799710014
3.675,57.5,0.005549722514
3.675,58.5,0.007799610019
3.675,59.5,0.006049697515
3.675,60.5,0.006149692515
3.675,61.5,0.005449727514
3.675,62.5,0.005049747513
3.675,63.5,0.004649767512
3.675,64.5,0.004849757512
3.675,65.5,0.005399730013
3.675,66.5,0.004299785011
3.675,67.5,0.005949702515
3.675,68.5,0.004849757512
3.675,69.5,0.004799760012
3.675,70.5,0.005099745013
3.675,71.5,0.004599770011
3.675,72.5,0.00414979251
3.675,73.5,0.00414979251
3.675,74.5,0.004249787511
3.675,75.5,0.00409979501
3.675,76.5,0.003599820009
3.675,77.5,0.003799810009
3.675,78.5,0.003549822509
3.675,79.5,0.003699815009
3.675,80.5,0.003099845008
3.675,81.5,0.003399830008
3.675,82.5,0.003399830008
3.675,83.5,0.002899855007
3.675,84.5,0.003499825009
3.675,85.5,0.002149892505
3.675,86.5,0.002999850007
3.675,87.5,0.002699865007
3.675,88.5,0.003149842508
3.675,89.5,0.002349882506
3.675,90.5,0.003449827509
3.675,91.5,0.002499875006
3.675,92.5,0.002849857507
3.675,93.5,0.002349882506
3.675,94.5,0.003199840008
3.675,95.5,0.002599870006
3.675,96.5,0.001849907505
3.675,97.5,0.003249837508
3.675,98.5,0.002949852507
3.675,99.5,0.002899855007
3.675,100.5,0.002749862507
3.675,101.5,0.002799860007
3.675,102.5,0.002849857507
3.675,103.5,0.002699865007
3.675,104.5,0.002599870006
3.675,105.5,0.003299835008
3.675,106.5,0.003799810009
3.675,107.5,0.003349832508
3.675,108.5,0.003299835008
3.675,109.5,0.003599820009
3.675,110.5,0.003649817509
3.675,111.5,0.004399780011
3.675,112.5,0.004449777511
3.675,113.5,0.003599820009
3.675,114.5,0.00384980751
3.675,115.5,0.004499775011
3.675,116.5,0.004849757512
3.675,117.5,0.00409979501
3.675,118.5,0.005649717514
3.675,119.5,0.005199740013
3.675,120.5,0.004999750012
3.675,121.5,0.006049697515
3.675,122.5,0.005249737513
3.675,123.5,0.006549672516
3.675,124.5,0.005549722514
3.675,125.5,0.005499725014
3.675,126.5,0.005649717514
3.675,127.5,0.005649717514
3.675,128.5,0.005449727514
3.675,129.5,0.005199740013
3.675,130.5,0.004999750012
3.675,131.5,0.005599720014
3.675,132.5,0.004599770011
3.675,133.5,0.003499825009
3.675,134.5,0.00394980251
3.675,135.5,0.003749812509
3.675,136.5,0.002949852507
3.675,137.5,0.001949902505
3.675,138.5,0.003349832508
3.675,139.5,0.002199890005
3.675,140.5,0.001449927504
3.675,141.5,0.002149892505
3.675,142.5,0.001149942503
3.675,143.5,0.001099945003
3.675,144.5,0.0008499575021
3.675,145.5,0.0004499775011
3.675,146.5,0.0004999750012
3.675,147.5,0.0003499825009
3.675,148.5,0.0005499725014
3.675,149.5,0.0002999850007
3.675,150.5,0.0002499875006
3.675,151.5,0.0001499925004
3.675,152.5,0.0001999900005
3.675,153.5,0.0001499925004
3.675,154.5,0.0001499925004
3.675,155.5,9.999500025e-05
3.675,156.5,0
3.675,157.5,0
3.675,158.5,4.999750012e-05
3.675,159.5,4.999750012e-05
3.675,160.5,0.0001499925004
3.675,161.5,4.999750012e-05
3.675,162.5,0
3.675,163.5,4.999750012e-05
3.675,164.5,0
3.675,165.5,0
3.675,166.5,0
3.675,167.5,0
3.675,168.5,0
3.675,169.5,0
3.675,170.5,0
3.675,171.5,0
3.675,172.5,0
3.675,173.5,0
3.675,174.5,0
3.675,175.5,0
3.675,176.5,0
3.675,177.5,0
3.675,178.5,0
3.675,179.5,0
3.725,0.5,9.999500025e-05
3.725,1.5,0.0004499775011
3.725,2.5,0.0006999650017
3.725,3.5,0.0007499625019
3.725,4.5,0.001049947503
3.725,5.5,0.001349932503
3.725,6.5,0.001249937503
3.725,7.5,0.001349932503
3.725,8.5,0.002249887506
3.725,9.5,0.001949902505
3.725,10.5,0.002449877506
3.725,11.5,0.002249887506
3.725,12.5,0.002699865007
3.725,13.5,0.002849857507
3.725,14.5,0.002599870006
3.725,15.5,0.003499825009
3.725,16.5,0.00414979251
3.725,17.5,0.004649767512
3.725,18.5,0.003749812509
3.725,19.5,0.004249787511
3.725,20.5,0.00404979751
3.725,21.5,0.00399980001
3.725,22.5,0.005049747513
3.725,23.5,0.004649767512
3.725,24.5,0.00419979001
3.725,25.5,0.005149742513
3.725,26.5,0.00419979001
3.725,27.5,0.005649717514
3.725,28.5,0.004449777511
3.725,29.5,0.005549722514
3.725,30.5,0.005049747513
3.725,31.5,0.005349732513
3.725,32.5,0.005799710014
3.725,33.5,0.005749712514
3.725,34.5,0.006599670016
3.725,35.5,0.007349632518
3.725,36.5,0.006199690015
3.725,37.5,0.007599620019
3.725,38.5,0.007149642518
3.725,39.5,0.005799710014
3.725,40.5,0.007349632518
3.725,41.5,0.007049647518
3.725,42.5,0.006849657517
3.725,43.5,0.007599620019
3.725,44.5,0.00819959002
3.725,45.5,0.007099645018
3.725,46.5,0.007699615019
3.725,47.5,0.00809959502
3.725,48.5,0.007699615019
3.725,49.5,0.007249637518
3.725,50.5,0.007649617519
3.725,51.5,0.007499625019
3.725,52.5,0.006849657517
3.725,53.5,0.008799560022
3.725,54.5,0.007149642518
3.725,55.5,0.007599620019
3.725,56.5,0.006899655017
3.725,57.5,0.007599620019
3.725,58.5,0.008649567522
3.725,59.5,0.007699615019
3.725,60.5,0.007649617519
3.725,61.5,0.008999550022
3.725,62.5,0.007299635018
3.725,63.5,0.006899655017
3.725,64.5,0.00794960252
3.725,65.5,0.006849657517
3.725,66.5,0.009099545023
3.725,67.5,0.00814959252
3.725,68.5,0.007099645018
3.725,69.5,0.006999650017
3.725,70.5,0.006249687516
3.725,71.5,0.007149642518
3.725,72.5,0.006949652517
3.725,73.5,0.006349682516
3.725,74.5,0.005049747513
3.725,75.5,0.005799710014
3.725,76.5,0.005849707515
3.725,77.5,0.005649717514
3.725,78.5,0.005849707515
3.725,79.5,0.004749762512
3.725,80.5,0.004899755012
3.725,81.5,0.004599770011
3.725,82.5,0.004699765012
3.725,83.5,0.003399830008
3.725,84.5,0.004799760012
3.725,85.5,0.004399780011
3.725,86.5,0.003349832508
3.725,87.5,0.00404979751
3.725,88.5,0.003349832508
3.725,89.5,0.003749812509
3.725,90.5,0.002799860007
3.725,91.5,0.003549822509
3.725,92.5,0.003399830008
3.725,93.5,0.003399830008
3.725,94.5,0.003149842508
3.725,95.5,0.002899855007
3.725,96.5,0.002549872506
3.725,97.5,0.002799860007
3.725,98.5,0.003399830008
3.725,99.5,0.003149842508
3.725,100.5,0.003149842508
3.725,101.5,0.003249837508
3.725,102.5,0.003049847508
3.725,103.5,0.003149842508
3.725,104.5,0.003599820009
3.725,105.5,0.003499825009
3.725,106.5,0.002899855007
3.725,107.5,0.003549822509
3.725,108.5,0.00404979751
3.725,109.5,0.003599820009
3.725,110.5,0.003549822509
3.725,111.5,0.003499825009
3.725,112.5,0.00419979001
3.725,113.5,0.003749812509
3.725,114.5,0.004299785011
3.725,115.5,0.005399730013
3.725,116.5,0.004449777511
3.725,117.5,0.005699715014
3.725,118.5,0.004749762512
3.725,119.5,0.004899755012
3.725,120.5,0.005049747513
3.725,121.5,0.005399730013
3.725,122.5,0.006549672516
3.725,123.5,0.005149742513
3.725,124.5,0.005599720014
3.725,125.5,0.006749662517
3.725,126.5,0.005849707515
3.725,127.5,0.005949702515
3.725,128.5,0.005749712514
3.725,129.5,0.005549722514
3.725,130.5,0.006199690015
3.725,131.5,0.005599720014
3.725,132.5,0.005899705015
3.725,133.5,0.004999750012
3.725,134.5,0.005099745013
3.725,135.5,0.00394980251
3.725,136.5,0.004649767512
3.725,137.5,0.004349782511
3.725,138.5,0.002949852507
3.725,139.5,0.003749812509
3.725,140.5,0.003049847508
3.725,141.5,0.001999900005
3.725,142.5,0.002449877506
3.725,143.5,0.001699915004
3.725,144.5,0.001299935003
3.725,145.5,0.001549922504
3.725,146.5,0.001049947503
3.725,147.5,0.0006499675016
3.725,148.5,0.0006499675016
3.725,149.5,0.0002499875006
3.725,150.5,0.0006999650017
3.725,151.5,0.000399980001
3.725,152.5,0.0003499825009
3.725,153.5,0.0004499775011
3.725,154.5,9.999500025e-05
3.725,155.5,0.0001499925004
3.725,156.5,0.0001499925004
3.725,157.5,4.999750012e-05
3.725,158.5,9.999500025e-05
3.725,159.5,0
3.725,160.5,4.999750012e-05
3.725,161.5,0
3.725,162.5,0
3.725,163.5,0
3.725,164.5,0
3.725,165.5,0
3.725,166.5,0
3.725,167.5,0
3.725,168.5,0
3.725,169.5,0
3.725,170.5,0
3.725,171.5,0
3.725,172.5,0
3.725,173.5,0
3.725,174.5,0
3.725,175.5,0
3.725,176.5,0
3.725,177.5,0
3.725,178.5,0
3.725,179.5,0
3.775,0.5,4.999750012e-05
3.775,1.5,0.0001499925004
3.775,2.5,0.0003499825009
3.775,3.5,0.0008999550022
3.775,4.5,0.001149942503
3.775,5.5,0.0009999500025
3.775,6.5,0.001349932503
3.775,7.5,0.001249937503
3.775,8.5,0.001699915004
3.775,9.5,0.001899905005
3.775,10.5,0.001849907505
3.775,11.5,0.002249887506
3.775,12.5,0.003599820009
3.775,13.5,0.002949852507
3.775,14.5,0.00399980001
3.775,15.5,0.003149842508
3.775,16.5,0.004549772511
3.775,17.5,0.003399830008
3.775,18.5,0.004949752512
3.775,19.5,0.004549772511
3.775,20.5,0.005099745013
3.775,21.5,0.004899755012
3.775,22.5,0.005349732513
3.775,23.5,0.005249737513
3.775,24.5,0.004449777511
3.775,25.5,0.006249687516
3.775,26.5,0.006649667517
3.775,27.5,0.005449727514
3.775,28.5,0.006049697515
3.775,29.5,0.007349632518
3.775,30.5,0.006349682516
3.775,31.5,0.005999700015
3.775,32.5,0.006599670016
3.775,33.5,0.007399630018
3.775,34.5,0.00804959752
3.775,35.5,0.008649567522
3.775,36.5,0.008449577521
3.775,37.5,0.006799660017
3.775,38.5,0.007599620019
3.775,39.5,0.009099545023
3.775,40.5,0.00809959502
3.775,41.5,0.008249587521
3.775,42.5,0.007449627519
3.775,43.5,0.009999500025
3.775,44.5,0.008999550022
3.775,45.5,0.01039948003
3.775,46.5,0.01039948003
3.775,47.5,0.009649517524
3.775,48.5,0.009499525024
3.775,49.5,0.01019949003
3.775,50.5,0.01079946003
3.775,51.5,0.01104944753
3.775,52.5,0.01089945503
3.775,53.5,0.01004949753
3.775,54.5,0.01079946003
3.775,55.5,0.01094945253
3.775,56.5,0.01104944753
3.775,57.5,0.01144942753
3.775,58.5,0.009799510024
3.775,59.5,0.01199940003
3.775,60.5,0.01064946753
3.775,61.5,0.01039948003
3.775,62.5,0.01064946753
3.775,63.5,0.01099945003
3.775,64.5,0.009149542523
3.775,65.5,0.009999500025
3.775,66.5,0.01004949753
3.775,67.5,0.009249537523
3.775,68.5,0.009599520024
3.775,69.5,0.007649617519
3.775,70.5,0.008999550022
3.775,71.5,0.009199540023
3.775,72.5,0.009349532523
3.775,73.5,0.00819959002
3.775,74.5,0.007449627519
3.775,75.5,0.008349582521
3.775,76.5,0.00799960002
3.775,77.5,0.007099645018
3.775,78.5,0.00784960752
3.775,79.5,0.006649667517
3.775,80.5,0.005749712514
3.775,81.5,0.005249737513
3.775,82.5,0.005199740013
3.775,83.5,0.004999750012
3.775,84.5,0.005299735013
3.775,85.5,0.005349732513
3.775,86.5,0.004599770011
3.775,87.5,0.004899755012
3.775,88.5,0.00414979251
3.775,89.5,0.004649767512
3.775,90.5,0.005299735013
3.775,91.5,0.004749762512
3.775,92.5,0.004449777511
3.775,93.5,0.004949752512
3.775,94.5,0.00399980001
3.775,95.5,0.004349782511
3.775,96.5,0.004599770011
3.775,97.5,0.004649767512
3.775,98.5,0.00409979501
3.775,99.5,0.00384980751
3.775,100.5,0.003649817509
3.775,101.5,0.003649817509
3.775,102.5,0.00389980501
3.775,103.5,0.004349782511
3.775,104.5,0.004449777511
3.775,105.5,0.00389980501
3.775,106.5,0.003699815009
3.775,107.5,0.004499775011
3.775,108.5,0.003699815009
3.775,109.5,0.003749812509
3.775,110.5,0.004499775011
3.775,111.5,0.004299785011
3.775,112.5,0.004999750012
3.775,113.5,0.004549772511
3.775,114.5,0.004449777511
3.775,115.5,0.004349782511
3.775,116.5,0.005899705015
3.775,117.5,0.006299685016
3.775,118.5,0.005949702515
3.775,119.5,0.005749712514
3.775,120.5,0.005249737513
3.775,121.5,0.005449727514
3.775,122.5,0.006549672516
3.775,123.5,0.006299685016
3.775,124.5,0.005899705015
3.775,125.5,0.006699665017
3.775,126.5,0.006099695015
3.775,127.5,0.006949652517
3.775,128.5,0.007049647518
3.775,129.5,0.006349682516
3.775,130.5,0.006999650017
3.775,131.5,0.007049647518
3.775,132.5,0.007099645018
3.775,133.5,0.006749662517
3.775,134.5,0.006149692515
3.775,135.5,0.006049697515
3.775,136.5,0.006299685016
3.775,137.5,0.005049747513
3.775,138.5,0.005599720014
3.775,139.5,0.00384980751
3.775,140.5,0.003299835008
3.775,141.5,0.00384980751
3.775,142.5,0.003149842508
3.775,143.5,0.002549872506
3.775,144.5,0.002699865007
3.775,145.5,0.001849907505
3.775,146.5,0.001799910004
3.775,147.5,0.001349932503
3.775,148.5,0.0009499525024
3.775,149.5,0.0009499525024
3.775,150.5,0.0009499525024
3.775,151.5,0.0006499675016
3.775,152.5,0.0004499775011
3.775,153.5,0.0006499675016
3.775,154.5,0.0003499825009
3.775,155.5,0.0004499775011
3.775,156.5,0.000399980001
3.775,157.5,0.0002999850007
3.775,158.5,0.000399980001
3.775,159.5,0.0001999900005
3.775,160.5,9.999500025e-05
3.775,161.5,0.0001499925004
3.775,162.5,4.999750012e-05
3.775,163.5,9.999500025e-05
3.775,164.5,9.999500025e-05
3.775,165.5,0.0001499925004
3.775,166.5,4.999750012e-05
3.775,167.5,4.999750012e-05
3.775,168.5,4.999750012e-05
3.775,169.5,4.999750012e-05
3.775,170.5,0.0001499925004
3.775,171.5,0
3.775,172.5,4.999750012e-05
3.775,173.5,0
3.775,174.5,0
3.775,175.5,0
3.775,176.5,4.999750012e-05
3.775,177.5,0
3.775,178.5,0
3.775,179.5,0
3.825,0.5,0
3.825,1.5,0.0001499925004
3.825,2.5,0.0002499875006
3.825,3.5,0.0003499825009
3.825,4.5,0.0008499575021
3.825,5.5,0.001349932503
3.825,6.5,0.0007499625019
3.825,7.5,0.001149942503
3.825,8.5,0.001699915004
3.825,9.5,0.001549922504
3.825,10.5,0.002199890005
3.825,11.5,0.002149892505
3.825,12.5,0.003049847508
3.825,13.5,0.002999850007
3.825,14.5,0.003449827509
3.825,15.5,0.00384980751
3.825,16.5,0.003699815009
3.825,17.5,0.004449777511
3.825,18.5,0.003799810009
3.825,19.5,0.004899755012
3.825,20.5,0.004799760012
3.825,21.5,0.005999700015
3.825,22.5,0.005949702515
3.825,23.5,0.005699715014
3.825,24.5,0.005749712514
3.825,25.5,0.005599720014
3.825,26.5,0.007199640018
3.825,27.5,0.008299585021
3.825,28.5,0.007349632518
3.825,29.5,0.007049647518
3.825,30.5,0.008349582521
3.825,31.5,0.008799560022
3.825,32.5,0.009499525024
3.825,33.5,0.00814959252
3.825,34.5,0.008649567522
3.825,35.5,0.009349532523
3.825,36.5,0.009199540023
3.825,37.5,0.009799510024
3.825,38.5,0.008799560022
3.825,39.5,0.01124943753
3.825,40.5,0.01169941503
3.825,41.5,0.01184940753
3.825,42.5,0.01074946253
3.825,43.5,0.01029948503
3.825,44.5,0.01139943003
3.825,45.5,0.01074946253
3.825,46.5,0.01199940003
3.825,47.5,0.01204939753
3.825,48.5,0.01279936003
3.825,49.5,0.01239938003
3.825,50.5,0.01279936003
3.825,51.5,0.01374931253
3.825,52.5,0.01184940753
3.825,53.5,0.01144942753
3.825,54.5,0.01274936253
3.825,55.5,0.01314934253
3.825,56.5,0.01344932753
3.825,57.5,0.01399930003
3.825,58.5,0.01454927254
3.825,59.5,0.01364931753
3.825,60.5,0.01264936753
3.825,61.5,0.01384930753
3.825,62.5,0.01429928504
3.825,63.5,0.01374931253
3.825,64.5,0.01264936753
3.825,65.5,0.01349932503
3.825,66.5,0.01304934753
3.825,67.5,0.01384930753
3.825,68.5,0.01344932753
3.825,69.5,0.01274936253
3.825,70.5,0.01169941503
3.825,71.5,0.01174941253
3.825,72.5,0.01109944503
3.825,73.5,0.01184940753
3.825,74.5,0.01019949003
3.825,75.5,0.01144942753
3.825,76.5,0.01069946503
3.825,77.5,0.01039948003
3.825,78.5,0.01054947253
3.825,79.5,0.01064946753
3.825,80.5,0.009499525024
3.825,81.5,0.008599570021
3.825,82.5,0.008399580021
3.825,83.5,0.008249587521
3.825,84.5,0.007799610019
3.825,85.5,0.007249637518
3.825,86.5,0.006599670016
3.825,87.5,0.006749662517
3.825,88.5,0.005899705015
3.825,89.5,0.006649667517
3.825,90.5,0.007099645018
3.825,91.5,0.006599670016
3.825,92.5,0.006099695015
3.825,93.5,0.006199690015
3.825,94.5,0.005449727514
3.825,95.5,0.004649767512
3.825,96.5,0.004699765012
3.825,97.5,0.004899755012
3.825,98.5,0.004599770011
3.825,99.5,0.004699765012
3.825,100.5,0.00394980251
3.825,101.5,0.005649717514
3.825,102.5,0.00394980251
3.825,103.5,0.004549772511
3.825,104.5,0.004799760012
3.825,105.5,0.004549772511
3.825,106.5,0.004349782511
3.825,107.5,0.00384980751
3.825,108.5,0.004749762512
3.825,109.5,0.003799810009
3.825,110.5,0.004249787511
3.825,111.5,0.004899755012
3.825,112.5,0.004699765012
3.825,113.5,0.004649767512
3.825,114.5,0.004999750012
3.825,115.5,0.005749712514
3.825,116.5,0.005149742513
3.825,117.5,0.005199740013
3.825,118.5,0.006049697515
3.825,119.5,0.006099695015
3.825,120.5,0.006549672516
3.825,121.5,0.006299685016
3.825,122.5,0.005899705015
3.825,123.5,0.004849757512
3.825,124.5,0.006649667517
3.825,125.5,0.006099695015
3.825,126.5,0.007349632518
3.825,127.5,0.007099645018
3.825,128.5,0.007699615019
3.825,129.5,0.00799960002
3.825,130.5,0.006149692515
3.825,131.5,0.008449577521
3.825,132.5,0.007749612519
3.825,133.5,0.007499625019
3.825,134.5,0.008399580021
3.825,135.5,0.006599670016
3.825,136.5,0.006899655017
3.825,137.5,0.006849657517
3.825,138.5,0.006449677516
3.825,139.5,0.005799710014
3.825,140.5,0.006049697515
3.825,141.5,0.005349732513
3.825,142.5,0.004349782511
3.825,143.5,0.004499775011
3.825,144.5,0.003699815009
3.825,145.5,0.00414979251
3.825,146.5,0.003049847508
3.825,147.5,0.002449877506
3.825,148.5,0.001699915004
3.825,149.5,0.001849907505
3.825,150.5,0.001849907505
3.825,151.5,0.001749912504
3.825,152.5,0.001449927504
3.825,153.5,0.001399930003
3.825,154.5,0.001199940003
3.825,155.5,0.0006499675016
3.825,156.5,0.0001999900005
3.825,157.5,0.0005499725014
3.825,158.5,0.000399980001
3.825,159.5,0.0001499925004
3.825,160.5,0.0002499875006
3.825,161.5,9.999500025e-05
3.825,162.5,0.0002499875006
3.825,163.5,9.999500025e-05
3.825,164.5,0.0002499875006
3.825,165.5,4.999750012e-05
3.825,166.5,9.999500025e-05
3.825,167.5,9.999500025e-05
3.825,168.5,0.0001499925004
3.825,169.5,0.0001499925004
3.825,170.5,0
3.825,171.5,0.0001499925004
3.825,172.5,4.999750012e-05
3.825,173.5,4.999750012e-05
3.825,174.5,4.999750012e-05
3.825,175.5,0
3.825,176.5,0
3.825,177.5,0
3.825,178.5,0
3.825,179.5,0
3.875,0.5,0.0002499875006
3.875,1.5,9.999500025e-05
3.875,2.5,0.0001999900005
3.875,3.5,0.0004499775011
3.875,4.5,0.0006999650017
3.875,5.5,0.0007499625019
3.875,6.5,0.001249937503
3.875,7.5,0.001199940003
3.875,8.5,0.001749912504
3.875,9.5,0.002149892505
3.875,10.5,0.002549872506
3.875,11.5,0.002449877506
3.875,12.5,0.001899905005
3.875,13.5,0.003599820009
3.875,14.5,0.003499825009
3.875,15.5,0.003649817509
3.875,16.5,0.002999850007
3.875,17.5,0.004799760012
3.875,18.5,0.004399780011
3.875,19.5,0.005599720014
3.875,20.5,0.004949752512
3.875,21.5,0.007399630018
3.875,22.5,0.005699715014
3.875,23.5,0.006499675016
3.875,24.5,0.007299635018
3.875,25.5,0.006799660017
3.875,26.5,0.00809959502
3.875,27.5,0.008699565022
3.875,28.5,0.009249537523
3.875,29.5,0.009499525024
3.875,30.5,0.01094945253
3.875,31.5,0.01064946753
3.875,32.5,0.009449527524
3.875,33.5,0.01034948253
3.875,34.5,0.01069946503
3.875,35.5,0.01229938503
3.875,36.5,0.01104944753
3.875,37.5,0.01109944503
3.875,38.5,0.01179941003
3.875,39.5,0.01359932003
3.875,40.5,0.01414929254
3.875,41.5,0.01329933503
3.875,42.5,0.01494925254
3.875,43.5,0.01559922004
3.875,44.5,0.01404929754
3.875,45.5,0.01519924004
3.875,46.5,0.01604919754
3.875,47.5,0.01264936753
3.875,48.5,0.01394930253
3.875,49.5,0.01604919754
3.875,50.5,0.01749912504
3.875,51.5,0.01469926504
3.875,52.5,0.01599920004
3.875,53.5,0.01544922754
3.875,54.5,0.01604919754
3.875,55.5,0.01674916254
3.875,56.5,0.01659917004
3.875,57.5,0.01809909505
3.875,58.5,0.01819909005
3.875,59.5,0.01719914004
3.875,60.5,0.01834908255
3.875,61.5,0.01764911754
3.875,62.5,0.01749912504
3.875,63.5,0.01774911254
3.875,64.5,0.01734913254
3.875,65.5,0.01514924254
3.875,66.5,0.01654917254
3.875,67.5,0.01844907755
3.875,68.5,0.01684915754
3.875,69.5,0.01709914504
3.875,70.5,0.01644917754
3.875,71.5,0.01489925504
3.875,72.5,0.01539923004
3.875,73.5,0.01504924754
3.875,74.5,0.01384930753
3.875,75.5,0.01494925254
3.875,76.5,0.01399930003
3.875,77.5,0.01229938503
3.875,78.5,0.01264936753
3.875,79.5,0.01194940253
3.875,80.5,0.01074946253
3.875,81.5,0.01194940253
3.875,82.5,0.01149942503
3.875,83.5,0.009899505025
3.875,84.5,0.01119944003
3.875,85.5,0.01009949503
3.875,86.5,0.008249587521
3.875,87.5,0.00819959002
3.875,88.5,0.007699615019
3.875,89.5,0.007499625019
3.875,90.5,0.007549622519
3.875,91.5,0.006099695015
3.875,92.5,0.006199690015
3.875,93.5,0.006699665017
3.875,94.5,0.006199690015
3.875,95.5,0.006749662517
3.875,96.5,0.006449677516
3.875,97.5,0.005399730013
3.875,98.5,0.005349732513
3.875,99.5,0.005999700015
3.875,100.5,0.005799710014
3.875,101.5,0.005999700015
3.875,102.5,0.005349732513
3.875,103.5,0.005299735013
3.875,104.5,0.004899755012
3.875,105.5,0.004349782511
3.875,106.5,0.005549722514
3.875,107.5,0.005249737513
3.875,108.5,0.004749762512
3.875,109.5,0.005749712514
3.875,110.5,0.005499725014
3.875,111.5,0.005549722514
3.875,112.5,0.00419979001
3.875,113.5,0.004999750012
3.875,114.5,0.004949752512
3.875,115.5,0.005549722514
3.875,116.5,0.005949702515
3.875,117.5,0.005349732513
3.875,118.5,0.005699715014
3.875,119.5,0.006249687516
3.875,120.5,0.005649717514
3.875,121.5,0.006949652517
3.875,122.5,0.007249637518
3.875,123.5,0.006599670016
3.875,124.5,0.007249637518
3.875,125.5,0.006999650017
3.875,126.5,0.006299685016
3.875,127.5,0.00794960252
3.875,128.5,0.008349582521
3.875,129.5,0.007749612519
3.875,130.5,0.007799610019
3.875,131.5,0.008449577521
3.875,132.5,0.00794960252
3.875,133.5,0.009149542523
3.875,134.5,0.00819959002
3.875,135.5,0.009349532523
3.875,136.5,0.007699615019
3.875,137.5,0.007249637518
3.875,138.5,0.007649617519
3.875,139.5,0.006949652517
3.875,140.5,0.007099645018
3.875,141.5,0.006999650017
3.875,142.5,0.006099695015
3.875,143.5,0.004949752512
3.875,144.5,0.005249737513
3.875,145.5,0.003249837508
3.875,146.5,0.004249787511
3.875,147.5,0.00394980251
3.875,148.5,0.003199840008
3.875,149.5,0.002949852507
3.875,150.5,0.003249837508
3.875,151.5,0.002149892505
3.875,152.5,0.001849907505
3.875,153.5,0.001899905005
3.875,154.5,0.001599920004
3.875,155.5,0.000799960002
3.875,156.5,0.001049947503
3.875,157.5,0.001099945003
3.875,158.5,0.0006999650017
3.875,159.5,0.0004999750012
3.875,160.5,0.0006499675016
3.875,161.5,0.000399980001
3.875,162.5,0.000399980001
3.875,163.5,0.000399980001
3.875,164.5,0.0002999850007
3.875,165.5,9.999500025e-05
3.875,166.5,9.999500025e-05
3.875,167.5,0.0002499875006
3.875,168.5,0.0001499925004
3.875,169.5,9.999500025e-05
3.875,170.5,4.999750012e-05
3.875,171.5,0
3.875,172.5,9.999500025e-05
3.875,173.5,4.999750012e-05
3.875,174.5,0
3.875,175.5,4.999750012e-05
3.875,176.5,4.999750012e-05
3.875,177.5,0
3.875,178.5,0
3.875,179.5,0
3.925,0.5,4.999750012e-05
3.925,1.5,0.0002999850007
3.925,2.5,0.0006999650017
3.925,3.5,0.0008499575021
3.925,4.5,0.001399930003
3.925,5.5,0.0007499625019
3.925,6.5,0.001699915004
3.925,7.5,0.001349932503
3.925,8.5,0.001949902505
3.925,9.5,0.002849857507
3.925,10.5,0.002049897505
3.925,11.5,0.001849907505
3.925,12.5,0.002999850007
3.925,13.5,0.002499875006
3.925,14.5,0.003049847508
3.925,15.5,0.003799810009
3.925,16.5,0.003549822509
3.925,17.5,0.004399780011
3.925,18.5,0.004849757512
3.925,19.5,0.005149742513
3.925,20.5,0.004899755012
3.925,21.5,0.006899655017
3.925,22.5,0.006899655017
3.925,23.5,0.006349682516
3.925,24.5,0.006899655017
3.925,25.5,0.007749612519
3.925,26.5,0.00794960252
3.925,27.5,0.009449527524
3.925,28.5,0.009199540023
3.925,29.5,0.01044947753
3.925,30.5,0.009349532523
3.925,31.5,0.01179941003
3.925,32.5,0.01124943753
3.925,33.5,0.01169941503
3.925,34.5,0.01244937753
3.925,35.5,0.01229938503
3.925,36.5,0.01319934003
3.925,37.5,0.01444927754
3.925,38.5,0.01454927254
3.925,39.5,0.01669916504
3.925,40.5,0.01369931503
3.925,41.5,0.01474926254
3.925,42.5,0.01704914754
3.925,43.5,0.01794910254
3.925,44.5,0.01669916504
3.925,45.5,0.01834908255
3.925,46.5,0.01954902255
3.925,47.5,0.01924903755
3.925,48.5,0.01864906755
3.925,49.5,0.01674916254
3.925,50.5,0.01754912254
3.925,51.5,0.01879906005
3.925,52.5,0.01904904755
3.925,53.5,0.02039898005
3.925,54.5,0.02129893505
3.925,55.5,0.02104894755
3.925,56.5,0.02134893255
3.925,57.5,0.02109894505
3.925,58.5,0.02089895505
3.925,59.5,0.02004899755
3.925,60.5,0.01969901505
3.925,61.5,0.02039898005
3.925,62.5,0.02089895505
3.925,63.5,0.02139893005
3.925,64.5,0.02189890505
3.925,65.5,0.02039898005
3.925,66.5,0.02079896005
3.925,67.5,0.02239888006
3.925,68.5,0.02139893005
3.925,69.5,0.02129893505
3.925,70.5,0.01994900255
3.925,71.5,0.01889905505
3.925,72.5,0.01904904755
3.925,73.5,0.02029898505
3.925,74.5,0.01959902005
3.925,75.5,0.01934903255
3.925,76.5,0.01709914504
3.925,77.5,0.01499925004
3.925,78.5,0.01744912754
3.925,79.5,0.01599920004
3.925,80.5,0.01479926004
3.925,81.5,0.01474926254
3.925,82.5,0.01424928754
3.925,83.5,0.01289935503
3.925,84.5,0.01219939003
3.925,85.5,0.01134943253
3.925,86.5,0.01244937753
3.925,87.5,0.008949552522
3.925,88.5,0.01059947003
3.925,89.5,0.01029948503
3.925,90.5,0.009099545023
3.925,91.5,0.01004949753
3.925,92.5,0.009299535023
3.925,93.5,0.008599570021
3.925,94.5,0.008299585021
3.925,95.5,0.00809959502
3.925,96.5,0.007799610019
3.925,97.5,0.006799660017
3.925,98.5,0.006199690015
3.925,99.5,0.007449627519
3.925,100.5,0.007249637518
3.925,101.5,0.006799660017
3.925,102.5,0.006549672516
3.925,103.5,0.006149692515
3.925,104.5,0.005849707515
3.925,105.5,0.005799710014
3.925,106.5,0.005949702515
3.925,107.5,0.005549722514
3.925,108.5,0.005849707515
3.925,109.5,0.005899705015
3.925,110.5,0.005149742513
3.925,111.5,0.005549722514
3.925,112.5,0.005099745013
3.925,113.5,0.005749712514
3.925,114.5,0.007199640018
3.925,115.5,0.005899705015
3.925,116.5,0.005649717514
3.925,117.5,0.005249737513
3.925,118.5,0.005899705015
3.925,119.5,0.006899655017
3.925,120.5,0.006799660017
3.925,121.5,0.006399680016
3.925,122.5,0.005949702515
3.925,123.5,0.007199640018
3.925,124.5,0.007099645018
3.925,125.5,0.007399630018
3.925,126.5,0.005999700015
3.925,127.5,0.007149642518
3.925,128.5,0.00794960252
3.925,129.5,0.008499575021
3.925,130.5,0.008799560022
3.925,131.5,0.008749562522
3.925,132.5,0.00804959752
3.925,133.5,0.009149542523
3.925,134.5,0.00804959752
3.925,135.5,0.008449577521
3.925,136.5,0.008349582521
3.925,137.5,0.00804959752
3.925,138.5,0.008949552522
3.925,139.5,0.00809959502
3.925,140.5,0.006999650017
3.925,141.5,0.00804959752
3.925,142.5,0.007149642518
3.925,143.5,0.006849657517
3.925,144.5,0.006649667517
3.925,145.5,0.005549722514
3.925,146.5,0.005599720014
3.925,147.5,0.004849757512
3.925,148.5,0.004949752512
3.925,149.5,0.00414979251
3.925,150.5,0.003749812509
3.925,151.5,0.003649817509
3.925,152.5,0.002449877506
3.925,153.5,0.002499875006
3.925,154.5,0.002149892505
3.925,155.5,0.002349882506
3.925,156.5,0.001699915004
3.925,157.5,0.001349932503
3.925,158.5,0.001249937503
3.925,159.5,0.001049947503
3.925,160.5,0.0009999500025
3.925,161.5,0.0008999550022
3.925,162.5,0.0006499675016
3.925,163.5,0.0003499825009
3.925,164.5,0.0004499775011
3.925,165.5,0.0004999750012
3.925,166.5,0.0003499825009
3.925,167.5,0.0002999850007
3.925,168.5,0.000399980001
3.925,169.5,0.0001999900005
3.925,170.5,0.0001999900005
3.925,171.5,0.0002999850007
3.925,172.5,4.999750012e-05
3.925,173.5,9.999500025e-05
3.925,174.5,4.999750012e-05
3.925,175.5,9.999500025e-05
3.925,176.5,4.999750012e-05
3.925,177.5,4.999750012e-05
3.925,178.5,4.999750012e-05
3.925,179.5,0
3.975,0.5,9.999500025e-05
3.975,1.5,0.0001499925004
3.975,2.5,0.0004999750012
3.975,3.5,0.0006499675016
3.975,4.5,0.0008999550022
3.975,5.5,0.001199940003
3.975,6.5,0.001549922504
3.975,7.5,0.001149942503
3.975,8.5,0.002299885006
3.975,9.5,0.001999900005
3.975,10.5,0.002799860007
3.975,11.5,0.002399880006
3.975,12.5,0.002349882506
3.975,13.5,0.002749862507
3.975,14.5,0.003249837508
3.975,15.5,0.002999850007
3.975,16.5,0.004749762512
3.975,17.5,0.004299785011
3.975,18.5,0.005449727514
3.975,19.5,0.004599770011
3.975,20.5,0.004899755012
3.975,21.5,0.006299685016
3.975,22.5,0.006499675016
3.975,23.5,0.006249687516
3.975,24.5,0.007449627519
3.975,25.5,0.009349532523
3.975,26.5,0.00804959752
3.975,27.5,0.009299535023
3.975,28.5,0.009349532523
3.975,29.5,0.01024948753
3.975,30.5,0.01164941753
3.975,31.5,0.01184940753
3.975,32.5,0.01139943003
3.975,33.5,0.01369931503
3.975,34.5,0.01389930503
3.975,35.5,0.01394930253
3.975,36.5,0.01584920754
3.975,37.5,0.01574921254
3.975,38.5,0.01609919504
3.975,39.5,0.01599920004
3.975,40.5,0.01574921254
3.975,41.5,0.01834908255
3.975,42.5,0.01999900005
3.975,43.5,0.02089895505
3.975,44.5,0.01859907005
3.975,45.5,0.01794910254
3.975,46.5,0.02099895005
3.975,47.5,0.02119894005
3.975,48.5,0.02124893755
3.975,49.5,0.02054897255
3.975,50.5,0.01884905755
3.975,51.5,0.02099895005
3.975,52.5,0.02164891755
3.975,53.5,0.02344882756
3.975,54.5,0.02289885506
3.975,55.5,0.02369881506
3.975,56.5,0.02289885506
3.975,57.5,0.02289885506
3.975,58.5,0.02479876006
3.975,59.5,0.02599870006
3.975,60.5,0.02504874756
3.975,61.5,0.02479876006
3.975,62.5,0.02499875006
3.975,63.5,0.02364881756
3.975,64.5,0.02559872006
3.975,65.5,0.02694865257
3.975,66.5,0.02574871256
3.975,67.5,0.02374881256
3.975,68.5,0.02519874006
3.975,69.5,0.02309884506
3.975,70.5,0.02514874256
3.975,71.5,0.02639868007
3.975,72.5,0.02414879256
3.975,73.5,0.02219889006
3.975,74.5,0.02304884756
3.975,75.5,0.02224888756
3.975,76.5,0.02269886506
3.975,77.5,0.01979901005
3.975,78.5,0.01999900005
3.975,79.5,0.01764911754
3.975,80.5,0.01754912254
3.975,81.5,0.01784910754
3.975,82.5,0.01839908005
3.975,83.5,0.01554922254
3.975,84.5,0.01554922254
3.975,85.5,0.01484925754
3.975,86.5,0.01359932003
3.975,87.5,0.01439928004
3.975,88.5,0.01309934503
3.975,89.5,0.01444927754
3.975,90.5,0.01414929254
3.975,91.5,0.01114944253
3.975,92.5,0.01149942503
3.975,93.5,0.01124943753
3.975,94.5,0.01109944503
3.975,95.5,0.009699515024
3.975,96.5,0.009249537523
3.975,97.5,0.009349532523
3.975,98.5,0.008899555022
3.975,99.5,0.009049547523
3.975,100.5,0.008449577521
3.975,101.5,0.007549622519
3.975,102.5,0.007199640018
3.975,103.5,0.00799960002
3.975,104.5,0.007799610019
3.975,105.5,0.006199690015
3.975,106.5,0.006699665017
3.975,107.5,0.007199640018
3.975,108.5,0.006049697515
3.975,109.5,0.005799710014
3.975,110.5,0.006649667517
3.975,111.5,0.005849707515
3.975,112.5,0.005299735013
3.975,113.5,0.006499675016
3.975,114.5,0.005799710014
3.975,115.5,0.005099745013
3.975,116.5,0.006199690015
3.975,117.5,0.005299735013
3.975,118.5,0.007299635018
3.975,119.5,0.006149692515
3.975,120.5,0.006249687516
3.975,121.5,0.006199690015
3.975,122.5,0.006399680016
3.975,123.5,0.007399630018
3.975,124.5,0.006399680016
3.975,125.5,0.007049647518
3.975,126.5,0.007549622519
3.975,127.5,0.00794960252
3.975,128.5,0.007349632518
3.975,129.5,0.007449627519
3.975,130.5,0.007349632518
3.975,131.5,0.00819959002
3.975,132.5,0.009549522524
3.975,133.5,0.008299585021
3.975,134.5,0.008699565022
3.975,135.5,0.009949502525
3.975,136.5,0.009349532523
3.975,137.5,0.01069946503
3.975,138.5,0.00814959252
3.975,139.5,0.009749512524
3.975,140.5,0.009799510024
3.975,141.5,0.009649517524
3.975,142.5,0.008649567522
3.975,143.5,0.009249537523
3.975,144.5,0.00794960252
3.975,145.5,0.008449577521
3.975,146.5,0.008749562522
3.975,147.5,0.007149642518
3.975,148.5,0.005999700015
3.975,149.5,0.005449727514
3.975,150.5,0.004799760012
3.975,151.5,0.00384980751
3.975,152.5,0.002999850007
3.975,153.5,0.00404979751
3.975,154.5,0.003299835008
3.975,155.5,0.002749862507
3.975,156.5,0.002549872506
3.975,157.5,0.001999900005
3.975,158.5,0.001549922504
3.975,159.5,0.001449927504
3.975,160.5,0.0009999500025
3.975,161.5,0.001349932503
3.975,162.5,0.0009999500025
3.975,163.5,0.0009499525024
3.975,164.5,0.000799960002
3.975,165.5,0.0004499775011
3.975,166.5,0.0008999550022
3.975,167.5,0.0004499775011
3.975,168.5,0.0003499825009
3.975,169.5,0.000399980001
3.975,170.5,0.0002499875006
3.975,171.5,0.0003499825009
3.975,172.5,0
3.975,173.5,0.0002499875006
3.975,174.5,0.0001499925004
3.975,175.5,4.999750012e-05
3.975,176.5,0
3.975,177.5,0
3.975,178.5,0
3.975,179.5,0
4.025,0.5,9.999500025e-05
4.025,1.5,0.0001999900005
4.025,2.5,0.0004499775011
4.025,3.5,0.0004999750012
4.025,4.5,0.001099945003
4.025,5.5,0.001199940003
4.025,6.5,0.0006499675016
4.025,7.5,0.001849907505
4.025,8.5,0.002099895005
4.025,9.5,0.002099895005
4.025,10.5,0.002199890005
4.025,11.5,0.001599920004
4.025,12.5,0.002349882506
4.025,13.5,0.002299885006
4.025,14.5,0.003399830008
4.025,15.5,0.003799810009
4.025,16.5,0.00419979001
4.025,17.5,0.004499775011
4.025,18.5,0.004649767512
4.025,19.5,0.005449727514
4.025,20.5,0.005199740013
4.025,21.5,0.006849657517
4.025,22.5,0.006699665017
4.025,23.5,0.007699615019
4.025,24.5,0.007749612519
4.025,25.5,0.009849507525
4.025,26.5,0.009049547523
4.025,27.5,0.009699515024
4.025,28.5,0.01119944003
4.025,29.5,0.01324933753
4.025,30.5,0.01149942503
4.025,31.5,0.01299935003
4.025,32.5,0.01244937753
4.025,33.5,0.01469926504
4.025,34.5,0.01544922754
4.025,35.5,0.01469926504
4.025,36.5,0.01594920254
4.025,37.5,0.01469926504
4.025,38.5,0.01824908755
4.025,39.5,0.01794910254
4.025,40.5,0.01939903005
4.025,41.5,0.01989900505
4.025,42.5,0.02214889256
4.025,43.5,0.01969901505
4.025,44.5,0.02059897005
4.025,45.5,0.02034898255
4.025,46.5,0.02179891005
4.025,47.5,0.02414879256
4.025,48.5,0.02269886506
4.025,49.5,0.02519874006
4.025,50.5,0.02534873256
4.025,51.5,0.02549872506
4.025,52.5,0.02784860757
4.025,53.5,0.02739863007
4.025,54.5,0.02624868757
4.025,55.5,0.02569871506
4.025,56.5,0.02809859507
4.025,57.5,0.02574871256
4.025,58.5,0.02854857257
4.025,59.5,0.02789860507
4.025,60.5,0.02944852757
4.025,61.5,0.02804859757
4.025,62.5,0.02989850507
4.025,63.5,0.02799860007
4.025,64.5,0.02939853007
4.025,65.5,0.02774861257
4.025,66.5,0.03044847758
4.025,67.5,0.02989850507
4.025,68.5,0.02944852757
4.025,69.5,0.02874856257
4.025,70.5,0.02884855757
4.025,71.5,0.03049847508
4.025,72.5,0.02734863257
4.025,73.5,0.02809859507
4.025,74.5,0.02694865257
4.025,75.5,0.02914854257
4.025,76.5,0.02539873006
4.025,77.5,0.02769861507
4.025,78.5,0.02539873006
4.025,79.5,0.02239888006
4.025,80.5,0.02359882006
4.025,81.5,0.02134893255
4.025,82.5,0.02114894255
4.025,83.5,0.01994900255
4.025,84.5,0.02059897005
4.025,85.5,0.01799910004
4.025,86.5,0.01789910504
4.025,87.5,0.01864906755
4.025,88.5,0.01709914504
4.025,89.5,0.01594920254
4.025,90.5,0.01224938753
4.025,91.5,0.01654917254
4.025,92.5,0.01429928504
4.025,93.5,0.01384930753
4.025,94.5,0.01189940503
4.025,95.5,0.01164941753
4.025,96.5,0.01239938003
4.025,97.5,0.01089945503
4.025,98.5,0.01034948253
4.025,99.5,0.008849557522
4.025,100.5,0.008799560022
4.025,101.5,0.01004949753
4.025,102.5,0.009199540023
4.025,103.5,0.008699565022
4.025,104.5,0.009049547523
4.025,105.5,0.008649567522
4.025,106.5,0.007549622519
4.025,107.5,0.007349632518
4.025,108.5,0.007099645018
4.025,109.5,0.007199640018
4.025,110.5,0.006949652517
4.025,111.5,0.006799660017
4.025,112.5,0.006399680016
4.025,113.5,0.006849657517
4.025,114.5,0.006549672516
4.025,115.5,0.006949652517
4.025,116.5,0.006149692515
4.025,117.5,0.005399730013
4.025,118.5,0.006099695015
4.025,119.5,0.006399680016
4.025,120.5,0.006799660017
4.025,121.5,0.007549622519
4.025,122.5,0.007549622519
4.025,123.5,0.005749712514
4.025,124.5,0.006899655017
4.025,125.5,0.006549672516
4.025,126.5,0.006749662517
4.025,127.5,0.007599620019
4.025,128.5,0.008649567522
4.025,129.5,0.007699615019
4.025,130.5,0.008399580021
4.025,131.5,0.008849557522
4.025,132.5,0.009999500025
4.025,133.5,0.009399530023
4.025,134.5,0.009699515024
4.025,135.5,0.009849507525
4.025,136.5,0.009599520024
4.025,137.5,0.01109944503
4.025,138.5,0.009899505025
4.025,139.5,0.009849507525
4.025,140.5,0.01154942253
4.025,141.5,0.01084945753
4.025,142.5,0.01174941253
4.025,143.5,0.009849507525
4.025,144.5,0.01054947253
4.025,145.5,0.009699515024
4.025,146.5,0.008899555022
4.025,147.5,0.00809959502
4.025,148.5,0.008299585021
4.025,149.5,0.007399630018
4.025,150.5,0.007099645018
4.025,151.5,0.006849657517
4.025,152.5,0.005349732513
4.025,153.5,0.004599770011
4.025,154.5,0.004849757512
4.025,155.5,0.004299785011
4.025,156.5,0.00404979751
4.025,157.5,0.003599820009
4.025,158.5,0.003399830008
4.025,159.5,0.002849857507
4.025,160.5,0.002749862507
4.025,161.5,0.002699865007
4.025,162.5,0.001799910004
4.025,163.5,0.002099895005
4.025,164.5,0.001699915004
4.025,165.5,0.001299935003
4.025,166.5,0.0009999500025
4.025,167.5,0.0006999650017
4.025,168.5,0.0008499575021
4.025,169.5,0.0007499625019
4.025,170.5,0.0005499725014
4.025,171.5,0.000399980001
4.025,172.5,0.0001999900005
4.025,173.5,0.0003499825009
4.025,174.5,0.0001999900005
4.025,175.5,0.0001999900005
4.025,176.5,0.0002999850007
4.025,177.5,0.0001499925004
4.025,178.5,0
4.025,179.5,9.999500025e-05
4.075,0.5,0.0001499925004
4.075,1.5,0.000399980001
4.075,2.5,0.0005499725014
4.075,3.5,0.0007499625019
4.075,4.5,0.0006999650017
4.075,5.5,0.001149942503
4.075,6.5,0.000799960002
4.075,7.5,0.001799910004
4.075,8.5,0.001149942503
4.075,9.5,0.001499925004
4.075,10.5,0.002049897505
4.075,11.5,0.002149892505
4.075,12.5,0.003049847508
4.075,13.5,0.002799860007
4.075,14.5,0.003499825009
4.075,15.5,0.003749812509
4.075,16.5,0.003799810009
4.075,17.5,0.004499775011
4.075,18.5,0.005199740013
4.075,19.5,0.006599670016
4.075,20.5,0.006799660017
4.075,21.5,0.006799660017
4.075,22.5,0.007349632518
4.075,23.5,0.007549622519
4.075,24.5,0.007449627519
4.075,25.5,0.00799960002
4.075,26.5,0.01024948753
4.075,27.5,0.009999500025
4.075,28.5,0.01079946003
4.075,29.5,0.01179941003
4.075,30.5,0.01259937003
4.075,31.5,0.01374931253
4.075,32.5,0.01554922254
4.075,33.5,0.01589920504
4.075,34.5,0.01539923004
4.075,35.5,0.01574921254
4.075,36.5,0.01619919004
4.075,37.5,0.01759912004
4.075,38.5,0.01824908755
4.075,39.5,0.01729913504
4.075,40.5,0.01799910004
4.075,41.5,0.01949902505
4.075,42.5,0.02089895505
4.075,43.5,0.02339883006
4.075,44.5,0.02209889506
4.075,45.5,0.02454877256
4.075,46.5,0.02284885756
4.075,47.5,0.02569871506
4.075,48.5,0.02504874756
4.075,49.5,0.02479876006
4.075,50.5,0.02684865757
4.075,51.5,0.02834858257
4.075,52.5,0.02874856257
4.075,53.5,0.02869856507
4.075,54.5,0.02849857507
4.075,55.5,0.02704864757
4.075,56.5,0.02984850757
4.075,57.5,0.03009849508
4.075,58.5,0.02994850257
4.075,59.5,0.03089845508
4.075,60.5,0.02914854257
4.075,61.5,0.02919854007
4.075,62.5,0.03149842508
4.075,63.5,0.03399830008
4.075,64.5,0.03194840258
4.075,65.5,0.03479826009
4.075,66.5,0.03139843008
4.075,67.5,0.03024848758
4.075,68.5,0.03274836258
4.075,69.5,0.03194840258
4.075,70.5,0.03329833508
4.075,71.5,0.03429828509
4.075,72.5,0.03344832758
4.075,73.5,0.03429828509
4.075,74.5,0.03419829009
4.075,75.5,0.03294835258
4.075,76.5,0.03099845008
4.075,77.5,0.03159842008
4.075,78.5,0.03049847508
4.075,79.5,0.02769861507
4.075,80.5,0.02639868007
4.075,81.5,0.02839858007
4.075,82.5,0.02654867257
4.075,83.5,0.02469876506
4.075,84.5,0.02609869507
4.075,85.5,0.02404879756
4.075,86.5,0.02014899255
4.075,87.5,0.02039898005
4.075,88.5,0.02144892755
4.075,89.5,0.01854907255
4.075,90.5,0.02044897755
4.075,91.5,0.01759912004
4.075,92.5,0.01664916754
4.075,93.5,0.01539923004
4.075,94.5,0.01544922754
4.075,95.5,0.01384930753
4.075,96.5,0.01254937253
4.075,97.5,0.01254937253
4.075,98.5,0.01159942003
4.075,99.5,0.01229938503
4.075,100.5,0.01104944753
4.075,101.5,0.01034948253
4.075,102.5,0.01154942253
4.075,103.5,0.01004949753
4.075,104.5,0.009299535023
4.075,105.5,0.009499525024
4.075,106.5,0.008749562522
4.075,107.5,0.007349632518
4.075,108.5,0.00799960002
4.075,109.5,0.009349532523
4.075,110.5,0.007599620019
4.075,111.5,0.007549622519
4.075,112.5,0.008649567522
4.075,113.5,0.00819959002
4.075,114.5,0.007149642518
4.075,115.5,0.006499675016
4.075,116.5,0.007649617519
4.075,117.5,0.007299635018
4.075,118.5,0.007799610019
4.075,119.5,0.007499625019
4.075,120.5,0.007299635018
4.075,121.5,0.006749662517
4.075,122.5,0.008349582521
4.075,123.5,0.008349582521
4.075,124.5,0.007199640018
4.075,125.5,0.008649567522
4.075,126.5,0.006699665017
4.075,127.5,0.00809959502
4.075,128.5,0.009349532523
4.075,129.5,0.008399580021
4.075,130.5,0.009999500025
4.075,131.5,0.009999500025
4.075,132.5,0.008899555022
4.075,133.5,0.01219939003
4.075,134.5,0.01064946753
4.075,135.5,0.01179941003
4.075,136.5,0.01199940003
4.075,137.5,0.01179941003
4.075,138.5,0.01214939253
4.075,139.5,0.01129943503
4.075,140.5,0.01149942503
4.075,141.5,0.01069946503
4.075,142.5,0.01179941003
4.075,143.5,0.01229938503
4.075,144.5,0.01279936003
4.075,145.5,0.01194940253
4.075,146.5,0.01044947753
4.075,147.5,0.01134943253
4.075,148.5,0.009799510024
4.075,149.5,0.01164941753
4.075,150.5,0.01039948003
4.075,151.5,0.008949552522
4.075,152.5,0.007699615019
4.075,153.5,0.007699615019
4.075,154.5,0.007399630018
4.075,155.5,0.006949652517
4.075,156.5,0.006249687516
4.075,157.5,0.005799710014
4.075,158.5,0.005049747513
4.075,159.5,0.005249737513
4.075,160.5,0.00389980501
4.075,161.5,0.00394980251
4.075,162.5,0.00384980751
4.075,163.5,0.003549822509
4.075,164.5,0.003199840008
4.075,165.5,0.002899855007
4.075,166.5,0.002099895005
4.075,167.5,0.001399930003
4.075,168.5,0.001099945003
4.075,169.5,0.001399930003
4.075,170.5,0.0008499575021
4.075,171.5,0.0008999550022
4.075,172.5,0.0009999500025
4.075,173.5,0.0005999700015
4.075,174.5,0.0007499625019
4.075,175.5,0.0006999650017
4.075,176.5,0.0002499875006
4.075,177.5,0.000399980001
4.075,178.5,0.0001499925004
4.075,179.5,0
4.125,0.5,4.999750012e-05
4.125,1.5,0.0001499925004
4.125,2.5,0.0001499925004
4.125,3.5,0.0005999700015
4.125,4.5,0.0005999700015
4.125,5.5,0.001749912504
4.125,6.5,0.0006999650017
4.125,7.5,0.001749912504
4.125,8.5,0.001549922504
4.125,9.5,0.002049897505
4.125,10.5,0.001499925004
4.125,11.5,0.002399880006
4.125,12.5,0.002449877506
4.125,13.5,0.002799860007
4.125,14.5,0.00389980501
4.125,15.5,0.00399980001
4.125,16.5,0.004799760012
4.125,17.5,0.004599770011
4.125,18.5,0.005849707515
4.125,19.5,0.005899705015
4.125,20.5,0.006499675016
4.125,21.5,0.007049647518
4.125,22.5,0.00794960252
4.125,23.5,0.007499625019
4.125,24.5,0.009349532523
4.125,25.5,0.01069946503
4.125,26.5,0.009899505025
4.125,27.5,0.01084945753
4.125,28.5,0.01194940253
4.125,29.5,0.01314934253
4.125,30.5,0.01249937503
4.125,31.5,0.01449927504
4.125,32.5,0.01459927004
4.125,33.5,0.01344932753
4.125,34.5,0.01584920754
4.125,35.5,0.01664916754
4.125,36.5,0.01614919254
4.125,37.5,0.01839908005
4.125,38.5,0.01844907755
4.125,39.5,0.01734913254
4.125,40.5,0.02064896755
4.125,41.5,0.02164891755
4.125,42.5,0.02219889006
4.125,43.5,0.02279886006
4.125,44.5,0.02499875006
4.125,45.5,0.02414879256
4.125,46.5,0.02644867757
4.125,47.5,0.02634868257
4.125,48.5,0.02924853757
4.125,49.5,0.02684865757
4.125,50.5,0.02924853757
4.125,51.5,0.02934853257
4.125,52.5,0.03254837258
4.125,53.5,0.03079846008
4.125,54.5,0.03284835758
4.125,55.5,0.03239838008
4.125,56.5,0.03324833758
4.125,57.5,0.03444827759
4.125,58.5,0.03489825509
4.125,59.5,0.03629818509
4.125,60.5,0.03599820009
4.125,61.5,0.03574821259
4.125,62.5,0.03504824759
4.125,63.5,0.03619819009
4.125,64.5,0.03664816759
4.125,65.5,0.03609819509
4.125,66.5,0.03569821509
4.125,67.5,0.03569821509
4.125,68.5,0.0380980951
4.125,69.5,0.0388480576
4.125,70.5,0.03659817009
4.125,71.5,0.03544822759
4.125,72.5,0.03604819759
4.125,73.5,0.03544822759
4.125,74.5,0.03704814759
4.125,75.5,0.03484825759
4.125,76.5,0.03574821259
4.125,77.5,0.03509824509
4.125,78.5,0.03364831758
4.125,79.5,0.03484825759
4.125,80.5,0.03334833258
4.125,81.5,0.03244837758
4.125,82.5,0.03014849258
4.125,83.5,0.02984850757
4.125,84.5,0.02969851507
4.125,85.5,0.02669866507
4.125,86.5,0.02609869507
4.125,87.5,0.02549872506
4.125,88.5,0.02584870756
4.125,89.5,0.02489875506
4.125,90.5,0.02159892005
4.125,91.5,0.02289885506
4.125,92.5,0.02009899505
4.125,93.5,0.01819909005
4.125,94.5,0.01769911504
4.125,95.5,0.01744912754
4.125,96.5,0.01639918004
4.125,97.5,0.01654917254
4.125,98.5,0.01474926254
4.125,99.5,0.01329933503
4.125,100.5,0.01304934753
4.125,101.5,0.01194940253
4.125,102.5,0.01159942003
4.125,103.5,0.01084945753
4.125,104.5,0.01039948003
4.125,105.5,0.01189940503
4.125,106.5,0.01099945003
4.125,107.5,0.009149542523
4.125,108.5,0.009999500025
4.125,109.5,0.009949502525
4.125,110.5,0.009249537523
4.125,111.5,0.008299585021
4.125,112.5,0.00819959002
4.125,113.5,0.007649617519
4.125,114.5,0.009349532523
4.125,115.5,0.007299635018
4.125,116.5,0.007149642518
4.125,117.5,0.007549622519
4.125,118.5,0.00789960502
4.125,119.5,0.007449627519
4.125,120.5,0.007049647518
4.125,121.5,0.006699665017
4.125,122.5,0.008299585021
4.125,123.5,0.008549572521
4.125,124.5,0.00819959002
4.125,125.5,0.008649567522
4.125,126.5,0.008549572521
4.125,127.5,0.008699565022
4.125,128.5,0.008249587521
4.125,129.5,0.00794960252
4.125,130.5,0.008449577521
4.125,131.5,0.01054947253
4.125,132.5,0.009899505025
4.125,133.5,0.01159942003
4.125,134.5,0.01129943503
4.125,135.5,0.01214939253
4.125,136.5,0.01189940503
4.125,137.5,0.01184940753
4.125,138.5,0.01399930003
4.125,139.5,0.01369931503
4.125,140.5,0.01349932503
4.125,141.5,0.01319934003
4.125,142.5,0.01399930003
4.125,143.5,0.01444927754
4.125,144.5,0.01544922754
4.125,145.5,0.01569921504
4.125,146.5,0.01304934753
4.125,147.5,0.01454927254
4.125,148.5,0.01469926504
4.125,149.5,0.01454927254
4.125,150.5,0.01344932753
4.125,151.5,0.01109944503
4.125,152.5,0.01309934503
4.125,153.5,0.01244937753
4.125,154.5,0.01064946753
4.125,155.5,0.009549522524
4.125,156.5,0.009899505025
4.125,157.5,0.009099545023
4.125,158.5,0.008449577521
4.125,159.5,0.007599620019
4.125,160.5,0.006199690015
4.125,161.5,0.006249687516
4.125,162.5,0.006049697515
4.125,163.5,0.004799760012
4.125,164.5,0.003649817509
4.125,165.5,0.00384980751
4.125,166.5,0.003499825009
4.125,167.5,0.002149892505
4.125,168.5,0.002199890005
4.125,169.5,0.001649917504
4.125,170.5,0.001799910004
4.125,171.5,0.002049897505
4.125,172.5,0.001399930003
4.125,173.5,0.001299935003
4.125,174.5,0.0004999750012
4.125,175.5,0.000799960002
4.125,176.5,0.0005499725014
4.125,177.5,0.0002499875006
4.125,178.5,0.0002499875006
4.125,179.5,4.999750012e-05
4.175,0.5,0.0002499875006
4.175,1.5,0.0003499825009
4.175,2.5,0.0006499675016
4.175,3.5,0.0005999700015
4.175,4.5,0.0007499625019
4.175,5.5,0.001199940003
4.175,6.5,0.001199940003
4.175,7.5,0.002249887506
4.175,8.5,0.001599920004
4.175,9.5,0.002199890005
4.175,10.5,0.002599870006
4.175,11.5,0.003399830008
4.175,12.5,0.003649817509
4.175,13.5,0.003249837508
4.175,14.5,0.00404979751
4.175,15.5,0.004749762512
4.175,16.5,0.005399730013
4.175,17.5,0.005599720014
4.175,18.5,0.007299635018
4.175,19.5,0.006349682516
4.175,20.5,0.005599720014
4.175,21.5,0.006849657517
4.175,22.5,0.008299585021
4.175,23.5,0.009599520024
4.175,24.5,0.008849557522
4.175,25.5,0.01034948253
4.175,26.5,0.01064946753
4.175,27.5,0.01149942503
4.175,28.5,0.01179941003
4.175,29.5,0.01309934503
4.175,30.5,0.01384930753
4.175,31.5,0.01479926004
4.175,32.5,0.01624918754
4.175,33.5,0.01584920754
4.175,34.5,0.01649917504
4.175,35.5,0.01789910504
4.175,36.5,0.01849907505
4.175,37.5,0.01914904255
4.175,38.5,0.01984900755
4.175,39.5,0.02124893755
4.175,40.5,0.02139893005
4.175,41.5,0.02024898755
4.175,42.5,0.02059897005
4.175,43.5,0.02304884756
4.175,44.5,0.02274886256
4.175,45.5,0.02424878756
4.175,46.5,0.02509874506
4.175,47.5,0.02804859757
4.175,48.5,0.02834858257
4.175,49.5,0.02824858757
4.175,50.5,0.02894855257
4.175,51.5,0.03214839258
4.175,52.5,0.03204839758
4.175,53.5,0.03074846258
4.175,54.5,0.03194840258
4.175,55.5,0.03354832258
4.175,56.5,0.03399830008
4.175,57.5,0.03449827509
4.175,58.5,0.03674816259
4.175,59.5,0.03769811509
4.175,60.5,0.03784810759
4.175,61.5,0.0380980951
4.175,62.5,0.0384480776
4.175,63.5,0.0391980401
4.175,64.5,0.0391980401
4.175,65.5,0.0407979601
4.175,66.5,0.0387980601
4.175,67.5,0.0401479926
4.175,68.5,0.0394980251
4.175,69.5,0.0390980451
4.175,70.5,0.0386980651
4.175,71.5,0.0392480376
4.175,72.5,0.0391480426
4.175,73.5,0.0414979251
4.175,74.5,0.0418979051
4.175,75.5,0.0392980351
4.175,76.5,0.0402479876
4.175,77.5,0.0390480476
4.175,78.5,0.0393480326
4.175,79.5,0.03549822509
4.175,80.5,0.0382980851
4.175,81.5,0.03569821509
4.175,82.5,0.03649817509
4.175,83.5,0.03384830758
4.175,84.5,0.03134843258
4.175,85.5,0.03229838508
4.175,86.5,0.02839858007
4.175,87.5,0.03149842508
4.175,88.5,0.02824858757
4.175,89.5,0.02734863257
4.175,90.5,0.02709864507
4.175,91.5,0.02674866257
4.175,92.5,0.02394880256
4.175,93.5,0.02219889006
4.175,94.5,0.02224888756
4.175,95.5,0.01979901005
4.175,96.5,0.01939903005
4.175,97.5,0.02014899255
4.175,98.5,0.02029898505
4.175,99.5,0.01684915754
4.175,100.5,0.01594920254
4.175,101.5,0.01704914754
4.175,102.5,0.01499925004
4.175,103.5,0.01534923254
4.175,104.5,0.01359932003
4.175,105.5,0.01159942003
4.175,106.5,0.01234938253
4.175,107.5,0.009849507525
4.175,108.5,0.01139943003
4.175,109.5,0.01074946253
4.175,110.5,0.01029948503
4.175,111.5,0.01074946253
4.175,112.5,0.009199540023
4.175,113.5,0.008799560022
4.175,114.5,0.009149542523
4.175,115.5,0.007799610019
4.175,116.5,0.009799510024
4.175,117.5,0.00819959002
4.175,118.5,0.009649517524
4.175,119.5,0.008749562522
4.175,120.5,0.009349532523
4.175,121.5,0.009049547523
4.175,122.5,0.009849507525
4.175,123.5,0.008749562522
4.175,124.5,0.009099545023
4.175,125.5,0.008899555022
4.175,126.5,0.009299535023
4.175,127.5,0.008549572521
4.175,128.5,0.00789960502
4.175,129.5,0.009649517524
4.175,130.5,0.009199540023
4.175,131.5,0.01204939753
4.175,132.5,0.009449527524
4.175,133.5,0.01139943003
4.175,134.5,0.01094945253
4.175,135.5,0.01299935003
4.175,136.5,0.01339933003
4.175,137.5,0.01369931503
4.175,138.5,0.01419929004
4.175,139.5,0.01379931003
4.175,140.5,0.01434928254
4.175,141.5,0.01439928004
4.175,142.5,0.01489925504
4.175,143.5,0.01599920004
4.175,144.5,0.01699915004
4.175,145.5,0.01594920254
4.175,146.5,0.01704914754
4.175,147.5,0.01659917004
4.175,148.5,0.01624918754
4.175,149.5,0.01609919504
4.175,150.5,0.01614919254
4.175,151.5,0.01674916254
4.175,152.5,0.01494925254
4.175,153.5,0.01489925504
4.175,154.5,0.01514924254
4.175,155.5,0.01359932003
4.175,156.5,0.01174941253
4.175,157.5,0.01254937253
4.175,158.5,0.01139943003
4.175,159.5,0.01149942503
4.175,160.5,0.008749562522
4.175,161.5,0.009149542523
4.175,162.5,0.00814959252
4.175,163.5,0.007199640018
4.175,164.5,0.006699665017
4.175,165.5,0.006399680016
4.175,166.5,0.004499775011
4.175,167.5,0.005249737513
4.175,168.5,0.004299785011
4.175,169.5,0.003799810009
4.175,170.5,0.002849857507
4.175,171.5,0.002399880006
4.175,172.5,0.001899905005
4.175,173.5,0.001599920004
4.175,174.5,0.001349932503
4.175,175.5,0.0009499525024
4.175,176.5,0.0009999500025
4.175,177.5,0.0006499675016
4.175,178.5,0.0004999750012
4.175,179.5,0
4.225,0.5,0.0001499925004
4.225,1.5,0.000399980001
4.225,2.5,0.0004499775011
4.225,3.5,0.0005999700015
4.225,4.5,0.0008499575021
4.225,5.5,0.001999900005
4.225,6.5,0.001599920004
4.225,7.5,0.001399930003
4.225,8.5,0.002549872506
4.225,9.5,0.002599870006
4.225,10.5,0.003249837508
4.225,11.5,0.003149842508
4.225,12.5,0.003599820009
4.225,13.5,0.00399980001
4.225,14.5,0.004999750012
4.225,15.5,0.004599770011
4.225,16.5,0.005349732513
4.225,17.5,0.005149742513
4.225,18.5,0.006949652517
4.225,19.5,0.006099695015
4.225,20.5,0.00819959002
4.225,21.5,0.008949552522
4.225,22.5,0.008249587521
4.225,23.5,0.009749512524
4.225,24.5,0.01039948003
4.225,25.5,0.01094945253
4.225,26.5,0.01074946253
4.225,27.5,0.01114944253
4.225,28.5,0.01274936253
4.225,29.5,0.01299935003
4.225,30.5,0.01479926004
4.225,31.5,0.01449927504
4.225,32.5,0.01599920004
4.225,33.5,0.01669916504
4.225,34.5,0.01689915504
4.225,35.5,0.01704914754
4.225,36.5,0.01949902505
4.225,37.5,0.01909904505
4.225,38.5,0.02049897505
4.225,39.5,0.01974901255
4.225,40.5,0.02144892755
4.225,41.5,0.02259887006
4.225,42.5,0.02314884256
4.225,43.5,0.02419879006
4.225,44.5,0.02459877006
4.225,45.5,0.02604869757
4.225,46.5,0.02649867507
4.225,47.5,0.02594870256
4.225,48.5,0.02859857007
4.225,49.5,0.03174841258
4.225,50.5,0.03089845508
4.225,51.5,0.03019849008
4.225,52.5,0.03164841758
4.225,53.5,0.02979851007
4.225,54.5,0.03449827509
4.225,55.5,0.03164841758
4.225,56.5,0.03559822009
4.225,57.5,0.03504824759
4.225,58.5,0.03659817009
4.225,59.5,0.03569821509
4.225,60.5,0.0384980751
4.225,61.5,0.0397980101
4.225,62.5,0.03714814259
4.225,63.5,0.0402479876
4.225,64.5,0.0406479676
4.225,65.5,0.0400979951
4.225,66.5,0.0416479176
4.225,67.5,0.0413979301
4.225,68.5,0.04209789511
4.225,69.5,0.0402479876
4.225,70.5,0.04229788511
4.225,71.5,0.0414479276
4.225,72.5,0.04274786261
4.225,73.5,0.0409479526
4.225,74.5,0.04204789761
4.225,75.5,0.04244787761
4.225,76.5,0.04224788761
4.225,77.5,0.04299785011
4.225,78.5,0.0386980651
4.225,79.5,0.0399480026
4.225,80.5,0.0413479326
4.225,81.5,0.0396980151
4.225,82.5,0.0384480776
4.225,83.5,0.0399480026
4.225,84.5,0.0396980151
4.225,85.5,0.03429828509
4.225,86.5,0.03534823259
4.225,87.5,0.03639818009
4.225,88.5,0.03194840258
4.225,89.5,0.03104844758
4.225,90.5,0.03059847008
4.225,91.5,0.02749862507
4.225,92.5,0.02689865507
4.225,93.5,0.02549872506
4.225,94.5,0.02534873256
4.225,95.5,0.02404879756
4.225,96.5,0.02304884756
4.225,97.5,0.02269886506
4.225,98.5,0.01984900755
4.225,99.5,0.01889905505
4.225,100.5,0.01859907005
4.225,101.5,0.01659917004
4.225,102.5,0.01554922254
4.225,103.5,0.01519924004
4.225,104.5,0.01574921254
4.225,105.5,0.01639918004
4.225,106.5,0.01424928754
4.225,107.5,0.01329933503
4.225,108.5,0.01184940753
4.225,109.5,0.01229938503
4.225,110.5,0.01279936003
4.225,111.5,0.01214939253
4.225,112.5,0.01149942503
4.225,113.5,0.01164941753
4.225,114.5,0.01149942503
4.225,115.5,0.01024948753
4.225,116.5,0.009049547523
4.225,117.5,0.009949502525
4.225,118.5,0.009049547523
4.225,119.5,0.008349582521
4.225,120.5,0.01014949253
4.225,121.5,0.009749512524
4.225,122.5,0.008499575021
4.225,123.5,0.008749562522
4.225,124.5,0.009149542523
4.225,125.5,0.008949552522
4.225,126.5,0.01029948503
4.225,127.5,0.009549522524
4.225,128.5,0.01089945503
4.225,129.5,0.009849507525
4.225,130.5,0.01089945503
4.225,131.5,0.009899505025
4.225,132.5,0.01144942753
4.225,133.5,0.01089945503
4.225,134.5,0.01139943003
4.225,135.5,0.01274936253
4.225,136.5,0.01414929254
4.225,137.5,0.01364931753
4.225,138.5,0.01369931503
4.225,139.5,0.01334933253
4.225,140.5,0.01504924754
4.225,141.5,0.01574921254
4.225,142.5,0.01729913504
4.225,143.5,0.01714914254
4.225,144.5,0.01934903255
4.225,145.5,0.01919904005
4.225,146.5,0.01769911504
4.225,147.5,0.01889905505
4.225,148.5,0.01849907505
4.225,149.5,0.01854907255
4.225,150.5,0.01924903755
4.225,151.5,0.02004899755
4.225,152.5,0.01879906005
4.225,153.5,0.01674916254
4.225,154.5,0.01804909755
4.225,155.5,0.01774911254
4.225,156.5,0.01644917754
4.225,157.5,0.01709914504
4.225,158.5,0.01469926504
4.225,159.5,0.01329933503
4.225,160.5,0.01329933503
4.225,161.5,0.01314934253
4.225,162.5,0.01104944753
4.225,163.5,0.009949502525
4.225,164.5,0.008449577521
4.225,165.5,0.008449577521
4.225,166.5,0.007049647518
4.225,167.5,0.006349682516
4.225,168.5,0.006899655017
4.225,169.5,0.005399730013
4.225,170.5,0.004449777511
4.225,171.5,0.003699815009
4.225,172.5,0.00409979501
4.225,173.5,0.002749862507
4.225,174.5,0.002099895005
4.225,175.5,0.002049897505
4.225,176.5,0.001399930003
4.225,177.5,0.0009999500025
4.225,178.5,0.0004499775011
4.225,179.5,0.0002499875006
4.275,0.5,9.999500025e-05
4.275,1.5,0.0003499825009
4.275,2.5,0.000799960002
4.275,3.5,0.0008499575021
4.275,4.5,0.0008999550022
4.275,5.5,0.001749912504
4.275,6.5,0.001149942503
4.275,7.5,0.002199890005
4.275,8.5,0.001849907505
4.275,9.5,0.002749862507
4.275,10.5,0.003199840008
4.275,11.5,0.002499875006
4.275,12.5,0.002849857507
4.275,13.5,0.003099845008
4.275,14.5,0.003399830008
4.275,15.5,0.00419979001
4.275,16.5,0.005649717514
4.275,17.5,0.006499675016
4.275,18.5,0.006249687516
4.275,19.5,0.006849657517
4.275,20.5,0.006399680016
4.275,21.5,0.006699665017
4.275,22.5,0.00804959752
4.275,23.5,0.009399530023
4.275,24.5,0.008449577521
4.275,25.5,0.01024948753
4.275,26.5,0.01059947003
4.275,27.5,0.01144942753
4.275,28.5,0.01234938253
4.275,29.5,0.01379931003
4.275,30.5,0.01424928754
4.275,31.5,0.01499925004
4.275,32.5,0.01474926254
4.275,33.5,0.01489925504
4.275,34.5,0.01709914504
4.275,35.5,0.01889905505
4.275,36.5,0.01824908755
4.275,37.5,0.01859907005
4.275,38.5,0.01969901505
4.275,39.5,0.02179891005
4.275,40.5,0.02214889256
4.275,41.5,0.02244887756
4.275,42.5,0.02364881756
4.275,43.5,0.02544872756
4.275,44.5,0.02534873256
4.275,45.5,0.02834858257
4.275,46.5,0.02769861507
4.275,47.5,0.02709864507
4.275,48.5,0.02904854757
4.275,49.5,0.02829858507
4.275,50.5,0.02944852757
4.275,51.5,0.03249837508
4.275,52.5,0.03064846758
4.275,53.5,0.03204839758
4.275,54.5,0.03269836508
4.275,55.5,0.03324833758
4.275,56.5,0.03689815509
4.275,57.5,0.03644817759
4.275,58.5,0.03434828259
4.275,59.5,0.0399480026
4.275,60.5,0.0400479976
4.275,61.5,0.0393480326
4.275,62.5,0.0400479976
4.275,63.5,0.0405479726
4.275,64.5,0.0410979451
4.275,65.5,0.04254787261
4.275,66.5,0.04214789261
4.275,67.5,0.04569771511
4.275,68.5,0.0413979301
4.275,69.5,0.04314784261
4.275,70.5,0.04504774761
4.275,71.5,0.04549772511
4.275,72.5,0.04489775511
4.275,73.5,0.04609769512
4.275,74.5,0.04664766762
4.275,75.5,0.04534773261
4.275,76.5,0.04479776011
4.275,77.5,0.04539773011
4.275,78.5,0.04594770261
4.275,79.5,0.04664766762
4.275,80.5,0.04509774511
4.275,81.5,0.04829758512
4.275,82.5,0.04504774761
4.275,83.5,0.04219789011
4.275,84.5,0.04489775511
4.275,85.5,0.0410479476
4.275,86.5,0.0391480426
4.275,87.5,0.03674816259
4.275,88.5,0.03649817509
4.275,89.5,0.03529823509
4.275,90.5,0.03244837758
4.275,91.5,0.03199840008
4.275,92.5,0.03079846008
4.275,93.5,0.03059847008
4.275,94.5,0.02764861757
4.275,95.5,0.02749862507
4.275,96.5,0.02429878506
4.275,97.5,0.02424878756
4.275,98.5,0.02214889256
4.275,99.5,0.02154892255
4.275,100.5,0.02099895005
4.275,101.5,0.01969901505
4.275,102.5,0.01944902755
4.275,103.5,0.01699915004
4.275,104.5,0.01854907255
4.275,105.5,0.01674916254
4.275,106.5,0.01594920254
4.275,107.5,0.01359932003
4.275,108.5,0.01409929504
4.275,109.5,0.01529923504
4.275,110.5,0.01354932253
4.275,111.5,0.01249937503
4.275,112.5,0.01314934253
4.275,113.5,0.01244937753
4.275,114.5,0.01154942253
4.275,115.5,0.009949502525
4.275,116.5,0.01044947753
4.275,117.5,0.01044947753
4.275,118.5,0.009549522524
4.275,119.5,0.01054947253
4.275,120.5,0.01114944253
4.275,121.5,0.009749512524
4.275,122.5,0.009649517524
4.275,123.5,0.01074946253
4.275,124.5,0.01049947503
4.275,125.5,0.009699515024
4.275,126.5,0.01174941253
4.275,127.5,0.01059947003
4.275,128.5,0.01099945003
4.275,129.5,0.01044947753
4.275,130.5,0.01224938753
4.275,131.5,0.01134943253
4.275,132.5,0.01229938503
4.275,133.5,0.01219939003
4.275,134.5,0.01364931753
4.275,135.5,0.01329933503
4.275,136.5,0.01409929504
4.275,137.5,0.01464926754
4.275,138.5,0.01449927504
4.275,139.5,0.01644917754
4.275,140.5,0.01534923254
4.275,141.5,0.01649917504
4.275,142.5,0.01664916754
4.275,143.5,0.01829908505
4.275,144.5,0.01769911504
4.275,145.5,0.01984900755
4.275,146.5,0.01999900005
4.275,147.5,0.02264886756
4.275,148.5,0.01904904755
4.275,149.5,0.01904904755
4.275,150.5,0.02034898255
4.275,151.5,0.02064896755
4.275,152.5,0.02264886756
4.275,153.5,0.02269886506
4.275,154.5,0.01989900505
4.275,155.5,0.02024898755
4.275,156.5,0.02219889006
4.275,157.5,0.02089895505
4.275,158.5,0.01844907755
4.275,159.5,0.01694915254
4.275,160.5,0.01564921754
4.275,161.5,0.01604919754
4.275,162.5,0.01449927504
4.275,163.5,0.01419929004
4.275,164.5,0.01234938253
4.275,165.5,0.01089945503
4.275,166.5,0.009849507525
4.275,167.5,0.008249587521
4.275,168.5,0.008749562522
4.275,169.5,0.007299635018
4.275,170.5,0.006249687516
4.275,171.5,0.005749712514
4.275,172.5,0.005799710014
4.275,173.5,0.003749812509
4.275,174.5,0.003799810009
4.275,175.5,0.003249837508
4.275,176.5,0.003099845008
4.275,177.5,0.001549922504
4.275,178.5,0.0007499625019
4.275,179.5,0.0001499925004
4.325,0.5,9.999500025e-05
4.325,1.5,0.0002499875006
4.325,2.5,0.0009499525024
4.325,3.5,0.001249937503
4.325,4.5,0.001699915004
4.325,5.5,0.001899905005
4.325,6.5,0.002299885006
4.325,7.5,0.002699865007
4.325,8.5,0.002799860007
4.325,9.5,0.002899855007
4.325,10.5,0.003099845008
4.325,11.5,0.00384980751
4.325,12.5,0.003499825009
4.325,13.5,0.003549822509
4.325,14.5,0.004499775011
4.325,15.5,0.004299785011
4.325,16.5,0.005149742513
4.325,17.5,0.005499725014
4.325,18.5,0.005549722514
4.325,19.5,0.007299635018
4.325,20.5,0.007449627519
4.325,21.5,0.00794960252
4.325,22.5,0.007299635018
4.325,23.5,0.009299535023
4.325,24.5,0.009899505025
4.325,25.5,0.01019949003
4.325,26.5,0.01154942253
4.325,27.5,0.01214939253
4.325,28.5,0.01339933003
4.325,29.5,0.01194940253
4.325,30.5,0.01339933003
4.325,31.5,0.01514924254
4.325,32.5,0.01404929754
4.325,33.5,0.01599920004
4.325,34.5,0.01644917754
4.325,35.5,0.01629918504
4.325,36.5,0.01739913004
4.325,37.5,0.01974901255
4.325,38.5,0.02074896255
4.325,39.5,0.01744912754
4.325,40.5,0.02149892505
4.325,41.5,0.02219889006
4.325,42.5,0.02324883756
4.325,43.5,0.02619869007
4.325,44.5,0.02689865507
4.325,45.5,0.02699865007
4.325,46.5,0.02769861507
4.325,47.5,0.02659867007
4.325,48.5,0.02974851257
4.325,49.5,0.02814859257
4.325,50.5,0.02999850007
4.325,51.5,0.03089845508
4.325,52.5,0.03354832258
4.325,53.5,0.03259837008
4.325,54.5,0.03434828259
4.325,55.5,0.03754812259
4.325,56.5,0.03399830008
4.325,57.5,0.03564821759
4.325,58.5,0.03679816009
4.325,59.5,0.03674816259
4.325,60.5,0.0398980051
4.325,61.5,0.0385980701
4.325,62.5,0.0412479376
4.325,63.5,0.0418979051
4.325,64.5,0.0389480526
4.325,65.5,0.04429778511
4.325,66.5,0.04289785511
4.325,67.5,0.04504774761
4.325,68.5,0.04629768512
4.325,69.5,0.04529773511
4.325,70.5,0.04834758262
4.325,71.5,0.04659767012
4.325,72.5,0.04809759512
4.325,73.5,0.04919754012
4.325,74.5,0.04924753762
4.325,75.5,0.04809759512
4.325,76.5,0.04989750512
4.325,77.5,0.04899755012
4.325,78.5,0.05129743513
4.325,79.5,0.05044747763
4.325,80.5,0.04764761762
4.325,81.5,0.04779761012
4.325,82.5,0.04674766262
4.325,83.5,0.04574771261
4.325,84.5,0.04734763262
4.325,85.5,0.04344782761
4.325,86.5,0.04544772761
4.325,87.5,0.0407479626
4.325,88.5,0.0411979401
4.325,89.5,0.0387480626
4.325,90.5,0.0381980901
4.325,91.5,0.03494825259
4.325,92.5,0.03494825259
4.325,93.5,0.03369831508
4.325,94.5,0.03064846758
4.325,95.5,0.03159842008
4.325,96.5,0.02804859757
4.325,97.5,0.02759862007
4.325,98.5,0.02684865757
4.325,99.5,0.02594870256
4.325,100.5,0.02214889256
4.325,101.5,0.02319884006
4.325,102.5,0.02239888006
4.325,103.5,0.02179891005
4.325,104.5,0.01869906505
4.325,105.5,0.02014899255
4.325,106.5,0.01794910254
4.325,107.5,0.01784910754
4.325,108.5,0.01639918004
4.325,109.5,0.01639918004
4.325,110.5,0.01489925504
4.325,111.5,0.01654917254
4.325,112.5,0.01339933003
4.325,113.5,0.01289935503
4.325,114.5,0.01204939753
4.325,115.5,0.01259937003
4.325,116.5,0.01269936503
4.325,117.5,0.01164941753
4.325,118.5,0.01244937753
4.325,119.5,0.01149942503
4.325,120.5,0.01179941003
4.325,121.5,0.01094945253
4.325,122.5,0.01094945253
4.325,123.5,0.01134943253
4.325,124.5,0.01074946253
4.325,125.5,0.01044947753
4.325,126.5,0.01089945503
4.325,127.5,0.01119944003
4.325,128.5,0.01064946753
4.325,129.5,0.01104944753
4.325,130.5,0.01269936503
4.325,131.5,0.01179941003
4.325,132.5,0.01269936503
4.325,133.5,0.01269936503
4.325,134.5,0.01339933003
4.325,135.5,0.01194940253
4.325,136.5,0.01364931753
4.325,137.5,0.01419929004
4.325,138.5,0.01589920504
4.325,139.5,0.01599920004
4.325,140.5,0.01669916504
4.325,141.5,0.01624918754
4.325,142.5,0.01764911754
4.325,143.5,0.01894905255
4.325,144.5,0.01999900005
4.325,145.5,0.02069896505
4.325,146.5,0.01949902505
4.325,147.5,0.02164891755
4.325,148.5,0.02339883006
4.325,149.5,0.02469876506
4.325,150.5,0.02464876756
4.325,151.5,0.02464876756
4.325,152.5,0.02504874756
4.325,153.5,0.02359882006
4.325,154.5,0.02409879506
4.325,155.5,0.02139893005
4.325,156.5,0.02449877506
4.325,157.5,0.02209889506
4.325,158.5,0.02354882256
4.325,159.5,0.02209889506
4.325,160.5,0.01974901255
4.325,161.5,0.01814909255
4.325,162.5,0.01749912504
4.325,163.5,0.01634918254
4.325,164.5,0.01629918504
4.325,165.5,0.01514924254
4.325,166.5,0.01539923004
4.325,167.5,0.01264936753
4.325,168.5,0.01134943253
4.325,169.5,0.01054947253
4.325,170.5,0.008899555022
4.325,171.5,0.008749562522
4.325,172.5,0.007449627519
4.325,173.5,0.005749712514
4.325,174.5,0.004949752512
4.325,175.5,0.003549822509
4.325,176.5,0.003449827509
4.325,177.5,0.002149892505
4.325,178.5,0.001299935003
4.325,179.5,0.0005499725014
4.375,0.5,0.0001999900005
4.375,1.5,0.0004499775011
4.375,2.5,0.001149942503
4.375,3.5,0.0008999550022
4.375,4.5,0.001249937503
4.375,5.5,0.001549922504
4.375,6.5,0.001799910004
4.375,7.5,0.002949852507
4.375,8.5,0.002249887506
4.375,9.5,0.003749812509
4.375,10.5,0.003249837508
4.375,11.5,0.00399980001
4.375,12.5,0.004449777511
4.375,13.5,0.004449777511
4.375,14.5,0.004649767512
4.375,15.5,0.005299735013
4.375,16.5,0.006999650017
4.375,17.5,0.006549672516
4.375,18.5,0.007249637518
4.375,19.5,0.007099645018
4.375,20.5,0.00804959752
4.375,21.5,0.008699565022
4.375,22.5,0.009249537523
4.375,23.5,0.01019949003
4.375,24.5,0.009299535023
4.375,25.5,0.01189940503
4.375,26.5,0.01094945253
4.375,27.5,0.01249937503
4.375,28.5,0.01324933753
4.375,29.5,0.01404929754
4.375,30.5,0.01529923504
4.375,31.5,0.01354932253
4.375,32.5,0.01419929004
4.375,33.5,0.01534923254
4.375,34.5,0.01794910254
4.375,35.5,0.01899905005
4.375,36.5,0.01934903255
4.375,37.5,0.01889905505
4.375,38.5,0.01909904505
4.375,39.5,0.01909904505
4.375,40.5,0.02189890505
4.375,41.5,0.02204889756
4.375,42.5,0.02114894255
4.375,43.5,0.02434878256
4.375,44.5,0.02414879256
4.375,45.5,0.02454877256
4.375,46.5,0.02564871756
4.375,47.5,0.02594870256
4.375,48.5,0.02809859507
4.375,49.5,0.02934853257
4.375,50.5,0.02904854757
4.375,51.5,0.03179841008
4.375,52.5,0.03294835258
4.375,53.5,0.03279836008
4.375,54.5,0.03534823259
4.375,55.5,0.03374831258
4.375,56.5,0.03549822509
4.375,57.5,0.03659817009
4.375,58.5,0.03529823509
4.375,59.5,0.0389980501
4.375,60.5,0.03774811259
4.375,61.5,0.0390980451
4.375,62.5,0.0392480376
4.375,63.5,0.0405479726
4.375,64.5,0.04224788761
4.375,65.5,0.04304784761
4.375,66.5,0.04304784761
4.375,67.5,0.04249787511
4.375,68.5,0.04494775261
4.375,69.5,0.04549772511
4.375,70.5,0.04719764012
4.375,71.5,0.05034748263
4.375,72.5,0.04859757012
4.375,73.5,0.05024748763
4.375,74.5,0.04924753762
4.375,75.5,0.05119744013
4.375,76.5,0.04979751012
4.375,77.5,0.05189740513
4.375,78.5,0.04959752012
4.375,79.5,0.05069746513
4.375,80.5,0.05074746263
4.375,81.5,0.05219739013
4.375,82.5,0.05049747513
4.375,83.5,0.04864756762
4.375,84.5,0.05164741763
4.375,85.5,0.04934753262
4.375,86.5,0.04754762262
4.375,87.5,0.04649767512
4.375,88.5,0.04634768262
4.375,89.5,0.04354782261
4.375,90.5,0.04209789511
4.375,91.5,0.0406979651
4.375,92.5,0.0381480926
4.375,93.5,0.0398480076
4.375,94.5,0.03559822009
4.375,95.5,0.03254837258
4.375,96.5,0.03374831258
4.375,97.5,0.03024848758
4.375,98.5,0.02979851007
4.375,99.5,0.02659867007
4.375,100.5,0.02734863257
4.375,101.5,0.02409879506
4.375,102.5,0.02404879756
4.375,103.5,0.02184890755
4.375,104.5,0.02304884756
4.375,105.5,0.02109894505
4.375,106.5,0.02014899255
4.375,107.5,0.01969901505
4.375,108.5,0.01784910754
4.375,109.5,0.01764911754
4.375,110.5,0.01619919004
4.375,111.5,0.01549922504
4.375,112.5,0.01629918504
4.375,113.5,0.01764911754
4.375,114.5,0.01429928504
4.375,115.5,0.01284935753
4.375,116.5,0.01429928504
4.375,117.5,0.01204939753
4.375,118.5,0.01214939253
4.375,119.5,0.01119944003
4.375,120.5,0.01334933253
4.375,121.5,0.01189940503
4.375,122.5,0.01329933503
4.375,123.5,0.01074946253
4.375,124.5,0.01139943003
4.375,125.5,0.01329933503
4.375,126.5,0.01234938253
4.375,127.5,0.01119944003
4.375,128.5,0.01239938003
4.375,129.5,0.01229938503
4.375,130.5,0.01279936003
4.375,131.5,0.01339933003
4.375,132.5,0.01239938003
4.375,133.5,0.01274936253
4.375,134.5,0.01409929504
4.375,135.5,0.01399930003
4.375,136.5,0.01514924254
4.375,137.5,0.01704914754
4.375,138.5,0.01714914254
4.375,139.5,0.01714914254
4.375,140.5,0.01729913504
4.375,141.5,0.02019899005
4.375,142.5,0.01899905005
4.375,143.5,0.02064896755
4.375,144.5,0.01969901505
4.375,145.5,0.02309884506
4.375,146.5,0.02189890505
4.375,147.5,0.02304884756
4.375,148.5,0.02304884756
4.375,149.5,0.02379881006
4.375,150.5,0.02429878506
4.375,151.5,0.02804859757
4.375,152.5,0.02614869257
4.375,153.5,0.02644867757
4.375,154.5,0.02874856257
4.375,155.5,0.02914854257
4.375,156.5,0.02789860507
4.375,157.5,0.02614869257
4.375,158.5,0.02749862507
4.375,159.5,0.02429878506
4.375,160.5,0.02424878756
4.375,161.5,0.02254887256
4.375,162.5,0.02199890005
4.375,163.5,0.02244887756
4.375,164.5,0.02114894255
4.375,165.5,0.01789910504
4.375,166.5,0.01674916254
4.375,167.5,0.01479926004
4.375,168.5,0.01479926004
4.375,169.5,0.01339933003
4.375,170.5,0.01134943253
4.375,171.5,0.009649517524
4.375,172.5,0.008899555022
4.375,173.5,0.007699615019
4.375,174.5,0.006099695015
4.375,175.5,0.005799710014
4.375,176.5,0.003099845008
4.375,177.5,0.002749862507
4.375,178.5,0.001449927504
4.375,179.5,0.0005499725014
4.425,0.5,0.0001499925004
4.425,1.5,0.0006499675016
4.425,2.5,0.0005999700015
4.425,3.5,0.001099945003
4.425,4.5,0.001199940003
4.425,5.5,0.001349932503
4.425,6.5,0.002149892505
4.425,7.5,0.002349882506
4.425,8.5,0.002149892505
4.425,9.5,0.003449827509
4.425,10.5,0.003099845008
4.425,11.5,0.003749812509
4.425,12.5,0.003599820009
4.425,13.5,0.004299785011
4.425,14.5,0.005649717514
4.425,15.5,0.005949702515
4.425,16.5,0.005999700015
4.425,17.5,0.007599620019
4.425,18.5,0.008649567522
4.425,19.5,0.007199640018
4.425,20.5,0.007399630018
4.425,21.5,0.008449577521
4.425,22.5,0.009949502525
4.425,23.5,0.009349532523
4.425,24.5,0.009749512524
4.425,25.5,0.01129943503
4.425,26.5,0.01289935503
4.425,27.5,0.01109944503
4.425,28.5,0.01244937753
4.425,29.5,0.01444927754
4.425,30.5,0.01404929754
4.425,31.5,0.01204939753
4.425,32.5,0.01439928004
4.425,33.5,0.01554922254
4.425,34.5,0.01694915254
4.425,35.5,0.01799910004
4.425,36.5,0.01589920504
4.425,37.5,0.01734913254
4.425,38.5,0.01899905005
4.425,39.5,0.01904904755
4.425,40.5,0.01939903005
4.425,41.5,0.02374881256
4.425,42.5,0.02179891005
4.425,43.5,0.02304884756
4.425,44.5,0.02374881256
4.425,45.5,0.02634868257
4.425,46.5,0.02654867257
4.425,47.5,0.02919854007
4.425,48.5,0.02734863257
4.425,49.5,0.02994850257
4.425,50.5,0.02844857757
4.425,51.5,0.03049847508
4.425,52.5,0.03234838258
4.425,53.5,0.03174841258
4.425,54.5,0.03064846758
4.425,55.5,0.03114844258
4.425,56.5,0.03079846008
4.425,57.5,0.03354832258
4.425,58.5,0.03284835758
4.425,59.5,0.0383480826
4.425,60.5,0.03644817759
4.425,61.5,0.03699815009
4.425,62.5,0.03784810759
4.425,63.5,0.0393480326
4.425,64.5,0.0406979651
4.425,65.5,0.0411979401
4.425,66.5,0.0393480326
4.425,67.5,0.0397480126
4.425,68.5,0.04234788261
4.425,69.5,0.0408479576
4.425,70.5,0.04954752262
4.425,71.5,0.04464776761
4.425,72.5,0.04899755012
4.425,73.5,0.04824758762
4.425,74.5,0.04949752512
4.425,75.5,0.04884755762
4.425,76.5,0.05329733513
4.425,77.5,0.05139743013
4.425,78.5,0.05064746763
4.425,79.5,0.04839758012
4.425,80.5,0.04819759012
4.425,81.5,0.04854757262
4.425,82.5,0.05024748763
4.425,83.5,0.04729763512
4.425,84.5,0.05149742513
4.425,85.5,0.05159742013
4.425,86.5,0.04944752762
4.425,87.5,0.04899755012
4.425,88.5,0.04624768762
4.425,89.5,0.04509774511
4.425,90.5,0.04404779761
4.425,91.5,0.04409779511
4.425,92.5,0.0387980601
4.425,93.5,0.04234788261
4.425,94.5,0.0383980801
4.425,95.5,0.03664816759
4.425,96.5,0.03419829009
4.425,97.5,0.03174841258
4.425,98.5,0.03184840758
4.425,99.5,0.02759862007
4.425,100.5,0.02804859757
4.425,101.5,0.02454877256
4.425,102.5,0.02469876506
4.425,103.5,0.02474876256
4.425,104.5,0.02194890255
4.425,105.5,0.02089895505
4.425,106.5,0.02039898005
4.425,107.5,0.02014899255
4.425,108.5,0.02079896005
4.425,109.5,0.01974901255
4.425,110.5,0.01854907255
4.425,111.5,0.01629918504
4.425,112.5,0.01764911754
4.425,113.5,0.01554922254
4.425,114.5,0.01669916504
4.425,115.5,0.01554922254
4.425,116.5,0.01674916254
4.425,117.5,0.01534923254
4.425,118.5,0.01469926504
4.425,119.5,0.01444927754
4.425,120.5,0.01534923254
4.425,121.5,0.01459927004
4.425,122.5,0.01464926754
4.425,123.5,0.01259937003
4.425,124.5,0.01384930753
4.425,125.5,0.01339933003
4.425,126.5,0.01254937253
4.425,127.5,0.01259937003
4.425,128.5,0.01369931503
4.425,129.5,0.01399930003
4.425,130.5,0.01314934253
4.425,131.5,0.01139943003
4.425,132.5,0.01309934503
4.425,133.5,0.01384930753
4.425,134.5,0.01414929254
4.425,135.5,0.01559922004
4.425,136.5,0.01519924004
4.425,137.5,0.01734913254
4.425,138.5,0.01634918254
4.425,139.5,0.01759912004
4.425,140.5,0.01769911504
4.425,141.5,0.01854907255
4.425,142.5,0.02069896505
4.425,143.5,0.02144892755
4.425,144.5,0.02129893505
4.425,145.5,0.02064896755
4.425,146.5,0.02144892755
4.425,147.5,0.02254887256
4.425,148.5,0.02389880506
4.425,149.5,0.02629868507
4.425,150.5,0.02814859257
4.425,151.5,0.02619869007
4.425,152.5,0.02719864007
4.425,153.5,0.02949852507
4.425,154.5,0.02869856507
4.425,155.5,0.02729863507
4.425,156.5,0.02869856507
4.425,157.5,0.02989850507
4.425,158.5,0.02789860507
4.425,159.5,0.02744862757
4.425,160.5,0.02489875506
4.425,161.5,0.02544872756
4.425,162.5,0.02319884006
4.425,163.5,0.02494875256
4.425,164.5,0.02304884756
4.425,165.5,0.02259887006
4.425,166.5,0.02164891755
4.425,167.5,0.01789910504
4.425,168.5,0.01754912254
4.425,169.5,0.01474926254
4.425,170.5,0.01319934003
4.425,171.5,0.01094945253
4.425,172.5,0.01044947753
4.425,173.5,0.008999550022
4.425,174.5,0.00784960752
4.425,175.5,0.006349682516
4.425,176.5,0.005899705015
4.425,177.5,0.00394980251
4.425,178.5,0.002049897505
4.425,179.5,0.0004999750012
4.475,0.5,4.999750012e-05
4.475,1.5,0.000799960002
4.475,2.5,0.0006999650017
4.475,3.5,0.001499925004
4.475,4.5,0.001949902505
4.475,5.5,0.001999900005
4.475,6.5,0.001799910004
4.475,7.5,0.003249837508
4.475,8.5,0.003049847508
4.475,9.5,0.003499825009
4.475,10.5,0.00414979251
4.475,11.5,0.00409979501
4.475,12.5,0.005099745013
4.475,13.5,0.006049697515
4.475,14.5,0.005699715014
4.475,15.5,0.006949652517
4.475,16.5,0.006049697515
4.475,17.5,0.006849657517
4.475,18.5,0.006649667517
4.475,19.5,0.00789960502
4.475,20.5,0.00799960002
4.475,21.5,0.008349582521
4.475,22.5,0.009799510024
4.475,23.5,0.01054947253
4.475,24.5,0.01049947503
4.475,25.5,0.01079946003
4.475,26.5,0.01149942503
4.475,27.5,0.01239938003
4.475,28.5,0.01249937503
4.475,29.5,0.01269936503
4.475,30.5,0.01334933253
4.475,31.5,0.01204939753
4.475,32.5,0.01399930003
4.475,33.5,0.01419929004
4.475,34.5,0.01459927004
4.475,35.5,0.01694915254
4.475,36.5,0.01824908755
4.475,37.5,0.01774911254
4.475,38.5,0.01829908505
4.475,39.5,0.02004899755
4.475,40.5,0.01794910254
4.475,41.5,0.01894905255
4.475,42.5,0.01984900755
4.475,43.5,0.02039898005
4.475,44.5,0.02154892255
4.475,45.5,0.02414879256
4.475,46.5,0.02579871006
4.475,47.5,0.02309884506
4.475,48.5,0.02529873506
4.475,49.5,0.02629868507
4.475,50.5,0.02554872256
4.475,51.5,0.02879856007
4.475,52.5,0.02959852007
4.475,53.5,0.02674866257
4.475,54.5,0.02949852507
4.475,55.5,0.02934853257
4.475,56.5,0.03174841258
4.475,57.5,0.02989850507
4.475,58.5,0.03254837258
4.475,59.5,0.03219839008
4.475,60.5,0.03579821009
4.475,61.5,0.03549822509
4.475,62.5,0.0382980851
4.475,63.5,0.03719814009
4.475,64.5,0.03604819759
4.475,65.5,0.03649817509
4.475,66.5,0.03719814009
4.475,67.5,0.03744812759
4.475,68.5,0.04389780511
4.475,69.5,0.04524773761
4.475,70.5,0.04514774261
4.475,71.5,0.04364781761
4.475,72.5,0.04339783011
4.475,73.5,0.04804759762
4.475,74.5,0.04734763262
4.475,75.5,0.04984750762
4.475,76.5,0.04854757262
4.475,77.5,0.04754762262
4.475,78.5,0.04764761762
4.475,79.5,0.04659767012
4.475,80.5,0.04909754512
4.475,81.5,0.05039748013
4.475,82.5,0.04964751762
4.475,83.5,0.04919754012
4.475,84.5,0.04959752012
4.475,85.5,0.04894755262
4.475,86.5,0.05019749013
4.475,87.5,0.04794760262
4.475,88.5,0.04759762012
4.475,89.5,0.04539773011
4.475,90.5,0.04364781761
4.475,91.5,0.04229788511
4.475,92.5,0.0390980451
4.475,93.5,0.0416979151
4.475,94.5,0.0386480676
4.475,95.5,0.03464826759
4.475,96.5,0.03649817509
4.475,97.5,0.03294835258
4.475,98.5,0.03264836758
4.475,99.5,0.03179841008
4.475,100.5,0.02699865007
4.475,101.5,0.02859857007
4.475,102.5,0.02719864007
4.475,103.5,0.02354882256
4.475,104.5,0.02534873256
4.475,105.5,0.02269886506
4.475,106.5,0.02514874256
4.475,107.5,0.02134893255
4.475,108.5,0.01979901005
4.475,109.5,0.01939903005
4.475,110.5,0.01719914004
4.475,111.5,0.01804909755
4.475,112.5,0.01784910754
4.475,113.5,0.01649917504
4.475,114.5,0.01699915004
4.475,115.5,0.01589920504
4.475,116.5,0.01704914754
4.475,117.5,0.01594920254
4.475,118.5,0.01744912754
4.475,119.5,0.01669916504
4.475,120.5,0.01564921754
4.475,121.5,0.01579921004
4.475,122.5,0.01554922254
4.475,123.5,0.01579921004
4.475,124.5,0.01479926004
4.475,125.5,0.01199940003
4.475,126.5,0.01349932503
4.475,127.5,0.01354932253
4.475,128.5,0.01344932753
4.475,129.5,0.01194940253
4.475,130.5,0.01364931753
4.475,131.5,0.01479926004
4.475,132.5,0.01399930003
4.475,133.5,0.01554922254
4.475,134.5,0.01444927754
4.475,135.5,0.01444927754
4.475,136.5,0.01599920004
4.475,137.5,0.01449927504
4.475,138.5,0.01569921504
4.475,139.5,0.01664916754
4.475,140.5,0.01989900505
4.475,141.5,0.01929903505
4.475,142.5,0.01884905755
4.475,143.5,0.01974901255
4.475,144.5,0.01934903255
4.475,145.5,0.01884905755
4.475,146.5,0.02144892755
4.475,147.5,0.02049897505
4.475,148.5,0.02229888506
4.475,149.5,0.02289885506
4.475,150.5,0.02539873006
4.475,151.5,0.02634868257
4.475,152.5,0.02624868757
4.475,153.5,0.02644867757
4.475,154.5,0.02864856757
4.475,155.5,0.02649867507
4.475,156.5,0.02819859007
4.475,157.5,0.02719864007
4.475,158.5,0.02774861257
4.475,159.5,0.02979851007
4.475,160.5,0.02639868007
4.475,161.5,0.02704864757
4.475,162.5,0.02449877506
4.475,163.5,0.02249887506
4.475,164.5,0.02289885506
4.475,165.5,0.02264886756
4.475,166.5,0.02179891005
4.475,167.5,0.01939903005
4.475,168.5,0.01844907755
4.475,169.5,0.01594920254
4.475,170.5,0.01634918254
4.475,171.5,0.01444927754
4.475,172.5,0.01269936503
4.475,173.5,0.01089945503
4.475,174.5,0.009299535023
4.475,175.5,0.007549622519
4.475,176.5,0.005949702515
4.475,177.5,0.004249787511
4.475,178.5,0.002799860007
4.475,179.5,0.0005499725014
4.525,0.5,0.0004499775011
4.525,1.5,0.0005499725014
4.525,2.5,0.001249937503
4.525,3.5,0.001699915004
4.525,4.5,0.002199890005
4.525,5.5,0.001899905005
4.525,6.5,0.002749862507
4.525,7.5,0.002699865007
4.525,8.5,0.003699815009
4.525,9.5,0.00399980001
4.525,10.5,0.00409979501
4.525,11.5,0.004399780011
4.525,12.5,0.005249737513
4.525,13.5,0.004749762512
4.525,14.5,0.005649717514
4.525,15.5,0.006649667517
4.525,16.5,0.006899655017
4.525,17.5,0.007349632518
4.525,18.5,0.008799560022
4.525,19.5,0.008949552522
4.525,20.5,0.01079946003
4.525,21.5,0.01039948003
4.525,22.5,0.01044947753
4.525,23.5,0.01034948253
4.525,24.5,0.01089945503
4.525,25.5,0.009599520024
4.525,26.5,0.01089945503
4.525,27.5,0.01274936253
4.525,28.5,0.01234938253
4.525,29.5,0.01329933503
4.525,30.5,0.01099945003
4.525,31.5,0.01384930753
4.525,32.5,0.01509924504
4.525,33.5,0.01504924754
4.525,34.5,0.01534923254
4.525,35.5,0.01684915754
4.525,36.5,0.01489925504
4.525,37.5,0.01814909255
4.525,38.5,0.01659917004
4.525,39.5,0.01829908505
4.525,40.5,0.01979901005
4.525,41.5,0.02044897755
4.525,42.5,0.01944902755
4.525,43.5,0.02049897505
4.525,44.5,0.02049897505
4.525,45.5,0.02179891005
4.525,46.5,0.02359882006
4.525,47.5,0.02319884006
4.525,48.5,0.02459877006
4.525,49.5,0.02299885006
4.525,50.5,0.02639868007
4.525,51.5,0.02519874006
4.525,52.5,0.02694865257
4.525,53.5,0.02579871006
4.525,54.5,0.02814859257
4.525,55.5,0.03134843258
4.525,56.5,0.03024848758
4.525,57.5,0.02939853007
4.525,58.5,0.03099845008
4.525,59.5,0.03259837008
4.525,60.5,0.03179841008
4.525,61.5,0.03389830508
4.525,62.5,0.03589820509
4.525,63.5,0.03509824509
4.525,64.5,0.03434828259
4.525,65.5,0.03604819759
4.525,66.5,0.03734813259
4.525,67.5,0.03584820759
4.525,68.5,0.0384980751
4.525,69.5,0.0384980751
4.525,70.5,0.03739813009
4.525,71.5,0.0417979101
4.525,72.5,0.0407479626
4.525,73.5,0.0419979001
4.525,74.5,0.04349782511
4.525,75.5,0.04329783511
4.525,76.5,0.04629768512
4.525,77.5,0.04574771261
4.525,78.5,0.04539773011
4.525,79.5,0.04629768512
4.525,80.5,0.04674766262
4.525,81.5,0.04654767262
4.525,82.5,0.04759762012
4.525,83.5,0.04909754512
4.525,84.5,0.04629768512
4.525,85.5,0.04644767762
4.525,86.5,0.04439778011
4.525,87.5,0.04639768012
4.525,88.5,0.04534773261
4.525,89.5,0.04504774761
4.525,90.5,0.04494775261
4.525,91.5,0.04269786511
4.525,92.5,0.0408979551
4.525,93.5,0.0389480526
4.525,94.5,0.03599820009
4.525,95.5,0.03524823759
4.525,96.5,0.03399830008
4.525,97.5,0.03304834758
4.525,98.5,0.03454827259
4.525,99.5,0.03079846008
4.525,100.5,0.03029848508
4.525,101.5,0.03079846008
4.525,102.5,0.02899855007
4.525,103.5,0.02534873256
4.525,104.5,0.02354882256
4.525,105.5,0.02259887006
4.525,106.5,0.02524873756
4.525,107.5,0.02254887256
4.525,108.5,0.02259887006
4.525,109.5,0.02044897755
4.525,110.5,0.02079896005
4.525,111.5,0.01984900755
4.525,112.5,0.01839908005
4.525,113.5,0.01949902505
4.525,114.5,0.01704914754
4.525,115.5,0.01669916504
4.525,116.5,0.01684915754
4.525,117.5,0.01854907255
4.525,118.5,0.01659917004
4.525,119.5,0.01904904755
4.525,120.5,0.01514924254
4.525,121.5,0.01609919504
4.525,122.5,0.01659917004
4.525,123.5,0.01524923754
4.525,124.5,0.01369931503
4.525,125.5,0.01549922504
4.525,126.5,0.01399930003
4.525,127.5,0.01579921004
4.525,128.5,0.01429928504
4.525,129.5,0.01534923254
4.525,130.5,0.01309934503
4.525,131.5,0.01439928004
4.525,132.5,0.01394930253
4.525,133.5,0.01529923504
4.525,134.5,0.01464926754
4.525,135.5,0.01729913504
4.525,136.5,0.01459927004
4.525,137.5,0.01409929504
4.525,138.5,0.01504924754
4.525,139.5,0.01619919004
4.525,140.5,0.01664916754
4.525,141.5,0.01949902505
4.525,142.5,0.01869906505
4.525,143.5,0.02029898505
4.525,144.5,0.02039898005
4.525,145.5,0.01979901005
4.525,146.5,0.01884905755
4.525,147.5,0.01999900005
4.525,148.5,0.02414879256
4.525,149.5,0.02364881756
4.525,150.5,0.02399880006
4.525,151.5,0.02479876006
4.525,152.5,0.02414879256
4.525,153.5,0.02449877506
4.525,154.5,0.02674866257
4.525,155.5,0.02624868757
4.525,156.5,0.02719864007
4.525,157.5,0.02839858007
4.525,158.5,0.02609869507
4.525,159.5,0.02489875506
4.525,160.5,0.02729863507
4.525,161.5,0.02284885756
4.525,162.5,0.02349882506
4.525,163.5,0.02499875006
4.525,164.5,0.02454877256
4.525,165.5,0.02209889506
4.525,166.5,0.02074896255
4.525,167.5,0.02059897005
4.525,168.5,0.01804909755
4.525,169.5,0.01779911004
4.525,170.5,0.01614919254
4.525,171.5,0.01514924254
4.525,172.5,0.01379931003
4.525,173.5,0.01269936503
4.525,174.5,0.009749512524
4.525,175.5,0.008699565022
4.525,176.5,0.006299685016
4.525,177.5,0.004499775011
4.525,178.5,0.002449877506
4.525,179.5,0.0008999550022
4.575,0.5,0.0001499925004
4.575,1.5,0.0004999750012
4.575,2.5,0.0007499625019
4.575,3.5,0.001249937503
4.575,4.5,0.001899905005
4.575,5.5,0.001899905005
4.575,6.5,0.002199890005
4.575,7.5,0.002949852507
4.575,8.5,0.00384980751
4.575,9.5,0.003399830008
4.575,10.5,0.004349782511
4.575,11.5,0.004899755012
4.575,12.5,0.005399730013
4.575,13.5,0.004949752512
4.575,14.5,0.005849707515
4.575,15.5,0.006849657517
4.575,16.5,0.009349532523
4.575,17.5,0.009149542523
4.575,18.5,0.008699565022
4.575,19.5,0.00799960002
4.575,20.5,0.009249537523
4.575,21.5,0.009099545023
4.575,22.5,0.009949502525
4.575,23.5,0.008999550022
4.575,24.5,0.01049947503
4.575,25.5,0.009849507525
4.575,26.5,0.01114944253
4.575,27.5,0.01039948003
4.575,28.5,0.01264936753
4.575,29.5,0.01269936503
4.575,30.5,0.01179941003
4.575,31.5,0.01309934503
4.575,32.5,0.01284935753
4.575,33.5,0.01314934253
4.575,34.5,0.01589920504
4.575,35.5,0.01604919754
4.575,36.5,0.01554922254
4.575,37.5,0.01689915504
4.575,38.5,0.01824908755
4.575,39.5,0.01634918254
4.575,40.5,0.01749912504
4.575,41.5,0.01959902005
4.575,42.5,0.01964901755
4.575,43.5,0.02004899755
4.575,44.5,0.02104894755
4.575,45.5,0.01914904255
4.575,46.5,0.02049897505
4.575,47.5,0.02074896255
4.575,48.5,0.02359882006
4.575,49.5,0.02479876006
4.575,50.5,0.02354882256
4.575,51.5,0.02269886506
4.575,52.5,0.02434878256
4.575,53.5,0.02609869507
4.575,54.5,0.02354882256
4.575,55.5,0.02759862007
4.575,56.5,0.02579871006
4.575,57.5,0.02729863507
4.575,58.5,0.02779861007
4.575,59.5,0.03114844258
4.575,60.5,0.02919854007
4.575,61.5,0.03244837758
4.575,62.5,0.03109844508
4.575,63.5,0.03164841758
4.575,64.5,0.03304834758
4.575,65.5,0.03339833008
4.575,66.5,0.03419829009
4.575,67.5,0.03364831758
4.575,68.5,0.03769811509
4.575,69.5,0.0383480826
4.575,70.5,0.03434828259
4.575,71.5,0.03754812259
4.575,72.5,0.03679816009
4.575,73.5,0.0412979351
4.575,74.5,0.0419979001
4.575,75.5,0.04354782261
4.575,76.5,0.0397980101
4.575,77.5,0.0416979151
4.575,78.5,0.04254787261
4.575,79.5,0.0411479426
4.575,80.5,0.04344782761
4.575,81.5,0.04429778511
4.575,82.5,0.04464776761
4.575,83.5,0.04694765262
4.575,84.5,0.04459777011
4.575,85.5,0.04569771511
4.575,86.5,0.04704764762
4.575,87.5,0.04419779011
4.575,88.5,0.04474776261
4.575,89.5,0.04424778761
4.575,90.5,0.0415979201
4.575,91.5,0.04244787761
4.575,92.5,0.0415479226
4.575,93.5,0.0389480526
4.575,94.5,0.03679816009
4.575,95.5,0.0386480676
4.575,96.5,0.03604819759
4.575,97.5,0.03359832008
4.575,98.5,0.03579821009
4.575,99.5,0.03049847508
4.575,100.5,0.03359832008
4.575,101.5,0.03104844758
4.575,102.5,0.02984850757
4.575,103.5,0.02824858757
4.575,104.5,0.02539873006
4.575,105.5,0.02344882756
4.575,106.5,0.02289885506
4.575,107.5,0.02304884756
4.575,108.5,0.02139893005
4.575,109.5,0.02049897505
4.575,110.5,0.01989900505
4.575,111.5,0.02059897005
4.575,112.5,0.01904904755
4.575,113.5,0.01909904505
4.575,114.5,0.01804909755
4.575,115.5,0.01809909505
4.575,116.5,0.01954902255
4.575,117.5,0.01814909255
4.575,118.5,0.01769911504
4.575,119.5,0.01734913254
4.575,120.5,0.01699915004
4.575,121.5,0.01609919504
4.575,122.5,0.01504924754
4.575,123.5,0.01669916504
4.575,124.5,0.01554922254
4.575,125.5,0.01639918004
4.575,126.5,0.01599920004
4.575,127.5,0.01529923504
4.575,128.5,0.01484925754
4.575,129.5,0.01359932003
4.575,130.5,0.01339933003
4.575,131.5,0.01469926504
4.575,132.5,0.01369931503
4.575,133.5,0.01384930753
4.575,134.5,0.01279936003
4.575,135.5,0.01384930753
4.575,136.5,0.01429928504
4.575,137.5,0.01539923004
4.575,138.5,0.01429928504
4.575,139.5,0.01454927254
4.575,140.5,0.01574921254
4.575,141.5,0.01694915254
4.575,142.5,0.01594920254
4.575,143.5,0.01724913754
4.575,144.5,0.01844907755
4.575,145.5,0.01944902755
4.575,146.5,0.01989900505
4.575,147.5,0.02109894505
4.575,148.5,0.02069896505
4.575,149.5,0.02149892505
4.575,150.5,0.02119894005
4.575,151.5,0.02204889756
4.575,152.5,0.02274886256
4.575,153.5,0.02479876006
4.575,154.5,0.02414879256
4.575,155.5,0.02359882006
4.575,156.5,0.02539873006
4.575,157.5,0.02534873256
4.575,158.5,0.02279886006
4.575,159.5,0.02334883256
4.575,160.5,0.02534873256
4.575,161.5,0.02319884006
4.575,162.5,0.02569871506
4.575,163.5,0.02369881506
4.575,164.5,0.02374881256
4.575,165.5,0.02164891755
4.575,166.5,0.02024898755
4.575,167.5,0.01844907755
4.575,168.5,0.01939903005
4.575,169.5,0.01604919754
4.575,170.5,0.01564921754
4.575,171.5,0.01549922504
4.575,172.5,0.01414929254
4.575,173.5,0.01184940753
4.575,174.5,0.009799510024
4.575,175.5,0.007499625019
4.575,176.5,0.006549672516
4.575,177.5,0.004299785011
4.575,178.5,0.002649867507
4.575,179.5,0.0005999700015
4.625,0.5,0.0001999900005
4.625,1.5,0.0008999550022
4.625,2.5,0.000799960002
4.625,3.5,0.001649917504
4.625,4.5,0.001499925004
4.625,5.5,0.002449877506
4.625,6.5,0.002449877506
4.625,7.5,0.003749812509
4.625,8.5,0.003749812509
4.625,9.5,0.004599770011
4.625,10.5,0.004599770011
4.625,11.5,0.005799710014
4.625,12.5,0.006999650017
4.625,13.5,0.005449727514
4.625,14.5,0.005599720014
4.625,15.5,0.006849657517
4.625,16.5,0.007499625019
4.625,17.5,0.008349582521
4.625,18.5,0.009149542523
4.625,19.5,0.007449627519
4.625,20.5,0.00804959752
4.625,21.5,0.009599520024
4.625,22.5,0.009999500025
4.625,23.5,0.01024948753
4.625,24.5,0.01019949003
4.625,25.5,0.01069946503
4.625,26.5,0.01064946753
4.625,27.5,0.01189940503
4.625,28.5,0.01169941503
4.625,29.5,0.01294935253
4.625,30.5,0.01169941503
4.625,31.5,0.01459927004
4.625,32.5,0.01364931753
4.625,33.5,0.01614919254
4.625,34.5,0.01349932503
4.625,35.5,0.01499925004
4.625,36.5,0.01404929754
4.625,37.5,0.01644917754
4.625,38.5,0.01629918504
4.625,39.5,0.01629918504
4.625,40.5,0.01684915754
4.625,41.5,0.01834908255
4.625,42.5,0.01749912504
4.625,43.5,0.02069896505
4.625,44.5,0.01929903505
4.625,45.5,0.02074896255
4.625,46.5,0.01834908255
4.625,47.5,0.01964901755
4.625,48.5,0.01994900255
4.625,49.5,0.02109894505
4.625,50.5,0.02044897755
4.625,51.5,0.02169891505
4.625,52.5,0.02134893255
4.625,53.5,0.02169891505
4.625,54.5,0.02184890755
4.625,55.5,0.02419879006
4.625,56.5,0.02379881006
4.625,57.5,0.02484875756
4.625,58.5,0.02834858257
4.625,59.5,0.02604869757
4.625,60.5,0.02549872506
4.625,61.5,0.02684865757
4.625,62.5,0.02779861007
4.625,63.5,0.02919854007
4.625,64.5,0.02899855007
4.625,65.5,0.02819859007
4.625,66.5,0.03164841758
4.625,67.5,0.02969851507
4.625,68.5,0.03069846508
4.625,69.5,0.03224838758
4.625,70.5,0.03394830258
4.625,71.5,0.03144842758
4.625,72.5,0.03439828009
4.625,73.5,0.03499825009
4.625,74.5,0.03389830508
4.625,75.5,0.03729813509
4.625,76.5,0.03634818259
4.625,77.5,0.03579821009
4.625,78.5,0.0384480776
4.625,79.5,0.0382480876
4.625,80.5,0.04294785261
4.625,81.5,0.03759812009
4.625,82.5,0.03649817509
4.625,83.5,0.0407979601
4.625,84.5,0.04244787761
4.625,85.5,0.0418479076
4.625,86.5,0.0413979301
4.625,87.5,0.04289785511
4.625,88.5,0.04339783011
4.625,89.5,0.0402979851
4.625,90.5,0.03774811259
4.625,91.5,0.0405479726
4.625,92.5,0.0398480076
4.625,93.5,0.0389980501
4.625,94.5,0.03634818259
4.625,95.5,0.0384480776
4.625,96.5,0.03529823509
4.625,97.5,0.03594820259
4.625,98.5,0.03419829009
4.625,99.5,0.03104844758
4.625,100.5,0.03019849008
4.625,101.5,0.02904854757
4.625,102.5,0.02919854007
4.625,103.5,0.02729863507
4.625,104.5,0.02689865507
4.625,105.5,0.02594870256
4.625,106.5,0.02589870506
4.625,107.5,0.02584870756
4.625,108.5,0.02429878506
4.625,109.5,0.02364881756
4.625,110.5,0.02149892505
4.625,111.5,0.02124893755
4.625,112.5,0.02014899255
4.625,113.5,0.02019899005
4.625,114.5,0.01979901005
4.625,115.5,0.01904904755
4.625,116.5,0.02024898755
4.625,117.5,0.02099895005
4.625,118.5,0.01899905005
4.625,119.5,0.01789910504
4.625,120.5,0.01814909255
4.625,121.5,0.01764911754
4.625,122.5,0.01844907755
4.625,123.5,0.01759912004
4.625,124.5,0.01799910004
4.625,125.5,0.01654917254
4.625,126.5,0.01659917004
4.625,127.5,0.01674916254
4.625,128.5,0.01479926004
4.625,129.5,0.01574921254
4.625,130.5,0.01544922754
4.625,131.5,0.01584920754
4.625,132.5,0.01544922754
4.625,133.5,0.01409929504
4.625,134.5,0.01434928254
4.625,135.5,0.01559922004
4.625,136.5,0.01469926504
4.625,137.5,0.01474926254
4.625,138.5,0.01484925754
4.625,139.5,0.01534923254
4.625,140.5,0.01654917254
4.625,141.5,0.01704914754
4.625,142.5,0.01574921254
4.625,143.5,0.01714914254
4.625,144.5,0.01904904755
4.625,145.5,0.01744912754
4.625,146.5,0.01794910254
4.625,147.5,0.01829908505
4.625,148.5,0.02029898505
4.625,149.5,0.01804909755
4.625,150.5,0.02164891755
4.625,151.5,0.01964901755
4.625,152.5,0.02174891255
4.625,153.5,0.02239888006
4.625,154.5,0.02264886756
4.625,155.5,0.02089895505
4.625,156.5,0.02194890255
4.625,157.5,0.02009899505
4.625,158.5,0.02049897505
4.625,159.5,0.02234888256
4.625,160.5,0.02204889756
4.625,161.5,0.02389880506
4.625,162.5,0.02154892255
4.625,163.5,0.02274886256
4.625,164.5,0.02039898005
4.625,165.5,0.01904904755
4.625,166.5,0.01964901755
4.625,167.5,0.01969901505
4.625,168.5,0.01734913254
4.625,169.5,0.01614919254
4.625,170.5,0.01434928254
4.625,171.5,0.01324933753
4.625,172.5,0.01129943503
4.625,173.5,0.01034948253
4.625,174.5,0.009299535023
4.625,175.5,0.006899655017
4.625,176.5,0.005749712514
4.625,177.5,0.004299785011
4.625,178.5,0.002899855007
4.625,179.5,0.001099945003
4.675,0.5,0.0001999900005
4.675,1.5,0.0006999650017
4.675,2.5,0.001649917504
4.675,3.5,0.002049897505
4.675,4.5,0.002799860007
4.675,5.5,0.003299835008
4.675,6.5,0.003749812509
4.675,7.5,0.004499775011
4.675,8.5,0.003749812509
4.675,9.5,0.005249737513
4.675,10.5,0.006699665017
4.675,11.5,0.005899705015
4.675,12.5,0.006649667517
4.675,13.5,0.007099645018
4.675,14.5,0.007399630018
4.675,15.5,0.008499575021
4.675,16.5,0.008299585021
4.675,17.5,0.008849557522
4.675,18.5,0.008599570021
4.675,19.5,0.009549522524
4.675,20.5,0.008549572521
4.675,21.5,0.008499575021
4.675,22.5,0.01084945753
4.675,23.5,0.01079946003
4.675,24.5,0.009799510024
4.675,25.5,0.01049947503
4.675,26.5,0.01184940753
4.675,27.5,0.01204939753
4.675,28.5,0.01219939003
4.675,29.5,0.01329933503
4.675,30.5,0.01084945753
4.675,31.5,0.01304934753
4.675,32.5,0.01209939503
4.675,33.5,0.01309934503
4.675,34.5,0.01499925004
4.675,35.5,0.01384930753
4.675,36.5,0.01379931003
4.675,37.5,0.01424928754
4.675,38.5,0.01499925004
4.675,39.5,0.01354932253
4.675,40.5,0.01504924754
4.675,41.5,0.01714914254
4.675,42.5,0.01624918754
4.675,43.5,0.01549922504
4.675,44.5,0.01819909005
4.675,45.5,0.01769911504
4.675,46.5,0.01884905755
4.675,47.5,0.01734913254
4.675,48.5,0.01819909005
4.675,49.5,0.01899905005
4.675,50.5,0.01679916004
4.675,51.5,0.01894905255
4.675,52.5,0.02089895505
4.675,53.5,0.01964901755
4.675,54.5,0.02199890005
4.675,55.5,0.02144892755
4.675,56.5,0.02239888006
4.675,57.5,0.02289885506
4.675,58.5,0.02199890005
4.675,59.5,0.02279886006
4.675,60.5,0.02394880256
4.675,61.5,0.02574871256
4.675,62.5,0.02634868257
4.675,63.5,0.02534873256
4.675,64.5,0.02524873756
4.675,65.5,0.02919854007
4.675,66.5,0.02759862007
4.675,67.5,0.02929853507
4.675,68.5,0.02574871256
4.675,69.5,0.02874856257
4.675,70.5,0.02969851507
4.675,71.5,0.02909854507
4.675,72.5,0.03054847258
4.675,73.5,0.02894855257
4.675,74.5,0.03474826259
4.675,75.5,0.03114844258
4.675,76.5,0.03224838758
4.675,77.5,0.03349832508
4.675,78.5,0.03399830008
4.675,79.5,0.03379831008
4.675,80.5,0.03584820759
4.675,81.5,0.03684815759
4.675,82.5,0.03704814759
4.675,83.5,0.03444827759
4.675,84.5,0.03774811259
4.675,85.5,0.0391980401
4.675,86.5,0.0399980001
4.675,87.5,0.0404979751
4.675,88.5,0.0390480476
4.675,89.5,0.03794810259
4.675,90.5,0.03699815009
4.675,91.5,0.03614819259
4.675,92.5,0.03639818009
4.675,93.5,0.03549822509
4.675,94.5,0.03539823009
4.675,95.5,0.03409829509
4.675,96.5,0.03304834758
4.675,97.5,0.03479826009
4.675,98.5,0.03189840508
4.675,99.5,0.03174841258
4.675,100.5,0.03309834508
4.675,101.5,0.02989850507
4.675,102.5,0.02859857007
4.675,103.5,0.02989850507
4.675,104.5,0.02724863757
4.675,105.5,0.02619869007
4.675,106.5,0.02579871006
4.675,107.5,0.02449877506
4.675,108.5,0.02624868757
4.675,109.5,0.02424878756
4.675,110.5,0.02304884756
4.675,111.5,0.02229888506
4.675,112.5,0.02314884256
4.675,113.5,0.02364881756
4.675,114.5,0.02064896755
4.675,115.5,0.01944902755
4.675,116.5,0.02204889756
4.675,117.5,0.01854907255
4.675,118.5,0.01839908005
4.675,119.5,0.01834908255
4.675,120.5,0.01879906005
4.675,121.5,0.01634918254
4.675,122.5,0.01599920004
4.675,123.5,0.01679916004
4.675,124.5,0.01784910754
4.675,125.5,0.01694915254
4.675,126.5,0.01554922254
4.675,127.5,0.01384930753
4.675,128.5,0.01604919754
4.675,129.5,0.01674916254
4.675,130.5,0.01429928504
4.675,131.5,0.01469926504
4.675,132.5,0.01504924754
4.675,133.5,0.01504924754
4.675,134.5,0.01489925504
4.675,135.5,0.01559922004
4.675,136.5,0.01484925754
4.675,137.5,0.01614919254
4.675,138.5,0.01519924004
4.675,139.5,0.01469926504
4.675,140.5,0.01554922254
4.675,141.5,0.01574921254
4.675,142.5,0.01649917504
4.675,143.5,0.01574921254
4.675,144.5,0.01709914504
4.675,145.5,0.01589920504
4.675,146.5,0.01469926504
4.675,147.5,0.01749912504
4.675,148.5,0.01669916504
4.675,149.5,0.01779911004
4.675,150.5,0.01879906005
4.675,151.5,0.01854907255
4.675,152.5,0.01889905505
4.675,153.5,0.01794910254
4.675,154.5,0.02074896255
4.675,155.5,0.01839908005
4.675,156.5,0.02034898255
4.675,157.5,0.01884905755
4.675,158.5,0.01984900755
4.675,159.5,0.01924903755
4.675,160.5,0.01949902505
4.675,161.5,0.01979901005
4.675,162.5,0.01979901005
4.675,163.5,0.01869906505
4.675,164.5,0.01984900755
4.675,165.5,0.01819909005
4.675,166.5,0.01909904505
4.675,167.5,0.01814909255
4.675,168.5,0.01444927754
4.675,169.5,0.01344932753
4.675,170.5,0.01234938253
4.675,171.5,0.01124943753
4.675,172.5,0.01059947003
4.675,173.5,0.009399530023
4.675,174.5,0.007649617519
4.675,175.5,0.007549622519
4.675,176.5,0.004949752512
4.675,177.5,0.003399830008
4.675,178.5,0.001699915004
4.675,179.5,0.0005999700015
4.725,0.5,0.0001999900005
4.725,1.5,0.0006499675016
4.725,2.5,0.001299935003
4.725,3.5,0.001749912504
4.725,4.5,0.002699865007
4.725,5.5,0.003199840008
4.725,6.5,0.002949852507
4.725,7.5,0.00419979001
4.725,8.5,0.005099745013
4.725,9.5,0.005449727514
4.725,10.5,0.005799710014
4.725,11.5,0.006799660017
4.725,12.5,0.006799660017
4.725,13.5,0.00784960752
4.725,14.5,0.00794960252
4.725,15.5,0.008549572521
4.725,16.5,0.008299585021
4.725,17.5,0.007099645018
4.725,18.5,0.009749512524
4.725,19.5,0.009099545023
4.725,20.5,0.01049947503
4.725,21.5,0.009949502525
4.725,22.5,0.01099945003
4.725,23.5,0.01069946503
4.725,24.5,0.01024948753
4.725,25.5,0.01069946503
4.725,26.5,0.01129943503
4.725,27.5,0.01234938253
4.725,28.5,0.01139943003
4.725,29.5,0.01024948753
4.725,30.5,0.01239938003
4.725,31.5,0.01269936503
4.725,32.5,0.01144942753
4.725,33.5,0.01384930753
4.725,34.5,0.01224938753
4.725,35.5,0.01279936003
4.725,36.5,0.01279936003
4.725,37.5,0.01319934003
4.725,38.5,0.01379931003
4.725,39.5,0.01374931253
4.725,40.5,0.01519924004
4.725,41.5,0.01299935003
4.725,42.5,0.01514924254
4.725,43.5,0.01679916004
4.725,44.5,0.01614919254
4.725,45.5,0.01574921254
4.725,46.5,0.01584920754
4.725,47.5,0.01844907755
4.725,48.5,0.01754912254
4.725,49.5,0.01834908255
4.725,50.5,0.01724913754
4.725,51.5,0.01694915254
4.725,52.5,0.01749912504
4.725,53.5,0.01804909755
4.725,54.5,0.01959902005
4.725,55.5,0.01924903755
4.725,56.5,0.02054897255
4.725,57.5,0.02039898005
4.725,58.5,0.02124893755
4.725,59.5,0.02164891755
4.725,60.5,0.02069896505
4.725,61.5,0.02329883506
4.725,62.5,0.02314884256
4.725,63.5,0.02149892505
4.725,64.5,0.02414879256
4.725,65.5,0.02549872506
4.725,66.5,0.02474876256
4.725,67.5,0.02554872256
4.725,68.5,0.02499875006
4.725,69.5,0.02714864257
4.725,70.5,0.02484875756
4.725,71.5,0.02814859257
4.725,72.5,0.02809859507
4.725,73.5,0.02729863507
4.725,74.5,0.02849857507
4.725,75.5,0.03084845758
4.725,76.5,0.02849857507
4.725,77.5,0.03139843008
4.725,78.5,0.03104844758
4.725,79.5,0.03159842008
4.725,80.5,0.03089845508
4.725,81.5,0.03164841758
4.725,82.5,0.03264836758
4.725,83.5,0.03154842258
4.725,84.5,0.03229838508
4.725,85.5,0.03394830258
4.725,86.5,0.03539823009
4.725,87.5,0.03684815759
4.725,88.5,0.03494825259
4.725,89.5,0.03324833758
4.725,90.5,0.03464826759
4.725,91.5,0.03624818759
4.725,92.5,0.03484825759
4.725,93.5,0.03634818259
4.725,94.5,0.03459827009
4.725,95.5,0.03399830008
4.725,96.5,0.03364831758
4.725,97.5,0.03269836508
4.725,98.5,0.03079846008
4.725,99.5,0.03414829259
4.725,100.5,0.03089845508
4.725,101.5,0.03304834758
4.725,102.5,0.03199840008
4.725,103.5,0.02959852007
4.725,104.5,0.02789860507
4.725,105.5,0.02754862257
4.725,106.5,0.02759862007
4.725,107.5,0.02759862007
4.725,108.5,0.02734863257
4.725,109.5,0.02544872756
4.725,110.5,0.02544872756
4.725,111.5,0.02344882756
4.725,112.5,0.02244887756
4.725,113.5,0.02299885006
4.725,114.5,0.02434878256
4.725,115.5,0.02419879006
4.725,116.5,0.02059897005
4.725,117.5,0.02064896755
4.725,118.5,0.02064896755
4.725,119.5,0.02004899755
4.725,120.5,0.01869906505
4.725,121.5,0.01859907005
4.725,122.5,0.01919904005
4.725,123.5,0.01634918254
4.725,124.5,0.01779911004
4.725,125.5,0.01649917504
4.725,126.5,0.01704914754
4.725,127.5,0.01614919254
4.725,128.5,0.01614919254
4.725,129.5,0.01604919754
4.725,130.5,0.01489925504
4.725,131.5,0.01349932503
4.725,132.5,0.01474926254
4.725,133.5,0.01509924504
4.725,134.5,0.01489925504
4.725,135.5,0.01404929754
4.725,136.5,0.01509924504
4.725,137.5,0.01439928004
4.725,138.5,0.01544922754
4.725,139.5,0.01519924004
4.725,140.5,0.01574921254
4.725,141.5,0.01504924754
4.725,142.5,0.01639918004
4.725,143.5,0.01519924004
4.725,144.5,0.01754912254
4.725,145.5,0.01819909005
4.725,146.5,0.01839908005
4.725,147.5,0.01629918504
4.725,148.5,0.01524923754
4.725,149.5,0.01574921254
4.725,150.5,0.01594920254
4.725,151.5,0.01774911254
4.725,152.5,0.01734913254
4.725,153.5,0.01864906755
4.725,154.5,0.01694915254
4.725,155.5,0.01624918754
4.725,156.5,0.01629918504
4.725,157.5,0.01719914004
4.725,158.5,0.01664916754
4.725,159.5,0.01799910004
4.725,160.5,0.01684915754
4.725,161.5,0.01614919254
4.725,162.5,0.01724913754
4.725,163.5,0.01634918254
4.725,164.5,0.01524923754
4.725,165.5,0.01664916754
4.725,166.5,0.01449927504
4.725,167.5,0.01404929754
4.725,168.5,0.01244937753
4.725,169.5,0.01154942253
4.725,170.5,0.01204939753
4.725,171.5,0.01054947253
4.725,172.5,0.009049547523
4.725,173.5,0.00814959252
4.725,174.5,0.007599620019
4.725,175.5,0.005349732513
4.725,176.5,0.00404979751
4.725,177.5,0.003349832508
4.725,178.5,0.001999900005
4.725,179.5,0.0005499725014
4.775,0.5,0.0001499925004
4.775,1.5,0.001049947503
4.775,2.5,0.001649917504
4.775,3.5,0.003199840008
4.775,4.5,0.002949852507
4.775,5.5,0.003799810009
4.775,6.5,0.004749762512
4.775,7.5,0.005299735013
4.775,8.5,0.005549722514
4.775,9.5,0.006449677516
4.775,10.5,0.006399680016
4.775,11.5,0.007149642518
4.775,12.5,0.007699615019
4.775,13.5,0.008249587521
4.775,14.5,0.007049647518
4.775,15.5,0.008499575021
4.775,16.5,0.008749562522
4.775,17.5,0.008899555022
4.775,18.5,0.008549572521
4.775,19.5,0.009649517524
4.775,20.5,0.01024948753
4.775,21.5,0.01099945003
4.775,22.5,0.01024948753
4.775,23.5,0.01064946753
4.775,24.5,0.01019949003
4.775,25.5,0.01049947503
4.775,26.5,0.01124943753
4.775,27.5,0.01074946253
4.775,28.5,0.01199940003
4.775,29.5,0.01274936253
4.775,30.5,0.01189940503
4.775,31.5,0.01224938753
4.775,32.5,0.01204939753
4.775,33.5,0.01329933503
4.775,34.5,0.01254937253
4.775,35.5,0.01209939503
4.775,36.5,0.01359932003
4.775,37.5,0.01379931003
4.775,38.5,0.01499925004
4.775,39.5,0.01349932503
4.775,40.5,0.01339933003
4.775,41.5,0.01399930003
4.775,42.5,0.01384930753
4.775,43.5,0.01534923254
4.775,44.5,0.01434928254
4.775,45.5,0.01439928004
4.775,46.5,0.01464926754
4.775,47.5,0.01639918004
4.775,48.5,0.01419929004
4.775,49.5,0.01584920754
4.775,50.5,0.01469926504
4.775,51.5,0.01589920504
4.775,52.5,0.01489925504
4.775,53.5,0.01734913254
4.775,54.5,0.01569921504
4.775,55.5,0.01764911754
4.775,56.5,0.01809909505
4.775,57.5,0.01644917754
4.775,58.5,0.01739913004
4.775,59.5,0.01819909005
4.775,60.5,0.01924903755
4.775,61.5,0.01949902505
4.775,62.5,0.01879906005
4.775,63.5,0.01959902005
4.775,64.5,0.02119894005
4.775,65.5,0.02119894005
4.775,66.5,0.02139893005
4.775,67.5,0.01959902005
4.775,68.5,0.02254887256
4.775,69.5,0.02294885256
4.775,70.5,0.02344882756
4.775,71.5,0.02409879506
4.775,72.5,0.02319884006
4.775,73.5,0.02304884756
4.775,74.5,0.02479876006
4.775,75.5,0.02569871506
4.775,76.5,0.02469876506
4.775,77.5,0.02729863507
4.775,78.5,0.02809859507
4.775,79.5,0.02649867507
4.775,80.5,0.02669866507
4.775,81.5,0.02634868257
4.775,82.5,0.02739863007
4.775,83.5,0.03064846758
4.775,84.5,0.02924853757
4.775,85.5,0.02774861257
4.775,86.5,0.03214839258
4.775,87.5,0.03299835008
4.775,88.5,0.03269836508
4.775,89.5,0.03159842008
4.775,90.5,0.03254837258
4.775,91.5,0.03554822259
4.775,92.5,0.03314834258
4.775,93.5,0.03394830258
4.775,94.5,0.03234838258
4.775,95.5,0.03104844758
4.775,96.5,0.03419829009
4.775,97.5,0.03349832508
4.775,98.5,0.03149842508
4.775,99.5,0.03319834008
4.775,100.5,0.03109844508
4.775,101.5,0.03219839008
4.775,102.5,0.03014849258
4.775,103.5,0.02979851007
4.775,104.5,0.02809859507
4.775,105.5,0.02959852007
4.775,106.5,0.02654867257
4.775,107.5,0.02839858007
4.775,108.5,0.02584870756
4.775,109.5,0.02709864507
4.775,110.5,0.02589870506
4.775,111.5,0.02579871006
4.775,112.5,0.02329883506
4.775,113.5,0.02384880756
4.775,114.5,0.02264886756
4.775,115.5,0.02429878506
4.775,116.5,0.02114894255
4.775,117.5,0.02119894005
4.775,118.5,0.02179891005
4.775,119.5,0.02004899755
4.775,120.5,0.02099895005
4.775,121.5,0.01864906755
4.775,122.5,0.01979901005
4.775,123.5,0.01569921504
4.775,124.5,0.01904904755
4.775,125.5,0.01739913004
4.775,126.5,0.01939903005
4.775,127.5,0.01914904255
4.775,128.5,0.01654917254
4.775,129.5,0.01659917004
4.775,130.5,0.01579921004
4.775,131.5,0.01729913504
4.775,132.5,0.01624918754
4.775,133.5,0.01524923754
4.775,134.5,0.01554922254
4.775,135.5,0.01319934003
4.775,136.5,0.01414929254
4.775,137.5,0.01484925754
4.775,138.5,0.01539923004
4.775,139.5,0.01559922004
4.775,140.5,0.01509924504
4.775,141.5,0.01564921754
4.775,142.5,0.01399930003
4.775,143.5,0.01494925254
4.775,144.5,0.01549922504
4.775,145.5,0.01419929004
4.775,146.5,0.01524923754
4.775,147.5,0.01309934503
4.775,148.5,0.01584920754
4.775,149.5,0.01414929254
4.775,150.5,0.01514924254
4.775,151.5,0.01414929254
4.775,152.5,0.01494925254
4.775,153.5,0.01349932503
4.775,154.5,0.01389930503
4.775,155.5,0.01419929004
4.775,156.5,0.01354932253
4.775,157.5,0.01344932753
4.775,158.5,0.01394930253
4.775,159.5,0.01349932503
4.775,160.5,0.01454927254
4.775,161.5,0.01354932253
4.775,162.5,0.01334933253
4.775,163.5,0.01299935003
4.775,164.5,0.01264936753
4.775,165.5,0.01214939253
4.775,166.5,0.01114944253
4.775,167.5,0.01034948253
4.775,168.5,0.01004949753
4.775,169.5,0.01054947253
4.775,170.5,0.008249587521
4.775,171.5,0.007549622519
4.775,172.5,0.007399630018
4.775,173.5,0.005349732513
4.775,174.5,0.005649717514
4.775,175.5,0.004499775011
4.775,176.5,0.003149842508
4.775,177.5,0.002799860007
4.775,178.5,0.0009999500025
4.775,179.5,0.0005499725014
4.825,0.5,9.999500025e-05
4.825,1.5,0.0008499575021
4.825,2.5,0.001949902505
4.825,3.5,0.001849907505
4.825,4.5,0.003049847508
4.825,5.5,0.003499825009
4.825,6.5,0.004399780011
4.825,7.5,0.005199740013
4.825,8.5,0.004999750012
4.825,9.5,0.005999700015
4.825,10.5,0.007749612519
4.825,11.5,0.006499675016
4.825,12.5,0.006749662517
4.825,13.5,0.007149642518
4.825,14.5,0.00784960752
4.825,15.5,0.007599620019
4.825,16.5,0.00819959002
4.825,17.5,0.00784960752
4.825,18.5,0.00814959252
4.825,19.5,0.01114944253
4.825,20.5,0.009799510024
4.825,21.5,0.009449527524
4.825,22.5,0.01019949003
4.825,23.5,0.01034948253
4.825,24.5,0.01099945003
4.825,25.5,0.01049947503
4.825,26.5,0.01169941503
4.825,27.5,0.01229938503
4.825,28.5,0.01079946003
4.825,29.5,0.01174941253
4.825,30.5,0.01189940503
4.825,31.5,0.01234938253
4.825,32.5,0.01199940003
4.825,33.5,0.01339933003
4.825,34.5,0.01284935753
4.825,35.5,0.01339933003
4.825,36.5,0.01289935503
4.825,37.5,0.01264936753
4.825,38.5,0.01334933253
4.825,39.5,0.01199940003
4.825,40.5,0.01189940503
4.825,41.5,0.01339933003
4.825,42.5,0.01154942253
4.825,43.5,0.01259937003
4.825,44.5,0.01254937253
4.825,45.5,0.01539923004
4.825,46.5,0.01279936003
4.825,47.5,0.01214939253
4.825,48.5,0.01479926004
4.825,49.5,0.01344932753
4.825,50.5,0.01524923754
4.825,51.5,0.01409929504
4.825,52.5,0.01339933003
4.825,53.5,0.01519924004
4.825,54.5,0.01419929004
4.825,55.5,0.01479926004
4.825,56.5,0.01644917754
4.825,57.5,0.01419929004
4.825,58.5,0.01519924004
4.825,59.5,0.01479926004
4.825,60.5,0.01654917254
4.825,61.5,0.01619919004
4.825,62.5,0.01909904505
4.825,63.5,0.01679916004
4.825,64.5,0.01744912754
4.825,65.5,0.01954902255
4.825,66.5,0.01694915254
4.825,67.5,0.02024898755
4.825,68.5,0.01974901255
4.825,69.5,0.02034898255
4.825,70.5,0.02144892755
4.825,71.5,0.01879906005
4.825,72.5,0.01864906755
4.825,73.5,0.01979901005
4.825,74.5,0.02004899755
4.825,75.5,0.02364881756
4.825,76.5,0.02009899505
4.825,77.5,0.02359882006
4.825,78.5,0.02399880006
4.825,79.5,0.02399880006
4.825,80.5,0.02539873006
4.825,81.5,0.02439878006
4.825,82.5,0.02644867757
4.825,83.5,0.02739863007
4.825,84.5,0.02669866507
4.825,85.5,0.02964851757
4.825,86.5,0.02824858757
4.825,87.5,0.02979851007
4.825,88.5,0.03234838258
4.825,89.5,0.02974851257
4.825,90.5,0.03044847758
4.825,91.5,0.03154842258
4.825,92.5,0.03204839758
4.825,93.5,0.03094845258
4.825,94.5,0.03269836508
4.825,95.5,0.03344832758
4.825,96.5,0.03269836508
4.825,97.5,0.03074846258
4.825,98.5,0.03089845508
4.825,99.5,0.03194840258
4.825,100.5,0.03344832758
4.825,101.5,0.03174841258
4.825,102.5,0.02919854007
4.825,103.5,0.02889855507
4.825,104.5,0.03079846008
4.825,105.5,0.03034848258
4.825,106.5,0.03014849258
4.825,107.5,0.02724863757
4.825,108.5,0.02664866757
4.825,109.5,0.02859857007
4.825,110.5,0.02394880256
4.825,111.5,0.02504874756
4.825,112.5,0.02354882256
4.825,113.5,0.02449877506
4.825,114.5,0.02259887006
4.825,115.5,0.02119894005
4.825,116.5,0.02169891505
4.825,117.5,0.02159892005
4.825,118.5,0.01959902005
4.825,119.5,0.02104894755
4.825,120.5,0.01959902005
4.825,121.5,0.01994900255
4.825,122.5,0.01789910504
4.825,123.5,0.01769911504
4.825,124.5,0.01699915004
4.825,125.5,0.01684915754
4.825,126.5,0.01729913504
4.825,127.5,0.01734913254
4.825,128.5,0.01584920754
4.825,129.5,0.01664916754
4.825,130.5,0.01519924004
4.825,131.5,0.01554922254
4.825,132.5,0.01399930003
4.825,133.5,0.01434928254
4.825,134.5,0.01614919254
4.825,135.5,0.01384930753
4.825,136.5,0.01499925004
4.825,137.5,0.01399930003
4.825,138.5,0.01549922504
4.825,139.5,0.01474926254
4.825,140.5,0.01604919754
4.825,141.5,0.01399930003
4.825,142.5,0.01349932503
4.825,143.5,0.01534923254
4.825,144.5,0.01294935253
4.825,145.5,0.01399930003
4.825,146.5,0.01284935753
4.825,147.5,0.01394930253
4.825,148.5,0.01314934253
4.825,149.5,0.01339933003
4.825,150.5,0.01254937253
4.825,151.5,0.01304934753
4.825,152.5,0.01154942253
4.825,153.5,0.01249937503
4.825,154.5,0.01324933753
4.825,155.5,0.01299935003
4.825,156.5,0.01164941753
4.825,157.5,0.01324933753
4.825,158.5,0.01274936253
4.825,159.5,0.01179941003
4.825,160.5,0.01069946503
4.825,161.5,0.01049947503
4.825,162.5,0.01054947253
4.825,163.5,0.01039948003
4.825,164.5,0.01004949753
4.825,165.5,0.008949552522
4.825,166.5,0.01049947503
4.825,167.5,0.007649617519
4.825,168.5,0.00784960752
4.825,169.5,0.007099645018
4.825,170.5,0.006199690015
4.825,171.5,0.007249637518
4.825,172.5,0.005399730013
4.825,173.5,0.005949702515
4.825,174.5,0.00419979001
4.825,175.5,0.003249837508
4.825,176.5,0.002199890005
4.825,177.5,0.001899905005
4.825,178.5,0.0009999500025
4.825,179.5,0.0002999850007
4.875,0.5,0.0002499875006
4.875,1.5,0.001299935003
4.875,2.5,0.001999900005
4.875,3.5,0.002299885006
4.875,4.5,0.002749862507
4.875,5.5,0.004349782511
4.875,6.5,0.00404979751
4.875,7.5,0.00419979001
4.875,8.5,0.005449727514
4.875,9.5,0.004849757512
4.875,10.5,0.004249787511
4.875,11.5,0.006049697515
4.875,12.5,0.006399680016
4.875,13.5,0.007049647518
4.875,14.5,0.008349582521
4.875,15.5,0.008549572521
4.875,16.5,0.008999550022
4.875,17.5,0.009049547523
4.875,18.5,0.008699565022
4.875,19.5,0.009849507525
4.875,20.5,0.009649517524
4.875,21.5,0.01124943753
4.875,22.5,0.01004949753
4.875,23.5,0.01029948503
4.875,24.5,0.01099945003
4.875,25.5,0.01214939253
4.875,26.5,0.009699515024
4.875,27.5,0.01144942753
4.875,28.5,0.01104944753
4.875,29.5,0.01089945503
4.875,30.5,0.01124943753
4.875,31.5,0.01204939753
4.875,32.5,0.01074946253
4.875,33.5,0.01209939503
4.875,34.5,0.01214939253
4.875,35.5,0.01189940503
4.875,36.5,0.01184940753
4.875,37.5,0.01124943753
4.875,38.5,0.009949502525
4.875,39.5,0.01264936753
4.875,40.5,0.01089945503
4.875,41.5,0.01174941253
4.875,42.5,0.01034948253
4.875,43.5,0.01139943003
4.875,44.5,0.01049947503
4.875,45.5,0.01274936253
4.875,46.5,0.01184940753
4.875,47.5,0.01349932503
4.875,48.5,0.01349932503
4.875,49.5,0.01174941253
4.875,50.5,0.01354932253
4.875,51.5,0.01364931753
4.875,52.5,0.01254937253
4.875,53.5,0.01364931753
4.875,54.5,0.01344932753
4.875,55.5,0.01364931753
4.875,56.5,0.01374931253
4.875,57.5,0.01339933003
4.875,58.5,0.01329933503
4.875,59.5,0.01389930503
4.875,60.5,0.01424928754
4.875,61.5,0.01334933253
4.875,62.5,0.01434928254
4.875,63.5,0.01399930003
4.875,64.5,0.01439928004
4.875,65.5,0.01554922254
4.875,66.5,0.01609919504
4.875,67.5,0.01674916254
4.875,68.5,0.01659917004
4.875,69.5,0.01749912504
4.875,70.5,0.01624918754
4.875,71.5,0.01619919004
4.875,72.5,0.01764911754
4.875,73.5,0.01724913754
4.875,74.5,0.02049897505
4.875,75.5,0.01919904005
4.875,76.5,0.01814909255
4.875,77.5,0.01974901255
4.875,78.5,0.01999900005
4.875,79.5,0.02034898255
4.875,80.5,0.02159892005
4.875,81.5,0.02224888756
4.875,82.5,0.02279886006
4.875,83.5,0.02204889756
4.875,84.5,0.02164891755
4.875,85.5,0.02424878756
4.875,86.5,0.02644867757
4.875,87.5,0.02644867757
4.875,88.5,0.02499875006
4.875,89.5,0.02799860007
4.875,90.5,0.02829858507
4.875,91.5,0.02579871006
4.875,92.5,0.03039848008
4.875,93.5,0.03059847008
4.875,94.5,0.02934853257
4.875,95.5,0.03229838508
4.875,96.5,0.03089845508
4.875,97.5,0.03219839008
4.875,98.5,0.03009849508
4.875,99.5,0.02934853257
4.875,100.5,0.03114844258
4.875,101.5,0.03049847508
4.875,102.5,0.02899855007
4.875,103.5,0.03014849258
4.875,104.5,0.03069846508
4.875,105.5,0.02989850507
4.875,106.5,0.03034848258
4.875,107.5,0.02799860007
4.875,108.5,0.02924853757
4.875,109.5,0.02744862757
4.875,110.5,0.02689865507
4.875,111.5,0.02604869757
4.875,112.5,0.02559872006
4.875,113.5,0.02299885006
4.875,114.5,0.02484875756
4.875,115.5,0.02314884256
4.875,116.5,0.02324883756
4.875,117.5,0.02434878256
4.875,118.5,0.02209889506
4.875,119.5,0.01979901005
4.875,120.5,0.01989900505
4.875,121.5,0.02159892005
4.875,122.5,0.01909904505
4.875,123.5,0.01959902005
4.875,124.5,0.01954902255
4.875,125.5,0.01769911504
4.875,126.5,0.01799910004
4.875,127.5,0.01694915254
4.875,128.5,0.01984900755
4.875,129.5,0.01639918004
4.875,130.5,0.01624918754
4.875,131.5,0.01509924504
4.875,132.5,0.01509924504
4.875,133.5,0.01394930253
4.875,134.5,0.01469926504
4.875,135.5,0.01354932253
4.875,136.5,0.01474926254
4.875,137.5,0.01389930503
4.875,138.5,0.01224938753
4.875,139.5,0.01404929754
4.875,140.5,0.01329933503
4.875,141.5,0.01199940003
4.875,142.5,0.01189940503
4.875,143.5,0.01269936503
4.875,144.5,0.01269936503
4.875,145.5,0.01344932753
4.875,146.5,0.01169941503
4.875,147.5,0.01314934253
4.875,148.5,0.01079946003
4.875,149.5,0.01169941503
4.875,150.5,0.01149942503
4.875,151.5,0.01034948253
4.875,152.5,0.01024948753
4.875,153.5,0.01064946753
4.875,154.5,0.01199940003
4.875,155.5,0.01009949503
4.875,156.5,0.01059947003
4.875,157.5,0.01044947753
4.875,158.5,0.009349532523
4.875,159.5,0.008699565022
4.875,160.5,0.008799560022
4.875,161.5,0.00819959002
4.875,162.5,0.008899555022
4.875,163.5,0.009349532523
4.875,164.5,0.007499625019
4.875,165.5,0.007449627519
4.875,166.5,0.007449627519
4.875,167.5,0.006249687516
4.875,168.5,0.007299635018
4.875,169.5,0.006349682516
4.875,170.5,0.006099695015
4.875,171.5,0.004299785011
4.875,172.5,0.004799760012
4.875,173.5,0.004599770011
4.875,174.5,0.003349832508
4.875,175.5,0.002799860007
4.875,176.5,0.002349882506
4.875,177.5,0.001599920004
4.875,178.5,0.0007499625019
4.875,179.5,0.0002999850007
4.925,0.5,0.0003499825009
4.925,1.5,0.001099945003
4.925,2.5,0.002249887506
4.925,3.5,0.002549872506
4.925,4.5,0.002949852507
4.925,5.5,0.002849857507
4.925,6.5,0.004949752512
4.925,7.5,0.004249787511
4.925,8.5,0.004749762512
4.925,9.5,0.006049697515
4.925,10.5,0.005749712514
4.925,11.5,0.007599620019
4.925,12.5,0.007349632518
4.925,13.5,0.005999700015
4.925,14.5,0.008299585021
4.925,15.5,0.008699565022
4.925,16.5,0.009649517524
4.925,17.5,0.008449577521
4.925,18.5,0.007549622519
4.925,19.5,0.008849557522
4.925,20.5,0.01074946253
4.925,21.5,0.009399530023
4.925,22.5,0.01134943253
4.925,23.5,0.01209939503
4.925,24.5,0.009999500025
4.925,25.5,0.01024948753
4.925,26.5,0.01099945003
4.925,27.5,0.01079946003
4.925,28.5,0.01134943253
4.925,29.5,0.01134943253
4.925,30.5,0.01109944503
4.925,31.5,0.01094945253
4.925,32.5,0.01154942253
4.925,33.5,0.01164941753
4.925,34.5,0.01014949253
4.925,35.5,0.01159942003
4.925,36.5,0.01129943503
4.925,37.5,0.01184940753
4.925,38.5,0.01104944753
4.925,39.5,0.01029948503
4.925,40.5,0.009999500025
4.925,41.5,0.01159942003
4.925,42.5,0.01084945753
4.925,43.5,0.01169941503
4.925,44.5,0.01159942003
4.925,45.5,0.009749512524
4.925,46.5,0.01099945003
4.925,47.5,0.01114944253
4.925,48.5,0.01294935253
4.925,49.5,0.01209939503
4.925,50.5,0.01209939503
4.925,51.5,0.01259937003
4.925,52.5,0.01209939503
4.925,53.5,0.01219939003
4.925,54.5,0.01104944753
4.925,55.5,0.01154942253
4.925,56.5,0.01234938253
4.925,57.5,0.01114944253
4.925,58.5,0.01189940503
4.925,59.5,0.01104944753
4.925,60.5,0.01284935753
4.925,61.5,0.01094945253
4.925,62.5,0.01154942253
4.925,63.5,0.01244937753
4.925,64.5,0.01339933003
4.925,65.5,0.01309934503
4.925,66.5,0.01359932003
4.925,67.5,0.01459927004
4.925,68.5,0.01409929504
4.925,69.5,0.01544922754
4.925,70.5,0.01644917754
4.925,71.5,0.01534923254
4.925,72.5,0.01644917754
4.925,73.5,0.01834908255
4.925,74.5,0.01629918504
4.925,75.5,0.01779911004
4.925,76.5,0.01824908755
4.925,77.5,0.01809909505
4.925,78.5,0.01839908005
4.925,79.5,0.02169891505
4.925,80.5,0.01869906505
4.925,81.5,0.02029898505
4.925,82.5,0.02129893505
4.925,83.5,0.01944902755
4.925,84.5,0.02094895255
4.925,85.5,0.02434878256
4.925,86.5,0.02469876506
4.925,87.5,0.02439878006
4.925,88.5,0.02404879756
4.925,89.5,0.02694865257
4.925,90.5,0.02514874256
4.925,91.5,0.02509874506
4.925,92.5,0.02554872256
4.925,93.5,0.02814859257
4.925,94.5,0.03054847258
4.925,95.5,0.02939853007
4.925,96.5,0.03014849258
4.925,97.5,0.02889855507
4.925,98.5,0.02964851757
4.925,99.5,0.03029848508
4.925,100.5,0.03149842508
4.925,101.5,0.02939853007
4.925,102.5,0.02839858007
4.925,103.5,0.02894855257
4.925,104.5,0.02994850257
4.925,105.5,0.02999850007
4.925,106.5,0.03144842758
4.925,107.5,0.03009849508
4.925,108.5,0.02739863007
4.925,109.5,0.02774861257
4.925,110.5,0.02504874756
4.925,111.5,0.02554872256
4.925,112.5,0.02469876506
4.925,113.5,0.02339883006
4.925,114.5,0.02534873256
4.925,115.5,0.02324883756
4.925,116.5,0.02319884006
4.925,117.5,0.02039898005
4.925,118.5,0.01974901255
4.925,119.5,0.01964901755
4.925,120.5,0.02119894005
4.925,121.5,0.01889905505
4.925,122.5,0.01964901755
4.925,123.5,0.01929903505
4.925,124.5,0.01844907755
4.925,125.5,0.01744912754
4.925,126.5,0.01704914754
4.925,127.5,0.01709914504
4.925,128.5,0.01824908755
4.925,129.5,0.01644917754
4.925,130.5,0.01674916254
4.925,131.5,0.01599920004
4.925,132.5,0.01399930003
4.925,133.5,0.01439928004
4.925,134.5,0.01444927754
4.925,135.5,0.01244937753
4.925,136.5,0.01374931253
4.925,137.5,0.01359932003
4.925,138.5,0.01374931253
4.925,139.5,0.01259937003
4.925,140.5,0.01164941753
4.925,141.5,0.01199940003
4.925,142.5,0.01134943253
4.925,143.5,0.01184940753
4.925,144.5,0.01149942503
4.925,145.5,0.01149942503
4.925,146.5,0.009549522524
4.925,147.5,0.01084945753
4.925,148.5,0.01154942253
4.925,149.5,0.01029948503
4.925,150.5,0.009699515024
4.925,151.5,0.008949552522
4.925,152.5,0.009449527524
4.925,153.5,0.01039948003
4.925,154.5,0.009099545023
4.925,155.5,0.008399580021
4.925,156.5,0.008699565022
4.925,157.5,0.00799960002
4.925,158.5,0.00814959252
4.925,159.5,0.00794960252
4.925,160.5,0.007149642518
4.925,161.5,0.007799610019
4.925,162.5,0.007299635018
4.925,163.5,0.007649617519
4.925,164.5,0.006849657517
4.925,165.5,0.006049697515
4.925,166.5,0.006499675016
4.925,167.5,0.006049697515
4.925,168.5,0.005399730013
4.925,169.5,0.005499725014
4.925,170.5,0.00419979001
4.925,171.5,0.004749762512
4.925,172.5,0.003499825009
4.925,173.5,0.002849857507
4.925,174.5,0.002899855007
4.925,175.5,0.002249887506
4.925,176.5,0.001599920004
4.925,177.5,0.001349932503
4.925,178.5,0.0009999500025
4.925,179.5,9.999500025e-05
4.975,0.5,0.0002499875006
4.975,1.5,0.001099945003
4.975,2.5,0.001549922504
4.975,3.5,0.002199890005
4.975,4.5,0.003199840008
4.975,5.5,0.004399780011
4.975,6.5,0.00399980001
4.975,7.5,0.005099745013
4.975,8.5,0.005599720014
4.975,9.5,0.006649667517
4.975,10.5,0.006249687516
4.975,11.5,0.006849657517
4.975,12.5,0.006999650017
4.975,13.5,0.007049647518
4.975,14.5,0.007699615019
4.975,15.5,0.008249587521
4.975,16.5,0.009549522524
4.975,17.5,0.009199540023
4.975,18.5,0.009699515024
4.975,19.5,0.008899555022
4.975,20.5,0.009849507525
4.975,21.5,0.009349532523
4.975,22.5,0.009949502525
4.975,23.5,0.008899555022
4.975,24.5,0.009199540023
4.975,25.5,0.008549572521
4.975,26.5,0.01019949003
4.975,27.5,0.009499525024
4.975,28.5,0.009799510024
4.975,29.5,0.008999550022
4.975,30.5,0.01049947503
4.975,31.5,0.01044947753
4.975,32.5,0.009249537523
4.975,33.5,0.009649517524
4.975,34.5,0.009649517524
4.975,35.5,0.01184940753
4.975,36.5,0.01079946003
4.975,37.5,0.009599520024
4.975,38.5,0.01124943753
4.975,39.5,0.009999500025
4.975,40.5,0.01109944503
4.975,41.5,0.01059947003
4.975,42.5,0.009699515024
4.975,43.5,0.009999500025
4.975,44.5,0.009949502525
4.975,45.5,0.009299535023
4.975,46.5,0.01074946253
4.975,47.5,0.009499525024
4.975,48.5,0.01019949003
4.975,49.5,0.01084945753
4.975,50.5,0.009949502525
4.975,51.5,0.01094945253
4.975,52.5,0.01054947253
4.975,53.5,0.01144942753
4.975,54.5,0.01169941503
4.975,55.5,0.01239938003
4.975,56.5,0.01169941503
4.975,57.5,0.01214939253
4.975,58.5,0.01164941753
4.975,59.5,0.01129943503
4.975,60.5,0.01249937503
4.975,61.5,0.01109944503
4.975,62.5,0.01144942753
4.975,63.5,0.01284935753
4.975,64.5,0.01174941253
4.975,65.5,0.01249937503
4.975,66.5,0.01214939253
4.975,67.5,0.01284935753
4.975,68.5,0.01339933003
4.975,69.5,0.01444927754
4.975,70.5,0.01309934503
4.975,71.5,0.01464926754
4.975,72.5,0.01409929504
4.975,73.5,0.01539923004
4.975,74.5,0.01469926504
4.975,75.5,0.01664916754
4.975,76.5,0.01479926004
4.975,77.5,0.01699915004
4.975,78.5,0.01449927504
4.975,79.5,0.01654917254
4.975,80.5,0.01784910754
4.975,81.5,0.01584920754
4.975,82.5,0.01759912004
4.975,83.5,0.01914904255
4.975,84.5,0.02119894005
4.975,85.5,0.02034898255
4.975,86.5,0.02029898505
4.975,87.5,0.02024898755
4.975,88.5,0.02149892505
4.975,89.5,0.02454877256
4.975,90.5,0.02389880506
4.975,91.5,0.02559872006
4.975,92.5,0.02334883256
4.975,93.5,0.02599870006
4.975,94.5,0.02669866507
4.975,95.5,0.02499875006
4.975,96.5,0.02799860007
4.975,97.5,0.02669866507
4.975,98.5,0.02734863257
4.975,99.5,0.02824858757
4.975,100.5,0.02929853507
4.975,101.5,0.03124843758
4.975,102.5,0.02984850757
4.975,103.5,0.02774861257
4.975,104.5,0.03014849258
4.975,105.5,0.02904854757
4.975,106.5,0.02694865257
4.975,107.5,0.02809859507
4.975,108.5,0.02699865007
4.975,109.5,0.02724863757
4.975,110.5,0.02524873756
4.975,111.5,0.02574871256
4.975,112.5,0.02564871756
4.975,113.5,0.02689865507
4.975,114.5,0.02564871756
4.975,115.5,0.02299885006
4.975,116.5,0.02224888756
4.975,117.5,0.02224888756
4.975,118.5,0.02139893005
4.975,119.5,0.02034898255
4.975,120.5,0.01899905005
4.975,121.5,0.01964901755
4.975,122.5,0.01909904505
4.975,123.5,0.01754912254
4.975,124.5,0.01759912004
4.975,125.5,0.01784910754
4.975,126.5,0.01609919504
4.975,127.5,0.01619919004
4.975,128.5,0.01594920254
4.975,129.5,0.01469926504
4.975,130.5,0.01314934253
4.975,131.5,0.01399930003
4.975,132.5,0.01374931253
4.975,133.5,0.01314934253
4.975,134.5,0.01209939503
4.975,135.5,0.01219939003
4.975,136.5,0.01304934753
4.975,137.5,0.01234938253
4.975,138.5,0.01329933503
4.975,139.5,0.01039948003
4.975,140.5,0.01179941003
4.975,141.5,0.009449527524
4.975,142.5,0.009599520024
4.975,143.5,0.009199540023
4.975,144.5,0.01104944753
4.975,145.5,0.01014949253
4.975,146.5,0.01029948503
4.975,147.5,0.007499625019
4.975,148.5,0.008549572521
4.975,149.5,0.00804959752
4.975,150.5,0.009599520024
4.975,151.5,0.008949552522
4.975,152.5,0.00784960752
4.975,153.5,0.008449577521
4.975,154.5,0.006549672516
4.975,155.5,0.006099695015
4.975,156.5,0.005999700015
4.975,157.5,0.007349632518
4.975,158.5,0.006149692515
4.975,159.5,0.006149692515
4.975,160.5,0.005449727514
4.975,161.5,0.006399680016
4.975,162.5,0.005449727514
4.975,163.5,0.005949702515
4.975,164.5,0.004799760012
4.975,165.5,0.004549772511
4.975,166.5,0.00419979001
4.975,167.5,0.00384980751
4.975,168.5,0.003199840008
4.975,169.5,0.00384980751
4.975,170.5,0.003549822509
4.975,171.5,0.002649867507
4.975,172.5,0.002049897505
4.975,173.5,0.002899855007
4.975,174.5,0.002149892505
4.975,175.5,0.001249937503
4.975,176.5,0.0009499525024
4.975,177.5,0.0008999550022
4.975,178.5,0.0004999750012
4.975,179.5,9.999500025e-05
5.025,0.5,0.0002499875006
5.025,1.5,0.0007499625019
5.025,2.5,0.002049897505
5.025,3.5,0.002449877506
5.025,4.5,0.003649817509
5.025,5.5,0.00404979751
5.025,6.5,0.004449777511
5.025,7.5,0.004399780011
5.025,8.5,0.005049747513
5.025,9.5,0.005349732513
5.025,10.5,0.005949702515
5.025,11.5,0.007049647518
5.025,12.5,0.007249637518
5.025,13.5,0.008299585021
5.025,14.5,0.008499575021
5.025,15.5,0.009899505025
5.025,16.5,0.008899555022
5.025,17.5,0.008449577521
5.025,18.5,0.009049547523
5.025,19.5,0.008449577521
5.025,20.5,0.009449527524
5.025,21.5,0.00789960502
5.025,22.5,0.01059947003
5.025,23.5,0.008349582521
5.025,24.5,0.008649567522
5.025,25.5,0.009449527524
5.025,26.5,0.009099545023
5.025,27.5,0.008899555022
5.025,28.5,0.01039948003
5.025,29.5,0.009899505025
5.025,30.5,0.01029948503
5.025,31.5,0.009699515024
5.025,32.5,0.009099545023
5.025,33.5,0.008749562522
5.025,34.5,0.01014949253
5.025,35.5,0.01154942253
5.025,36.5,0.01019949003
5.025,37.5,0.009649517524
5.025,38.5,0.008249587521
5.025,39.5,0.009599520024
5.025,40.5,0.009499525024
5.025,41.5,0.009149542523
5.025,42.5,0.01069946503
5.025,43.5,0.009999500025
5.025,44.5,0.01014949253
5.025,45.5,0.009799510024
5.025,46.5,0.01004949753
5.025,47.5,0.009299535023
5.025,48.5,0.009199540023
5.025,49.5,0.01024948753
5.025,50.5,0.01024948753
5.025,51.5,0.009399530023
5.025,52.5,0.01034948253
5.025,53.5,0.009949502525
5.025,54.5,0.009249537523
5.025,55.5,0.01024948753
5.025,56.5,0.01059947003
5.025,57.5,0.01034948253
5.025,58.5,0.01069946503
5.025,59.5,0.01014949253
5.025,60.5,0.01114944253
5.025,61.5,0.01024948753
5.025,62.5,0.01089945503
5.025,63.5,0.01099945003
5.025,64.5,0.01129943503
5.025,65.5,0.01164941753
5.025,66.5,0.01019949003
5.025,67.5,0.01164941753
5.025,68.5,0.01174941253
5.025,69.5,0.01244937753
5.025,70.5,0.01279936003
5.025,71.5,0.01194940253
5.025,72.5,0.01304934753
5.025,73.5,0.01209939503
5.025,74.5,0.01154942253
5.025,75.5,0.01324933753
5.025,76.5,0.01459927004
5.025,77.5,0.01449927504
5.025,78.5,0.01469926504
5.025,79.5,0.01454927254
5.025,80.5,0.01514924254
5.025,81.5,0.01509924504
5.025,82.5,0.01744912754
5.025,83.5,0.01729913504
5.025,84.5,0.01899905005
5.025,85.5,0.01959902005
5.025,86.5,0.01979901005
5.025,87.5,0.02009899505
5.025,88.5,0.01934903255
5.025,89.5,0.01994900255
5.025,90.5,0.02194890255
5.025,91.5,0.02219889006
5.025,92.5,0.02434878256
5.025,93.5,0.02434878256
5.025,94.5,0.02599870006
5.025,95.5,0.02464876756
5.025,96.5,0.02614869257
5.025,97.5,0.02589870506
5.025,98.5,0.02709864507
5.025,99.5,0.02794860257
5.025,100.5,0.02764861757
5.025,101.5,0.03014849258
5.025,102.5,0.03024848758
5.025,103.5,0.02849857507
5.025,104.5,0.02994850257
5.025,105.5,0.02954852257
5.025,106.5,0.02664866757
5.025,107.5,0.02859857007
5.025,108.5,0.02744862757
5.025,109.5,0.02659867007
5.025,110.5,0.02759862007
5.025,111.5,0.02749862507
5.025,112.5,0.02779861007
5.025,113.5,0.02624868757
5.025,114.5,0.02474876256
5.025,115.5,0.02449877506
5.025,116.5,0.02194890255
5.025,117.5,0.02189890505
5.025,118.5,0.01959902005
5.025,119.5,0.01899905005
5.025,120.5,0.02104894755
5.025,121.5,0.01864906755
5.025,122.5,0.01959902005
5.025,123.5,0.01874906255
5.025,124.5,0.01844907755
5.025,125.5,0.01804909755
5.025,126.5,0.01564921754
5.025,127.5,0.01664916754
5.025,128.5,0.01444927754
5.025,129.5,0.01524923754
5.025,130.5,0.01269936503
5.025,131.5,0.01354932253
5.025,132.5,0.01289935503
5.025,133.5,0.01344932753
5.025,134.5,0.01124943753
5.025,135.5,0.01284935753
5.025,136.5,0.01134943253
5.025,137.5,0.01134943253
5.025,138.5,0.01224938753
5.025,139.5,0.01129943503
5.025,140.5,0.009249537523
5.025,141.5,0.01124943753
5.025,142.5,0.009299535023
5.025,143.5,0.01034948253
5.025,144.5,0.007649617519
5.025,145.5,0.007799610019
5.025,146.5,0.00784960752
5.025,147.5,0.00819959002
5.025,148.5,0.008649567522
5.025,149.5,0.006949652517
5.025,150.5,0.007299635018
5.025,151.5,0.007399630018
5.025,152.5,0.006349682516
5.025,153.5,0.007199640018
5.025,154.5,0.006749662517
5.025,155.5,0.006399680016
5.025,156.5,0.005699715014
5.025,157.5,0.006299685016
5.025,158.5,0.005899705015
5.025,159.5,0.006499675016
5.025,160.5,0.005899705015
5.025,161.5,0.004399780011
5.025,162.5,0.004449777511
5.025,163.5,0.003749812509
5.025,164.5,0.004299785011
5.025,165.5,0.003699815009
5.025,166.5,0.00389980501
5.025,167.5,0.002949852507
5.025,168.5,0.002799860007
5.025,169.5,0.002599870006
5.025,170.5,0.002349882506
5.025,171.5,0.002449877506
5.025,172.5,0.001649917504
5.025,173.5,0.002049897505
5.025,174.5,0.001499925004
5.025,175.5,0.001099945003
5.025,176.5,0.0008999550022
5.025,177.5,0.0007499625019
5.025,178.5,0.0004499775011
5.025,179.5,9.999500025e-05
5.075,0.5,0.0002499875006
5.075,1.5,0.0006499675016
5.075,2.5,0.001949902505
5.075,3.5,0.001799910004
5.075,4.5,0.002399880006
5.075,5.5,0.002549872506
5.075,6.5,0.003749812509
5.075,7.5,0.004899755012
5.075,8.5,0.004699765012
5.075,9.5,0.006399680016
5.075,10.5,0.006249687516
5.075,11.5,0.006499675016
5.075,12.5,0.006599670016
5.075,13.5,0.00784960752
5.075,14.5,0.00814959252
5.075,15.5,0.007649617519
5.075,16.5,0.006849657517
5.075,17.5,0.00809959502
5.075,18.5,0.008299585021
5.075,19.5,0.00799960002
5.075,20.5,0.008499575021
5.075,21.5,0.009099545023
5.075,22.5,0.008799560022
5.075,23.5,0.009049547523
5.075,24.5,0.009049547523
5.075,25.5,0.009499525024
5.075,26.5,0.007799610019
5.075,27.5,0.008299585021
5.075,28.5,0.00809959502
5.075,29.5,0.007299635018
5.075,30.5,0.008749562522
5.075,31.5,0.007799610019
5.075,32.5,0.009949502525
5.075,33.5,0.009449527524
5.075,34.5,0.009099545023
5.075,35.5,0.008449577521
5.075,36.5,0.008299585021
5.075,37.5,0.009149542523
5.075,38.5,0.009899505025
5.075,39.5,0.009099545023
5.075,40.5,0.007649617519
5.075,41.5,0.009049547523
5.075,42.5,0.009249537523
5.075,43.5,0.00804959752
5.075,44.5,0.00809959502
5.075,45.5,0.008449577521
5.075,46.5,0.008599570021
5.075,47.5,0.008549572521
5.075,48.5,0.009099545023
5.075,49.5,0.007799610019
5.075,50.5,0.008399580021
5.075,51.5,0.008949552522
5.075,52.5,0.008849557522
5.075,53.5,0.01009949503
5.075,54.5,0.009499525024
5.075,55.5,0.009299535023
5.075,56.5,0.009399530023
5.075,57.5,0.009299535023
5.075,58.5,0.01004949753
5.075,59.5,0.009349532523
5.075,60.5,0.009049547523
5.075,61.5,0.008899555022
5.075,62.5,0.009449527524
5.075,63.5,0.01114944253
5.075,64.5,0.009899505025
5.075,65.5,0.01049947503
5.075,66.5,0.009749512524
5.075,67.5,0.009949502525
5.075,68.5,0.01109944503
5.075,69.5,0.009949502525
5.075,70.5,0.01054947253
5.075,71.5,0.01064946753
5.075,72.5,0.01149942503
5.075,73.5,0.01104944753
5.075,74.5,0.01329933503
5.075,75.5,0.01174941253
5.075,76.5,0.01079946003
5.075,77.5,0.01259937003
5.075,78.5,0.01329933503
5.075,79.5,0.01304934753
5.075,80.5,0.01584920754
5.075,81.5,0.01459927004
5.075,82.5,0.01529923504
5.075,83.5,0.01514924254
5.075,84.5,0.01684915754
5.075,85.5,0.01824908755
5.075,86.5,0.01669916504
5.075,87.5,0.01869906505
5.075,88.5,0.01994900255
5.075,89.5,0.01814909255
5.075,90.5,0.01969901505
5.075,91.5,0.02164891755
5.075,92.5,0.01959902005
5.075,93.5,0.02299885006
5.075,94.5,0.02179891005
5.075,95.5,0.02264886756
5.075,96.5,0.02509874506
5.075,97.5,0.02439878006
5.075,98.5,0.02509874506
5.075,99.5,0.02609869507
5.075,100.5,0.02619869007
5.075,101.5,0.02629868507
5.075,102.5,0.02674866257
5.075,103.5,0.02714864257
5.075,104.5,0.02629868507
5.075,105.5,0.02594870256
5.075,106.5,0.02684865757
5.075,107.5,0.02664866757
5.075,108.5,0.02764861757
5.075,109.5,0.02959852007
5.075,110.5,0.02459877006
5.075,111.5,0.02489875506
5.075,112.5,0.02644867757
5.075,113.5,0.02509874506
5.075,114.5,0.02539873006
5.075,115.5,0.02194890255
5.075,116.5,0.02529873506
5.075,117.5,0.02164891755
5.075,118.5,0.02299885006
5.075,119.5,0.02114894255
5.075,120.5,0.02039898005
5.075,121.5,0.01884905755
5.075,122.5,0.01959902005
5.075,123.5,0.01639918004
5.075,124.5,0.01789910504
5.075,125.5,0.01769911504
5.075,126.5,0.01639918004
5.075,127.5,0.01439928004
5.075,128.5,0.01389930503
5.075,129.5,0.01474926254
5.075,130.5,0.01509924504
5.075,131.5,0.01219939003
5.075,132.5,0.01204939753
5.075,133.5,0.01359932003
5.075,134.5,0.01239938003
5.075,135.5,0.01159942003
5.075,136.5,0.01134943253
5.075,137.5,0.01044947753
5.075,138.5,0.01039948003
5.075,139.5,0.01124943753
5.075,140.5,0.008749562522
5.075,141.5,0.01024948753
5.075,142.5,0.009849507525
5.075,143.5,0.008799560022
5.075,144.5,0.008299585021
5.075,145.5,0.007199640018
5.075,146.5,0.007549622519
5.075,147.5,0.00809959502
5.075,148.5,0.007399630018
5.075,149.5,0.007249637518
5.075,150.5,0.006199690015
5.075,151.5,0.006499675016
5.075,152.5,0.005099745013
5.075,153.5,0.006349682516
5.075,154.5,0.005099745013
5.075,155.5,0.005649717514
5.075,156.5,0.005199740013
5.075,157.5,0.004699765012
5.075,158.5,0.004949752512
5.075,159.5,0.005099745013
5.075,160.5,0.003699815009
5.075,161.5,0.00409979501
5.075,162.5,0.003699815009
5.075,163.5,0.00389980501
5.075,164.5,0.003599820009
5.075,165.5,0.002949852507
5.075,166.5,0.002449877506
5.075,167.5,0.002349882506
5.075,168.5,0.002599870006
5.075,169.5,0.002249887506
5.075,170.5,0.002499875006
5.075,171.5,0.001349932503
5.075,172.5,0.001349932503
5.075,173.5,0.001499925004
5.075,174.5,0.001549922504
5.075,175.5,0.001049947503
5.075,176.5,0.0009499525024
5.075,177.5,0.0004999750012
5.075,178.5,0.0001999900005
5.075,179.5,0.0001499925004
5.125,0.5,0.0003499825009
5.125,1.5,0.0007499625019
5.125,2.5,0.001449927504
5.125,3.5,0.002399880006
5.125,4.5,0.002999850007
5.125,5.5,0.003499825009
5.125,6.5,0.004599770011
5.125,7.5,0.005099745013
5.125,8.5,0.005149742513
5.125,9.5,0.005349732513
5.125,10.5,0.007099645018
5.125,11.5,0.007049647518
5.125,12.5,0.006049697515
5.125,13.5,0.006849657517
5.125,14.5,0.008649567522
5.125,15.5,0.00794960252
5.125,16.5,0.008599570021
5.125,17.5,0.009299535023
5.125,18.5,0.008499575021
5.125,19.5,0.009749512524
5.125,20.5,0.008449577521
5.125,21.5,0.008899555022
5.125,22.5,0.008449577521
5.125,23.5,0.009049547523
5.125,24.5,0.01004949753
5.125,25.5,0.00794960252
5.125,26.5,0.008399580021
5.125,27.5,0.00804959752
5.125,28.5,0.008949552522
5.125,29.5,0.008899555022
5.125,30.5,0.00814959252
5.125,31.5,0.009199540023
5.125,32.5,0.007699615019
5.125,33.5,0.008649567522
5.125,34.5,0.007799610019
5.125,35.5,0.009149542523
5.125,36.5,0.009299535023
5.125,37.5,0.008299585021
5.125,38.5,0.008599570021
5.125,39.5,0.008799560022
5.125,40.5,0.008449577521
5.125,41.5,0.009049547523
5.125,42.5,0.00814959252
5.125,43.5,0.008299585021
5.125,44.5,0.008249587521
5.125,45.5,0.008649567522
5.125,46.5,0.008749562522
5.125,47.5,0.00789960502
5.125,48.5,0.008799560022
5.125,49.5,0.00814959252
5.125,50.5,0.009699515024
5.125,51.5,0.008799560022
5.125,52.5,0.008499575021
5.125,53.5,0.01014949253
5.125,54.5,0.00814959252
5.125,55.5,0.008999550022
5.125,56.5,0.008549572521
5.125,57.5,0.008799560022
5.125,58.5,0.008949552522
5.125,59.5,0.009549522524
5.125,60.5,0.008799560022
5.125,61.5,0.008749562522
5.125,62.5,0.00819959002
5.125,63.5,0.008949552522
5.125,64.5,0.00804959752
5.125,65.5,0.00794960252
5.125,66.5,0.009149542523
5.125,67.5,0.008749562522
5.125,68.5,0.009599520024
5.125,69.5,0.007699615019
5.125,70.5,0.00784960752
5.125,71.5,0.008899555022
5.125,72.5,0.009499525024
5.125,73.5,0.009649517524
5.125,74.5,0.01034948253
5.125,75.5,0.01039948003
5.125,76.5,0.01194940253
5.125,77.5,0.01074946253
5.125,78.5,0.01179941003
5.125,79.5,0.01289935503
5.125,80.5,0.01264936753
5.125,81.5,0.01559922004
5.125,82.5,0.01479926004
5.125,83.5,0.01389930503
5.125,84.5,0.01409929504
5.125,85.5,0.01659917004
5.125,86.5,0.01619919004
5.125,87.5,0.01689915504
5.125,88.5,0.01824908755
5.125,89.5,0.01829908505
5.125,90.5,0.01954902255
5.125,91.5,0.01964901755
5.125,92.5,0.02014899255
5.125,93.5,0.02214889256
5.125,94.5,0.02154892255
5.125,95.5,0.02239888006
5.125,96.5,0.02234888256
5.125,97.5,0.02549872506
5.125,98.5,0.02284885756
5.125,99.5,0.02559872006
5.125,100.5,0.02429878506
5.125,101.5,0.02749862507
5.125,102.5,0.02794860257
5.125,103.5,0.02764861757
5.125,104.5,0.02729863507
5.125,105.5,0.02809859507
5.125,106.5,0.02739863007
5.125,107.5,0.02559872006
5.125,108.5,0.02654867257
5.125,109.5,0.02579871006
5.125,110.5,0.02509874506
5.125,111.5,0.02709864507
5.125,112.5,0.02464876756
5.125,113.5,0.02429878506
5.125,114.5,0.02564871756
5.125,115.5,0.02384880756
5.125,116.5,0.02159892005
5.125,117.5,0.02169891505
5.125,118.5,0.01979901005
5.125,119.5,0.02009899505
5.125,120.5,0.02059897005
5.125,121.5,0.01984900755
5.125,122.5,0.01744912754
5.125,123.5,0.01839908005
5.125,124.5,0.01894905255
5.125,125.5,0.01734913254
5.125,126.5,0.01544922754
5.125,127.5,0.01499925004
5.125,128.5,0.01534923254
5.125,129.5,0.01374931253
5.125,130.5,0.01419929004
5.125,131.5,0.01204939753
5.125,132.5,0.01234938253
5.125,133.5,0.01234938253
5.125,134.5,0.01209939503
5.125,135.5,0.01064946753
5.125,136.5,0.009799510024
5.125,137.5,0.008899555022
5.125,138.5,0.009549522524
5.125,139.5,0.009199540023
5.125,140.5,0.00814959252
5.125,141.5,0.009249537523
5.125,142.5,0.00794960252
5.125,143.5,0.009099545023
5.125,144.5,0.00784960752
5.125,145.5,0.007399630018
5.125,146.5,0.006649667517
5.125,147.5,0.005999700015
5.125,148.5,0.005799710014
5.125,149.5,0.006049697515
5.125,150.5,0.005649717514
5.125,151.5,0.004649767512
5.125,152.5,0.004949752512
5.125,153.5,0.004299785011
5.125,154.5,0.00404979751
5.125,155.5,0.004599770011
5.125,156.5,0.003749812509
5.125,157.5,0.00419979001
5.125,158.5,0.00399980001
5.125,159.5,0.004699765012
5.125,160.5,0.00384980751
5.125,161.5,0.003149842508
5.125,162.5,0.003499825009
5.125,163.5,0.003149842508
5.125,164.5,0.002499875006
5.125,165.5,0.002399880006
5.125,166.5,0.002899855007
5.125,167.5,0.001799910004
5.125,168.5,0.001999900005
5.125,169.5,0.001749912504
5.125,170.5,0.001899905005
5.125,171.5,0.001799910004
5.125,172.5,0.001099945003
5.125,173.5,0.001199940003
5.125,174.5,0.0007499625019
5.125,175.5,0.0008499575021
5.125,176.5,0.0005499725014
5.125,177.5,0.0005499725014
5.125,178.5,9.999500025e-05
5.125,179.5,0
5.175,0.5,0.0001999900005
5.175,1.5,0.001499925004
5.175,2.5,0.002099895005
5.175,3.5,0.002949852507
5.175,4.5,0.003199840008
5.175,5.5,0.004349782511
5.175,6.5,0.004399780011
5.175,7.5,0.005249737513
5.175,8.5,0.005649717514
5.175,9.5,0.007349632518
5.175,10.5,0.006849657517
5.175,11.5,0.006749662517
5.175,12.5,0.007399630018
5.175,13.5,0.007149642518
5.175,14.5,0.00819959002
5.175,15.5,0.009049547523
5.175,16.5,0.009399530023
5.175,17.5,0.008899555022
5.175,18.5,0.009099545023
5.175,19.5,0.008399580021
5.175,20.5,0.009699515024
5.175,21.5,0.008599570021
5.175,22.5,0.01024948753
5.175,23.5,0.01009949503
5.175,24.5,0.009649517524
5.175,25.5,0.009849507525
5.175,26.5,0.008899555022
5.175,27.5,0.00814959252
5.175,28.5,0.008999550022
5.175,29.5,0.00819959002
5.175,30.5,0.008949552522
5.175,31.5,0.009749512524
5.175,32.5,0.007399630018
5.175,33.5,0.008249587521
5.175,34.5,0.008899555022
5.175,35.5,0.00784960752
5.175,36.5,0.009049547523
5.175,37.5,0.008849557522
5.175,38.5,0.008549572521
5.175,39.5,0.009849507525
5.175,40.5,0.008449577521
5.175,41.5,0.008349582521
5.175,42.5,0.007049647518
5.175,43.5,0.008349582521
5.175,44.5,0.008699565022
5.175,45.5,0.00814959252
5.175,46.5,0.008249587521
5.175,47.5,0.00804959752
5.175,48.5,0.00819959002
5.175,49.5,0.007699615019
5.175,50.5,0.00814959252
5.175,51.5,0.006599670016
5.175,52.5,0.006899655017
5.175,53.5,0.00784960752
5.175,54.5,0.008349582521
5.175,55.5,0.007449627519
5.175,56.5,0.008549572521
5.175,57.5,0.007799610019
5.175,58.5,0.00809959502
5.175,59.5,0.008799560022
5.175,60.5,0.00789960502
5.175,61.5,0.00799960002
5.175,62.5,0.007599620019
5.175,63.5,0.007199640018
5.175,64.5,0.007749612519
5.175,65.5,0.007199640018
5.175,66.5,0.009199540023
5.175,67.5,0.008699565022
5.175,68.5,0.008599570021
5.175,69.5,0.008549572521
5.175,70.5,0.009199540023
5.175,71.5,0.009799510024
5.175,72.5,0.009649517524
5.175,73.5,0.01049947503
5.175,74.5,0.009899505025
5.175,75.5,0.01119944003
5.175,76.5,0.01234938253
5.175,77.5,0.01104944753
5.175,78.5,0.01179941003
5.175,79.5,0.01254937253
5.175,80.5,0.01234938253
5.175,81.5,0.01214939253
5.175,82.5,0.01279936003
5.175,83.5,0.01314934253
5.175,84.5,0.01529923504
5.175,85.5,0.01404929754
5.175,86.5,0.01569921504
5.175,87.5,0.01579921004
5.175,88.5,0.01699915004
5.175,89.5,0.01744912754
5.175,90.5,0.01804909755
5.175,91.5,0.01634918254
5.175,92.5,0.01864906755
5.175,93.5,0.01989900505
5.175,94.5,0.02054897255
5.175,95.5,0.02304884756
5.175,96.5,0.02289885506
5.175,97.5,0.02289885506
5.175,98.5,0.02404879756
5.175,99.5,0.02284885756
5.175,100.5,0.02549872506
5.175,101.5,0.02564871756
5.175,102.5,0.02654867257
5.175,103.5,0.02609869507
5.175,104.5,0.02699865007
5.175,105.5,0.02759862007
5.175,106.5,0.02664866757
5.175,107.5,0.02709864507
5.175,108.5,0.02544872756
5.175,109.5,0.02814859257
5.175,110.5,0.02819859007
5.175,111.5,0.02669866507
5.175,112.5,0.02734863257
5.175,113.5,0.02504874756
5.175,114.5,0.02254887256
5.175,115.5,0.02349882506
5.175,116.5,0.02334883256
5.175,117.5,0.02249887506
5.175,118.5,0.01994900255
5.175,119.5,0.01944902755
5.175,120.5,0.01739913004
5.175,121.5,0.01934903255
5.175,122.5,0.01694915254
5.175,123.5,0.01779911004
5.175,124.5,0.01539923004
5.175,125.5,0.01649917504
5.175,126.5,0.01629918504
5.175,127.5,0.01379931003
5.175,128.5,0.01414929254
5.175,129.5,0.01394930253
5.175,130.5,0.01229938503
5.175,131.5,0.01189940503
5.175,132.5,0.01129943503
5.175,133.5,0.01104944753
5.175,134.5,0.009999500025
5.175,135.5,0.009849507525
5.175,136.5,0.01004949753
5.175,137.5,0.009649517524
5.175,138.5,0.009199540023
5.175,139.5,0.007549622519
5.175,140.5,0.00809959502
5.175,141.5,0.00804959752
5.175,142.5,0.007649617519
5.175,143.5,0.00804959752
5.175,144.5,0.007249637518
5.175,145.5,0.006299685016
5.175,146.5,0.006699665017
5.175,147.5,0.005899705015
5.175,148.5,0.004849757512
5.175,149.5,0.005299735013
5.175,150.5,0.005599720014
5.175,151.5,0.004949752512
5.175,152.5,0.004249787511
5.175,153.5,0.003799810009
5.175,154.5,0.004549772511
5.175,155.5,0.004249787511
5.175,156.5,0.003049847508
5.175,157.5,0.003349832508
5.175,158.5,0.003249837508
5.175,159.5,0.003399830008
5.175,160.5,0.003499825009
5.175,161.5,0.002499875006
5.175,162.5,0.002799860007
5.175,163.5,0.002799860007
5.175,164.5,0.002199890005
5.175,165.5,0.002349882506
5.175,166.5,0.001949902505
5.175,167.5,0.001699915004
5.175,168.5,0.001849907505
5.175,169.5,0.001799910004
5.175,170.5,0.001399930003
5.175,171.5,0.0008999550022
5.175,172.5,0.001199940003
5.175,173.5,0.0007499625019
5.175,174.5,0.000799960002
5.175,175.5,0.0003499825009
5.175,176.5,0.0003499825009
5.175,177.5,0.0003499825009
5.175,178.5,0.0001499925004
5.175,179.5,4.999750012e-05
5.225,0.5,0.0005499725014
5.225,1.5,0.001299935003
5.225,2.5,0.001549922504
5.225,3.5,0.002699865007
5.225,4.5,0.003399830008
5.225,5.5,0.003249837508
5.225,6.5,0.004349782511
5.225,7.5,0.005349732513
5.225,8.5,0.006449677516
5.225,9.5,0.006499675016
5.225,10.5,0.006799660017
5.225,11.5,0.00789960502
5.225,12.5,0.007449627519
5.225,13.5,0.007149642518
5.225,14.5,0.008549572521
5.225,15.5,0.008549572521
5.225,16.5,0.008849557522
5.225,17.5,0.008249587521
5.225,18.5,0.008849557522
5.225,19.5,0.008499575021
5.225,20.5,0.01029948503
5.225,21.5,0.009249537523
5.225,22.5,0.01109944503
5.225,23.5,0.009249537523
5.225,24.5,0.01014949253
5.225,25.5,0.00819959002
5.225,26.5,0.009899505025
5.225,27.5,0.009949502525
5.225,28.5,0.00794960252
5.225,29.5,0.008299585021
5.225,30.5,0.009649517524
5.225,31.5,0.009199540023
5.225,32.5,0.008899555022
5.225,33.5,0.008849557522
5.225,34.5,0.00814959252
5.225,35.5,0.008499575021
5.225,36.5,0.007299635018
5.225,37.5,0.008649567522
5.225,38.5,0.008349582521
5.225,39.5,0.008949552522
5.225,40.5,0.00784960752
5.225,41.5,0.008449577521
5.225,42.5,0.007699615019
5.225,43.5,0.00804959752
5.225,44.5,0.007699615019
5.225,45.5,0.006849657517
5.225,46.5,0.007749612519
5.225,47.5,0.006799660017
5.225,48.5,0.008249587521
5.225,49.5,0.009099545023
5.225,50.5,0.007449627519
5.225,51.5,0.00809959502
5.225,52.5,0.007299635018
5.225,53.5,0.008599570021
5.225,54.5,0.007399630018
5.225,55.5,0.006749662517
5.225,56.5,0.007199640018
5.225,57.5,0.008349582521
5.225,58.5,0.00794960252
5.225,59.5,0.007199640018
5.225,60.5,0.00784960752
5.225,61.5,0.008399580021
5.225,62.5,0.00814959252
5.225,63.5,0.00789960502
5.225,64.5,0.007799610019
5.225,65.5,0.008349582521
5.225,66.5,0.007649617519
5.225,67.5,0.007549622519
5.225,68.5,0.007699615019
5.225,69.5,0.007549622519
5.225,70.5,0.008299585021
5.225,71.5,0.00799960002
5.225,72.5,0.008449577521
5.225,73.5,0.008499575021
5.225,74.5,0.009049547523
5.225,75.5,0.009999500025
5.225,76.5,0.01074946253
5.225,77.5,0.01134943253
5.225,78.5,0.01074946253
5.225,79.5,0.01074946253
5.225,80.5,0.01039948003
5.225,81.5,0.01319934003
5.225,82.5,0.01284935753
5.225,83.5,0.01164941753
5.225,84.5,0.01204939753
5.225,85.5,0.01439928004
5.225,86.5,0.01569921504
5.225,87.5,0.01409929504
5.225,88.5,0.01544922754
5.225,89.5,0.01554922254
5.225,90.5,0.01469926504
5.225,91.5,0.01679916004
5.225,92.5,0.01899905005
5.225,93.5,0.01924903755
5.225,94.5,0.02029898505
5.225,95.5,0.02034898255
5.225,96.5,0.01954902255
5.225,97.5,0.01994900255
5.225,98.5,0.01994900255
5.225,99.5,0.02239888006
5.225,100.5,0.02264886756
5.225,101.5,0.02449877506
5.225,102.5,0.02409879506
5.225,103.5,0.02334883256
5.225,104.5,0.02339883006
5.225,105.5,0.02649867507
5.225,106.5,0.02689865507
5.225,107.5,0.02769861507
5.225,108.5,0.02824858757
5.225,109.5,0.02684865757
5.225,110.5,0.02674866257
5.225,111.5,0.02744862757
5.225,112.5,0.02804859757
5.225,113.5,0.02524873756
5.225,114.5,0.02549872506
5.225,115.5,0.02284885756
5.225,116.5,0.02289885506
5.225,117.5,0.02279886006
5.225,118.5,0.02019899005
5.225,119.5,0.01939903005
5.225,120.5,0.02059897005
5.225,121.5,0.01764911754
5.225,122.5,0.01749912504
5.225,123.5,0.01644917754
5.225,124.5,0.01849907505
5.225,125.5,0.01614919254
5.225,126.5,0.01579921004
5.225,127.5,0.01484925754
5.225,128.5,0.01404929754
5.225,129.5,0.01409929504
5.225,130.5,0.01334933253
5.225,131.5,0.01204939753
5.225,132.5,0.01219939003
5.225,133.5,0.01189940503
5.225,134.5,0.01029948503
5.225,135.5,0.009949502525
5.225,136.5,0.008699565022
5.225,137.5,0.009049547523
5.225,138.5,0.008849557522
5.225,139.5,0.008749562522
5.225,140.5,0.008249587521
5.225,141.5,0.00799960002
5.225,142.5,0.007699615019
5.225,143.5,0.007449627519
5.225,144.5,0.006249687516
5.225,145.5,0.006499675016
5.225,146.5,0.006149692515
5.225,147.5,0.004349782511
5.225,148.5,0.004949752512
5.225,149.5,0.005649717514
5.225,150.5,0.004299785011
5.225,151.5,0.00394980251
5.225,152.5,0.003299835008
5.225,153.5,0.003749812509
5.225,154.5,0.002749862507
5.225,155.5,0.003049847508
5.225,156.5,0.003049847508
5.225,157.5,0.003099845008
5.225,158.5,0.003499825009
5.225,159.5,0.003149842508
5.225,160.5,0.002299885006
5.225,161.5,0.002699865007
5.225,162.5,0.002299885006
5.225,163.5,0.001799910004
5.225,164.5,0.002199890005
5.225,165.5,0.001999900005
5.225,166.5,0.001849907505
5.225,167.5,0.001299935003
5.225,168.5,0.001899905005
5.225,169.5,0.001049947503
5.225,170.5,0.0009999500025
5.225,171.5,0.0007499625019
5.225,172.5,0.0009999500025
5.225,173.5,0.0008999550022
5.225,174.5,0.0005499725014
5.225,175.5,0.0004999750012
5.225,176.5,0.0004499775011
5.225,177.5,0.0002999850007
5.225,178.5,0.0001499925004
5.225,179.5,0.0001499925004
5.275,0.5,0.000399980001
5.275,1.5,0.001749912504
5.275,2.5,0.002199890005
5.275,3.5,0.002799860007
5.275,4.5,0.002749862507
5.275,5.5,0.004699765012
5.275,6.5,0.005399730013
5.275,7.5,0.005949702515
5.275,8.5,0.006999650017
5.275,9.5,0.007099645018
5.275,10.5,0.006799660017
5.275,11.5,0.00819959002
5.275,12.5,0.008449577521
5.275,13.5,0.008949552522
5.275,14.5,0.008499575021
5.275,15.5,0.009349532523
5.275,16.5,0.009549522524
5.275,17.5,0.008999550022
5.275,18.5,0.008749562522
5.275,19.5,0.009049547523
5.275,20.5,0.009449527524
5.275,21.5,0.009849507525
5.275,22.5,0.008449577521
5.275,23.5,0.009149542523
5.275,24.5,0.00789960502
5.275,25.5,0.00814959252
5.275,26.5,0.009199540023
5.275,27.5,0.009649517524
5.275,28.5,0.00809959502
5.275,29.5,0.009099545023
5.275,30.5,0.008999550022
5.275,31.5,0.008249587521
5.275,32.5,0.008849557522
5.275,33.5,0.007649617519
5.275,34.5,0.007549622519
5.275,35.5,0.00789960502
5.275,36.5,0.008449577521
5.275,37.5,0.008399580021
5.275,38.5,0.008249587521
5.275,39.5,0.007349632518
5.275,40.5,0.008749562522
5.275,41.5,0.007449627519
5.275,42.5,0.007649617519
5.275,43.5,0.007799610019
5.275,44.5,0.006849657517
5.275,45.5,0.007249637518
5.275,46.5,0.00799960002
5.275,47.5,0.00819959002
5.275,48.5,0.006999650017
5.275,49.5,0.007399630018
5.275,50.5,0.007799610019
5.275,51.5,0.008349582521
5.275,52.5,0.00799960002
5.275,53.5,0.006849657517
5.275,54.5,0.006899655017
5.275,55.5,0.006499675016
5.275,56.5,0.007749612519
5.275,57.5,0.006849657517
5.275,58.5,0.007699615019
5.275,59.5,0.006799660017
5.275,60.5,0.006799660017
5.275,61.5,0.006999650017
5.275,62.5,0.008549572521
5.275,63.5,0.007649617519
5.275,64.5,0.006449677516
5.275,65.5,0.008299585021
5.275,66.5,0.00794960252
5.275,67.5,0.007599620019
5.275,68.5,0.006299685016
5.275,69.5,0.008399580021
5.275,70.5,0.008649567522
5.275,71.5,0.007549622519
5.275,72.5,0.007749612519
5.275,73.5,0.00809959502
5.275,74.5,0.008749562522
5.275,75.5,0.007599620019
5.275,76.5,0.008399580021
5.275,77.5,0.01029948503
5.275,78.5,0.009699515024
5.275,79.5,0.01054947253
5.275,80.5,0.01089945503
5.275,81.5,0.01029948503
5.275,82.5,0.009599520024
5.275,83.5,0.01164941753
5.275,84.5,0.01339933003
5.275,85.5,0.01214939253
5.275,86.5,0.01304934753
5.275,87.5,0.01334933253
5.275,88.5,0.01304934753
5.275,89.5,0.01344932753
5.275,90.5,0.01539923004
5.275,91.5,0.01709914504
5.275,92.5,0.01659917004
5.275,93.5,0.01809909505
5.275,94.5,0.01914904255
5.275,95.5,0.01904904755
5.275,96.5,0.02034898255
5.275,97.5,0.02014899255
5.275,98.5,0.02019899005
5.275,99.5,0.02204889756
5.275,100.5,0.02499875006
5.275,101.5,0.02364881756
5.275,102.5,0.02404879756
5.275,103.5,0.02504874756
5.275,104.5,0.02549872506
5.275,105.5,0.02529873506
5.275,106.5,0.02594870256
5.275,107.5,0.02854857257
5.275,108.5,0.02479876006
5.275,109.5,0.02664866757
5.275,110.5,0.02529873506
5.275,111.5,0.02384880756
5.275,112.5,0.02684865757
5.275,113.5,0.02494875256
5.275,114.5,0.02404879756
5.275,115.5,0.02314884256
5.275,116.5,0.02299885006
5.275,117.5,0.02474876256
5.275,118.5,0.02204889756
5.275,119.5,0.02109894505
5.275,120.5,0.01929903505
5.275,121.5,0.01769911504
5.275,122.5,0.01739913004
5.275,123.5,0.01639918004
5.275,124.5,0.01654917254
5.275,125.5,0.01714914254
5.275,126.5,0.01614919254
5.275,127.5,0.01714914254
5.275,128.5,0.01389930503
5.275,129.5,0.01314934253
5.275,130.5,0.01129943503
5.275,131.5,0.01119944003
5.275,132.5,0.01169941503
5.275,133.5,0.01119944003
5.275,134.5,0.009949502525
5.275,135.5,0.009749512524
5.275,136.5,0.008549572521
5.275,137.5,0.008299585021
5.275,138.5,0.009699515024
5.275,139.5,0.007449627519
5.275,140.5,0.006899655017
5.275,141.5,0.006099695015
5.275,142.5,0.005849707515
5.275,143.5,0.006149692515
5.275,144.5,0.006699665017
5.275,145.5,0.004949752512
5.275,146.5,0.004799760012
5.275,147.5,0.005149742513
5.275,148.5,0.00409979501
5.275,149.5,0.00389980501
5.275,150.5,0.003799810009
5.275,151.5,0.003349832508
5.275,152.5,0.00409979501
5.275,153.5,0.003549822509
5.275,154.5,0.003599820009
5.275,155.5,0.002699865007
5.275,156.5,0.002499875006
5.275,157.5,0.002249887506
5.275,158.5,0.001999900005
5.275,159.5,0.002449877506
5.275,160.5,0.001849907505
5.275,161.5,0.002099895005
5.275,162.5,0.002299885006
5.275,163.5,0.002049897505
5.275,164.5,0.001649917504
5.275,165.5,0.001549922504
5.275,166.5,0.001599920004
5.275,167.5,0.001749912504
5.275,168.5,0.001599920004
5.275,169.5,0.001199940003
5.275,170.5,0.001549922504
5.275,171.5,0.001049947503
5.275,172.5,0.000799960002
5.275,173.5,0.0006499675016
5.275,174.5,0.0001999900005
5.275,175.5,0.0005999700015
5.275,176.5,0.000399980001
5.275,177.5,0.0002499875006
5.275,178.5,0.0001999900005
5.275,179.5,0
5.325,0.5,0.000399980001
5.325,1.5,0.001149942503
5.325,2.5,0.002299885006
5.325,3.5,0.002449877506
5.325,4.5,0.003499825009
5.325,5.5,0.00389980501
5.325,6.5,0.005249737513
5.325,7.5,0.005949702515
5.325,8.5,0.006349682516
5.325,9.5,0.007099645018
5.325,10.5,0.006899655017
5.325,11.5,0.00794960252
5.325,12.5,0.007799610019
5.325,13.5,0.008499575021
5.325,14.5,0.007549622519
5.325,15.5,0.008899555022
5.325,16.5,0.008949552522
5.325,17.5,0.008349582521
5.325,18.5,0.008799560022
5.325,19.5,0.009299535023
5.325,20.5,0.009049547523
5.325,21.5,0.009849507525
5.325,22.5,0.009349532523
5.325,23.5,0.008949552522
5.325,24.5,0.009299535023
5.325,25.5,0.01019949003
5.325,26.5,0.008549572521
5.325,27.5,0.008799560022
5.325,28.5,0.007549622519
5.325,29.5,0.009099545023
5.325,30.5,0.00799960002
5.325,31.5,0.008399580021
5.325,32.5,0.008899555022
5.325,33.5,0.008549572521
5.325,34.5,0.008549572521
5.325,35.5,0.008449577521
5.325,36.5,0.008949552522
5.325,37.5,0.008949552522
5.325,38.5,0.008899555022
5.325,39.5,0.008249587521
5.325,40.5,0.006699665017
5.325,41.5,0.007799610019
5.325,42.5,0.00819959002
5.325,43.5,0.008349582521
5.325,44.5,0.00814959252
5.325,45.5,0.00804959752
5.325,46.5,0.007399630018
5.325,47.5,0.007799610019
5.325,48.5,0.007449627519
5.325,49.5,0.007149642518
5.325,50.5,0.00799960002
5.325,51.5,0.00789960502
5.325,52.5,0.007549622519
5.325,53.5,0.00819959002
5.325,54.5,0.006999650017
5.325,55.5,0.007199640018
5.325,56.5,0.007249637518
5.325,57.5,0.006599670016
5.325,58.5,0.006799660017
5.325,59.5,0.006849657517
5.325,60.5,0.006699665017
5.325,61.5,0.007049647518
5.325,62.5,0.007749612519
5.325,63.5,0.006899655017
5.325,64.5,0.008249587521
5.325,65.5,0.00804959752
5.325,66.5,0.00784960752
5.325,67.5,0.007149642518
5.325,68.5,0.005749712514
5.325,69.5,0.006899655017
5.325,70.5,0.00814959252
5.325,71.5,0.00804959752
5.325,72.5,0.007799610019
5.325,73.5,0.008549572521
5.325,74.5,0.008249587521
5.325,75.5,0.008349582521
5.325,76.5,0.008899555022
5.325,77.5,0.008549572521
5.325,78.5,0.009999500025
5.325,79.5,0.009549522524
5.325,80.5,0.009399530023
5.325,81.5,0.009349532523
5.325,82.5,0.01044947753
5.325,83.5,0.01044947753
5.325,84.5,0.01184940753
5.325,85.5,0.01254937253
5.325,86.5,0.01324933753
5.325,87.5,0.01214939253
5.325,88.5,0.01279936003
5.325,89.5,0.01434928254
5.325,90.5,0.01379931003
5.325,91.5,0.01609919504
5.325,92.5,0.01464926754
5.325,93.5,0.01649917504
5.325,94.5,0.01769911504
5.325,95.5,0.01994900255
5.325,96.5,0.02039898005
5.325,97.5,0.01959902005
5.325,98.5,0.02049897505
5.325,99.5,0.01829908505
5.325,100.5,0.02254887256
5.325,101.5,0.02219889006
5.325,102.5,0.02259887006
5.325,103.5,0.02314884256
5.325,104.5,0.02414879256
5.325,105.5,0.02434878256
5.325,106.5,0.02399880006
5.325,107.5,0.02459877006
5.325,108.5,0.02599870006
5.325,109.5,0.02474876256
5.325,110.5,0.02609869507
5.325,111.5,0.02354882256
5.325,112.5,0.02524873756
5.325,113.5,0.02529873506
5.325,114.5,0.02304884756
5.325,115.5,0.02539873006
5.325,116.5,0.02359882006
5.325,117.5,0.02289885506
5.325,118.5,0.02249887506
5.325,119.5,0.01999900005
5.325,120.5,0.01914904255
5.325,121.5,0.02189890505
5.325,122.5,0.01754912254
5.325,123.5,0.01564921754
5.325,124.5,0.01774911254
5.325,125.5,0.01484925754
5.325,126.5,0.01584920754
5.325,127.5,0.01614919254
5.325,128.5,0.01484925754
5.325,129.5,0.01224938753
5.325,130.5,0.01209939503
5.325,131.5,0.01279936003
5.325,132.5,0.01084945753
5.325,133.5,0.01119944003
5.325,134.5,0.009799510024
5.325,135.5,0.009299535023
5.325,136.5,0.009099545023
5.325,137.5,0.008849557522
5.325,138.5,0.007699615019
5.325,139.5,0.007749612519
5.325,140.5,0.005849707515
5.325,141.5,0.006499675016
5.325,142.5,0.005549722514
5.325,143.5,0.005399730013
5.325,144.5,0.004499775011
5.325,145.5,0.004799760012
5.325,146.5,0.004349782511
5.325,147.5,0.004949752512
5.325,148.5,0.004349782511
5.325,149.5,0.00394980251
5.325,150.5,0.003749812509
5.325,151.5,0.003099845008
5.325,152.5,0.003099845008
5.325,153.5,0.002499875006
5.325,154.5,0.002299885006
5.325,155.5,0.002299885006
5.325,156.5,0.002199890005
5.325,157.5,0.002649867507
5.325,158.5,0.002049897505
5.325,159.5,0.001949902505
5.325,160.5,0.002149892505
5.325,161.5,0.001999900005
5.325,162.5,0.001499925004
5.325,163.5,0.001549922504
5.325,164.5,0.001899905005
5.325,165.5,0.001699915004
5.325,166.5,0.001299935003
5.325,167.5,0.0008499575021
5.325,168.5,0.001049947503
5.325,169.5,0.000799960002
5.325,170.5,0.0008999550022
5.325,171.5,0.0006499675016
5.325,172.5,0.000399980001
5.325,173.5,0.0005999700015
5.325,174.5,0.0002999850007
5.325,175.5,0.0002999850007
5.325,176.5,0.0002499875006
5.325,177.5,0.0003499825009
5.325,178.5,0.0001499925004
5.325,179.5,4.999750012e-05
5.375,0.5,0.0002499875006
5.375,1.5,0.001149942503
5.375,2.5,0.001349932503
5.375,3.5,0.002599870006
5.375,4.5,0.002599870006
5.375,5.5,0.003349832508
5.375,6.5,0.004499775011
5.375,7.5,0.004649767512
5.375,8.5,0.005249737513
5.375,9.5,0.005949702515
5.375,10.5,0.007449627519
5.375,11.5,0.00784960752
5.375,12.5,0.00784960752
5.375,13.5,0.008649567522
5.375,14.5,0.007549622519
5.375,15.5,0.008799560022
5.375,16.5,0.007499625019
5.375,17.5,0.007599620019
5.375,18.5,0.008449577521
5.375,19.5,0.01044947753
5.375,20.5,0.01034948253
5.375,21.5,0.008949552522
5.375,22.5,0.009299535023
5.375,23.5,0.008449577521
5.375,24.5,0.01084945753
5.375,25.5,0.008849557522
5.375,26.5,0.009599520024
5.375,27.5,0.009999500025
5.375,28.5,0.009499525024
5.375,29.5,0.009249537523
5.375,30.5,0.00819959002
5.375,31.5,0.008949552522
5.375,32.5,0.009199540023
5.375,33.5,0.009449527524
5.375,34.5,0.00784960752
5.375,35.5,0.00789960502
5.375,36.5,0.007399630018
5.375,37.5,0.008349582521
5.375,38.5,0.00789960502
5.375,39.5,0.007699615019
5.375,40.5,0.007799610019
5.375,41.5,0.007449627519
5.375,42.5,0.008799560022
5.375,43.5,0.008799560022
5.375,44.5,0.007549622519
5.375,45.5,0.006499675016
5.375,46.5,0.007099645018
5.375,47.5,0.007599620019
5.375,48.5,0.007199640018
5.375,49.5,0.007149642518
5.375,50.5,0.008549572521
5.375,51.5,0.007349632518
5.375,52.5,0.007149642518
5.375,53.5,0.007699615019
5.375,54.5,0.006999650017
5.375,55.5,0.006699665017
5.375,56.5,0.00804959752
5.375,57.5,0.007499625019
5.375,58.5,0.006749662517
5.375,59.5,0.006599670016
5.375,60.5,0.00794960252
5.375,61.5,0.006849657517
5.375,62.5,0.007699615019
5.375,63.5,0.00784960752
5.375,64.5,0.00789960502
5.375,65.5,0.007749612519
5.375,66.5,0.006399680016
5.375,67.5,0.007399630018
5.375,68.5,0.00814959252
5.375,69.5,0.007299635018
5.375,70.5,0.006549672516
5.375,71.5,0.007449627519
5.375,72.5,0.006849657517
5.375,73.5,0.007549622519
5.375,74.5,0.008599570021
5.375,75.5,0.008399580021
5.375,76.5,0.007349632518
5.375,77.5,0.00784960752
5.375,78.5,0.009349532523
5.375,79.5,0.009849507525
5.375,80.5,0.009299535023
5.375,81.5,0.01009949503
5.375,82.5,0.01019949003
5.375,83.5,0.01074946253
5.375,84.5,0.01114944253
5.375,85.5,0.01034948253
5.375,86.5,0.009999500025
5.375,87.5,0.01239938003
5.375,88.5,0.01349932503
5.375,89.5,0.01394930253
5.375,90.5,0.01389930503
5.375,91.5,0.01389930503
5.375,92.5,0.01409929504
5.375,93.5,0.01499925004
5.375,94.5,0.01719914004
5.375,95.5,0.01619919004
5.375,96.5,0.01779911004
5.375,97.5,0.01834908255
5.375,98.5,0.01979901005
5.375,99.5,0.02004899755
5.375,100.5,0.02124893755
5.375,101.5,0.02079896005
5.375,102.5,0.02174891255
5.375,103.5,0.02244887756
5.375,104.5,0.02219889006
5.375,105.5,0.02419879006
5.375,106.5,0.02464876756
5.375,107.5,0.02514874256
5.375,108.5,0.02504874756
5.375,109.5,0.02394880256
5.375,110.5,0.02479876006
5.375,111.5,0.02349882506
5.375,112.5,0.02409879506
5.375,113.5,0.02374881256
5.375,114.5,0.02089895505
5.375,115.5,0.02524873756
5.375,116.5,0.02309884506
5.375,117.5,0.02384880756
5.375,118.5,0.02259887006
5.375,119.5,0.02009899505
5.375,120.5,0.01969901505
5.375,121.5,0.01959902005
5.375,122.5,0.02004899755
5.375,123.5,0.01634918254
5.375,124.5,0.01769911504
5.375,125.5,0.01574921254
5.375,126.5,0.01539923004
5.375,127.5,0.01394930253
5.375,128.5,0.01399930003
5.375,129.5,0.01244937753
5.375,130.5,0.01294935253
5.375,131.5,0.01064946753
5.375,132.5,0.01079946003
5.375,133.5,0.01074946253
5.375,134.5,0.009199540023
5.375,135.5,0.009549522524
5.375,136.5,0.008349582521
5.375,137.5,0.009599520024
5.375,138.5,0.007249637518
5.375,139.5,0.007199640018
5.375,140.5,0.006049697515
5.375,141.5,0.006499675016
5.375,142.5,0.006399680016
5.375,143.5,0.005699715014
5.375,144.5,0.003599820009
5.375,145.5,0.004649767512
5.375,146.5,0.004299785011
5.375,147.5,0.004349782511
5.375,148.5,0.003599820009
5.375,149.5,0.00389980501
5.375,150.5,0.002949852507
5.375,151.5,0.003099845008
5.375,152.5,0.002749862507
5.375,153.5,0.002699865007
5.375,154.5,0.002999850007
5.375,155.5,0.002349882506
5.375,156.5,0.002499875006
5.375,157.5,0.002199890005
5.375,158.5,0.001499925004
5.375,159.5,0.001749912504
5.375,160.5,0.001699915004
5.375,161.5,0.001749912504
5.375,162.5,0.000799960002
5.375,163.5,0.001199940003
5.375,164.5,0.001299935003
5.375,165.5,0.0005999700015
5.375,166.5,0.001199940003
5.375,167.5,0.0008999550022
5.375,168.5,0.001099945003
5.375,169.5,0.001249937503
5.375,170.5,0.001049947503
5.375,171.5,0.0004499775011
5.375,172.5,0.0006999650017
5.375,173.5,0.0002999850007
5.375,174.5,0.000399980001
5.375,175.5,0.0004499775011
5.375,176.5,0.0002999850007
5.375,177.5,0.0001999900005
5.375,178.5,0
5.375,179.5,9.999500025e-05
5.425,0.5,0.0001999900005
5.425,1.5,0.001049947503
5.425,2.5,0.001249937503
5.425,3.5,0.002299885006
5.425,4.5,0.003049847508
5.425,5.5,0.003099845008
5.425,6.5,0.00389980501
5.425,7.5,0.004999750012
5.425,8.5,0.004899755012
5.425,9.5,0.006699665017
5.425,10.5,0.006499675016
5.425,11.5,0.00804959752
5.425,12.5,0.006599670016
5.425,13.5,0.008649567522
5.425,14.5,0.00789960502
5.425,15.5,0.008349582521
5.425,16.5,0.00809959502
5.425,17.5,0.009249537523
5.425,18.5,0.008399580021
5.425,19.5,0.00804959752
5.425,20.5,0.00799960002
5.425,21.5,0.008699565022
5.425,22.5,0.009199540023
5.425,23.5,0.009749512524
5.425,24.5,0.009149542523
5.425,25.5,0.01014949253
5.425,26.5,0.009249537523
5.425,27.5,0.009549522524
5.425,28.5,0.009199540023
5.425,29.5,0.008899555022
5.425,30.5,0.009599520024
5.425,31.5,0.008699565022
5.425,32.5,0.008849557522
5.425,33.5,0.009449527524
5.425,34.5,0.00784960752
5.425,35.5,0.008349582521
5.425,36.5,0.007599620019
5.425,37.5,0.009249537523
5.425,38.5,0.009249537523
5.425,39.5,0.007799610019
5.425,40.5,0.007349632518
5.425,41.5,0.008699565022
5.425,42.5,0.00804959752
5.425,43.5,0.007199640018
5.425,44.5,0.006799660017
5.425,45.5,0.007299635018
5.425,46.5,0.007199640018
5.425,47.5,0.006799660017
5.425,48.5,0.00784960752
5.425,49.5,0.007149642518
5.425,50.5,0.00789960502
5.425,51.5,0.005899705015
5.425,52.5,0.006099695015
5.425,53.5,0.006699665017
5.425,54.5,0.006249687516
5.425,55.5,0.006099695015
5.425,56.5,0.006049697515
5.425,57.5,0.007149642518
5.425,58.5,0.007049647518
5.425,59.5,0.007149642518
5.425,60.5,0.006999650017
5.425,61.5,0.006799660017
5.425,62.5,0.007249637518
5.425,63.5,0.007449627519
5.425,64.5,0.006899655017
5.425,65.5,0.006899655017
5.425,66.5,0.007649617519
5.425,67.5,0.007249637518
5.425,68.5,0.007299635018
5.425,69.5,0.004949752512
5.425,70.5,0.00784960752
5.425,71.5,0.006499675016
5.425,72.5,0.00789960502
5.425,73.5,0.007399630018
5.425,74.5,0.007449627519
5.425,75.5,0.009549522524
5.425,76.5,0.008249587521
5.425,77.5,0.008849557522
5.425,78.5,0.006999650017
5.425,79.5,0.008799560022
5.425,80.5,0.008649567522
5.425,81.5,0.009149542523
5.425,82.5,0.008749562522
5.425,83.5,0.009599520024
5.425,84.5,0.01024948753
5.425,85.5,0.01069946503
5.425,86.5,0.009599520024
5.425,87.5,0.01124943753
5.425,88.5,0.01319934003
5.425,89.5,0.01039948003
5.425,90.5,0.01309934503
5.425,91.5,0.01254937253
5.425,92.5,0.01339933003
5.425,93.5,0.01644917754
5.425,94.5,0.01524923754
5.425,95.5,0.01619919004
5.425,96.5,0.01754912254
5.425,97.5,0.01634918254
5.425,98.5,0.01839908005
5.425,99.5,0.01904904755
5.425,100.5,0.02224888756
5.425,101.5,0.01904904755
5.425,102.5,0.02159892005
5.425,103.5,0.02029898505
5.425,104.5,0.01949902505
5.425,105.5,0.02254887256
5.425,106.5,0.02134893255
5.425,107.5,0.02249887506
5.425,108.5,0.02414879256
5.425,109.5,0.02299885006
5.425,110.5,0.02499875006
5.425,111.5,0.02234888256
5.425,112.5,0.02369881506
5.425,113.5,0.02269886506
5.425,114.5,0.02274886256
5.425,115.5,0.02334883256
5.425,116.5,0.02384880756
5.425,117.5,0.02184890755
5.425,118.5,0.02199890005
5.425,119.5,0.01794910254
5.425,120.5,0.01934903255
5.425,121.5,0.01789910504
5.425,122.5,0.01644917754
5.425,123.5,0.01789910504
5.425,124.5,0.01739913004
5.425,125.5,0.01569921504
5.425,126.5,0.01444927754
5.425,127.5,0.01484925754
5.425,128.5,0.01374931253
5.425,129.5,0.01114944253
5.425,130.5,0.01209939503
5.425,131.5,0.009499525024
5.425,132.5,0.01019949003
5.425,133.5,0.009199540023
5.425,134.5,0.009599520024
5.425,135.5,0.009799510024
5.425,136.5,0.007699615019
5.425,137.5,0.007449627519
5.425,138.5,0.006899655017
5.425,139.5,0.007199640018
5.425,140.5,0.006099695015
5.425,141.5,0.006199690015
5.425,142.5,0.004749762512
5.425,143.5,0.005249737513
5.425,144.5,0.00404979751
5.425,145.5,0.003499825009
5.425,146.5,0.00404979751
5.425,147.5,0.003349832508
5.425,148.5,0.002849857507
5.425,149.5,0.002899855007
5.425,150.5,0.002949852507
5.425,151.5,0.002599870006
5.425,152.5,0.002599870006
5.425,153.5,0.001599920004
5.425,154.5,0.001899905005
5.425,155.5,0.001449927504
5.425,156.5,0.002049897505
5.425,157.5,0.001699915004
5.425,158.5,0.001649917504
5.425,159.5,0.001349932503
5.425,160.5,0.001149942503
5.425,161.5,0.001199940003
5.425,162.5,0.001499925004
5.425,163.5,0.0009999500025
5.425,164.5,0.001049947503
5.425,165.5,0.001049947503
5.425,166.5,0.0005999700015
5.425,167.5,0.001099945003
5.425,168.5,0.0007499625019
5.425,169.5,0.000799960002
5.425,170.5,0.0002999850007
5.425,171.5,0.0004999750012
5.425,172.5,0.0004999750012
5.425,173.5,9.999500025e-05
5.425,174.5,0.0001999900005
5.425,175.5,0.0005499725014
5.425,176.5,0.0001999900005
5.425,177.5,0.0002499875006
5.425,178.5,0.0001999900005
5.425,179.5,9.999500025e-05
5.475,0.5,0.0004999750012
5.475,1.5,0.001349932503
5.475,2.5,0.002049897505
5.475,3.5,0.002299885006
5.475,4.5,0.002849857507
5.475,5.5,0.003149842508
5.475,6.5,0.004899755012
5.475,7.5,0.005249737513
5.475,8.5,0.004749762512
5.475,9.5,0.006549672516
5.475,10.5,0.007449627519
5.475,11.5,0.006649667517
5.475,12.5,0.009099545023
5.475,13.5,0.006349682516
5.475,14.5,0.008249587521
5.475,15.5,0.008499575021
5.475,16.5,0.007349632518
5.475,17.5,0.00794960252
5.475,18.5,0.009549522524
5.475,19.5,0.008649567522
5.475,20.5,0.00819959002
5.475,21.5,0.008749562522
5.475,22.5,0.008699565022
5.475,23.5,0.009649517524
5.475,24.5,0.01009949503
5.475,25.5,0.00804959752
5.475,26.5,0.007699615019
5.475,27.5,0.007599620019
5.475,28.5,0.008849557522
5.475,29.5,0.009449527524
5.475,30.5,0.009399530023
5.475,31.5,0.008999550022
5.475,32.5,0.00794960252
5.475,33.5,0.007049647518
5.475,34.5,0.008799560022
5.475,35.5,0.009199540023
5.475,36.5,0.008299585021
5.475,37.5,0.009049547523
5.475,38.5,0.007649617519
5.475,39.5,0.007049647518
5.475,40.5,0.008249587521
5.475,41.5,0.00809959502
5.475,42.5,0.007149642518
5.475,43.5,0.00784960752
5.475,44.5,0.007749612519
5.475,45.5,0.007499625019
5.475,46.5,0.008899555022
5.475,47.5,0.008249587521
5.475,48.5,0.007449627519
5.475,49.5,0.008549572521
5.475,50.5,0.007549622519
5.475,51.5,0.00804959752
5.475,52.5,0.006649667517
5.475,53.5,0.007799610019
5.475,54.5,0.00804959752
5.475,55.5,0.007499625019
5.475,56.5,0.00794960252
5.475,57.5,0.007549622519
5.475,58.5,0.006799660017
5.475,59.5,0.006699665017
5.475,60.5,0.006499675016
5.475,61.5,0.006449677516
5.475,62.5,0.006249687516
5.475,63.5,0.007499625019
5.475,64.5,0.006899655017
5.475,65.5,0.006249687516
5.475,66.5,0.007199640018
5.475,67.5,0.006999650017
5.475,68.5,0.006749662517
5.475,69.5,0.006499675016
5.475,70.5,0.007399630018
5.475,71.5,0.00784960752
5.475,72.5,0.007299635018
5.475,73.5,0.008549572521
5.475,74.5,0.007249637518
5.475,75.5,0.00799960002
5.475,76.5,0.008899555022
5.475,77.5,0.008699565022
5.475,78.5,0.00799960002
5.475,79.5,0.009549522524
5.475,80.5,0.009749512524
5.475,81.5,0.009049547523
5.475,82.5,0.01059947003
5.475,83.5,0.009499525024
5.475,84.5,0.01094945253
5.475,85.5,0.01034948253
5.475,86.5,0.01079946003
5.475,87.5,0.01034948253
5.475,88.5,0.01094945253
5.475,89.5,0.01239938003
5.475,90.5,0.01164941753
5.475,91.5,0.01359932003
5.475,92.5,0.01424928754
5.475,93.5,0.01264936753
5.475,94.5,0.01644917754
5.475,95.5,0.01384930753
5.475,96.5,0.01544922754
5.475,97.5,0.01684915754
5.475,98.5,0.01664916754
5.475,99.5,0.01979901005
5.475,100.5,0.01894905255
5.475,101.5,0.01859907005
5.475,102.5,0.02114894255
5.475,103.5,0.02274886256
5.475,104.5,0.02234888256
5.475,105.5,0.02004899755
5.475,106.5,0.02309884506
5.475,107.5,0.02444877756
5.475,108.5,0.02294885256
5.475,109.5,0.02159892005
5.475,110.5,0.02454877256
5.475,111.5,0.02359882006
5.475,112.5,0.02394880256
5.475,113.5,0.02354882256
5.475,114.5,0.02159892005
5.475,115.5,0.02259887006
5.475,116.5,0.02329883506
5.475,117.5,0.02224888756
5.475,118.5,0.02234888256
5.475,119.5,0.02044897755
5.475,120.5,0.01819909005
5.475,121.5,0.01844907755
5.475,122.5,0.01774911254
5.475,123.5,0.01624918754
5.475,124.5,0.01569921504
5.475,125.5,0.01454927254
5.475,126.5,0.01534923254
5.475,127.5,0.01299935003
5.475,128.5,0.01259937003
5.475,129.5,0.01059947003
5.475,130.5,0.01109944503
5.475,131.5,0.01129943503
5.475,132.5,0.01019949003
5.475,133.5,0.009899505025
5.475,134.5,0.008599570021
5.475,135.5,0.008549572521
5.475,136.5,0.00814959252
5.475,137.5,0.007599620019
5.475,138.5,0.007349632518
5.475,139.5,0.005899705015
5.475,140.5,0.006149692515
5.475,141.5,0.005249737513
5.475,142.5,0.005449727514
5.475,143.5,0.004949752512
5.475,144.5,0.004449777511
5.475,145.5,0.00394980251
5.475,146.5,0.003099845008
5.475,147.5,0.00399980001
5.475,148.5,0.002849857507
5.475,149.5,0.002149892505
5.475,150.5,0.002999850007
5.475,151.5,0.002699865007
5.475,152.5,0.002449877506
5.475,153.5,0.002749862507
5.475,154.5,0.002699865007
5.475,155.5,0.002099895005
5.475,156.5,0.001349932503
5.475,157.5,0.001849907505
5.475,158.5,0.001149942503
5.475,159.5,0.001449927504
5.475,160.5,0.001299935003
5.475,161.5,0.001449927504
5.475,162.5,0.0005499725014
5.475,163.5,0.0009499525024
5.475,164.5,0.000799960002
5.475,165.5,0.0009999500025
5.475,166.5,0.0008499575021
5.475,167.5,0.0006999650017
5.475,168.5,0.0005499725014
5.475,169.5,0.0002499875006
5.475,170.5,0.0004499775011
5.475,171.5,0.000399980001
5.475,172.5,0.0002999850007
5.475,173.5,0.0004499775011
5.475,174.5,0.0002999850007
5.475,175.5,0.0002999850007
5.475,176.5,0.0001999900005
5.475,177.5,0.0001999900005
5.475,178.5,0.0001499925004
5.475,179.5,0
5.525,0.5,0.0003499825009
5.525,1.5,0.0006999650017
5.525,2.5,0.001449927504
5.525,3.5,0.002149892505
5.525,4.5,0.002699865007
5.525,5.5,0.003799810009
5.525,6.5,0.00414979251
5.525,7.5,0.004849757512
5.525,8.5,0.005599720014
5.525,9.5,0.005699715014
5.525,10.5,0.006499675016
5.525,11.5,0.006199690015
5.525,12.5,0.007399630018
5.525,13.5,0.007649617519
5.525,14.5,0.008499575021
5.525,15.5,0.009049547523
5.525,16.5,0.00799960002
5.525,17.5,0.008699565022
5.525,18.5,0.01044947753
5.525,19.5,0.009349532523
5.525,20.5,0.009649517524
5.525,21.5,0.00819959002
5.525,22.5,0.008799560022
5.525,23.5,0.008849557522
5.525,24.5,0.009049547523
5.525,25.5,0.008449577521
5.525,26.5,0.008249587521
5.525,27.5,0.009299535023
5.525,28.5,0.008899555022
5.525,29.5,0.008599570021
5.525,30.5,0.009099545023
5.525,31.5,0.009299535023
5.525,32.5,0.008899555022
5.525,33.5,0.008349582521
5.525,34.5,0.009299535023
5.525,35.5,0.00799960002
5.525,36.5,0.007549622519
5.525,37.5,0.007599620019
5.525,38.5,0.009099545023
5.525,39.5,0.00819959002
5.525,40.5,0.00804959752
5.525,41.5,0.007249637518
5.525,42.5,0.008549572521
5.525,43.5,0.008499575021
5.525,44.5,0.008499575021
5.525,45.5,0.008699565022
5.525,46.5,0.00804959752
5.525,47.5,0.007699615019
5.525,48.5,0.00799960002
5.525,49.5,0.007749612519
5.525,50.5,0.008249587521
5.525,51.5,0.007649617519
5.525,52.5,0.007499625019
5.525,53.5,0.006299685016
5.525,54.5,0.008399580021
5.525,55.5,0.006399680016
5.525,56.5,0.006199690015
5.525,57.5,0.006799660017
5.525,58.5,0.007699615019
5.525,59.5,0.00814959252
5.525,60.5,0.007499625019
5.525,61.5,0.007449627519
5.525,62.5,0.007099645018
5.525,63.5,0.007249637518
5.525,64.5,0.006899655017
5.525,65.5,0.006449677516
5.525,66.5,0.00799960002
5.525,67.5,0.007149642518
5.525,68.5,0.007099645018
5.525,69.5,0.00814959252
5.525,70.5,0.008349582521
5.525,71.5,0.007349632518
5.525,72.5,0.007749612519
5.525,73.5,0.008399580021
5.525,74.5,0.008349582521
5.525,75.5,0.00789960502
5.525,76.5,0.007649617519
5.525,77.5,0.007799610019
5.525,78.5,0.00789960502
5.525,79.5,0.008949552522
5.525,80.5,0.00804959752
5.525,81.5,0.009599520024
5.525,82.5,0.009449527524
5.525,83.5,0.009449527524
5.525,84.5,0.009699515024
5.525,85.5,0.01139943003
5.525,86.5,0.009649517524
5.525,87.5,0.01319934003
5.525,88.5,0.01159942003
5.525,89.5,0.01169941503
5.525,90.5,0.01244937753
5.525,91.5,0.01424928754
5.525,92.5,0.01309934503
5.525,93.5,0.01349932503
5.525,94.5,0.01474926254
5.525,95.5,0.01609919504
5.525,96.5,0.01659917004
5.525,97.5,0.01909904505
5.525,98.5,0.01724913754
5.525,99.5,0.01789910504
5.525,100.5,0.01899905005
5.525,101.5,0.01854907255
5.525,102.5,0.02034898255
5.525,103.5,0.01949902505
5.525,104.5,0.02029898505
5.525,105.5,0.01979901005
5.525,106.5,0.02279886006
5.525,107.5,0.02079896005
5.525,108.5,0.02259887006
5.525,109.5,0.02234888256
5.525,110.5,0.02374881256
5.525,111.5,0.02249887506
5.525,112.5,0.02404879756
5.525,113.5,0.02209889506
5.525,114.5,0.02264886756
5.525,115.5,0.02129893505
5.525,116.5,0.02124893755
5.525,117.5,0.02009899505
5.525,118.5,0.02109894505
5.525,119.5,0.01889905505
5.525,120.5,0.01864906755
5.525,121.5,0.01929903505
5.525,122.5,0.01734913254
5.525,123.5,0.01824908755
5.525,124.5,0.01569921504
5.525,125.5,0.01439928004
5.525,126.5,0.01524923754
5.525,127.5,0.01479926004
5.525,128.5,0.01399930003
5.525,129.5,0.01244937753
5.525,130.5,0.01194940253
5.525,131.5,0.009899505025
5.525,132.5,0.008949552522
5.525,133.5,0.009199540023
5.525,134.5,0.007599620019
5.525,135.5,0.007499625019
5.525,136.5,0.006699665017
5.525,137.5,0.006649667517
5.525,138.5,0.005899705015
5.525,139.5,0.005299735013
5.525,140.5,0.005699715014
5.525,141.5,0.005349732513
5.525,142.5,0.004399780011
5.525,143.5,0.00389980501
5.525,144.5,0.004349782511
5.525,145.5,0.003149842508
5.525,146.5,0.002849857507
5.525,147.5,0.002199890005
5.525,148.5,0.002749862507
5.525,149.5,0.002699865007
5.525,150.5,0.002499875006
5.525,151.5,0.001949902505
5.525,152.5,0.002199890005
5.525,153.5,0.002349882506
5.525,154.5,0.002099895005
5.525,155.5,0.001699915004
5.525,156.5,0.001449927504
5.525,157.5,0.001749912504
5.525,158.5,0.001399930003
5.525,159.5,0.001499925004
5.525,160.5,0.001199940003
5.525,161.5,0.001349932503
5.525,162.5,0.0009999500025
5.525,163.5,0.001199940003
5.525,164.5,0.0005999700015
5.525,165.5,0.0008999550022
5.525,166.5,0.0006499675016
5.525,167.5,0.000399980001
5.525,168.5,0.0004999750012
5.525,169.5,0.0003499825009
5.525,170.5,0.0005999700015
5.525,171.5,9.999500025e-05
5.525,172.5,0.0001999900005
5.525,173.5,0.0002499875006
5.525,174.5,0.0001499925004
5.525,175.5,0.0001499925004
5.525,176.5,0
5.525,177.5,9.999500025e-05
5.525,178.5,0.0001499925004
5.525,179.5,0
5.575,0.5,0.0003499825009
5.575,1.5,0.0007499625019
5.575,2.5,0.001499925004
5.575,3.5,0.002249887506
5.575,4.5,0.003099845008
5.575,5.5,0.003549822509
5.575,6.5,0.004649767512
5.575,7.5,0.004599770011
5.575,8.5,0.005249737513
5.575,9.5,0.005349732513
5.575,10.5,0.005899705015
5.575,11.5,0.006249687516
5.575,12.5,0.006099695015
5.575,13.5,0.005549722514
5.575,14.5,0.00819959002
5.575,15.5,0.007549622519
5.575,16.5,0.007749612519
5.575,17.5,0.008249587521
5.575,18.5,0.008499575021
5.575,19.5,0.00819959002
5.575,20.5,0.008799560022
5.575,21.5,0.008699565022
5.575,22.5,0.00814959252
5.575,23.5,0.009949502525
5.575,24.5,0.009299535023
5.575,25.5,0.009399530023
5.575,26.5,0.009049547523
5.575,27.5,0.008849557522
5.575,28.5,0.009049547523
5.575,29.5,0.008699565022
5.575,30.5,0.01004949753
5.575,31.5,0.008449577521
5.575,32.5,0.008749562522
5.575,33.5,0.009699515024
5.575,34.5,0.009249537523
5.575,35.5,0.007549622519
5.575,36.5,0.008249587521
5.575,37.5,0.007649617519
5.575,38.5,0.008899555022
5.575,39.5,0.008249587521
5.575,40.5,0.007399630018
5.575,41.5,0.007099645018
5.575,42.5,0.007399630018
5.575,43.5,0.007699615019
5.575,44.5,0.007599620019
5.575,45.5,0.006999650017
5.575,46.5,0.005849707515
5.575,47.5,0.008299585021
5.575,48.5,0.007749612519
5.575,49.5,0.007249637518
5.575,50.5,0.007299635018
5.575,51.5,0.007199640018
5.575,52.5,0.007699615019
5.575,53.5,0.008299585021
5.575,54.5,0.007099645018
5.575,55.5,0.007449627519
5.575,56.5,0.007499625019
5.575,57.5,0.007749612519
5.575,58.5,0.007699615019
5.575,59.5,0.00789960502
5.575,60.5,0.006949652517
5.575,61.5,0.007549622519
5.575,62.5,0.007249637518
5.575,63.5,0.007599620019
5.575,64.5,0.006999650017
5.575,65.5,0.00794960252
5.575,66.5,0.007199640018
5.575,67.5,0.007399630018
5.575,68.5,0.00784960752
5.575,69.5,0.007199640018
5.575,70.5,0.006899655017
5.575,71.5,0.006449677516
5.575,72.5,0.007249637518
5.575,73.5,0.00804959752
5.575,74.5,0.007649617519
5.575,75.5,0.006549672516
5.575,76.5,0.007199640018
5.575,77.5,0.008599570021
5.575,78.5,0.008249587521
5.575,79.5,0.00799960002
5.575,80.5,0.008599570021
5.575,81.5,0.008299585021
5.575,82.5,0.009499525024
5.575,83.5,0.009549522524
5.575,84.5,0.009349532523
5.575,85.5,0.008349582521
5.575,86.5,0.009749512524
5.575,87.5,0.01214939253
5.575,88.5,0.01009949503
5.575,89.5,0.01134943253
5.575,90.5,0.01199940003
5.575,91.5,0.01109944503
5.575,92.5,0.01289935503
5.575,93.5,0.01279936003
5.575,94.5,0.01404929754
5.575,95.5,0.01489925504
5.575,96.5,0.01564921754
5.575,97.5,0.01449927504
5.575,98.5,0.01624918754
5.575,99.5,0.01594920254
5.575,100.5,0.01824908755
5.575,101.5,0.01649917504
5.575,102.5,0.01914904255
5.575,103.5,0.02029898505
5.575,104.5,0.01999900005
5.575,105.5,0.02024898755
5.575,106.5,0.01989900505
5.575,107.5,0.02209889506
5.575,108.5,0.02209889506
5.575,109.5,0.02189890505
5.575,110.5,0.02199890005
5.575,111.5,0.02159892005
5.575,112.5,0.02114894255
5.575,113.5,0.02084895755
5.575,114.5,0.02034898255
5.575,115.5,0.02004899755
5.575,116.5,0.02094895255
5.575,117.5,0.01919904005
5.575,118.5,0.01979901005
5.575,119.5,0.01944902755
5.575,120.5,0.01969901505
5.575,121.5,0.01629918504
5.575,122.5,0.01824908755
5.575,123.5,0.01639918004
5.575,124.5,0.01444927754
5.575,125.5,0.01439928004
5.575,126.5,0.01324933753
5.575,127.5,0.01384930753
5.575,128.5,0.01319934003
5.575,129.5,0.01049947503
5.575,130.5,0.01064946753
5.575,131.5,0.009549522524
5.575,132.5,0.008499575021
5.575,133.5,0.008649567522
5.575,134.5,0.008699565022
5.575,135.5,0.006349682516
5.575,136.5,0.006499675016
5.575,137.5,0.005749712514
5.575,138.5,0.005549722514
5.575,139.5,0.005499725014
5.575,140.5,0.004699765012
5.575,141.5,0.00389980501
5.575,142.5,0.004399780011
5.575,143.5,0.003799810009
5.575,144.5,0.003449827509
5.575,145.5,0.002799860007
5.575,146.5,0.002949852507
5.575,147.5,0.002949852507
5.575,148.5,0.002549872506
5.575,149.5,0.001799910004
5.575,150.5,0.001649917504
5.575,151.5,0.002199890005
5.575,152.5,0.001949902505
5.575,153.5,0.001849907505
5.575,154.5,0.001799910004
5.575,155.5,0.001049947503
5.575,156.5,0.001249937503
5.575,157.5,0.0008999550022
5.575,158.5,0.001499925004
5.575,159.5,0.0009999500025
5.575,160.5,0.001399930003
5.575,161.5,0.001349932503
5.575,162.5,0.001099945003
5.575,163.5,0.000799960002
5.575,164.5,0.0006499675016
5.575,165.5,0.0008499575021
5.575,166.5,0.0005999700015
5.575,167.5,0.0004499775011
5.575,168.5,0.0004499775011
5.575,169.5,0.0003499825009
5.575,170.5,0.0001499925004
5.575,171.5,0.0001999900005
5.575,172.5,4.999750012e-05
5.575,173.5,4.999750012e-05
5.575,174.5,4.999750012e-05
5.575,175.5,0.0001499925004
5.575,176.5,9.999500025e-05
5.575,177.5,0
5.575,178.5,4.999750012e-05
5.575,179.5,4.999750012e-05
5.625,0.5,0.0002999850007
5.625,1.5,0.000799960002
5.625,2.5,0.001299935003
5.625,3.5,0.001949902505
5.625,4.5,0.002149892505
5.625,5.5,0.003099845008
5.625,6.5,0.00394980251
5.625,7.5,0.004699765012
5.625,8.5,0.00399980001
5.625,9.5,0.005349732513
5.625,10.5,0.004649767512
5.625,11.5,0.006799660017
5.625,12.5,0.006549672516
5.625,13.5,0.006099695015
5.625,14.5,0.007049647518
5.625,15.5,0.008599570021
5.625,16.5,0.007599620019
5.625,17.5,0.008949552522
5.625,18.5,0.009299535023
5.625,19.5,0.008549572521
5.625,20.5,0.009049547523
5.625,21.5,0.008599570021
5.625,22.5,0.009099545023
5.625,23.5,0.009349532523
5.625,24.5,0.009049547523
5.625,25.5,0.00799960002
5.625,26.5,0.009849507525
5.625,27.5,0.009449527524
5.625,28.5,0.008599570021
5.625,29.5,0.008899555022
5.625,30.5,0.008499575021
5.625,31.5,0.008449577521
5.625,32.5,0.009849507525
5.625,33.5,0.009349532523
5.625,34.5,0.009799510024
5.625,35.5,0.008749562522
5.625,36.5,0.008499575021
5.625,37.5,0.007549622519
5.625,38.5,0.008299585021
5.625,39.5,0.008249587521
5.625,40.5,0.008299585021
5.625,41.5,0.007799610019
5.625,42.5,0.00794960252
5.625,43.5,0.00804959752
5.625,44.5,0.008299585021
5.625,45.5,0.008449577521
5.625,46.5,0.00809959502
5.625,47.5,0.006699665017
5.625,48.5,0.008649567522
5.625,49.5,0.008749562522
5.625,50.5,0.007449627519
5.625,51.5,0.007549622519
5.625,52.5,0.007549622519
5.625,53.5,0.007399630018
5.625,54.5,0.007049647518
5.625,55.5,0.007799610019
5.625,56.5,0.006799660017
5.625,57.5,0.00789960502
5.625,58.5,0.006899655017
5.625,59.5,0.007249637518
5.625,60.5,0.00809959502
5.625,61.5,0.007599620019
5.625,62.5,0.00784960752
5.625,63.5,0.008599570021
5.625,64.5,0.007549622519
5.625,65.5,0.006749662517
5.625,66.5,0.007149642518
5.625,67.5,0.007149642518
5.625,68.5,0.007699615019
5.625,69.5,0.00784960752
5.625,70.5,0.006899655017
5.625,71.5,0.00784960752
5.625,72.5,0.007199640018
5.625,73.5,0.007249637518
5.625,74.5,0.007449627519
5.625,75.5,0.00819959002
5.625,76.5,0.007299635018
5.625,77.5,0.008599570021
5.625,78.5,0.008449577521
5.625,79.5,0.00804959752
5.625,80.5,0.00799960002
5.625,81.5,0.008849557522
5.625,82.5,0.00809959502
5.625,83.5,0.009549522524
5.625,84.5,0.01024948753
5.625,85.5,0.009149542523
5.625,86.5,0.01029948503
5.625,87.5,0.008749562522
5.625,88.5,0.01109944503
5.625,89.5,0.01034948253
5.625,90.5,0.01179941003
5.625,91.5,0.01149942503
5.625,92.5,0.01134943253
5.625,93.5,0.01249937503
5.625,94.5,0.01454927254
5.625,95.5,0.01399930003
5.625,96.5,0.01359932003
5.625,97.5,0.01629918504
5.625,98.5,0.01634918254
5.625,99.5,0.01589920504
5.625,100.5,0.01834908255
5.625,101.5,0.01614919254
5.625,102.5,0.01904904755
5.625,103.5,0.01954902255
5.625,104.5,0.02049897505
5.625,105.5,0.02134893255
5.625,106.5,0.01949902505
5.625,107.5,0.02084895755
5.625,108.5,0.02024898755
5.625,109.5,0.02054897255
5.625,110.5,0.02249887506
5.625,111.5,0.02344882756
5.625,112.5,0.02084895755
5.625,113.5,0.02009899505
5.625,114.5,0.02259887006
5.625,115.5,0.02199890005
5.625,116.5,0.02289885506
5.625,117.5,0.02059897005
5.625,118.5,0.02174891255
5.625,119.5,0.01964901755
5.625,120.5,0.02064896755
5.625,121.5,0.01934903255
5.625,122.5,0.01869906505
5.625,123.5,0.01789910504
5.625,124.5,0.01559922004
5.625,125.5,0.01634918254
5.625,126.5,0.01484925754
5.625,127.5,0.01434928254
5.625,128.5,0.01394930253
5.625,129.5,0.01294935253
5.625,130.5,0.01029948503
5.625,131.5,0.009899505025
5.625,132.5,0.009799510024
5.625,133.5,0.00804959752
5.625,134.5,0.00809959502
5.625,135.5,0.00804959752
5.625,136.5,0.006849657517
5.625,137.5,0.006149692515
5.625,138.5,0.005799710014
5.625,139.5,0.004649767512
5.625,140.5,0.004749762512
5.625,141.5,0.004299785011
5.625,142.5,0.004549772511
5.625,143.5,0.003099845008
5.625,144.5,0.00404979751
5.625,145.5,0.002449877506
5.625,146.5,0.002599870006
5.625,147.5,0.002599870006
5.625,148.5,0.002599870006
5.625,149.5,0.002299885006
5.625,150.5,0.002399880006
5.625,151.5,0.001799910004
5.625,152.5,0.001849907505
5.625,153.5,0.001749912504
5.625,154.5,0.001249937503
5.625,155.5,0.001049947503
5.625,156.5,0.001149942503
5.625,157.5,0.0008999550022
5.625,158.5,0.001599920004
5.625,159.5,0.001449927504
5.625,160.5,0.0009499525024
5.625,161.5,0.0009499525024
5.625,162.5,0.0008999550022
5.625,163.5,0.001149942503
5.625,164.5,0.0008499575021
5.625,165.5,0.0009499525024
5.625,166.5,0.000399980001
5.625,167.5,0.0005499725014
5.625,168.5,0.0003499825009
5.625,169.5,0.0001999900005
5.625,170.5,0.0001999900005
5.625,171.5,0.0002999850007
5.625,172.5,0.0001499925004
5.625,173.5,0.0002499875006
5.625,174.5,9.999500025e-05
5.625,175.5,9.999500025e-05
5.625,176.5,4.999750012e-05
5.625,177.5,4.999750012e-05
5.625,178.5,4.999750012e-05
5.625,179.5,0
5.675,0.5,0.0005499725014
5.675,1.5,0.000799960002
5.675,2.5,0.001799910004
5.675,3.5,0.001849907505
5.675,4.5,0.002749862507
5.675,5.5,0.002549872506
5.675,6.5,0.003099845008
5.675,7.5,0.002949852507
5.675,8.5,0.004649767512
5.675,9.5,0.005099745013
5.675,10.5,0.004899755012
5.675,11.5,0.005449727514
5.675,12.5,0.006249687516
5.675,13.5,0.006449677516
5.675,14.5,0.006549672516
5.675,15.5,0.007649617519
5.675,16.5,0.007799610019
5.675,17.5,0.007749612519
5.675,18.5,0.007599620019
5.675,19.5,0.009099545023
5.675,20.5,0.006699665017
5.675,21.5,0.007549622519
5.675,22.5,0.008899555022
5.675,23.5,0.008649567522
5.675,24.5,0.008699565022
5.675,25.5,0.009599520024
5.675,26.5,0.008849557522
5.675,27.5,0.009349532523
5.675,28.5,0.008999550022
5.675,29.5,0.007699615019
5.675,30.5,0.008599570021
5.675,31.5,0.00814959252
5.675,32.5,0.008899555022
5.675,33.5,0.00799960002
5.675,34.5,0.009149542523
5.675,35.5,0.008299585021
5.675,36.5,0.007649617519
5.675,37.5,0.009299535023
5.675,38.5,0.008349582521
5.675,39.5,0.00819959002
5.675,40.5,0.007499625019
5.675,41.5,0.006999650017
5.675,42.5,0.008449577521
5.675,43.5,0.008499575021
5.675,44.5,0.009999500025
5.675,45.5,0.00789960502
5.675,46.5,0.007799610019
5.675,47.5,0.007749612519
5.675,48.5,0.007499625019
5.675,49.5,0.00784960752
5.675,50.5,0.008499575021
5.675,51.5,0.008349582521
5.675,52.5,0.007399630018
5.675,53.5,0.00819959002
5.675,54.5,0.008649567522
5.675,55.5,0.008449577521
5.675,56.5,0.006799660017
5.675,57.5,0.008749562522
5.675,58.5,0.006999650017
5.675,59.5,0.007349632518
5.675,60.5,0.006799660017
5.675,61.5,0.008549572521
5.675,62.5,0.009099545023
5.675,63.5,0.008299585021
5.675,64.5,0.007299635018
5.675,65.5,0.007499625019
5.675,66.5,0.006699665017
5.675,67.5,0.007549622519
5.675,68.5,0.007449627519
5.675,69.5,0.007449627519
5.675,70.5,0.00784960752
5.675,71.5,0.007049647518
5.675,72.5,0.007349632518
5.675,73.5,0.007249637518
5.675,74.5,0.007299635018
5.675,75.5,0.009049547523
5.675,76.5,0.007749612519
5.675,77.5,0.00794960252
5.675,78.5,0.009549522524
5.675,79.5,0.009599520024
5.675,80.5,0.008699565022
5.675,81.5,0.008749562522
5.675,82.5,0.01014949253
5.675,83.5,0.01014949253
5.675,84.5,0.009799510024
5.675,85.5,0.009499525024
5.675,86.5,0.009999500025
5.675,87.5,0.01004949753
5.675,88.5,0.009899505025
5.675,89.5,0.009999500025
5.675,90.5,0.01049947503
5.675,91.5,0.01229938503
5.675,92.5,0.01374931253
5.675,93.5,0.01339933003
5.675,94.5,0.01359932003
5.675,95.5,0.01279936003
5.675,96.5,0.01479926004
5.675,97.5,0.01459927004
5.675,98.5,0.01414929254
5.675,99.5,0.01684915754
5.675,100.5,0.01529923504
5.675,101.5,0.01609919504
5.675,102.5,0.01704914754
5.675,103.5,0.01739913004
5.675,104.5,0.01814909255
5.675,105.5,0.01859907005
5.675,106.5,0.01979901005
5.675,107.5,0.01989900505
5.675,108.5,0.02024898755
5.675,109.5,0.01959902005
5.675,110.5,0.02219889006
5.675,111.5,0.02179891005
5.675,112.5,0.02019899005
5.675,113.5,0.02119894005
5.675,114.5,0.02079896005
5.675,115.5,0.02124893755
5.675,116.5,0.02114894255
5.675,117.5,0.02034898255
5.675,118.5,0.02064896755
5.675,119.5,0.01929903505
5.675,120.5,0.01809909505
5.675,121.5,0.01934903255
5.675,122.5,0.01764911754
5.675,123.5,0.01689915504
5.675,124.5,0.01614919254
5.675,125.5,0.01634918254
5.675,126.5,0.01464926754
5.675,127.5,0.01349932503
5.675,128.5,0.01419929004
5.675,129.5,0.01214939253
5.675,130.5,0.01219939003
5.675,131.5,0.01074946253
5.675,132.5,0.01009949503
5.675,133.5,0.009599520024
5.675,134.5,0.00799960002
5.675,135.5,0.007499625019
5.675,136.5,0.007349632518
5.675,137.5,0.006649667517
5.675,138.5,0.005299735013
5.675,139.5,0.006099695015
5.675,140.5,0.005349732513
5.675,141.5,0.004949752512
5.675,142.5,0.003599820009
5.675,143.5,0.00409979501
5.675,144.5,0.003549822509
5.675,145.5,0.003399830008
5.675,146.5,0.003199840008
5.675,147.5,0.003099845008
5.675,148.5,0.002199890005
5.675,149.5,0.002049897505
5.675,150.5,0.001649917504
5.675,151.5,0.002099895005
5.675,152.5,0.001099945003
5.675,153.5,0.002149892505
5.675,154.5,0.001049947503
5.675,155.5,0.001399930003
5.675,156.5,0.001299935003
5.675,157.5,0.001499925004
5.675,158.5,0.001649917504
5.675,159.5,0.001149942503
5.675,160.5,0.0009999500025
5.675,161.5,0.000799960002
5.675,162.5,0.0006999650017
5.675,163.5,0.0009999500025
5.675,164.5,0.0004499775011
5.675,165.5,0.0004999750012
5.675,166.5,0.0006499675016
5.675,167.5,0.0005999700015
5.675,168.5,0.0002499875006
5.675,169.5,0.0008499575021
5.675,170.5,0.0003499825009
5.675,171.5,0.0003499825009
5.675,172.5,0.0001999900005
5.675,173.5,0.0001999900005
5.675,174.5,0.0001499925004
5.675,175.5,0.0002499875006
5.675,176.5,0.0002499875006
5.675,177.5,4.999750012e-05
5.675,178.5,9.999500025e-05
5.675,179.5,0
5.725,0.5,9.999500025e-05
5.725,1.5,0.000799960002
5.725,2.5,0.0008999550022
5.725,3.5,0.001549922504
5.725,4.5,0.002149892505
5.725,5.5,0.002499875006
5.725,6.5,0.003199840008
5.725,7.5,0.00409979501
5.725,8.5,0.004799760012
5.725,9.5,0.00384980751
5.725,10.5,0.004749762512
5.725,11.5,0.005249737513
5.725,12.5,0.006249687516
5.725,13.5,0.006799660017
5.725,14.5,0.005249737513
5.725,15.5,0.006949652517
5.725,16.5,0.00784960752
5.725,17.5,0.007049647518
5.725,18.5,0.007449627519
5.725,19.5,0.007399630018
5.725,20.5,0.008549572521
5.725,21.5,0.00809959502
5.725,22.5,0.00794960252
5.725,23.5,0.00794960252
5.725,24.5,0.008649567522
5.725,25.5,0.00804959752
5.725,26.5,0.009299535023
5.725,27.5,0.008249587521
5.725,28.5,0.009399530023
5.725,29.5,0.008249587521
5.725,30.5,0.008799560022
5.725,31.5,0.008999550022
5.725,32.5,0.009199540023
5.725,33.5,0.009099545023
5.725,34.5,0.007649617519
5.725,35.5,0.009999500025
5.725,36.5,0.008299585021
5.725,37.5,0.007699615019
5.725,38.5,0.00814959252
5.725,39.5,0.008249587521
5.725,40.5,0.008599570021
5.725,41.5,0.008699565022
5.725,42.5,0.00794960252
5.725,43.5,0.00809959502
5.725,44.5,0.006999650017
5.725,45.5,0.008399580021
5.725,46.5,0.00799960002
5.725,47.5,0.007449627519
5.725,48.5,0.00819959002
5.725,49.5,0.00799960002
5.725,50.5,0.008499575021
5.725,51.5,0.008749562522
5.725,52.5,0.008749562522
5.725,53.5,0.007349632518
5.725,54.5,0.008649567522
5.725,55.5,0.008349582521
5.725,56.5,0.009049547523
5.725,57.5,0.008499575021
5.725,58.5,0.00799960002
5.725,59.5,0.007599620019
5.725,60.5,0.008499575021
5.725,61.5,0.008799560022
5.725,62.5,0.008299585021
5.725,63.5,0.008449577521
5.725,64.5,0.00784960752
5.725,65.5,0.008599570021
5.725,66.5,0.008249587521
5.725,67.5,0.008599570021
5.725,68.5,0.008749562522
5.725,69.5,0.009249537523
5.725,70.5,0.009149542523
5.725,71.5,0.007549622519
5.725,72.5,0.008849557522
5.725,73.5,0.009299535023
5.725,74.5,0.008449577521
5.725,75.5,0.006499675016
5.725,76.5,0.008749562522
5.725,77.5,0.00814959252
5.725,78.5,0.01004949753
5.725,79.5,0.007499625019
5.725,80.5,0.009499525024
5.725,81.5,0.01024948753
5.725,82.5,0.009949502525
5.725,83.5,0.01069946503
5.725,84.5,0.01084945753
5.725,85.5,0.009649517524
5.725,86.5,0.01044947753
5.725,87.5,0.01064946753
5.725,88.5,0.009299535023
5.725,89.5,0.009899505025
5.725,90.5,0.01114944253
5.725,91.5,0.01189940503
5.725,92.5,0.01154942253
5.725,93.5,0.01179941003
5.725,94.5,0.01084945753
5.725,95.5,0.01289935503
5.725,96.5,0.01284935753
5.725,97.5,0.01379931003
5.725,98.5,0.01424928754
5.725,99.5,0.01499925004
5.725,100.5,0.01504924754
5.725,101.5,0.01569921504
5.725,102.5,0.01514924254
5.725,103.5,0.01619919004
5.725,104.5,0.01639918004
5.725,105.5,0.01749912504
5.725,106.5,0.01669916504
5.725,107.5,0.01919904005
5.725,108.5,0.01814909255
5.725,109.5,0.01994900255
5.725,110.5,0.01929903505
5.725,111.5,0.01909904505
5.725,112.5,0.02044897755
5.725,113.5,0.02099895005
5.725,114.5,0.02054897255
5.725,115.5,0.01989900505
5.725,116.5,0.02194890255
5.725,117.5,0.02094895255
5.725,118.5,0.01974901255
5.725,119.5,0.01939903005
5.725,120.5,0.01949902505
5.725,121.5,0.01804909755
5.725,122.5,0.01944902755
5.725,123.5,0.01704914754
5.725,124.5,0.01714914254
5.725,125.5,0.01649917504
5.725,126.5,0.01504924754
5.725,127.5,0.01364931753
5.725,128.5,0.01339933003
5.725,129.5,0.01209939503
5.725,130.5,0.01139943003
5.725,131.5,0.01159942003
5.725,132.5,0.01054947253
5.725,133.5,0.008699565022
5.725,134.5,0.008499575021
5.725,135.5,0.00784960752
5.725,136.5,0.007049647518
5.725,137.5,0.007549622519
5.725,138.5,0.005799710014
5.725,139.5,0.005049747513
5.725,140.5,0.004549772511
5.725,141.5,0.004899755012
5.725,142.5,0.004649767512
5.725,143.5,0.00389980501
5.725,144.5,0.003649817509
5.725,145.5,0.003349832508
5.725,146.5,0.003349832508
5.725,147.5,0.003049847508
5.725,148.5,0.002549872506
5.725,149.5,0.002549872506
5.725,150.5,0.002349882506
5.725,151.5,0.002199890005
5.725,152.5,0.002299885006
5.725,153.5,0.001749912504
5.725,154.5,0.002299885006
5.725,155.5,0.001699915004
5.725,156.5,0.001399930003
5.725,157.5,0.001549922504
5.725,158.5,0.000799960002
5.725,159.5,0.001149942503
5.725,160.5,0.001199940003
5.725,161.5,0.0008499575021
5.725,162.5,0.000799960002
5.725,163.5,0.0005999700015
5.725,164.5,0.0007499625019
5.725,165.5,0.0002499875006
5.725,166.5,0.0004499775011
5.725,167.5,0.0008499575021
5.725,168.5,0.0001499925004
5.725,169.5,0.0004499775011
5.725,170.5,0.0003499825009
5.725,171.5,0.000399980001
5.725,172.5,0.0004499775011
5.725,173.5,0.0002999850007
5.725,174.5,0.0002999850007
5.725,175.5,0.0001499925004
5.725,176.5,0.0001999900005
5.725,177.5,4.999750012e-05
5.725,178.5,4.999750012e-05
5.725,179.5,0
5.775,0.5,0.0001499925004
5.775,1.5,0.0005999700015
5.775,2.5,0.001399930003
5.775,3.5,0.001499925004
5.775,4.5,0.001699915004
5.775,5.5,0.002349882506
5.775,6.5,0.002849857507
5.775,7.5,0.003299835008
5.775,8.5,0.003799810009
5.775,9.5,0.00414979251
5.775,10.5,0.004699765012
5.775,11.5,0.00419979001
5.775,12.5,0.005249737513
5.775,13.5,0.005799710014
5.775,14.5,0.006349682516
5.775,15.5,0.006649667517
5.775,16.5,0.007049647518
5.775,17.5,0.006299685016
5.775,18.5,0.006999650017
5.775,19.5,0.007649617519
5.775,20.5,0.006999650017
5.775,21.5,0.008299585021
5.775,22.5,0.00799960002
5.775,23.5,0.00799960002
5.775,24.5,0.007349632518
5.775,25.5,0.008699565022
5.775,26.5,0.01014949253
5.775,27.5,0.008999550022
5.775,28.5,0.009199540023
5.775,29.5,0.00819959002
5.775,30.5,0.007649617519
5.775,31.5,0.00794960252
5.775,32.5,0.01009949503
5.775,33.5,0.00804959752
5.775,34.5,0.009699515024
5.775,35.5,0.009349532523
5.775,36.5,0.009149542523
5.775,37.5,0.008899555022
5.775,38.5,0.007399630018
5.775,39.5,0.007749612519
5.775,40.5,0.009049547523
5.775,41.5,0.008599570021
5.775,42.5,0.01019949003
5.775,43.5,0.00809959502
5.775,44.5,0.009049547523
5.775,45.5,0.00799960002
5.775,46.5,0.009499525024
5.775,47.5,0.008999550022
5.775,48.5,0.008249587521
5.775,49.5,0.007749612519
5.775,50.5,0.009299535023
5.775,51.5,0.008349582521
5.775,52.5,0.00804959752
5.775,53.5,0.008999550022
5.775,54.5,0.009149542523
5.775,55.5,0.009199540023
5.775,56.5,0.008849557522
5.775,57.5,0.008699565022
5.775,58.5,0.008499575021
5.775,59.5,0.008849557522
5.775,60.5,0.00794960252
5.775,61.5,0.009199540023
5.775,62.5,0.00789960502
5.775,63.5,0.008849557522
5.775,64.5,0.008449577521
5.775,65.5,0.008899555022
5.775,66.5,0.008399580021
5.775,67.5,0.009499525024
5.775,68.5,0.00814959252
5.775,69.5,0.00814959252
5.775,70.5,0.009199540023
5.775,71.5,0.008849557522
5.775,72.5,0.009199540023
5.775,73.5,0.008599570021
5.775,74.5,0.00809959502
5.775,75.5,0.009599520024
5.775,76.5,0.008299585021
5.775,77.5,0.008349582521
5.775,78.5,0.00819959002
5.775,79.5,0.009349532523
5.775,80.5,0.009649517524
5.775,81.5,0.009999500025
5.775,82.5,0.009699515024
5.775,83.5,0.009699515024
5.775,84.5,0.009499525024
5.775,85.5,0.009499525024
5.775,86.5,0.01054947253
5.775,87.5,0.01139943003
5.775,88.5,0.01074946253
5.775,89.5,0.01054947253
5.775,90.5,0.01089945503
5.775,91.5,0.01089945503
5.775,92.5,0.01134943253
5.775,93.5,0.01244937753
5.775,94.5,0.01359932003
5.775,95.5,0.01334933253
5.775,96.5,0.01469926504
5.775,97.5,0.01289935503
5.775,98.5,0.01189940503
5.775,99.5,0.01509924504
5.775,100.5,0.01519924004
5.775,101.5,0.01469926504
5.775,102.5,0.01604919754
5.775,103.5,0.01579921004
5.775,104.5,0.01739913004
5.775,105.5,0.01749912504
5.775,106.5,0.01599920004
5.775,107.5,0.01899905005
5.775,108.5,0.01994900255
5.775,109.5,0.02034898255
5.775,110.5,0.01789910504
5.775,111.5,0.01869906505
5.775,112.5,0.02044897755
5.775,113.5,0.02139893005
5.775,114.5,0.01984900755
5.775,115.5,0.01969901505
5.775,116.5,0.01904904755
5.775,117.5,0.02124893755
5.775,118.5,0.01994900255
5.775,119.5,0.01929903505
5.775,120.5,0.01884905755
5.775,121.5,0.01879906005
5.775,122.5,0.01844907755
5.775,123.5,0.01739913004
5.775,124.5,0.01684915754
5.775,125.5,0.01529923504
5.775,126.5,0.01459927004
5.775,127.5,0.01459927004
5.775,128.5,0.01289935503
5.775,129.5,0.01284935753
5.775,130.5,0.01054947253
5.775,131.5,0.01229938503
5.775,132.5,0.01039948003
5.775,133.5,0.009399530023
5.775,134.5,0.008699565022
5.775,135.5,0.008399580021
5.775,136.5,0.007199640018
5.775,137.5,0.007399630018
5.775,138.5,0.006949652517
5.775,139.5,0.005649717514
5.775,140.5,0.005749712514
5.775,141.5,0.004899755012
5.775,142.5,0.00404979751
5.775,143.5,0.004249787511
5.775,144.5,0.003549822509
5.775,145.5,0.002449877506
5.775,146.5,0.002899855007
5.775,147.5,0.002799860007
5.775,148.5,0.002649867507
5.775,149.5,0.002949852507
5.775,150.5,0.002449877506
5.775,151.5,0.001949902505
5.775,152.5,0.002399880006
5.775,153.5,0.001199940003
5.775,154.5,0.001649917504
5.775,155.5,0.001349932503
5.775,156.5,0.001299935003
5.775,157.5,0.001299935003
5.775,158.5,0.001149942503
5.775,159.5,0.0009499525024
5.775,160.5,0.0006499675016
5.775,161.5,0.0006499675016
5.775,162.5,0.0004499775011
5.775,163.5,0.000799960002
5.775,164.5,0.000399980001
5.775,165.5,0.000799960002
5.775,166.5,0.000399980001
5.775,167.5,0.0002499875006
5.775,168.5,0.0005999700015
5.775,169.5,0.0002999850007
5.775,170.5,0.0002999850007
5.775,171.5,0.0002499875006
5.775,172.5,0.0002999850007
5.775,173.5,0.0001499925004
5.775,174.5,0.0001999900005
5.775,175.5,0.0001999900005
5.775,176.5,4.999750012e-05
5.775,177.5,0
5.775,178.5,4.999750012e-05
5.775,179.5,4.999750012e-05
5.825,0.5,0.0003499825009
5.825,1.5,0.0008499575021
5.825,2.5,0.0008499575021
5.825,3.5,0.001299935003
5.825,4.5,0.001849907505
5.825,5.5,0.002949852507
5.825,6.5,0.003399830008
5.825,7.5,0.002899855007
5.825,8.5,0.004399780011
5.825,9.5,0.00404979751
5.825,10.5,0.004349782511
5.825,11.5,0.005299735013
5.825,12.5,0.004749762512
5.825,13.5,0.005999700015
5.825,14.5,0.005849707515
5.825,15.5,0.006499675016
5.825,16.5,0.006899655017
5.825,17.5,0.006199690015
5.825,18.5,0.005849707515
5.825,19.5,0.008349582521
5.825,20.5,0.00789960502
5.825,21.5,0.007799610019
5.825,22.5,0.007499625019
5.825,23.5,0.006949652517
5.825,24.5,0.006999650017
5.825,25.5,0.00819959002
5.825,26.5,0.006699665017
5.825,27.5,0.008999550022
5.825,28.5,0.009549522524
5.825,29.5,0.008749562522
5.825,30.5,0.008849557522
5.825,31.5,0.008999550022
5.825,32.5,0.008849557522
5.825,33.5,0.01009949503
5.825,34.5,0.009399530023
5.825,35.5,0.009649517524
5.825,36.5,0.009349532523
5.825,37.5,0.009799510024
5.825,38.5,0.009399530023
5.825,39.5,0.008749562522
5.825,40.5,0.009049547523
5.825,41.5,0.01029948503
5.825,42.5,0.008299585021
5.825,43.5,0.009499525024
5.825,44.5,0.01004949753
5.825,45.5,0.009749512524
5.825,46.5,0.009749512524
5.825,47.5,0.009549522524
5.825,48.5,0.009099545023
5.825,49.5,0.009649517524
5.825,50.5,0.009399530023
5.825,51.5,0.008849557522
5.825,52.5,0.009699515024
5.825,53.5,0.009749512524
5.825,54.5,0.009999500025
5.825,55.5,0.009899505025
5.825,56.5,0.009799510024
5.825,57.5,0.009349532523
5.825,58.5,0.009099545023
5.825,59.5,0.01044947753
5.825,60.5,0.009149542523
5.825,61.5,0.009849507525
5.825,62.5,0.009849507525
5.825,63.5,0.01049947503
5.825,64.5,0.01019949003
5.825,65.5,0.009699515024
5.825,66.5,0.009699515024
5.825,67.5,0.008349582521
5.825,68.5,0.01009949503
5.825,69.5,0.01084945753
5.825,70.5,0.008799560022
5.825,71.5,0.007549622519
5.825,72.5,0.008749562522
5.825,73.5,0.01029948503
5.825,74.5,0.009249537523
5.825,75.5,0.009849507525
5.825,76.5,0.007699615019
5.825,77.5,0.009199540023
5.825,78.5,0.008849557522
5.825,79.5,0.008899555022
5.825,80.5,0.008699565022
5.825,81.5,0.009799510024
5.825,82.5,0.01024948753
5.825,83.5,0.009549522524
5.825,84.5,0.01124943753
5.825,85.5,0.009749512524
5.825,86.5,0.01064946753
5.825,87.5,0.01054947253
5.825,88.5,0.01079946003
5.825,89.5,0.01119944003
5.825,90.5,0.01154942253
5.825,91.5,0.01079946003
5.825,92.5,0.01089945503
5.825,93.5,0.01189940503
5.825,94.5,0.01264936753
5.825,95.5,0.01219939003
5.825,96.5,0.01234938253
5.825,97.5,0.01329933503
5.825,98.5,0.01289935503
5.825,99.5,0.01404929754
5.825,100.5,0.01359932003
5.825,101.5,0.01519924004
5.825,102.5,0.01444927754
5.825,103.5,0.01499925004
5.825,104.5,0.01449927504
5.825,105.5,0.01534923254
5.825,106.5,0.01824908755
5.825,107.5,0.01784910754
5.825,108.5,0.01809909505
5.825,109.5,0.01949902505
5.825,110.5,0.01829908505
5.825,111.5,0.02004899755
5.825,112.5,0.02059897005
5.825,113.5,0.02094895255
5.825,114.5,0.01979901005
5.825,115.5,0.02224888756
5.825,116.5,0.02109894505
5.825,117.5,0.01934903255
5.825,118.5,0.01944902755
5.825,119.5,0.01749912504
5.825,120.5,0.01849907505
5.825,121.5,0.01789910504
5.825,122.5,0.01779911004
5.825,123.5,0.01739913004
5.825,124.5,0.01659917004
5.825,125.5,0.01659917004
5.825,126.5,0.01414929254
5.825,127.5,0.01539923004
5.825,128.5,0.01199940003
5.825,129.5,0.01414929254
5.825,130.5,0.01269936503
5.825,131.5,0.01054947253
5.825,132.5,0.01114944253
5.825,133.5,0.01099945003
5.825,134.5,0.009349532523
5.825,135.5,0.009349532523
5.825,136.5,0.008699565022
5.825,137.5,0.007749612519
5.825,138.5,0.006999650017
5.825,139.5,0.005799710014
5.825,140.5,0.005249737513
5.825,141.5,0.005299735013
5.825,142.5,0.004949752512
5.825,143.5,0.003549822509
5.825,144.5,0.003399830008
5.825,145.5,0.003499825009
5.825,146.5,0.002999850007
5.825,147.5,0.002549872506
5.825,148.5,0.003299835008
5.825,149.5,0.003099845008
5.825,150.5,0.002149892505
5.825,151.5,0.001999900005
5.825,152.5,0.001549922504
5.825,153.5,0.001249937503
5.825,154.5,0.001599920004
5.825,155.5,0.001449927504
5.825,156.5,0.001099945003
5.825,157.5,0.001499925004
5.825,158.5,0.001349932503
5.825,159.5,0.001299935003
5.825,160.5,0.0007499625019
5.825,161.5,0.000799960002
5.825,162.5,0.000799960002
5.825,163.5,0.000799960002
5.825,164.5,0.0005999700015
5.825,165.5,0.0005499725014
5.825,166.5,0.000399980001
5.825,167.5,0.0003499825009
5.825,168.5,0.000399980001
5.825,169.5,0.0004999750012
5.825,170.5,0.0004499775011
5.825,171.5,0.000399980001
5.825,172.5,0.0002499875006
5.825,173.5,0.0001499925004
5.825,174.5,0.0004999750012
5.825,175.5,9.999500025e-05
5.825,176.5,0
5.825,177.5,9.999500025e-05
5.825,178.5,4.999750012e-05
5.825,179.5,4.999750012e-05
5.875,0.5,0.0002999850007
5.875,1.5,0.0005499725014
5.875,2.5,0.001049947503
5.875,3.5,0.001499925004
5.875,4.5,0.002049897505
5.875,5.5,0.002449877506
5.875,6.5,0.002699865007
5.875,7.5,0.002899855007
5.875,8.5,0.003799810009
5.875,9.5,0.00419979001
5.875,10.5,0.00404979751
5.875,11.5,0.004649767512
5.875,12.5,0.004649767512
5.875,13.5,0.005849707515
5.875,14.5,0.004849757512
5.875,15.5,0.005449727514
5.875,16.5,0.006049697515
5.875,17.5,0.007199640018
5.875,18.5,0.006299685016
5.875,19.5,0.007199640018
5.875,20.5,0.007499625019
5.875,21.5,0.008299585021
5.875,22.5,0.00789960502
5.875,23.5,0.007499625019
5.875,24.5,0.00809959502
5.875,25.5,0.008499575021
5.875,26.5,0.008749562522
5.875,27.5,0.00814959252
5.875,28.5,0.00799960002
5.875,29.5,0.008649567522
5.875,30.5,0.00819959002
5.875,31.5,0.008549572521
5.875,32.5,0.009049547523
5.875,33.5,0.01039948003
5.875,34.5,0.009349532523
5.875,35.5,0.008549572521
5.875,36.5,0.008999550022
5.875,37.5,0.009149542523
5.875,38.5,0.01054947253
5.875,39.5,0.008949552522
5.875,40.5,0.01059947003
5.875,41.5,0.009249537523
5.875,42.5,0.01079946003
5.875,43.5,0.01044947753
5.875,44.5,0.01004949753
5.875,45.5,0.01044947753
5.875,46.5,0.009649517524
5.875,47.5,0.01089945503
5.875,48.5,0.01039948003
5.875,49.5,0.01014949253
5.875,50.5,0.01159942003
5.875,51.5,0.01114944253
5.875,52.5,0.01044947753
5.875,53.5,0.009699515024
5.875,54.5,0.01144942753
5.875,55.5,0.01084945753
5.875,56.5,0.01239938003
5.875,57.5,0.01169941503
5.875,58.5,0.01109944503
5.875,59.5,0.01089945503
5.875,60.5,0.01039948003
5.875,61.5,0.01074946253
5.875,62.5,0.01044947753
5.875,63.5,0.01089945503
5.875,64.5,0.01199940003
5.875,65.5,0.01129943503
5.875,66.5,0.009249537523
5.875,67.5,0.009849507525
5.875,68.5,0.01049947503
5.875,69.5,0.01004949753
5.875,70.5,0.01129943503
5.875,71.5,0.009649517524
5.875,72.5,0.01144942753
5.875,73.5,0.009449527524
5.875,74.5,0.01004949753
5.875,75.5,0.01129943503
5.875,76.5,0.009949502525
5.875,77.5,0.01024948753
5.875,78.5,0.01024948753
5.875,79.5,0.01034948253
5.875,80.5,0.01109944503
5.875,81.5,0.01019949003
5.875,82.5,0.01179941003
5.875,83.5,0.01034948253
5.875,84.5,0.01039948003
5.875,85.5,0.01214939253
5.875,86.5,0.01089945503
5.875,87.5,0.01204939753
5.875,88.5,0.009199540023
5.875,89.5,0.01069946503
5.875,90.5,0.01059947003
5.875,91.5,0.01134943253
5.875,92.5,0.01039948003
5.875,93.5,0.01154942253
5.875,94.5,0.01214939253
5.875,95.5,0.01319934003
5.875,96.5,0.01224938753
5.875,97.5,0.01354932253
5.875,98.5,0.01284935753
5.875,99.5,0.01304934753
5.875,100.5,0.01424928754
5.875,101.5,0.01604919754
5.875,102.5,0.01559922004
5.875,103.5,0.01599920004
5.875,104.5,0.01609919504
5.875,105.5,0.01534923254
5.875,106.5,0.01764911754
5.875,107.5,0.01674916254
5.875,108.5,0.01744912754
5.875,109.5,0.01714914254
5.875,110.5,0.01834908255
5.875,111.5,0.01979901005
5.875,112.5,0.01804909755
5.875,113.5,0.01764911754
5.875,114.5,0.01854907255
5.875,115.5,0.02084895755
5.875,116.5,0.01934903255
5.875,117.5,0.01809909505
5.875,118.5,0.01804909755
5.875,119.5,0.01939903005
5.875,120.5,0.01829908505
5.875,121.5,0.01849907505
5.875,122.5,0.01694915254
5.875,123.5,0.01644917754
5.875,124.5,0.01649917504
5.875,125.5,0.01549922504
5.875,126.5,0.01569921504
5.875,127.5,0.01484925754
5.875,128.5,0.01504924754
5.875,129.5,0.01419929004
5.875,130.5,0.01394930253
5.875,131.5,0.01234938253
5.875,132.5,0.01144942753
5.875,133.5,0.01054947253
5.875,134.5,0.008499575021
5.875,135.5,0.008649567522
5.875,136.5,0.007649617519
5.875,137.5,0.006549672516
5.875,138.5,0.006799660017
5.875,139.5,0.005949702515
5.875,140.5,0.005399730013
5.875,141.5,0.004499775011
5.875,142.5,0.004599770011
5.875,143.5,0.003749812509
5.875,144.5,0.00404979751
5.875,145.5,0.003549822509
5.875,146.5,0.002699865007
5.875,147.5,0.003599820009
5.875,148.5,0.002349882506
5.875,149.5,0.003399830008
5.875,150.5,0.002649867507
5.875,151.5,0.002299885006
5.875,152.5,0.001899905005
5.875,153.5,0.001799910004
5.875,154.5,0.001299935003
5.875,155.5,0.001349932503
5.875,156.5,0.001099945003
5.875,157.5,0.0009499525024
5.875,158.5,0.001049947503
5.875,159.5,0.0007499625019
5.875,160.5,0.001049947503
5.875,161.5,0.0006999650017
5.875,162.5,0.000399980001
5.875,163.5,0.0004999750012
5.875,164.5,0.0005999700015
5.875,165.5,0.0006499675016
5.875,166.5,0.0004999750012
5.875,167.5,0.0004999750012
5.875,168.5,0.0002999850007
5.875,169.5,0.0001999900005
5.875,170.5,0.0001999900005
5.875,171.5,0.000399980001
5.875,172.5,0.0002999850007
5.875,173.5,0.0001499925004
5.875,174.5,9.999500025e-05
5.875,175.5,0.0003499825009
5.875,176.5,0.0001999900005
5.875,177.5,0
5.875,178.5,0
5.875,179.5,4.999750012e-05
5.925,0.5,0.0002999850007
5.925,1.5,0.0005999700015
5.925,2.5,0.001299935003
5.925,3.5,0.001599920004
5.925,4.5,0.002399880006
5.925,5.5,0.002399880006
5.925,6.5,0.001849907505
5.925,7.5,0.002949852507
5.925,8.5,0.003499825009
5.925,9.5,0.003599820009
5.925,10.5,0.003249837508
5.925,11.5,0.004449777511
5.925,12.5,0.004399780011
5.925,13.5,0.004449777511
5.925,14.5,0.005249737513
5.925,15.5,0.005149742513
5.925,16.5,0.006049697515
5.925,17.5,0.007199640018
5.925,18.5,0.006649667517
5.925,19.5,0.006499675016
5.925,20.5,0.007449627519
5.925,21.5,0.007449627519
5.925,22.5,0.007199640018
5.925,23.5,0.007549622519
5.925,24.5,0.00819959002
5.925,25.5,0.006599670016
5.925,26.5,0.008299585021
5.925,27.5,0.008799560022
5.925,28.5,0.00799960002
5.925,29.5,0.009199540023
5.925,30.5,0.009399530023
5.925,31.5,0.01014949253
5.925,32.5,0.009399530023
5.925,33.5,0.009449527524
5.925,34.5,0.009499525024
5.925,35.5,0.01014949253
5.925,36.5,0.009949502525
5.925,37.5,0.01074946253
5.925,38.5,0.009899505025
5.925,39.5,0.01024948753
5.925,40.5,0.008849557522
5.925,41.5,0.009699515024
5.925,42.5,0.01144942753
5.925,43.5,0.01139943003
5.925,44.5,0.009349532523
5.925,45.5,0.01069946503
5.925,46.5,0.01139943003
5.925,47.5,0.01114944253
5.925,48.5,0.009399530023
5.925,49.5,0.01034948253
5.925,50.5,0.01189940503
5.925,51.5,0.01084945753
5.925,52.5,0.01024948753
5.925,53.5,0.01204939753
5.925,54.5,0.01049947503
5.925,55.5,0.01154942253
5.925,56.5,0.01309934503
5.925,57.5,0.01309934503
5.925,58.5,0.01179941003
5.925,59.5,0.01064946753
5.925,60.5,0.01174941253
5.925,61.5,0.01114944253
5.925,62.5,0.01084945753
5.925,63.5,0.01149942503
5.925,64.5,0.01134943253
5.925,65.5,0.009899505025
5.925,66.5,0.01184940753
5.925,67.5,0.01304934753
5.925,68.5,0.01079946003
5.925,69.5,0.01134943253
5.925,70.5,0.01249937503
5.925,71.5,0.01149942503
5.925,72.5,0.01154942253
5.925,73.5,0.01014949253
5.925,74.5,0.009999500025
5.925,75.5,0.01039948003
5.925,76.5,0.01094945253
5.925,77.5,0.009699515024
5.925,78.5,0.01129943503
5.925,79.5,0.009799510024
5.925,80.5,0.01104944753
5.925,81.5,0.01164941753
5.925,82.5,0.01064946753
5.925,83.5,0.009949502525
5.925,84.5,0.01039948003
5.925,85.5,0.01064946753
5.925,86.5,0.01119944003
5.925,87.5,0.009799510024
5.925,88.5,0.01009949503
5.925,89.5,0.01094945253
5.925,90.5,0.01124943753
5.925,91.5,0.01029948503
5.925,92.5,0.01174941253
5.925,93.5,0.01159942003
5.925,94.5,0.01194940253
5.925,95.5,0.01199940003
5.925,96.5,0.01219939003
5.925,97.5,0.01319934003
5.925,98.5,0.01324933753
5.925,99.5,0.01234938253
5.925,100.5,0.01394930253
5.925,101.5,0.01519924004
5.925,102.5,0.01574921254
5.925,103.5,0.01339933003
5.925,104.5,0.01574921254
5.925,105.5,0.01454927254
5.925,106.5,0.01579921004
5.925,107.5,0.01639918004
5.925,108.5,0.01639918004
5.925,109.5,0.01734913254
5.925,110.5,0.01624918754
5.925,111.5,0.01789910504
5.925,112.5,0.01839908005
5.925,113.5,0.01764911754
5.925,114.5,0.01814909255
5.925,115.5,0.01834908255
5.925,116.5,0.01809909505
5.925,117.5,0.01789910504
5.925,118.5,0.01839908005
5.925,119.5,0.01734913254
5.925,120.5,0.01614919254
5.925,121.5,0.01564921754
5.925,122.5,0.01684915754
5.925,123.5,0.01619919004
5.925,124.5,0.01514924254
5.925,125.5,0.01449927504
5.925,126.5,0.01479926004
5.925,127.5,0.01399930003
5.925,128.5,0.01354932253
5.925,129.5,0.01259937003
5.925,130.5,0.01194940253
5.925,131.5,0.01099945003
5.925,132.5,0.009749512524
5.925,133.5,0.008849557522
5.925,134.5,0.008599570021
5.925,135.5,0.008299585021
5.925,136.5,0.007299635018
5.925,137.5,0.007199640018
5.925,138.5,0.006949652517
5.925,139.5,0.005599720014
5.925,140.5,0.006499675016
5.925,141.5,0.004899755012
5.925,142.5,0.004399780011
5.925,143.5,0.004699765012
5.925,144.5,0.004499775011
5.925,145.5,0.002799860007
5.925,146.5,0.003149842508
5.925,147.5,0.00394980251
5.925,148.5,0.003499825009
5.925,149.5,0.002849857507
5.925,150.5,0.002299885006
5.925,151.5,0.002299885006
5.925,152.5,0.002449877506
5.925,153.5,0.001649917504
5.925,154.5,0.001799910004
5.925,155.5,0.001649917504
5.925,156.5,0.001449927504
5.925,157.5,0.001099945003
5.925,158.5,0.0009499525024
5.925,159.5,0.001149942503
5.925,160.5,0.000799960002
5.925,161.5,0.001149942503
5.925,162.5,0.001099945003
5.925,163.5,0.0007499625019
5.925,164.5,0.0003499825009
5.925,165.5,0.0003499825009
5.925,166.5,0.0006499675016
5.925,167.5,0.0003499825009
5.925,168.5,0.0001999900005
5.925,169.5,0.0004999750012
5.925,170.5,0.0004499775011
5.925,171.5,0.0004499775011
5.925,172.5,9.999500025e-05
5.925,173.5,0.0003499825009
5.925,174.5,0.0001499925004
5.925,175.5,0.0003499825009
5.925,176.5,4.999750012e-05
5.925,177.5,4.999750012e-05
5.925,178.5,0.0001499925004
5.925,179.5,4.999750012e-05
5.975,0.5,9.999500025e-05
5.975,1.5,0.0006499675016
5.975,2.5,0.0006999650017
5.975,3.5,0.001449927504
5.975,4.5,0.001699915004
5.975,5.5,0.001949902505
5.975,6.5,0.002699865007
5.975,7.5,0.002949852507
5.975,8.5,0.002949852507
5.975,9.5,0.00414979251
5.975,10.5,0.003049847508
5.975,11.5,0.00384980751
5.975,12.5,0.004649767512
5.975,13.5,0.004249787511
5.975,14.5,0.004799760012
5.975,15.5,0.005299735013
5.975,16.5,0.004699765012
5.975,17.5,0.005199740013
5.975,18.5,0.005199740013
5.975,19.5,0.005849707515
5.975,20.5,0.006249687516
5.975,21.5,0.007799610019
5.975,22.5,0.007349632518
5.975,23.5,0.008249587521
5.975,24.5,0.008599570021
5.975,25.5,0.006749662517
5.975,26.5,0.007049647518
5.975,27.5,0.01014949253
5.975,28.5,0.009049547523
5.975,29.5,0.008399580021
5.975,30.5,0.009849507525
5.975,31.5,0.01009949503
5.975,32.5,0.009449527524
5.975,33.5,0.009349532523
5.975,34.5,0.01074946253
5.975,35.5,0.009199540023
5.975,36.5,0.01054947253
5.975,37.5,0.01064946753
5.975,38.5,0.01239938003
5.975,39.5,0.009899505025
5.975,40.5,0.01229938503
5.975,41.5,0.01139943003
5.975,42.5,0.01089945503
5.975,43.5,0.01094945253
5.975,44.5,0.01109944503
5.975,45.5,0.01109944503
5.975,46.5,0.01099945003
5.975,47.5,0.01144942753
5.975,48.5,0.01024948753
5.975,49.5,0.01044947753
5.975,50.5,0.01154942253
5.975,51.5,0.01094945253
5.975,52.5,0.01114944253
5.975,53.5,0.01134943253
5.975,54.5,0.01089945503
5.975,55.5,0.01294935253
5.975,56.5,0.01209939503
5.975,57.5,0.01219939003
5.975,58.5,0.01269936503
5.975,59.5,0.01254937253
5.975,60.5,0.01279936003
5.975,61.5,0.01084945753
5.975,62.5,0.01284935753
5.975,63.5,0.01224938753
5.975,64.5,0.01169941503
5.975,65.5,0.01264936753
5.975,66.5,0.01124943753
5.975,67.5,0.01099945003
5.975,68.5,0.01304934753
5.975,69.5,0.01309934503
5.975,70.5,0.01149942503
5.975,71.5,0.01194940253
5.975,72.5,0.01134943253
5.975,73.5,0.01334933253
5.975,74.5,0.01099945003
5.975,75.5,0.01284935753
5.975,76.5,0.01134943253
5.975,77.5,0.01064946753
5.975,78.5,0.01014949253
5.975,79.5,0.01159942003
5.975,80.5,0.01079946003
5.975,81.5,0.01019949003
5.975,82.5,0.01074946253
5.975,83.5,0.01074946253
5.975,84.5,0.01059947003
5.975,85.5,0.01034948253
5.975,86.5,0.01054947253
5.975,87.5,0.01219939003
5.975,88.5,0.01059947003
5.975,89.5,0.01024948753
5.975,90.5,0.01184940753
5.975,91.5,0.01114944253
5.975,92.5,0.01224938753
5.975,93.5,0.01099945003
5.975,94.5,0.01319934003
5.975,95.5,0.01134943253
5.975,96.5,0.01199940003
5.975,97.5,0.01284935753
5.975,98.5,0.01239938003
5.975,99.5,0.01289935503
5.975,100.5,0.01274936253
5.975,101.5,0.01419929004
5.975,102.5,0.01429928504
5.975,103.5,0.01454927254
5.975,104.5,0.01479926004
5.975,105.5,0.01454927254
5.975,106.5,0.01494925254
5.975,107.5,0.01559922004
5.975,108.5,0.01494925254
5.975,109.5,0.01584920754
5.975,110.5,0.01594920254
5.975,111.5,0.01694915254
5.975,112.5,0.01639918004
5.975,113.5,0.01564921754
5.975,114.5,0.01644917754
5.975,115.5,0.01734913254
5.975,116.5,0.01759912004
5.975,117.5,0.01729913504
5.975,118.5,0.01759912004
5.975,119.5,0.01849907505
5.975,120.5,0.01559922004
5.975,121.5,0.01559922004
5.975,122.5,0.01674916254
5.975,123.5,0.01574921254
5.975,124.5,0.01479926004
5.975,125.5,0.01519924004
5.975,126.5,0.01459927004
5.975,127.5,0.01274936253
5.975,128.5,0.01249937503
5.975,129.5,0.01319934003
5.975,130.5,0.01104944753
5.975,131.5,0.01159942003
5.975,132.5,0.01004949753
5.975,133.5,0.01019949003
5.975,134.5,0.009949502525
5.975,135.5,0.007749612519
5.975,136.5,0.00789960502
5.975,137.5,0.006549672516
5.975,138.5,0.006699665017
5.975,139.5,0.005499725014
5.975,140.5,0.004899755012
5.975,141.5,0.004399780011
5.975,142.5,0.005049747513
5.975,143.5,0.00409979501
5.975,144.5,0.00414979251
5.975,145.5,0.003199840008
5.975,146.5,0.00384980751
5.975,147.5,0.002999850007
5.975,148.5,0.002899855007
5.975,149.5,0.002799860007
5.975,150.5,0.002599870006
5.975,151.5,0.002249887506
5.975,152.5,0.001849907505
5.975,153.5,0.001949902505
5.975,154.5,0.001049947503
5.975,155.5,0.001499925004
5.975,156.5,0.001349932503
5.975,157.5,0.001449927504
5.975,158.5,0.0008499575021
5.975,159.5,0.0008999550022
5.975,160.5,0.0004999750012
5.975,161.5,0.0008499575021
5.975,162.5,0.0007499625019
5.975,163.5,0.0002999850007
5.975,164.5,0.0004499775011
5.975,165.5,0.0005499725014
5.975,166.5,0.0005499725014
5.975,167.5,0.0005499725014
5.975,168.5,0.0002499875006
5.975,169.5,0.0001499925004
5.975,170.5,0.0001999900005
5.975,171.5,0.0001499925004
5.975,172.5,0.0001499925004
5.975,173.5,0.0001999900005
5.975,174.5,0
5.975,175.5,0
5.975,176.5,9.999500025e-05
5.975,177.5,9.999500025e-05
5.975,178.5,0
5.975,179.5,0
6.025,0.5,0.0003499825009
6.025,1.5,0.0004999750012
6.025,2.5,0.0007499625019
6.025,3.5,0.001849907505
6.025,4.5,0.001999900005
6.025,5.5,0.001449927504
6.025,6.5,0.002249887506
6.025,7.5,0.002299885006
6.025,8.5,0.002499875006
6.025,9.5,0.003099845008
6.025,10.5,0.003749812509
6.025,11.5,0.003449827509
6.025,12.5,0.00394980251
6.025,13.5,0.004849757512
6.025,14.5,0.005699715014
6.025,15.5,0.005699715014
6.025,16.5,0.006299685016
6.025,17.5,0.006599670016
6.025,18.5,0.005949702515
6.025,19.5,0.006249687516
6.025,20.5,0.006499675016
6.025,21.5,0.006449677516
6.025,22.5,0.007349632518
6.025,23.5,0.007649617519
6.025,24.5,0.006999650017
6.025,25.5,0.008949552522
6.025,26.5,0.009549522524
6.025,27.5,0.008549572521
6.025,28.5,0.008299585021
6.025,29.5,0.009449527524
6.025,30.5,0.01009949503
6.025,31.5,0.01084945753
6.025,32.5,0.01009949503
6.025,33.5,0.008249587521
6.025,34.5,0.009149542523
6.025,35.5,0.01169941503
6.025,36.5,0.01144942753
6.025,37.5,0.009999500025
6.025,38.5,0.01144942753
6.025,39.5,0.01089945503
6.025,40.5,0.01094945253
6.025,41.5,0.01259937003
6.025,42.5,0.01124943753
6.025,43.5,0.01144942753
6.025,44.5,0.01289935503
6.025,45.5,0.01184940753
6.025,46.5,0.01294935253
6.025,47.5,0.01159942003
6.025,48.5,0.01149942503
6.025,49.5,0.01249937503
6.025,50.5,0.01204939753
6.025,51.5,0.01319934003
6.025,52.5,0.01249937503
6.025,53.5,0.01299935003
6.025,54.5,0.01139943003
6.025,55.5,0.01234938253
6.025,56.5,0.01394930253
6.025,57.5,0.01284935753
6.025,58.5,0.01254937253
6.025,59.5,0.01349932503
6.025,60.5,0.01264936753
6.025,61.5,0.01304934753
6.025,62.5,0.01344932753
6.025,63.5,0.01244937753
6.025,64.5,0.01384930753
6.025,65.5,0.01314934253
6.025,66.5,0.01284935753
6.025,67.5,0.01154942253
6.025,68.5,0.01354932253
6.025,69.5,0.01234938253
6.025,70.5,0.01149942503
6.025,71.5,0.01299935003
6.025,72.5,0.01139943003
6.025,73.5,0.01159942003
6.025,74.5,0.01209939503
6.025,75.5,0.01189940503
6.025,76.5,0.01069946503
6.025,77.5,0.01049947503
6.025,78.5,0.01134943253
6.025,79.5,0.01074946253
6.025,80.5,0.01234938253
6.025,81.5,0.01109944503
6.025,82.5,0.01109944503
6.025,83.5,0.01059947003
6.025,84.5,0.01204939753
6.025,85.5,0.01069946503
6.025,86.5,0.01319934003
6.025,87.5,0.01149942503
6.025,88.5,0.01139943003
6.025,89.5,0.009499525024
6.025,90.5,0.01064946753
6.025,91.5,0.009999500025
6.025,92.5,0.01169941503
6.025,93.5,0.01174941253
6.025,94.5,0.01294935253
6.025,95.5,0.01214939253
6.025,96.5,0.01194940253
6.025,97.5,0.01264936753
6.025,98.5,0.01059947003
6.025,99.5,0.01194940253
6.025,100.5,0.01114944253
6.025,101.5,0.01314934253
6.025,102.5,0.01329933503
6.025,103.5,0.01344932753
6.025,104.5,0.01429928504
6.025,105.5,0.01384930753
6.025,106.5,0.01444927754
6.025,107.5,0.01524923754
6.025,108.5,0.01504924754
6.025,109.5,0.01709914504
6.025,110.5,0.01439928004
6.025,111.5,0.01584920754
6.025,112.5,0.01674916254
6.025,113.5,0.01684915754
6.025,114.5,0.01699915004
6.025,115.5,0.01514924254
6.025,116.5,0.01794910254
6.025,117.5,0.01834908255
6.025,118.5,0.01684915754
6.025,119.5,0.01799910004
6.025,120.5,0.01529923504
6.025,121.5,0.01564921754
6.025,122.5,0.01724913754
6.025,123.5,0.01419929004
6.025,124.5,0.01509924504
6.025,125.5,0.01334933253
6.025,126.5,0.01474926254
6.025,127.5,0.01419929004
6.025,128.5,0.01269936503
6.025,129.5,0.01259937003
6.025,130.5,0.01189940503
6.025,131.5,0.01069946503
6.025,132.5,0.01064946753
6.025,133.5,0.01069946503
6.025,134.5,0.01044947753
6.025,135.5,0.008649567522
6.025,136.5,0.007799610019
6.025,137.5,0.008699565022
6.025,138.5,0.007799610019
6.025,139.5,0.005649717514
6.025,140.5,0.005449727514
6.025,141.5,0.005599720014
6.025,142.5,0.005049747513
6.025,143.5,0.00419979001
6.025,144.5,0.003449827509
6.025,145.5,0.003749812509
6.025,146.5,0.002949852507
6.025,147.5,0.002649867507
6.025,148.5,0.002499875006
6.025,149.5,0.002249887506
6.025,150.5,0.002449877506
6.025,151.5,0.001799910004
6.025,152.5,0.002549872506
6.025,153.5,0.001949902505
6.025,154.5,0.001999900005
6.025,155.5,0.001099945003
6.025,156.5,0.001249937503
6.025,157.5,0.001499925004
6.025,158.5,0.001249937503
6.025,159.5,0.001149942503
6.025,160.5,0.001099945003
6.025,161.5,0.0006499675016
6.025,162.5,0.0004999750012
6.025,163.5,0.0005499725014
6.025,164.5,0.0006999650017
6.025,165.5,0.0004999750012
6.025,166.5,0.000399980001
6.025,167.5,0.0005499725014
6.025,168.5,0.0002999850007
6.025,169.5,0.0002499875006
6.025,170.5,0.000399980001
6.025,171.5,0.000399980001
6.025,172.5,9.999500025e-05
6.025,173.5,0.0001999900005
6.025,174.5,9.999500025e-05
6.025,175.5,9.999500025e-05
6.025,176.5,0
6.025,177.5,4.999750012e-05
6.025,178.5,9.999500025e-05
6.025,179.5,0
6.075,0.5,0.0001999900005
6.075,1.5,0.0006999650017
6.075,2.5,0.0004999750012
6.075,3.5,0.001299935003
6.075,4.5,0.001199940003
6.075,5.5,0.001349932503
6.075,6.5,0.001999900005
6.075,7.5,0.002549872506
6.075,8.5,0.002799860007
6.075,9.5,0.003299835008
6.075,10.5,0.003549822509
6.075,11.5,0.003099845008
6.075,12.5,0.003749812509
6.075,13.5,0.004599770011
6.075,14.5,0.002949852507
6.075,15.5,0.004849757512
6.075,16.5,0.005949702515
6.075,17.5,0.005049747513
6.075,18.5,0.005049747513
6.075,19.5,0.006749662517
6.075,20.5,0.006849657517
6.075,21.5,0.006299685016
6.075,22.5,0.006449677516
6.075,23.5,0.007199640018
6.075,24.5,0.00804959752
6.075,25.5,0.007299635018
6.075,26.5,0.00784960752
6.075,27.5,0.009299535023
6.075,28.5,0.008899555022
6.075,29.5,0.008349582521
6.075,30.5,0.007599620019
6.075,31.5,0.008749562522
6.075,32.5,0.008549572521
6.075,33.5,0.01044947753
6.075,34.5,0.009949502525
6.075,35.5,0.01049947503
6.075,36.5,0.01009949503
6.075,37.5,0.009799510024
6.075,38.5,0.01014949253
6.075,39.5,0.01029948503
6.075,40.5,0.01049947503
6.075,41.5,0.01124943753
6.075,42.5,0.01154942253
6.075,43.5,0.01169941503
6.075,44.5,0.01069946503
6.075,45.5,0.01174941253
6.075,46.5,0.01244937753
6.075,47.5,0.01224938753
6.075,48.5,0.01339933003
6.075,49.5,0.01274936253
6.075,50.5,0.01389930503
6.075,51.5,0.01219939003
6.075,52.5,0.01319934003
6.075,53.5,0.01279936003
6.075,54.5,0.01359932003
6.075,55.5,0.01319934003
6.075,56.5,0.01334933253
6.075,57.5,0.01464926754
6.075,58.5,0.01364931753
6.075,59.5,0.01319934003
6.075,60.5,0.01374931253
6.075,61.5,0.01544922754
6.075,62.5,0.01199940003
6.075,63.5,0.01254937253
6.075,64.5,0.01419929004
6.075,65.5,0.01144942753
6.075,66.5,0.01214939253
6.075,67.5,0.01344932753
6.075,68.5,0.01244937753
6.075,69.5,0.01164941753
6.075,70.5,0.01234938253
6.075,71.5,0.01169941503
6.075,72.5,0.01329933503
6.075,73.5,0.01244937753
6.075,74.5,0.01144942753
6.075,75.5,0.01169941503
6.075,76.5,0.01164941753
6.075,77.5,0.01259937003
6.075,78.5,0.01239938003
6.075,79.5,0.01164941753
6.075,80.5,0.01159942003
6.075,81.5,0.01184940753
6.075,82.5,0.01114944253
6.075,83.5,0.01224938753
6.075,84.5,0.01134943253
6.075,85.5,0.01159942003
6.075,86.5,0.01204939753
6.075,87.5,0.01169941503
6.075,88.5,0.01204939753
6.075,89.5,0.01369931503
6.075,90.5,0.01159942003
6.075,91.5,0.01189940503
6.075,92.5,0.01119944003
6.075,93.5,0.01279936003
6.075,94.5,0.01129943503
6.075,95.5,0.01189940503
6.075,96.5,0.01049947503
6.075,97.5,0.01089945503
6.075,98.5,0.01259937003
6.075,99.5,0.01229938503
6.075,100.5,0.01174941253
6.075,101.5,0.01464926754
6.075,102.5,0.01279936003
6.075,103.5,0.01324933753
6.075,104.5,0.01299935003
6.075,105.5,0.01254937253
6.075,106.5,0.01309934503
6.075,107.5,0.01339933003
6.075,108.5,0.01449927504
6.075,109.5,0.01514924254
6.075,110.5,0.01579921004
6.075,111.5,0.01584920754
6.075,112.5,0.01634918254
6.075,113.5,0.01619919004
6.075,114.5,0.01599920004
6.075,115.5,0.01669916504
6.075,116.5,0.01524923754
6.075,117.5,0.01509924504
6.075,118.5,0.01529923504
6.075,119.5,0.01669916504
6.075,120.5,0.01439928004
6.075,121.5,0.01459927004
6.075,122.5,0.01499925004
6.075,123.5,0.01379931003
6.075,124.5,0.01294935253
6.075,125.5,0.01299935003
6.075,126.5,0.01254937253
6.075,127.5,0.01324933753
6.075,128.5,0.01329933503
6.075,129.5,0.01284935753
6.075,130.5,0.01274936253
6.075,131.5,0.01204939753
6.075,132.5,0.009699515024
6.075,133.5,0.009399530023
6.075,134.5,0.009149542523
6.075,135.5,0.01029948503
6.075,136.5,0.00794960252
6.075,137.5,0.006999650017
6.075,138.5,0.006949652517
6.075,139.5,0.006499675016
6.075,140.5,0.006349682516
6.075,141.5,0.005399730013
6.075,142.5,0.004699765012
6.075,143.5,0.005149742513
6.075,144.5,0.004899755012
6.075,145.5,0.00404979751
6.075,146.5,0.004249787511
6.075,147.5,0.003049847508
6.075,148.5,0.002699865007
6.075,149.5,0.002699865007
6.075,150.5,0.002099895005
6.075,151.5,0.002749862507
6.075,152.5,0.001849907505
6.075,153.5,0.001899905005
6.075,154.5,0.002399880006
6.075,155.5,0.001249937503
6.075,156.5,0.001099945003
6.075,157.5,0.001899905005
6.075,158.5,0.0009499525024
6.075,159.5,0.001199940003
6.075,160.5,0.0007499625019
6.075,161.5,0.0007499625019
6.075,162.5,0.0006499675016
6.075,163.5,0.0007499625019
6.075,164.5,0.0004999750012
6.075,165.5,0.0004999750012
6.075,166.5,0.0004499775011
6.075,167.5,0.0003499825009
6.075,168.5,0.0004499775011
6.075,169.5,0.0002499875006
6.075,170.5,0.0001499925004
6.075,171.5,0.0002499875006
6.075,172.5,9.999500025e-05
6.075,173.5,9.999500025e-05
6.075,174.5,0.0001999900005
6.075,175.5,0
6.075,176.5,0
6.075,177.5,9.999500025e-05
6.075,178.5,0
6.075,179.5,0
6.125,0.5,0.0001499925004
6.125,1.5,0.000399980001
6.125,2.5,0.0009499525024
6.125,3.5,0.001149942503
6.125,4.5,0.001649917504
6.125,5.5,0.001849907505
6.125,6.5,0.001899905005
6.125,7.5,0.001899905005
6.125,8.5,0.002799860007
6.125,9.5,0.002649867507
6.125,10.5,0.003099845008
6.125,11.5,0.003549822509
6.125,12.5,0.003449827509
6.125,13.5,0.004649767512
6.125,14.5,0.005149742513
6.125,15.5,0.004899755012
6.125,16.5,0.004499775011
6.125,17.5,0.004899755012
6.125,18.5,0.005649717514
6.125,19.5,0.005349732513
6.125,20.5,0.005949702515
6.125,21.5,0.006299685016
6.125,22.5,0.005949702515
6.125,23.5,0.007549622519
6.125,24.5,0.006749662517
6.125,25.5,0.007499625019
6.125,26.5,0.007599620019
6.125,27.5,0.007699615019
6.125,28.5,0.008899555022
6.125,29.5,0.008249587521
6.125,30.5,0.009449527524
6.125,31.5,0.008799560022
6.125,32.5,0.009749512524
6.125,33.5,0.009049547523
6.125,34.5,0.009749512524
6.125,35.5,0.009699515024
6.125,36.5,0.01009949503
6.125,37.5,0.009349532523
6.125,38.5,0.009699515024
6.125,39.5,0.01194940253
6.125,40.5,0.01084945753
6.125,41.5,0.01154942253
6.125,42.5,0.01074946253
6.125,43.5,0.01139943003
6.125,44.5,0.01279936003
6.125,45.5,0.01269936503
6.125,46.5,0.01234938253
6.125,47.5,0.01289935503
6.125,48.5,0.01114944253
6.125,49.5,0.01159942003
6.125,50.5,0.01299935003
6.125,51.5,0.01339933003
6.125,52.5,0.01219939003
6.125,53.5,0.01259937003
6.125,54.5,0.01184940753
6.125,55.5,0.01229938503
6.125,56.5,0.01314934253
6.125,57.5,0.01264936753
6.125,58.5,0.01229938503
6.125,59.5,0.01244937753
6.125,60.5,0.01364931753
6.125,61.5,0.01249937503
6.125,62.5,0.01334933253
6.125,63.5,0.01324933753
6.125,64.5,0.01239938003
6.125,65.5,0.01169941503
6.125,66.5,0.01299935003
6.125,67.5,0.01279936003
6.125,68.5,0.01249937503
6.125,69.5,0.01299935003
6.125,70.5,0.01244937753
6.125,71.5,0.01189940503
6.125,72.5,0.01234938253
6.125,73.5,0.01404929754
6.125,74.5,0.01224938753
6.125,75.5,0.01384930753
6.125,76.5,0.01254937253
6.125,77.5,0.01269936503
6.125,78.5,0.01144942753
6.125,79.5,0.01189940503
6.125,80.5,0.01279936003
6.125,81.5,0.01199940003
6.125,82.5,0.01079946003
6.125,83.5,0.01164941753
6.125,84.5,0.01079946003
6.125,85.5,0.01054947253
6.125,86.5,0.01169941503
6.125,87.5,0.01104944753
6.125,88.5,0.01054947253
6.125,89.5,0.01009949503
6.125,90.5,0.01074946253
6.125,91.5,0.01114944253
6.125,92.5,0.01119944003
6.125,93.5,0.01109944503
6.125,94.5,0.01109944503
6.125,95.5,0.01129943503
6.125,96.5,0.01189940503
6.125,97.5,0.01239938003
6.125,98.5,0.01094945253
6.125,99.5,0.01259937003
6.125,100.5,0.01404929754
6.125,101.5,0.01279936003
6.125,102.5,0.01239938003
6.125,103.5,0.01344932753
6.125,104.5,0.01304934753
6.125,105.5,0.01369931503
6.125,106.5,0.01529923504
6.125,107.5,0.01259937003
6.125,108.5,0.01474926254
6.125,109.5,0.01384930753
6.125,110.5,0.01344932753
6.125,111.5,0.01469926504
6.125,112.5,0.01539923004
6.125,113.5,0.01454927254
6.125,114.5,0.01389930503
6.125,115.5,0.01364931753
6.125,116.5,0.01489925504
6.125,117.5,0.01364931753
6.125,118.5,0.01509924504
6.125,119.5,0.01504924754
6.125,120.5,0.01294935253
6.125,121.5,0.01314934253
6.125,122.5,0.01334933253
6.125,123.5,0.01224938753
6.125,124.5,0.01284935753
6.125,125.5,0.01479926004
6.125,126.5,0.01249937503
6.125,127.5,0.01234938253
6.125,128.5,0.01204939753
6.125,129.5,0.01234938253
6.125,130.5,0.01149942503
6.125,131.5,0.01104944753
6.125,132.5,0.01044947753
6.125,133.5,0.01014949253
6.125,134.5,0.009449527524
6.125,135.5,0.009149542523
6.125,136.5,0.007749612519
6.125,137.5,0.008799560022
6.125,138.5,0.00794960252
6.125,139.5,0.006699665017
6.125,140.5,0.006199690015
6.125,141.5,0.005449727514
6.125,142.5,0.004699765012
6.125,143.5,0.004899755012
6.125,144.5,0.004649767512
6.125,145.5,0.005249737513
6.125,146.5,0.003399830008
6.125,147.5,0.003549822509
6.125,148.5,0.002849857507
6.125,149.5,0.002849857507
6.125,150.5,0.002799860007
6.125,151.5,0.002349882506
6.125,152.5,0.001949902505
6.125,153.5,0.002049897505
6.125,154.5,0.001899905005
6.125,155.5,0.001649917504
6.125,156.5,0.001099945003
6.125,157.5,0.001399930003
6.125,158.5,0.0005999700015
6.125,159.5,0.001449927504
6.125,160.5,0.001049947503
6.125,161.5,0.0008499575021
6.125,162.5,0.0009999500025
6.125,163.5,0.0006499675016
6.125,164.5,0.0006999650017
6.125,165.5,0.0008999550022
6.125,166.5,0.0004999750012
6.125,167.5,0.0007499625019
6.125,168.5,0.0005999700015
6.125,169.5,0.0005999700015
6.125,170.5,0.000399980001
6.125,171.5,0.0002999850007
6.125,172.5,0.0005499725014
6.125,173.5,9.999500025e-05
6.125,174.5,0.0002999850007
6.125,175.5,4.999750012e-05
6.125,176.5,0
6.125,177.5,4.999750012e-05
6.125,178.5,0
6.125,179.5,0
6.175,0.5,9.999500025e-05
6.175,1.5,0.0004999750012
6.175,2.5,0.001099945003
6.175,3.5,0.001049947503
6.175,4.5,0.001499925004
6.175,5.5,0.001299935003
6.175,6.5,0.001699915004
6.175,7.5,0.001849907505
6.175,8.5,0.003149842508
6.175,9.5,0.003349832508
6.175,10.5,0.003499825009
6.175,11.5,0.003449827509
6.175,12.5,0.003699815009
6.175,13.5,0.00419979001
6.175,14.5,0.00419979001
6.175,15.5,0.004549772511
6.175,16.5,0.004699765012
6.175,17.5,0.005649717514
6.175,18.5,0.005149742513
6.175,19.5,0.004799760012
6.175,20.5,0.005899705015
6.175,21.5,0.005049747513
6.175,22.5,0.005799710014
6.175,23.5,0.006849657517
6.175,24.5,0.006249687516
6.175,25.5,0.007499625019
6.175,26.5,0.007399630018
6.175,27.5,0.007799610019
6.175,28.5,0.007699615019
6.175,29.5,0.007449627519
6.175,30.5,0.006699665017
6.175,31.5,0.009199540023
6.175,32.5,0.009649517524
6.175,33.5,0.00809959502
6.175,34.5,0.009599520024
6.175,35.5,0.009249537523
6.175,36.5,0.009699515024
6.175,37.5,0.01114944253
6.175,38.5,0.009699515024
6.175,39.5,0.009999500025
6.175,40.5,0.01074946253
6.175,41.5,0.01124943753
6.175,42.5,0.01054947253
6.175,43.5,0.01219939003
6.175,44.5,0.01079946003
6.175,45.5,0.01134943253
6.175,46.5,0.01259937003
6.175,47.5,0.01284935753
6.175,48.5,0.01264936753
6.175,49.5,0.01339933003
6.175,50.5,0.01379931003
6.175,51.5,0.01249937503
6.175,52.5,0.01484925754
6.175,53.5,0.01344932753
6.175,54.5,0.01414929254
6.175,55.5,0.01469926504
6.175,56.5,0.01224938753
6.175,57.5,0.01349932503
6.175,58.5,0.01264936753
6.175,59.5,0.01414929254
6.175,60.5,0.01244937753
6.175,61.5,0.01409929504
6.175,62.5,0.01274936253
6.175,63.5,0.01299935003
6.175,64.5,0.01369931503
6.175,65.5,0.01269936503
6.175,66.5,0.01329933503
6.175,67.5,0.01334933253
6.175,68.5,0.01309934503
6.175,69.5,0.01439928004
6.175,70.5,0.01379931003
6.175,71.5,0.01354932253
6.175,72.5,0.01384930753
6.175,73.5,0.01259937003
6.175,74.5,0.01324933753
6.175,75.5,0.01274936253
6.175,76.5,0.01264936753
6.175,77.5,0.01224938753
6.175,78.5,0.01354932253
6.175,79.5,0.01184940753
6.175,80.5,0.01264936753
6.175,81.5,0.01264936753
6.175,82.5,0.01204939753
6.175,83.5,0.01104944753
6.175,84.5,0.01129943503
6.175,85.5,0.01204939753
6.175,86.5,0.01264936753
6.175,87.5,0.01019949003
6.175,88.5,0.01039948003
6.175,89.5,0.01179941003
6.175,90.5,0.01084945753
6.175,91.5,0.01164941753
6.175,92.5,0.01084945753
6.175,93.5,0.01079946003
6.175,94.5,0.01079946003
6.175,95.5,0.01114944253
6.175,96.5,0.01219939003
6.175,97.5,0.01219939003
6.175,98.5,0.01279936003
6.175,99.5,0.01289935503
6.175,100.5,0.01244937753
6.175,101.5,0.01254937253
6.175,102.5,0.01299935003
6.175,103.5,0.01259937003
6.175,104.5,0.01374931253
6.175,105.5,0.01334933253
6.175,106.5,0.01264936753
6.175,107.5,0.01459927004
6.175,108.5,0.01504924754
6.175,109.5,0.01289935503
6.175,110.5,0.01399930003
6.175,111.5,0.01539923004
6.175,112.5,0.01334933253
6.175,113.5,0.01494925254
6.175,114.5,0.01394930253
6.175,115.5,0.01524923754
6.175,116.5,0.01429928504
6.175,117.5,0.01474926254
6.175,118.5,0.01464926754
6.175,119.5,0.01439928004
6.175,120.5,0.01409929504
6.175,121.5,0.01344932753
6.175,122.5,0.01414929254
6.175,123.5,0.01299935003
6.175,124.5,0.01434928254
6.175,125.5,0.01484925754
6.175,126.5,0.01274936253
6.175,127.5,0.01424928754
6.175,128.5,0.01244937753
6.175,129.5,0.01099945003
6.175,130.5,0.01129943503
6.175,131.5,0.01094945253
6.175,132.5,0.01119944003
6.175,133.5,0.008599570021
6.175,134.5,0.009599520024
6.175,135.5,0.009799510024
6.175,136.5,0.009449527524
6.175,137.5,0.008649567522
6.175,138.5,0.007349632518
6.175,139.5,0.007649617519
6.175,140.5,0.006049697515
6.175,141.5,0.005349732513
6.175,142.5,0.005949702515
6.175,143.5,0.005399730013
6.175,144.5,0.005299735013
6.175,145.5,0.00409979501
6.175,146.5,0.00404979751
6.175,147.5,0.003499825009
6.175,148.5,0.003299835008
6.175,149.5,0.002799860007
6.175,150.5,0.002749862507
6.175,151.5,0.002249887506
6.175,152.5,0.001949902505
6.175,153.5,0.001899905005
6.175,154.5,0.002399880006
6.175,155.5,0.001649917504
6.175,156.5,0.001849907505
6.175,157.5,0.001499925004
6.175,158.5,0.001199940003
6.175,159.5,0.001249937503
6.175,160.5,0.001499925004
6.175,161.5,0.0006999650017
6.175,162.5,0.0009999500025
6.175,163.5,0.000799960002
6.175,164.5,0.0006999650017
6.175,165.5,0.000399980001
6.175,166.5,0.0006499675016
6.175,167.5,0.0004499775011
6.175,168.5,0.0004999750012
6.175,169.5,0.0006499675016
6.175,170.5,0.0002999850007
6.175,171.5,0.0002499875006
6.175,172.5,0.0001999900005
6.175,173.5,0.0002499875006
6.175,174.5,0.0002999850007
6.175,175.5,0.0001499925004
6.175,176.5,9.999500025e-05
6.175,177.5,0.0001999900005
6.175,178.5,0
6.175,179.5,0
6.225,0.5,0.0001499925004
6.225,1.5,0.0007499625019
6.225,2.5,0.000799960002
6.225,3.5,0.001349932503
6.225,4.5,0.001199940003
6.225,5.5,0.001649917504
6.225,6.5,0.002399880006
6.225,7.5,0.002499875006
6.225,8.5,0.002449877506
6.225,9.5,0.002949852507
6.225,10.5,0.002999850007
6.225,11.5,0.00389980501
6.225,12.5,0.003599820009
6.225,13.5,0.004549772511
6.225,14.5,0.004549772511
6.225,15.5,0.004649767512
6.225,16.5,0.005099745013
6.225,17.5,0.004899755012
6.225,18.5,0.005049747513
6.225,19.5,0.005749712514
6.225,20.5,0.005499725014
6.225,21.5,0.005949702515
6.225,22.5,0.007299635018
6.225,23.5,0.006849657517
6.225,24.5,0.006999650017
6.225,25.5,0.007199640018
6.225,26.5,0.006949652517
6.225,27.5,0.007799610019
6.225,28.5,0.007599620019
6.225,29.5,0.008799560022
6.225,30.5,0.009199540023
6.225,31.5,0.00794960252
6.225,32.5,0.007549622519
6.225,33.5,0.01054947253
6.225,34.5,0.008799560022
6.225,35.5,0.01094945253
6.225,36.5,0.009599520024
6.225,37.5,0.01074946253
6.225,38.5,0.009949502525
6.225,39.5,0.01129943503
6.225,40.5,0.01239938003
6.225,41.5,0.01139943003
6.225,42.5,0.01049947503
6.225,43.5,0.01134943253
6.225,44.5,0.01199940003
6.225,45.5,0.01234938253
6.225,46.5,0.01269936503
6.225,47.5,0.01149942503
6.225,48.5,0.01224938753
6.225,49.5,0.01424928754
6.225,50.5,0.01379931003
6.225,51.5,0.01349932503
6.225,52.5,0.01324933753
6.225,53.5,0.01444927754
6.225,54.5,0.01304934753
6.225,55.5,0.01509924504
6.225,56.5,0.01469926504
6.225,57.5,0.01444927754
6.225,58.5,0.01414929254
6.225,59.5,0.01399930003
6.225,60.5,0.01359932003
6.225,61.5,0.01394930253
6.225,62.5,0.01504924754
6.225,63.5,0.01359932003
6.225,64.5,0.01374931253
6.225,65.5,0.01424928754
6.225,66.5,0.01514924254
6.225,67.5,0.01334933253
6.225,68.5,0.01514924254
6.225,69.5,0.01484925754
6.225,70.5,0.01359932003
6.225,71.5,0.01434928254
6.225,72.5,0.01259937003
6.225,73.5,0.01419929004
6.225,74.5,0.01349932503
6.225,75.5,0.01264936753
6.225,76.5,0.01249937503
6.225,77.5,0.01189940503
6.225,78.5,0.01379931003
6.225,79.5,0.01279936003
6.225,80.5,0.01274936253
6.225,81.5,0.01309934503
6.225,82.5,0.01149942503
6.225,83.5,0.01239938003
6.225,84.5,0.01169941503
6.225,85.5,0.01314934253
6.225,86.5,0.01239938003
6.225,87.5,0.01054947253
6.225,88.5,0.01179941003
6.225,89.5,0.01064946753
6.225,90.5,0.01159942003
6.225,91.5,0.009899505025
6.225,92.5,0.01139943003
6.225,93.5,0.01184940753
6.225,94.5,0.01139943003
6.225,95.5,0.01129943503
6.225,96.5,0.01244937753
6.225,97.5,0.01144942753
6.225,98.5,0.01179941003
6.225,99.5,0.01149942503
6.225,100.5,0.01184940753
6.225,101.5,0.01109944503
6.225,102.5,0.01339933003
6.225,103.5,0.01359932003
6.225,104.5,0.01349932503
6.225,105.5,0.01399930003
6.225,106.5,0.01294935253
6.225,107.5,0.01314934253
6.225,108.5,0.01404929754
6.225,109.5,0.01404929754
6.225,110.5,0.01454927254
6.225,111.5,0.01419929004
6.225,112.5,0.01374931253
6.225,113.5,0.01399930003
6.225,114.5,0.01384930753
6.225,115.5,0.01364931753
6.225,116.5,0.01339933003
6.225,117.5,0.01564921754
6.225,118.5,0.01534923254
6.225,119.5,0.01524923754
6.225,120.5,0.01354932253
6.225,121.5,0.01404929754
6.225,122.5,0.01414929254
6.225,123.5,0.01379931003
6.225,124.5,0.01379931003
6.225,125.5,0.01274936253
6.225,126.5,0.01239938003
6.225,127.5,0.01199940003
6.225,128.5,0.01274936253
6.225,129.5,0.01409929504
6.225,130.5,0.01069946503
6.225,131.5,0.01244937753
6.225,132.5,0.009849507525
6.225,133.5,0.01024948753
6.225,134.5,0.008649567522
6.225,135.5,0.01014949253
6.225,136.5,0.007799610019
6.225,137.5,0.007349632518
6.225,138.5,0.006999650017
6.225,139.5,0.006749662517
6.225,140.5,0.006199690015
6.225,141.5,0.005199740013
6.225,142.5,0.005999700015
6.225,143.5,0.004949752512
6.225,144.5,0.005299735013
6.225,145.5,0.003799810009
6.225,146.5,0.00409979501
6.225,147.5,0.004299785011
6.225,148.5,0.002749862507
6.225,149.5,0.002749862507
6.225,150.5,0.003149842508
6.225,151.5,0.002649867507
6.225,152.5,0.001949902505
6.225,153.5,0.002299885006
6.225,154.5,0.001349932503
6.225,155.5,0.001249937503
6.225,156.5,0.001449927504
6.225,157.5,0.002099895005
6.225,158.5,0.001299935003
6.225,159.5,0.001499925004
6.225,160.5,0.001049947503
6.225,161.5,0.0006999650017
6.225,162.5,0.000799960002
6.225,163.5,0.0005499725014
6.225,164.5,0.0008499575021
6.225,165.5,0.0005499725014
6.225,166.5,0.0005499725014
6.225,167.5,0.0008999550022
6.225,168.5,0.0006499675016
6.225,169.5,0.0003499825009
6.225,170.5,0.0004499775011
6.225,171.5,0.0002499875006
6.225,172.5,0.0002499875006
6.225,173.5,0.0002499875006
6.225,174.5,0.0002999850007
6.225,175.5,0.0001999900005
6.225,176.5,0.0002499875006
6.225,177.5,9.999500025e-05
6.225,178.5,4.999750012e-05
6.225,179.5,0
6.275,0.5,4.999750012e-05
6.275,1.5,0.0004999750012
6.275,2.5,0.0004499775011
6.275,3.5,0.001549922504
6.275,4.5,0.001049947503
6.275,5.5,0.001099945003
6.275,6.5,0.002149892505
6.275,7.5,0.002199890005
6.275,8.5,0.002499875006
6.275,9.5,0.003049847508
6.275,10.5,0.002899855007
6.275,11.5,0.003099845008
6.275,12.5,0.003449827509
6.275,13.5,0.003649817509
6.275,14.5,0.004749762512
6.275,15.5,0.005149742513
6.275,16.5,0.005199740013
6.275,17.5,0.005199740013
6.275,18.5,0.004849757512
6.275,19.5,0.005549722514
6.275,20.5,0.005549722514
6.275,21.5,0.006349682516
6.275,22.5,0.006049697515
6.275,23.5,0.005049747513
6.275,24.5,0.008699565022
6.275,25.5,0.006849657517
6.275,26.5,0.007249637518
6.275,27.5,0.007649617519
6.275,28.5,0.008799560022
6.275,29.5,0.008899555022
6.275,30.5,0.009099545023
6.275,31.5,0.008849557522
6.275,32.5,0.00809959502
6.275,33.5,0.01019949003
6.275,34.5,0.009299535023
6.275,35.5,0.009699515024
6.275,36.5,0.01134943253
6.275,37.5,0.01189940503
6.275,38.5,0.01024948753
6.275,39.5,0.01134943253
6.275,40.5,0.01184940753
6.275,41.5,0.01164941753
6.275,42.5,0.01079946003
6.275,43.5,0.01229938503
6.275,44.5,0.01189940503
6.275,45.5,0.01199940003
6.275,46.5,0.01269936503
6.275,47.5,0.01349932503
6.275,48.5,0.01289935503
6.275,49.5,0.01294935253
6.275,50.5,0.01264936753
6.275,51.5,0.01439928004
6.275,52.5,0.01334933253
6.275,53.5,0.01539923004
6.275,54.5,0.01434928254
6.275,55.5,0.01429928504
6.275,56.5,0.01619919004
6.275,57.5,0.01379931003
6.275,58.5,0.01494925254
6.275,59.5,0.01604919754
6.275,60.5,0.01504924754
6.275,61.5,0.01499925004
6.275,62.5,0.01434928254
6.275,63.5,0.01679916004
6.275,64.5,0.01564921754
6.275,65.5,0.01664916754
6.275,66.5,0.01544922754
6.275,67.5,0.01554922254
6.275,68.5,0.01454927254
6.275,69.5,0.01534923254
6.275,70.5,0.01514924254
6.275,71.5,0.01464926754
6.275,72.5,0.01374931253
6.275,73.5,0.01479926004
6.275,74.5,0.01244937753
6.275,75.5,0.01399930003
6.275,76.5,0.01334933253
6.275,77.5,0.01474926254
6.275,78.5,0.01384930753
6.275,79.5,0.01384930753
6.275,80.5,0.01479926004
6.275,81.5,0.01414929254
6.275,82.5,0.01284935753
6.275,83.5,0.01259937003
6.275,84.5,0.01074946253
6.275,85.5,0.01364931753
6.275,86.5,0.01404929754
6.275,87.5,0.01174941253
6.275,88.5,0.01359932003
6.275,89.5,0.01254937253
6.275,90.5,0.01219939003
6.275,91.5,0.01089945503
6.275,92.5,0.01179941003
6.275,93.5,0.01229938503
6.275,94.5,0.01224938753
6.275,95.5,0.01249937503
6.275,96.5,0.01129943503
6.275,97.5,0.01094945253
6.275,98.5,0.01384930753
6.275,99.5,0.01204939753
6.275,100.5,0.01319934003
6.275,101.5,0.01214939253
6.275,102.5,0.01204939753
6.275,103.5,0.01339933003
6.275,104.5,0.01269936503
6.275,105.5,0.01099945003
6.275,106.5,0.01324933753
6.275,107.5,0.01109944503
6.275,108.5,0.01304934753
6.275,109.5,0.01259937003
6.275,110.5,0.01359932003
6.275,111.5,0.01444927754
6.275,112.5,0.01289935503
6.275,113.5,0.01264936753
6.275,114.5,0.01354932253
6.275,115.5,0.01324933753
6.275,116.5,0.01419929004
6.275,117.5,0.01404929754
6.275,118.5,0.01359932003
6.275,119.5,0.01409929504
6.275,120.5,0.01324933753
6.275,121.5,0.01209939503
6.275,122.5,0.01324933753
6.275,123.5,0.01279936003
6.275,124.5,0.01284935753
6.275,125.5,0.01154942253
6.275,126.5,0.01299935003
6.275,127.5,0.01259937003
6.275,128.5,0.01009949503
6.275,129.5,0.01249937503
6.275,130.5,0.01024948753
6.275,131.5,0.01094945253
6.275,132.5,0.01064946753
6.275,133.5,0.01189940503
6.275,134.5,0.008499575021
6.275,135.5,0.009899505025
6.275,136.5,0.008599570021
6.275,137.5,0.008499575021
6.275,138.5,0.006799660017
6.275,139.5,0.008349582521
6.275,140.5,0.00814959252
6.275,141.5,0.005599720014
6.275,142.5,0.004799760012
6.275,143.5,0.004499775011
6.275,144.5,0.004499775011
6.275,145.5,0.005149742513
6.275,146.5,0.00399980001
6.275,147.5,0.004499775011
6.275,148.5,0.003749812509
6.275,149.5,0.003399830008
6.275,150.5,0.003199840008
6.275,151.5,0.002749862507
6.275,152.5,0.002299885006
6.275,153.5,0.002349882506
6.275,154.5,0.002099895005
6.275,155.5,0.002149892505
6.275,156.5,0.001549922504
6.275,157.5,0.001549922504
6.275,158.5,0.001449927504
6.275,159.5,0.0009999500025
6.275,160.5,0.001399930003
6.275,161.5,0.001499925004
6.275,162.5,0.001099945003
6.275,163.5,0.001499925004
6.275,164.5,0.0005999700015
6.275,165.5,0.0006999650017
6.275,166.5,0.000799960002
6.275,167.5,0.0006499675016
6.275,168.5,0.0002499875006
6.275,169.5,0.0005999700015
6.275,170.5,0.000399980001
6.275,171.5,0.0002499875006
6.275,172.5,0.0003499825009
6.275,173.5,0.0002999850007
6.275,174.5,0.0001999900005
6.275,175.5,0.0001999900005
6.275,176.5,9.999500025e-05
6.275,177.5,4.999750012e-05
6.275,178.5,4.999750012e-05
6.275,179.5,0
6.325,0.5,4.999750012e-05
6.325,1.5,0.0004499775011
6.325,2.5,0.0006499675016
6.325,3.5,0.0008999550022
6.325,4.5,0.001049947503
6.325,5.5,0.0008999550022
6.325,6.5,0.002149892505
6.325,7.5,0.001549922504
6.325,8.5,0.002049897505
6.325,9.5,0.002049897505
6.325,10.5,0.002349882506
6.325,11.5,0.002649867507
6.325,12.5,0.002999850007
6.325,13.5,0.002749862507
6.325,14.5,0.00414979251
6.325,15.5,0.003649817509
6.325,16.5,0.00409979501
6.325,17.5,0.004849757512
6.325,18.5,0.004699765012
6.325,19.5,0.004799760012
6.325,20.5,0.006249687516
6.325,21.5,0.007299635018
6.325,22.5,0.006249687516
6.325,23.5,0.006549672516
6.325,24.5,0.006849657517
6.325,25.5,0.00799960002
6.325,26.5,0.007699615019
6.325,27.5,0.007199640018
6.325,28.5,0.00809959502
6.325,29.5,0.008549572521
6.325,30.5,0.008399580021
6.325,31.5,0.009299535023
6.325,32.5,0.01004949753
6.325,33.5,0.008449577521
6.325,34.5,0.007799610019
6.325,35.5,0.01079946003
6.325,36.5,0.009399530023
6.325,37.5,0.009999500025
6.325,38.5,0.01069946503
6.325,39.5,0.01169941503
6.325,40.5,0.01159942003
6.325,41.5,0.01074946253
6.325,42.5,0.01239938003
6.325,43.5,0.01184940753
6.325,44.5,0.01144942753
6.325,45.5,0.01209939503
6.325,46.5,0.01429928504
6.325,47.5,0.01269936503
6.325,48.5,0.01349932503
6.325,49.5,0.01359932003
6.325,50.5,0.01314934253
6.325,51.5,0.01254937253
6.325,52.5,0.01474926254
6.325,53.5,0.01354932253
6.325,54.5,0.01619919004
6.325,55.5,0.01509924504
6.325,56.5,0.01479926004
6.325,57.5,0.01604919754
6.325,58.5,0.01689915504
6.325,59.5,0.01399930003
6.325,60.5,0.01399930003
6.325,61.5,0.01629918504
6.325,62.5,0.01429928504
6.325,63.5,0.01549922504
6.325,64.5,0.01459927004
6.325,65.5,0.01419929004
6.325,66.5,0.01454927254
6.325,67.5,0.01519924004
6.325,68.5,0.01359932003
6.325,69.5,0.01589920504
6.325,70.5,0.01269936503
6.325,71.5,0.01649917504
6.325,72.5,0.01369931503
6.325,73.5,0.01484925754
6.325,74.5,0.01369931503
6.325,75.5,0.01494925254
6.325,76.5,0.01419929004
6.325,77.5,0.01349932503
6.325,78.5,0.01454927254
6.325,79.5,0.01459927004
6.325,80.5,0.01374931253
6.325,81.5,0.01209939503
6.325,82.5,0.01454927254
6.325,83.5,0.01514924254
6.325,84.5,0.01199940003
6.325,85.5,0.01314934253
6.325,86.5,0.01319934003
6.325,87.5,0.01189940503
6.325,88.5,0.01294935253
6.325,89.5,0.01269936503
6.325,90.5,0.01324933753
6.325,91.5,0.01134943253
6.325,92.5,0.01109944503
6.325,93.5,0.01289935503
6.325,94.5,0.01234938253
6.325,95.5,0.01254937253
6.325,96.5,0.01149942503
6.325,97.5,0.01294935253
6.325,98.5,0.01244937753
6.325,99.5,0.01254937253
6.325,100.5,0.01244937753
6.325,101.5,0.01164941753
6.325,102.5,0.01174941253
6.325,103.5,0.01239938003
6.325,104.5,0.01249937503
6.325,105.5,0.01119944003
6.325,106.5,0.01034948253
6.325,107.5,0.01259937003
6.325,108.5,0.01159942003
6.325,109.5,0.01344932753
6.325,110.5,0.01104944753
6.325,111.5,0.01174941253
6.325,112.5,0.01454927254
6.325,113.5,0.01194940253
6.325,114.5,0.01329933503
6.325,115.5,0.01279936003
6.325,116.5,0.01329933503
6.325,117.5,0.01249937503
6.325,118.5,0.01309934503
6.325,119.5,0.01384930753
6.325,120.5,0.01389930503
6.325,121.5,0.01299935003
6.325,122.5,0.01329933503
6.325,123.5,0.01154942253
6.325,124.5,0.01309934503
6.325,125.5,0.01229938503
6.325,126.5,0.01104944753
6.325,127.5,0.01054947253
6.325,128.5,0.01074946253
6.325,129.5,0.01119944003
6.325,130.5,0.01124943753
6.325,131.5,0.01104944753
6.325,132.5,0.01044947753
6.325,133.5,0.01139943003
6.325,134.5,0.01009949503
6.325,135.5,0.01049947503
6.325,136.5,0.009499525024
6.325,137.5,0.009999500025
6.325,138.5,0.00784960752
6.325,139.5,0.007099645018
6.325,140.5,0.007049647518
6.325,141.5,0.006149692515
6.325,142.5,0.005849707515
6.325,143.5,0.005449727514
6.325,144.5,0.004399780011
6.325,145.5,0.00419979001
6.325,146.5,0.004649767512
6.325,147.5,0.004299785011
6.325,148.5,0.004249787511
6.325,149.5,0.003699815009
6.325,150.5,0.002999850007
6.325,151.5,0.002249887506
6.325,152.5,0.002499875006
6.325,153.5,0.003099845008
6.325,154.5,0.001549922504
6.325,155.5,0.001649917504
6.325,156.5,0.001549922504
6.325,157.5,0.002049897505
6.325,158.5,0.001699915004
6.325,159.5,0.001499925004
6.325,160.5,0.001299935003
6.325,161.5,0.001549922504
6.325,162.5,0.001499925004
6.325,163.5,0.001449927504
6.325,164.5,0.0006999650017
6.325,165.5,0.000799960002
6.325,166.5,0.0007499625019
6.325,167.5,0.0007499625019
6.325,168.5,0.0004499775011
6.325,169.5,0.0005999700015
6.325,170.5,0.0006499675016
6.325,171.5,0.000399980001
6.325,172.5,0.0002499875006
6.325,173.5,0.0003499825009
6.325,174.5,0.0001499925004
6.325,175.5,0.0001499925004
6.325,176.5,9.999500025e-05
6.325,177.5,0.0002499875006
6.325,178.5,4.999750012e-05
6.325,179.5,0
6.375,0.5,0.0001499925004
6.375,1.5,0.0001999900005
6.375,2.5,0.0005999700015
6.375,3.5,0.0005999700015
6.375,4.5,0.001049947503
6.375,5.5,0.001249937503
6.375,6.5,0.001899905005
6.375,7.5,0.002249887506
6.375,8.5,0.001899905005
6.375,9.5,0.001799910004
6.375,10.5,0.002149892505
6.375,11.5,0.002749862507
6.375,12.5,0.003149842508
6.375,13.5,0.002949852507
6.375,14.5,0.00389980501
6.375,15.5,0.003799810009
6.375,16.5,0.003549822509
6.375,17.5,0.00414979251
6.375,18.5,0.005399730013
6.375,19.5,0.005499725014
6.375,20.5,0.006599670016
6.375,21.5,0.005549722514
6.375,22.5,0.005799710014
6.375,23.5,0.006949652517
6.375,24.5,0.006699665017
6.375,25.5,0.00784960752
6.375,26.5,0.007699615019
6.375,27.5,0.008349582521
6.375,28.5,0.009749512524
6.375,29.5,0.00804959752
6.375,30.5,0.008499575021
6.375,31.5,0.008599570021
6.375,32.5,0.009149542523
6.375,33.5,0.009549522524
6.375,34.5,0.01009949503
6.375,35.5,0.01009949503
6.375,36.5,0.009699515024
6.375,37.5,0.01074946253
6.375,38.5,0.01064946753
6.375,39.5,0.01004949753
6.375,40.5,0.01144942753
6.375,41.5,0.01224938753
6.375,42.5,0.01249937503
6.375,43.5,0.01119944003
6.375,44.5,0.01164941753
6.375,45.5,0.01204939753
6.375,46.5,0.01289935503
6.375,47.5,0.01279936003
6.375,48.5,0.01194940253
6.375,49.5,0.01259937003
6.375,50.5,0.01434928254
6.375,51.5,0.01344932753
6.375,52.5,0.01439928004
6.375,53.5,0.01289935503
6.375,54.5,0.01529923504
6.375,55.5,0.01474926254
6.375,56.5,0.01399930003
6.375,57.5,0.01579921004
6.375,58.5,0.01559922004
6.375,59.5,0.01509924504
6.375,60.5,0.01549922504
6.375,61.5,0.01549922504
6.375,62.5,0.01419929004
6.375,63.5,0.01459927004
6.375,64.5,0.01479926004
6.375,65.5,0.01609919504
6.375,66.5,0.01444927754
6.375,67.5,0.01444927754
6.375,68.5,0.01424928754
6.375,69.5,0.01574921254
6.375,70.5,0.01569921504
6.375,71.5,0.01474926254
6.375,72.5,0.01499925004
6.375,73.5,0.01459927004
6.375,74.5,0.01514924254
6.375,75.5,0.01459927004
6.375,76.5,0.01529923504
6.375,77.5,0.01339933003
6.375,78.5,0.01319934003
6.375,79.5,0.01354932253
6.375,80.5,0.01369931503
6.375,81.5,0.01294935253
6.375,82.5,0.01369931503
6.375,83.5,0.01369931503
6.375,84.5,0.01249937503
6.375,85.5,0.01239938003
6.375,86.5,0.01319934003
6.375,87.5,0.01219939003
6.375,88.5,0.01124943753
6.375,89.5,0.01069946503
6.375,90.5,0.01284935753
6.375,91.5,0.01294935253
6.375,92.5,0.01154942253
6.375,93.5,0.01069946503
6.375,94.5,0.01224938753
6.375,95.5,0.01084945753
6.375,96.5,0.01274936253
6.375,97.5,0.01259937003
6.375,98.5,0.01084945753
6.375,99.5,0.01164941753
6.375,100.5,0.01204939753
6.375,101.5,0.01134943253
6.375,102.5,0.01274936253
6.375,103.5,0.01164941753
6.375,104.5,0.01199940003
6.375,105.5,0.01104944753
6.375,106.5,0.01209939503
6.375,107.5,0.01189940503
6.375,108.5,0.01274936253
6.375,109.5,0.01169941503
6.375,110.5,0.01269936503
6.375,111.5,0.01204939753
6.375,112.5,0.01144942753
6.375,113.5,0.01214939253
6.375,114.5,0.01239938003
6.375,115.5,0.01259937003
6.375,116.5,0.01224938753
6.375,117.5,0.01214939253
6.375,118.5,0.01204939753
6.375,119.5,0.01234938253
6.375,120.5,0.01244937753
6.375,121.5,0.01274936253
6.375,122.5,0.01259937003
6.375,123.5,0.01244937753
6.375,124.5,0.01319934003
6.375,125.5,0.01214939253
6.375,126.5,0.01194940253
6.375,127.5,0.01419929004
6.375,128.5,0.01139943003
6.375,129.5,0.01054947253
6.375,130.5,0.01029948503
6.375,131.5,0.009099545023
6.375,132.5,0.009549522524
6.375,133.5,0.009749512524
6.375,134.5,0.01034948253
6.375,135.5,0.008949552522
6.375,136.5,0.009099545023
6.375,137.5,0.007749612519
6.375,138.5,0.008499575021
6.375,139.5,0.00789960502
6.375,140.5,0.006999650017
6.375,141.5,0.006749662517
6.375,142.5,0.005899705015
6.375,143.5,0.005499725014
6.375,144.5,0.005699715014
6.375,145.5,0.004549772511
6.375,146.5,0.004349782511
6.375,147.5,0.004449777511
6.375,148.5,0.003549822509
6.375,149.5,0.003749812509
6.375,150.5,0.004349782511
6.375,151.5,0.003299835008
6.375,152.5,0.002499875006
6.375,153.5,0.002949852507
6.375,154.5,0.001949902505
6.375,155.5,0.002449877506
6.375,156.5,0.001549922504
6.375,157.5,0.001799910004
6.375,158.5,0.001749912504
6.375,159.5,0.001399930003
6.375,160.5,0.001949902505
6.375,161.5,0.001499925004
6.375,162.5,0.001199940003
6.375,163.5,0.001399930003
6.375,164.5,0.0008999550022
6.375,165.5,0.001049947503
6.375,166.5,0.001299935003
6.375,167.5,0.000799960002
6.375,168.5,0.001049947503
6.375,169.5,0.0006999650017
6.375,170.5,0.0009499525024
6.375,171.5,0.000399980001
6.375,172.5,0.0004499775011
6.375,173.5,0.000399980001
6.375,174.5,0.0003499825009
6.375,175.5,0.0002999850007
6.375,176.5,0.0002499875006
6.375,177.5,0.0001499925004
6.375,178.5,9.999500025e-05
6.375,179.5,0
6.425,0.5,9.999500025e-05
6.425,1.5,4.999750012e-05
6.425,2.5,0.0002499875006
6.425,3.5,0.0009499525024
6.425,4.5,0.0009999500025
6.425,5.5,0.001349932503
6.425,6.5,0.001649917504
6.425,7.5,0.001599920004
6.425,8.5,0.002549872506
6.425,9.5,0.002649867507
6.425,10.5,0.002099895005
6.425,11.5,0.002699865007
6.425,12.5,0.003749812509
6.425,13.5,0.003549822509
6.425,14.5,0.003349832508
6.425,15.5,0.00399980001
6.425,16.5,0.00384980751
6.425,17.5,0.004899755012
6.425,18.5,0.004299785011
6.425,19.5,0.004899755012
6.425,20.5,0.005599720014
6.425,21.5,0.006599670016
6.425,22.5,0.007149642518
6.425,23.5,0.005999700015
6.425,24.5,0.007599620019
6.425,25.5,0.00799960002
6.425,26.5,0.00814959252
6.425,27.5,0.009049547523
6.425,28.5,0.00819959002
6.425,29.5,0.00799960002
6.425,30.5,0.009099545023
6.425,31.5,0.008849557522
6.425,32.5,0.009249537523
6.425,33.5,0.009049547523
6.425,34.5,0.01004949753
6.425,35.5,0.01049947503
6.425,36.5,0.01039948003
6.425,37.5,0.009299535023
6.425,38.5,0.01094945253
6.425,39.5,0.01064946753
6.425,40.5,0.01054947253
6.425,41.5,0.01149942503
6.425,42.5,0.01209939503
6.425,43.5,0.01239938003
6.425,44.5,0.01294935253
6.425,45.5,0.01364931753
6.425,46.5,0.01244937753
6.425,47.5,0.01254937253
6.425,48.5,0.01529923504
6.425,49.5,0.01474926254
6.425,50.5,0.01434928254
6.425,51.5,0.01529923504
6.425,52.5,0.01449927504
6.425,53.5,0.01529923504
6.425,54.5,0.01599920004
6.425,55.5,0.01634918254
6.425,56.5,0.01594920254
6.425,57.5,0.01539923004
6.425,58.5,0.01499925004
6.425,59.5,0.01544922754
6.425,60.5,0.01534923254
6.425,61.5,0.01514924254
6.425,62.5,0.01569921504
6.425,63.5,0.01649917504
6.425,64.5,0.01684915754
6.425,65.5,0.01749912504
6.425,66.5,0.01649917504
6.425,67.5,0.01714914254
6.425,68.5,0.01634918254
6.425,69.5,0.01489925504
6.425,70.5,0.01649917504
6.425,71.5,0.01644917754
6.425,72.5,0.01614919254
6.425,73.5,0.01439928004
6.425,74.5,0.01549922504
6.425,75.5,0.01634918254
6.425,76.5,0.01309934503
6.425,77.5,0.01544922754
6.425,78.5,0.01399930003
6.425,79.5,0.01559922004
6.425,80.5,0.01549922504
6.425,81.5,0.01329933503
6.425,82.5,0.01419929004
6.425,83.5,0.01509924504
6.425,84.5,0.01204939753
6.425,85.5,0.01294935253
6.425,86.5,0.01414929254
6.425,87.5,0.01304934753
6.425,88.5,0.01224938753
6.425,89.5,0.01299935003
6.425,90.5,0.01399930003
6.425,91.5,0.01164941753
6.425,92.5,0.01249937503
6.425,93.5,0.01194940253
6.425,94.5,0.01209939503
6.425,95.5,0.01169941503
6.425,96.5,0.01299935003
6.425,97.5,0.01064946753
6.425,98.5,0.01099945003
6.425,99.5,0.01299935003
6.425,100.5,0.01274936253
6.425,101.5,0.01229938503
6.425,102.5,0.01239938003
6.425,103.5,0.01209939503
6.425,104.5,0.01229938503
6.425,105.5,0.01274936253
6.425,106.5,0.01104944753
6.425,107.5,0.01294935253
6.425,108.5,0.01274936253
6.425,109.5,0.01234938253
6.425,110.5,0.01204939753
6.425,111.5,0.01164941753
6.425,112.5,0.01214939253
6.425,113.5,0.01244937753
6.425,114.5,0.01149942503
6.425,115.5,0.01324933753
6.425,116.5,0.01309934503
6.425,117.5,0.01179941003
6.425,118.5,0.01289935503
6.425,119.5,0.01334933253
6.425,120.5,0.01329933503
6.425,121.5,0.01184940753
6.425,122.5,0.01094945253
6.425,123.5,0.01164941753
6.425,124.5,0.01244937753
6.425,125.5,0.01199940003
6.425,126.5,0.01364931753
6.425,127.5,0.01069946503
6.425,128.5,0.01149942503
6.425,129.5,0.01079946003
6.425,130.5,0.01054947253
6.425,131.5,0.01089945503
6.425,132.5,0.01079946003
6.425,133.5,0.009499525024
6.425,134.5,0.01064946753
6.425,135.5,0.008549572521
6.425,136.5,0.008599570021
6.425,137.5,0.007049647518
6.425,138.5,0.00784960752
6.425,139.5,0.007799610019
6.425,140.5,0.006399680016
6.425,141.5,0.007249637518
6.425,142.5,0.006349682516
6.425,143.5,0.006749662517
6.425,144.5,0.005599720014
6.425,145.5,0.005949702515
6.425,146.5,0.004849757512
6.425,147.5,0.004249787511
6.425,148.5,0.004249787511
6.425,149.5,0.00409979501
6.425,150.5,0.003599820009
6.425,151.5,0.002899855007
6.425,152.5,0.002999850007
6.425,153.5,0.002499875006
6.425,154.5,0.002649867507
6.425,155.5,0.002049897505
6.425,156.5,0.001899905005
6.425,157.5,0.001949902505
6.425,158.5,0.001249937503
6.425,159.5,0.001899905005
6.425,160.5,0.001499925004
6.425,161.5,0.001799910004
6.425,162.5,0.001399930003
6.425,163.5,0.0007499625019
6.425,164.5,0.0007499625019
6.425,165.5,0.001199940003
6.425,166.5,0.0008499575021
6.425,167.5,0.001049947503
6.425,168.5,0.0008999550022
6.425,169.5,0.0002499875006
6.425,170.5,0.000799960002
6.425,171.5,0.0005499725014
6.425,172.5,0.0005499725014
6.425,173.5,0.0005499725014
6.425,174.5,0.0004499775011
6.425,175.5,0.0003499825009
6.425,176.5,0.0002499875006
6.425,177.5,0.0002499875006
6.425,178.5,0.0001999900005
6.425,179.5,0
6.475,0.5,4.999750012e-05
6.475,1.5,0.0003499825009
6.475,2.5,0.000399980001
6.475,3.5,0.0007499625019
6.475,4.5,0.0008499575021
6.475,5.5,0.001299935003
6.475,6.5,0.001849907505
6.475,7.5,0.002199890005
6.475,8.5,0.001999900005
6.475,9.5,0.002199890005
6.475,10.5,0.003199840008
6.475,11.5,0.003499825009
6.475,12.5,0.003749812509
6.475,13.5,0.003049847508
6.475,14.5,0.003449827509
6.475,15.5,0.00399980001
6.475,16.5,0.003799810009
6.475,17.5,0.003099845008
6.475,18.5,0.004549772511
6.475,19.5,0.004499775011
6.475,20.5,0.005849707515
6.475,21.5,0.005249737513
6.475,22.5,0.005849707515
6.475,23.5,0.006799660017
6.475,24.5,0.006099695015
6.475,25.5,0.00804959752
6.475,26.5,0.006449677516
6.475,27.5,0.007649617519
6.475,28.5,0.007749612519
6.475,29.5,0.00819959002
6.475,30.5,0.008499575021
6.475,31.5,0.009699515024
6.475,32.5,0.009349532523
6.475,33.5,0.009149542523
6.475,34.5,0.009399530023
6.475,35.5,0.01039948003
6.475,36.5,0.01079946003
6.475,37.5,0.01074946253
6.475,38.5,0.01119944003
6.475,39.5,0.01214939253
6.475,40.5,0.01239938003
6.475,41.5,0.01254937253
6.475,42.5,0.01384930753
6.475,43.5,0.01039948003
6.475,44.5,0.01289935503
6.475,45.5,0.01354932253
6.475,46.5,0.01489925504
6.475,47.5,0.01449927504
6.475,48.5,0.01349932503
6.475,49.5,0.01539923004
6.475,50.5,0.01474926254
6.475,51.5,0.01454927254
6.475,52.5,0.01674916254
6.475,53.5,0.01659917004
6.475,54.5,0.01484925754
6.475,55.5,0.01594920254
6.475,56.5,0.01649917504
6.475,57.5,0.01679916004
6.475,58.5,0.01804909755
6.475,59.5,0.01689915504
6.475,60.5,0.01809909505
6.475,61.5,0.01564921754
6.475,62.5,0.01689915504
6.475,63.5,0.01704914754
6.475,64.5,0.01629918504
6.475,65.5,0.01729913504
6.475,66.5,0.01879906005
6.475,67.5,0.01699915004
6.475,68.5,0.01629918504
6.475,69.5,0.01739913004
6.475,70.5,0.01604919754
6.475,71.5,0.01694915254
6.475,72.5,0.01804909755
6.475,73.5,0.01594920254
6.475,74.5,0.01694915254
6.475,75.5,0.01689915504
6.475,76.5,0.01674916254
6.475,77.5,0.01469926504
6.475,78.5,0.01599920004
6.475,79.5,0.01469926504
6.475,80.5,0.01399930003
6.475,81.5,0.01549922504
6.475,82.5,0.01394930253
6.475,83.5,0.01354932253
6.475,84.5,0.01519924004
6.475,85.5,0.01314934253
6.475,86.5,0.01434928254
6.475,87.5,0.01344932753
6.475,88.5,0.01429928504
6.475,89.5,0.01264936753
6.475,90.5,0.01289935503
6.475,91.5,0.01299935003
6.475,92.5,0.01244937753
6.475,93.5,0.01134943253
6.475,94.5,0.01334933253
6.475,95.5,0.01204939753
6.475,96.5,0.01359932003
6.475,97.5,0.01064946753
6.475,98.5,0.01234938253
6.475,99.5,0.01274936253
6.475,100.5,0.01184940753
6.475,101.5,0.01244937753
6.475,102.5,0.01269936503
6.475,103.5,0.01249937503
6.475,104.5,0.01149942503
6.475,105.5,0.01259937003
6.475,106.5,0.01219939003
6.475,107.5,0.01129943503
6.475,108.5,0.01194940253
6.475,109.5,0.01099945003
6.475,110.5,0.01229938503
6.475,111.5,0.01124943753
6.475,112.5,0.01114944253
6.475,113.5,0.01264936753
6.475,114.5,0.01109944503
6.475,115.5,0.01169941503
6.475,116.5,0.01069946503
6.475,117.5,0.01039948003
6.475,118.5,0.01219939003
6.475,119.5,0.01204939753
6.475,120.5,0.01044947753
6.475,121.5,0.01099945003
6.475,122.5,0.01154942253
6.475,123.5,0.01249937503
6.475,124.5,0.01124943753
6.475,125.5,0.01214939253
6.475,126.5,0.01054947253
6.475,127.5,0.01084945753
6.475,128.5,0.01054947253
6.475,129.5,0.01199940003
6.475,130.5,0.01034948253
6.475,131.5,0.01019949003
6.475,132.5,0.01044947753
6.475,133.5,0.009799510024
6.475,134.5,0.009599520024
6.475,135.5,0.008399580021
6.475,136.5,0.008249587521
6.475,137.5,0.00799960002
6.475,138.5,0.007449627519
6.475,139.5,0.00794960252
6.475,140.5,0.006949652517
6.475,141.5,0.007549622519
6.475,142.5,0.005799710014
6.475,143.5,0.006149692515
6.475,144.5,0.005999700015
6.475,145.5,0.005449727514
6.475,146.5,0.005949702515
6.475,147.5,0.005249737513
6.475,148.5,0.004549772511
6.475,149.5,0.005199740013
6.475,150.5,0.00409979501
6.475,151.5,0.004999750012
6.475,152.5,0.003699815009
6.475,153.5,0.002699865007
6.475,154.5,0.002549872506
6.475,155.5,0.003049847508
6.475,156.5,0.002049897505
6.475,157.5,0.001799910004
6.475,158.5,0.001799910004
6.475,159.5,0.002049897505
6.475,160.5,0.001399930003
6.475,161.5,0.001849907505
6.475,162.5,0.001749912504
6.475,163.5,0.001499925004
6.475,164.5,0.000799960002
6.475,165.5,0.0009999500025
6.475,166.5,0.0009999500025
6.475,167.5,0.0006999650017
6.475,168.5,0.001049947503
6.475,169.5,0.0007499625019
6.475,170.5,0.0006499675016
6.475,171.5,0.0002499875006
6.475,172.5,0.0001999900005
6.475,173.5,0.0002499875006
6.475,174.5,0.0003499825009
6.475,175.5,0.0004499775011
6.475,176.5,0.0002999850007
6.475,177.5,0.0001999900005
6.475,178.5,0.0002499875006
6.475,179.5,0
6.525,0.5,0.0001499925004
6.525,1.5,0.000399980001
6.525,2.5,0.0009499525024
6.525,3.5,0.0006999650017
6.525,4.5,0.0007499625019
6.525,5.5,0.001399930003
6.525,6.5,0.001549922504
6.525,7.5,0.001799910004
6.525,8.5,0.002299885006
6.525,9.5,0.003099845008
6.525,10.5,0.002799860007
6.525,11.5,0.002399880006
6.525,12.5,0.002799860007
6.525,13.5,0.002899855007
6.525,14.5,0.003499825009
6.525,15.5,0.00389980501
6.525,16.5,0.00419979001
6.525,17.5,0.004299785011
6.525,18.5,0.003349832508
6.525,19.5,0.004649767512
6.525,20.5,0.005099745013
6.525,21.5,0.005649717514
6.525,22.5,0.005299735013
6.525,23.5,0.005349732513
6.525,24.5,0.005999700015
6.525,25.5,0.006899655017
6.525,26.5,0.007199640018
6.525,27.5,0.00804959752
6.525,28.5,0.007749612519
6.525,29.5,0.00799960002
6.525,30.5,0.007149642518
6.525,31.5,0.008449577521
6.525,32.5,0.008349582521
6.525,33.5,0.008599570021
6.525,34.5,0.009499525024
6.525,35.5,0.009449527524
6.525,36.5,0.01039948003
6.525,37.5,0.01004949753
6.525,38.5,0.01079946003
6.525,39.5,0.01144942753
6.525,40.5,0.01099945003
6.525,41.5,0.01234938253
6.525,42.5,0.01149942503
6.525,43.5,0.01079946003
6.525,44.5,0.01289935503
6.525,45.5,0.01344932753
6.525,46.5,0.01344932753
6.525,47.5,0.01434928254
6.525,48.5,0.01479926004
6.525,49.5,0.01569921504
6.525,50.5,0.01479926004
6.525,51.5,0.01479926004
6.525,52.5,0.01579921004
6.525,53.5,0.01479926004
6.525,54.5,0.01624918754
6.525,55.5,0.01404929754
6.525,56.5,0.01504924754
6.525,57.5,0.01664916754
6.525,58.5,0.01639918004
6.525,59.5,0.01769911504
6.525,60.5,0.02009899505
6.525,61.5,0.01689915504
6.525,62.5,0.01544922754
6.525,63.5,0.01569921504
6.525,64.5,0.01719914004
6.525,65.5,0.01679916004
6.525,66.5,0.01569921504
6.525,67.5,0.01489925504
6.525,68.5,0.01584920754
6.525,69.5,0.01639918004
6.525,70.5,0.01664916754
6.525,71.5,0.01839908005
6.525,72.5,0.01774911254
6.525,73.5,0.01624918754
6.525,74.5,0.01674916254
6.525,75.5,0.01749912504
6.525,76.5,0.01579921004
6.525,77.5,0.01549922504
6.525,78.5,0.01644917754
6.525,79.5,0.01589920504
6.525,80.5,0.01549922504
6.525,81.5,0.01339933003
6.525,82.5,0.01374931253
6.525,83.5,0.01414929254
6.525,84.5,0.01569921504
6.525,85.5,0.01424928754
6.525,86.5,0.01184940753
6.525,87.5,0.01284935753
6.525,88.5,0.01379931003
6.525,89.5,0.01509924504
6.525,90.5,0.01189940503
6.525,91.5,0.01289935503
6.525,92.5,0.01274936253
6.525,93.5,0.01344932753
6.525,94.5,0.01204939753
6.525,95.5,0.01209939503
6.525,96.5,0.01254937253
6.525,97.5,0.01364931753
6.525,98.5,0.01289935503
6.525,99.5,0.01134943253
6.525,100.5,0.01279936003
6.525,101.5,0.01329933503
6.525,102.5,0.01379931003
6.525,103.5,0.01074946253
6.525,104.5,0.01359932003
6.525,105.5,0.01279936003
6.525,106.5,0.01109944503
6.525,107.5,0.01114944253
6.525,108.5,0.01159942003
6.525,109.5,0.01099945003
6.525,110.5,0.01119944003
6.525,111.5,0.01119944003
6.525,112.5,0.01094945253
6.525,113.5,0.01174941253
6.525,114.5,0.01189940503
6.525,115.5,0.01009949503
6.525,116.5,0.009199540023
6.525,117.5,0.009899505025
6.525,118.5,0.01094945253
6.525,119.5,0.009849507525
6.525,120.5,0.01179941003
6.525,121.5,0.01059947003
6.525,122.5,0.01094945253
6.525,123.5,0.01149942503
6.525,124.5,0.01084945753
6.525,125.5,0.01064946753
6.525,126.5,0.01039948003
6.525,127.5,0.01104944753
6.525,128.5,0.01064946753
6.525,129.5,0.01019949003
6.525,130.5,0.009599520024
6.525,131.5,0.009849507525
6.525,132.5,0.009449527524
6.525,133.5,0.009699515024
6.525,134.5,0.007399630018
6.525,135.5,0.007599620019
6.525,136.5,0.008349582521
6.525,137.5,0.009749512524
6.525,138.5,0.007599620019
6.525,139.5,0.007499625019
6.525,140.5,0.006549672516
6.525,141.5,0.007149642518
6.525,142.5,0.006449677516
6.525,143.5,0.006149692515
6.525,144.5,0.005849707515
6.525,145.5,0.005249737513
6.525,146.5,0.005299735013
6.525,147.5,0.004999750012
6.525,148.5,0.004299785011
6.525,149.5,0.004549772511
6.525,150.5,0.004999750012
6.525,151.5,0.004449777511
6.525,152.5,0.00414979251
6.525,153.5,0.00414979251
6.525,154.5,0.003599820009
6.525,155.5,0.003049847508
6.525,156.5,0.003599820009
6.525,157.5,0.003199840008
6.525,158.5,0.002249887506
6.525,159.5,0.002849857507
6.525,160.5,0.002249887506
6.525,161.5,0.002049897505
6.525,162.5,0.002599870006
6.525,163.5,0.001799910004
6.525,164.5,0.001599920004
6.525,165.5,0.001149942503
6.525,166.5,0.001449927504
6.525,167.5,0.001299935003
6.525,168.5,0.0007499625019
6.525,169.5,0.0005499725014
6.525,170.5,0.0008499575021
6.525,171.5,0.0004999750012
6.525,172.5,0.0003499825009
6.525,173.5,0.0005499725014
6.525,174.5,0.000399980001
6.525,175.5,0.0004499775011
6.525,176.5,0.0002999850007
6.525,177.5,0.0002499875006
6.525,178.5,0
6.525,179.5,4.999750012e-05
6.575,0.5,4.999750012e-05
6.575,1.5,0.0003499825009
6.575,2.5,0.0004499775011
6.575,3.5,0.0009499525024
6.575,4.5,0.001449927504
6.575,5.5,0.001299935003
6.575,6.5,0.001449927504
6.575,7.5,0.001399930003
6.575,8.5,0.002199890005
6.575,9.5,0.002349882506
6.575,10.5,0.002849857507
6.575,11.5,0.002599870006
6.575,12.5,0.002149892505
6.575,13.5,0.002749862507
6.575,14.5,0.002999850007
6.575,15.5,0.002949852507
6.575,16.5,0.003699815009
6.575,17.5,0.003549822509
6.575,18.5,0.004499775011
6.575,19.5,0.004649767512
6.575,20.5,0.005199740013
6.575,21.5,0.005649717514
6.575,22.5,0.004899755012
6.575,23.5,0.005299735013
6.575,24.5,0.007449627519
6.575,25.5,0.006599670016
6.575,26.5,0.006199690015
6.575,27.5,0.007349632518
6.575,28.5,0.007399630018
6.575,29.5,0.007699615019
6.575,30.5,0.00814959252
6.575,31.5,0.008649567522
6.575,32.5,0.00814959252
6.575,33.5,0.01029948503
6.575,34.5,0.009399530023
6.575,35.5,0.01029948503
6.575,36.5,0.01144942753
6.575,37.5,0.01089945503
6.575,38.5,0.009799510024
6.575,39.5,0.01129943503
6.575,40.5,0.01084945753
6.575,41.5,0.01059947003
6.575,42.5,0.01179941003
6.575,43.5,0.01209939503
6.575,44.5,0.01344932753
6.575,45.5,0.01279936003
6.575,46.5,0.01279936003
6.575,47.5,0.01264936753
6.575,48.5,0.01509924504
6.575,49.5,0.01409929504
6.575,50.5,0.01309934503
6.575,51.5,0.01409929504
6.575,52.5,0.01394930253
6.575,53.5,0.01484925754
6.575,54.5,0.01524923754
6.575,55.5,0.01539923004
6.575,56.5,0.01604919754
6.575,57.5,0.01464926754
6.575,58.5,0.01684915754
6.575,59.5,0.01599920004
6.575,60.5,0.01679916004
6.575,61.5,0.01639918004
6.575,62.5,0.01734913254
6.575,63.5,0.01824908755
6.575,64.5,0.01594920254
6.575,65.5,0.01649917504
6.575,66.5,0.01674916254
6.575,67.5,0.01674916254
6.575,68.5,0.01584920754
6.575,69.5,0.01624918754
6.575,70.5,0.01629918504
6.575,71.5,0.01694915254
6.575,72.5,0.01719914004
6.575,73.5,0.01554922254
6.575,74.5,0.01659917004
6.575,75.5,0.01699915004
6.575,76.5,0.01699915004
6.575,77.5,0.01539923004
6.575,78.5,0.01674916254
6.575,79.5,0.01724913754
6.575,80.5,0.01484925754
6.575,81.5,0.01454927254
6.575,82.5,0.01534923254
6.575,83.5,0.01554922254
6.575,84.5,0.01424928754
6.575,85.5,0.01379931003
6.575,86.5,0.01409929504
6.575,87.5,0.01329933503
6.575,88.5,0.01444927754
6.575,89.5,0.01324933753
6.575,90.5,0.01389930503
6.575,91.5,0.01334933253
6.575,92.5,0.01274936253
6.575,93.5,0.01314934253
6.575,94.5,0.01379931003
6.575,95.5,0.01354932253
6.575,96.5,0.01024948753
6.575,97.5,0.01149942503
6.575,98.5,0.01089945503
6.575,99.5,0.01304934753
6.575,100.5,0.01289935503
6.575,101.5,0.01159942003
6.575,102.5,0.01289935503
6.575,103.5,0.01249937503
6.575,104.5,0.01029948503
6.575,105.5,0.01184940753
6.575,106.5,0.01159942003
6.575,107.5,0.01294935253
6.575,108.5,0.01144942753
6.575,109.5,0.01184940753
6.575,110.5,0.01064946753
6.575,111.5,0.01004949753
6.575,112.5,0.01044947753
6.575,113.5,0.01124943753
6.575,114.5,0.01019949003
6.575,115.5,0.01089945503
6.575,116.5,0.01064946753
6.575,117.5,0.01069946503
6.575,118.5,0.01084945753
6.575,119.5,0.009999500025
6.575,120.5,0.01039948003
6.575,121.5,0.01144942753
6.575,122.5,0.01124943753
6.575,123.5,0.01129943503
6.575,124.5,0.01144942753
6.575,125.5,0.01174941253
6.575,126.5,0.01099945003
6.575,127.5,0.009149542523
6.575,128.5,0.01019949003
6.575,129.5,0.01009949503
6.575,130.5,0.009799510024
6.575,131.5,0.01004949753
6.575,132.5,0.008749562522
6.575,133.5,0.008549572521
6.575,134.5,0.009349532523
6.575,135.5,0.00819959002
6.575,136.5,0.007649617519
6.575,137.5,0.007299635018
6.575,138.5,0.00794960252
6.575,139.5,0.006599670016
6.575,140.5,0.007799610019
6.575,141.5,0.00794960252
6.575,142.5,0.007599620019
6.575,143.5,0.00799960002
6.575,144.5,0.006299685016
6.575,145.5,0.005999700015
6.575,146.5,0.005549722514
6.575,147.5,0.005599720014
6.575,148.5,0.005949702515
6.575,149.5,0.005249737513
6.575,150.5,0.005449727514
6.575,151.5,0.004949752512
6.575,152.5,0.004999750012
6.575,153.5,0.00419979001
6.575,154.5,0.004849757512
6.575,155.5,0.004299785011
6.575,156.5,0.00389980501
6.575,157.5,0.003449827509
6.575,158.5,0.002499875006
6.575,159.5,0.002999850007
6.575,160.5,0.002849857507
6.575,161.5,0.002449877506
6.575,162.5,0.002649867507
6.575,163.5,0.002299885006
6.575,164.5,0.002749862507
6.575,165.5,0.001799910004
6.575,166.5,0.001399930003
6.575,167.5,0.001399930003
6.575,168.5,0.001599920004
6.575,169.5,0.001149942503
6.575,170.5,0.0009499525024
6.575,171.5,0.0009999500025
6.575,172.5,0.0009499525024
6.575,173.5,0.0008999550022
6.575,174.5,0.0009999500025
6.575,175.5,0.0005499725014
6.575,176.5,0.0005999700015
6.575,177.5,9.999500025e-05
6.575,178.5,0
6.575,179.5,9.999500025e-05
6.625,0.5,4.999750012e-05
6.625,1.5,0.000399980001
6.625,2.5,0.0004499775011
6.625,3.5,0.0006499675016
6.625,4.5,0.0007499625019
6.625,5.5,0.001349932503
6.625,6.5,0.001199940003
6.625,7.5,0.001299935003
6.625,8.5,0.001649917504
6.625,9.5,0.002199890005
6.625,10.5,0.002249887506
6.625,11.5,0.002449877506
6.625,12.5,0.003249837508
6.625,13.5,0.002699865007
6.625,14.5,0.003649817509
6.625,15.5,0.003149842508
6.625,16.5,0.00394980251
6.625,17.5,0.00409979501
6.625,18.5,0.004749762512
6.625,19.5,0.004599770011
6.625,20.5,0.005749712514
6.625,21.5,0.005199740013
6.625,22.5,0.004799760012
6.625,23.5,0.005799710014
6.625,24.5,0.006499675016
6.625,25.5,0.006299685016
6.625,26.5,0.007049647518
6.625,27.5,0.006999650017
6.625,28.5,0.007199640018
6.625,29.5,0.00789960502
6.625,30.5,0.008599570021
6.625,31.5,0.008249587521
6.625,32.5,0.008249587521
6.625,33.5,0.008399580021
6.625,34.5,0.009649517524
6.625,35.5,0.008249587521
6.625,36.5,0.01079946003
6.625,37.5,0.009849507525
6.625,38.5,0.01009949503
6.625,39.5,0.01204939753
6.625,40.5,0.01169941503
6.625,41.5,0.01259937003
6.625,42.5,0.01064946753
6.625,43.5,0.01099945003
6.625,44.5,0.01464926754
6.625,45.5,0.01309934503
6.625,46.5,0.01329933503
6.625,47.5,0.01339933003
6.625,48.5,0.01409929504
6.625,49.5,0.01384930753
6.625,50.5,0.01404929754
6.625,51.5,0.01484925754
6.625,52.5,0.01539923004
6.625,53.5,0.01479926004
6.625,54.5,0.01564921754
6.625,55.5,0.01529923504
6.625,56.5,0.01669916504
6.625,57.5,0.01504924754
6.625,58.5,0.01749912504
6.625,59.5,0.01654917254
6.625,60.5,0.01664916754
6.625,61.5,0.01609919504
6.625,62.5,0.01694915254
6.625,63.5,0.01539923004
6.625,64.5,0.01869906505
6.625,65.5,0.01614919254
6.625,66.5,0.01889905505
6.625,67.5,0.01639918004
6.625,68.5,0.01659917004
6.625,69.5,0.01604919754
6.625,70.5,0.01769911504
6.625,71.5,0.01709914504
6.625,72.5,0.01729913504
6.625,73.5,0.01859907005
6.625,74.5,0.01794910254
6.625,75.5,0.01744912754
6.625,76.5,0.01654917254
6.625,77.5,0.01654917254
6.625,78.5,0.01504924754
6.625,79.5,0.01619919004
6.625,80.5,0.01559922004
6.625,81.5,0.01624918754
6.625,82.5,0.01419929004
6.625,83.5,0.01539923004
6.625,84.5,0.01549922504
6.625,85.5,0.01304934753
6.625,86.5,0.01414929254
6.625,87.5,0.01379931003
6.625,88.5,0.01434928254
6.625,89.5,0.01439928004
6.625,90.5,0.01329933503
6.625,91.5,0.01209939503
6.625,92.5,0.01364931753
6.625,93.5,0.01199940003
6.625,94.5,0.01264936753
6.625,95.5,0.01259937003
6.625,96.5,0.01324933753
6.625,97.5,0.01409929504
6.625,98.5,0.01374931253
6.625,99.5,0.01244937753
6.625,100.5,0.01319934003
6.625,101.5,0.01244937753
6.625,102.5,0.01269936503
6.625,103.5,0.01169941503
6.625,104.5,0.01274936253
6.625,105.5,0.01179941003
6.625,106.5,0.01154942253
6.625,107.5,0.01184940753
6.625,108.5,0.01204939753
6.625,109.5,0.01154942253
6.625,110.5,0.01179941003
6.625,111.5,0.01144942753
6.625,112.5,0.01119944003
6.625,113.5,0.01109944503
6.625,114.5,0.01139943003
6.625,115.5,0.01089945503
6.625,116.5,0.01074946253
6.625,117.5,0.01144942753
6.625,118.5,0.01094945253
6.625,119.5,0.009899505025
6.625,120.5,0.01014949253
6.625,121.5,0.01084945753
6.625,122.5,0.01074946253
6.625,123.5,0.01124943753
6.625,124.5,0.009799510024
6.625,125.5,0.01024948753
6.625,126.5,0.009349532523
6.625,127.5,0.009399530023
6.625,128.5,0.01024948753
6.625,129.5,0.009249537523
6.625,130.5,0.009549522524
6.625,131.5,0.009099545023
6.625,132.5,0.009849507525
6.625,133.5,0.008599570021
6.625,134.5,0.007449627519
6.625,135.5,0.008949552522
6.625,136.5,0.007749612519
6.625,137.5,0.008549572521
6.625,138.5,0.00784960752
6.625,139.5,0.007249637518
6.625,140.5,0.008899555022
6.625,141.5,0.007149642518
6.625,142.5,0.007649617519
6.625,143.5,0.006899655017
6.625,144.5,0.007049647518
6.625,145.5,0.005949702515
6.625,146.5,0.006949652517
6.625,147.5,0.006299685016
6.625,148.5,0.005099745013
6.625,149.5,0.006699665017
6.625,150.5,0.006199690015
6.625,151.5,0.005399730013
6.625,152.5,0.004899755012
6.625,153.5,0.004949752512
6.625,154.5,0.004749762512
6.625,155.5,0.004799760012
6.625,156.5,0.00419979001
6.625,157.5,0.004499775011
6.625,158.5,0.00394980251
6.625,159.5,0.003449827509
6.625,160.5,0.003499825009
6.625,161.5,0.002799860007
6.625,162.5,0.002549872506
6.625,163.5,0.002699865007
6.625,164.5,0.002599870006
6.625,165.5,0.001649917504
6.625,166.5,0.002499875006
6.625,167.5,0.001799910004
6.625,168.5,0.001199940003
6.625,169.5,0.001449927504
6.625,170.5,0.001099945003
6.625,171.5,0.001249937503
6.625,172.5,0.001249937503
6.625,173.5,0.0007499625019
6.625,174.5,0.000799960002
6.625,175.5,0.0004499775011
6.625,176.5,0.000399980001
6.625,177.5,0.0004499775011
6.625,178.5,0.0001999900005
6.625,179.5,9.999500025e-05
6.675,0.5,0.0001499925004
6.675,1.5,0.0001499925004
6.675,2.5,0.000399980001
6.675,3.5,0.0009499525024
6.675,4.5,0.0009499525024
6.675,5.5,0.001399930003
6.675,6.5,0.001099945003
6.675,7.5,0.001749912504
6.675,8.5,0.001699915004
6.675,9.5,0.001599920004
6.675,10.5,0.001999900005
6.675,11.5,0.002999850007
6.675,12.5,0.002299885006
6.675,13.5,0.002949852507
6.675,14.5,0.002949852507
6.675,15.5,0.003149842508
6.675,16.5,0.00419979001
6.675,17.5,0.00414979251
6.675,18.5,0.003199840008
6.675,19.5,0.00409979501
6.675,20.5,0.004849757512
6.675,21.5,0.004749762512
6.675,22.5,0.005099745013
6.675,23.5,0.005649717514
6.675,24.5,0.006999650017
6.675,25.5,0.006999650017
6.675,26.5,0.005649717514
6.675,27.5,0.007549622519
6.675,28.5,0.007349632518
6.675,29.5,0.00814959252
6.675,30.5,0.008299585021
6.675,31.5,0.008399580021
6.675,32.5,0.009549522524
6.675,33.5,0.009849507525
6.675,34.5,0.008499575021
6.675,35.5,0.008999550022
6.675,36.5,0.009249537523
6.675,37.5,0.009999500025
6.675,38.5,0.01079946003
6.675,39.5,0.01209939503
6.675,40.5,0.01139943003
6.675,41.5,0.01154942253
6.675,42.5,0.01299935003
6.675,43.5,0.01149942503
6.675,44.5,0.01329933503
6.675,45.5,0.01329933503
6.675,46.5,0.01294935253
6.675,47.5,0.01239938003
6.675,48.5,0.01384930753
6.675,49.5,0.01494925254
6.675,50.5,0.01479926004
6.675,51.5,0.01679916004
6.675,52.5,0.01564921754
6.675,53.5,0.01569921504
6.675,54.5,0.01479926004
6.675,55.5,0.01464926754
6.675,56.5,0.01619919004
6.675,57.5,0.01454927254
6.675,58.5,0.01604919754
6.675,59.5,0.01684915754
6.675,60.5,0.01739913004
6.675,61.5,0.01774911254
6.675,62.5,0.01609919504
6.675,63.5,0.01799910004
6.675,64.5,0.01839908005
6.675,65.5,0.01809909505
6.675,66.5,0.01809909505
6.675,67.5,0.01619919004
6.675,68.5,0.01644917754
6.675,69.5,0.01809909505
6.675,70.5,0.01764911754
6.675,71.5,0.01759912004
6.675,72.5,0.01779911004
6.675,73.5,0.01629918504
6.675,74.5,0.01789910504
6.675,75.5,0.01674916254
6.675,76.5,0.01709914504
6.675,77.5,0.01584920754
6.675,78.5,0.01724913754
6.675,79.5,0.01649917504
6.675,80.5,0.01464926754
6.675,81.5,0.01599920004
6.675,82.5,0.01604919754
6.675,83.5,0.01449927504
6.675,84.5,0.01484925754
6.675,85.5,0.01599920004
6.675,86.5,0.01454927254
6.675,87.5,0.01519924004
6.675,88.5,0.01499925004
6.675,89.5,0.01264936753
6.675,90.5,0.01374931253
6.675,91.5,0.01374931253
6.675,92.5,0.01239938003
6.675,93.5,0.01344932753
6.675,94.5,0.01284935753
6.675,95.5,0.01329933503
6.675,96.5,0.01299935003
6.675,97.5,0.01134943253
6.675,98.5,0.01164941753
6.675,99.5,0.01219939003
6.675,100.5,0.01139943003
6.675,101.5,0.01234938253
6.675,102.5,0.01239938003
6.675,103.5,0.01064946753
6.675,104.5,0.01219939003
6.675,105.5,0.009699515024
6.675,106.5,0.01189940503
6.675,107.5,0.01134943253
6.675,108.5,0.01149942503
6.675,109.5,0.01209939503
6.675,110.5,0.01059947003
6.675,111.5,0.01184940753
6.675,112.5,0.01134943253
6.675,113.5,0.01129943503
6.675,114.5,0.01159942003
6.675,115.5,0.01154942253
6.675,116.5,0.01154942253
6.675,117.5,0.01044947753
6.675,118.5,0.01089945503
6.675,119.5,0.01174941253
6.675,120.5,0.008899555022
6.675,121.5,0.01019949003
6.675,122.5,0.009299535023
6.675,123.5,0.01089945503
6.675,124.5,0.009299535023
6.675,125.5,0.009849507525
6.675,126.5,0.01019949003
6.675,127.5,0.009849507525
6.675,128.5,0.009849507525
6.675,129.5,0.01099945003
6.675,130.5,0.009149542523
6.675,131.5,0.007749612519
6.675,132.5,0.009149542523
6.675,133.5,0.008349582521
6.675,134.5,0.00819959002
6.675,135.5,0.009949502525
6.675,136.5,0.009449527524
6.675,137.5,0.008499575021
6.675,138.5,0.009049547523
6.675,139.5,0.008499575021
6.675,140.5,0.009049547523
6.675,141.5,0.00819959002
6.675,142.5,0.00804959752
6.675,143.5,0.007649617519
6.675,144.5,0.00819959002
6.675,145.5,0.00804959752
6.675,146.5,0.007049647518
6.675,147.5,0.007299635018
6.675,148.5,0.005599720014
6.675,149.5,0.006999650017
6.675,150.5,0.005699715014
6.675,151.5,0.005249737513
6.675,152.5,0.005449727514
6.675,153.5,0.004949752512
6.675,154.5,0.00419979001
6.675,155.5,0.004649767512
6.675,156.5,0.004899755012
6.675,157.5,0.00404979751
6.675,158.5,0.003749812509
6.675,159.5,0.003499825009
6.675,160.5,0.00389980501
6.675,161.5,0.003049847508
6.675,162.5,0.002749862507
6.675,163.5,0.003199840008
6.675,164.5,0.002549872506
6.675,165.5,0.002349882506
6.675,166.5,0.002049897505
6.675,167.5,0.002199890005
6.675,168.5,0.001449927504
6.675,169.5,0.001149942503
6.675,170.5,0.001299935003
6.675,171.5,0.001399930003
6.675,172.5,0.001799910004
6.675,173.5,0.0007499625019
6.675,174.5,0.0004999750012
6.675,175.5,0.0007499625019
6.675,176.5,0.0005999700015
6.675,177.5,0.0002499875006
6.675,178.5,0.0001999900005
6.675,179.5,0.0001499925004
6.725,0.5,0
6.725,1.5,0.0002999850007
6.725,2.5,0.0003499825009
6.725,3.5,0.0006999650017
6.725,4.5,0.0005499725014
6.725,5.5,0.001149942503
6.725,6.5,0.001149942503
6.725,7.5,0.0008499575021
6.725,8.5,0.001599920004
6.725,9.5,0.001549922504
6.725,10.5,0.002049897505
6.725,11.5,0.001949902505
6.725,12.5,0.001999900005
6.725,13.5,0.002149892505
6.725,14.5,0.003149842508
6.725,15.5,0.002799860007
6.725,16.5,0.003299835008
6.725,17.5,0.00399980001
6.725,18.5,0.004599770011
6.725,19.5,0.00389980501
6.725,20.5,0.005099745013
6.725,21.5,0.006199690015
6.725,22.5,0.005049747513
6.725,23.5,0.005399730013
6.725,24.5,0.006549672516
6.725,25.5,0.007049647518
6.725,26.5,0.006899655017
6.725,27.5,0.006549672516
6.725,28.5,0.006799660017
6.725,29.5,0.007749612519
6.725,30.5,0.008499575021
6.725,31.5,0.008599570021
6.725,32.5,0.008749562522
6.725,33.5,0.007549622519
6.725,34.5,0.01049947503
6.725,35.5,0.009349532523
6.725,36.5,0.009199540023
6.725,37.5,0.01074946253
6.725,38.5,0.01074946253
6.725,39.5,0.01099945003
6.725,40.5,0.01069946503
6.725,41.5,0.01104944753
6.725,42.5,0.009899505025
6.725,43.5,0.01099945003
6.725,44.5,0.01104944753
6.725,45.5,0.01204939753
6.725,46.5,0.01299935003
6.725,47.5,0.01454927254
6.725,48.5,0.01374931253
6.725,49.5,0.01419929004
6.725,50.5,0.01489925504
6.725,51.5,0.01434928254
6.725,52.5,0.01534923254
6.725,53.5,0.01549922504
6.725,54.5,0.01364931753
6.725,55.5,0.01609919504
6.725,56.5,0.01449927504
6.725,57.5,0.01694915254
6.725,58.5,0.01659917004
6.725,59.5,0.01644917754
6.725,60.5,0.01659917004
6.725,61.5,0.01719914004
6.725,62.5,0.01654917254
6.725,63.5,0.01729913504
6.725,64.5,0.01704914754
6.725,65.5,0.01809909505
6.725,66.5,0.01879906005
6.725,67.5,0.01839908005
6.725,68.5,0.01714914254
6.725,69.5,0.01849907505
6.725,70.5,0.01839908005
6.725,71.5,0.01774911254
6.725,72.5,0.01859907005
6.725,73.5,0.01634918254
6.725,74.5,0.01714914254
6.725,75.5,0.01689915504
6.725,76.5,0.01814909255
6.725,77.5,0.01614919254
6.725,78.5,0.01689915504
6.725,79.5,0.01644917754
6.725,80.5,0.01679916004
6.725,81.5,0.01589920504
6.725,82.5,0.01639918004
6.725,83.5,0.01509924504
6.725,84.5,0.01429928504
6.725,85.5,0.01609919504
6.725,86.5,0.01484925754
6.725,87.5,0.01509924504
6.725,88.5,0.01449927504
6.725,89.5,0.01389930503
6.725,90.5,0.01509924504
6.725,91.5,0.01404929754
6.725,92.5,0.01349932503
6.725,93.5,0.01299935003
6.725,94.5,0.01309934503
6.725,95.5,0.01189940503
6.725,96.5,0.01194940253
6.725,97.5,0.01179941003
6.725,98.5,0.01204939753
6.725,99.5,0.01264936753
6.725,100.5,0.01204939753
6.725,101.5,0.01174941253
6.725,102.5,0.01134943253
6.725,103.5,0.01229938503
6.725,104.5,0.01109944503
6.725,105.5,0.01074946253
6.725,106.5,0.01159942003
6.725,107.5,0.01209939503
6.725,108.5,0.01139943003
6.725,109.5,0.01154942253
6.725,110.5,0.01039948003
6.725,111.5,0.009899505025
6.725,112.5,0.01109944503
6.725,113.5,0.009949502525
6.725,114.5,0.01054947253
6.725,115.5,0.009899505025
6.725,116.5,0.009449527524
6.725,117.5,0.009949502525
6.725,118.5,0.009549522524
6.725,119.5,0.009049547523
6.725,120.5,0.01069946503
6.725,121.5,0.01039948003
6.725,122.5,0.009699515024
6.725,123.5,0.01099945003
6.725,124.5,0.009399530023
6.725,125.5,0.01029948503
6.725,126.5,0.01054947253
6.725,127.5,0.01024948753
6.725,128.5,0.009399530023
6.725,129.5,0.009949502525
6.725,130.5,0.009699515024
6.725,131.5,0.01049947503
6.725,132.5,0.009449527524
6.725,133.5,0.008349582521
6.725,134.5,0.008899555022
6.725,135.5,0.008999550022
6.725,136.5,0.009299535023
6.725,137.5,0.009499525024
6.725,138.5,0.008749562522
6.725,139.5,0.007199640018
6.725,140.5,0.008349582521
6.725,141.5,0.008449577521
6.725,142.5,0.00804959752
6.725,143.5,0.008449577521
6.725,144.5,0.00789960502
6.725,145.5,0.008299585021
6.725,146.5,0.007449627519
6.725,147.5,0.007149642518
6.725,148.5,0.006599670016
6.725,149.5,0.006249687516
6.725,150.5,0.005999700015
6.725,151.5,0.005999700015
6.725,152.5,0.007349632518
6.725,153.5,0.005549722514
6.725,154.5,0.004649767512
6.725,155.5,0.004549772511
6.725,156.5,0.004499775011
6.725,157.5,0.004649767512
6.725,158.5,0.004949752512
6.725,159.5,0.004299785011
6.725,160.5,0.003799810009
6.725,161.5,0.003599820009
6.725,162.5,0.003549822509
6.725,163.5,0.003599820009
6.725,164.5,0.003199840008
6.725,165.5,0.002749862507
6.725,166.5,0.002199890005
6.725,167.5,0.002649867507
6.725,168.5,0.001799910004
6.725,169.5,0.001799910004
6.725,170.5,0.001449927504
6.725,171.5,0.001349932503
6.725,172.5,0.001399930003
6.725,173.5,0.001099945003
6.725,174.5,0.0006499675016
6.725,175.5,0.0006999650017
6.725,176.5,0.0005999700015
6.725,177.5,0.0003499825009
6.725,178.5,9.999500025e-05
6.725,179.5,4.999750012e-05
6.775,0.5,0
6.775,1.5,0.000399980001
6.775,2.5,0.0006499675016
6.775,3.5,0.0006999650017
6.775,4.5,0.0009499525024
6.775,5.5,0.001099945003
6.775,6.5,0.0009499525024
6.775,7.5,0.001299935003
6.775,8.5,0.001899905005
6.775,9.5,0.002049897505
6.775,10.5,0.002399880006
6.775,11.5,0.002299885006
6.775,12.5,0.002499875006
6.775,13.5,0.002449877506
6.775,14.5,0.003149842508
6.775,15.5,0.003399830008
6.775,16.5,0.003149842508
6.775,17.5,0.003499825009
6.775,18.5,0.004599770011
6.775,19.5,0.004649767512
6.775,20.5,0.005199740013
6.775,21.5,0.005399730013
6.775,22.5,0.006099695015
6.775,23.5,0.006149692515
6.775,24.5,0.006299685016
6.775,25.5,0.006749662517
6.775,26.5,0.007549622519
6.775,27.5,0.007299635018
6.775,28.5,0.007199640018
6.775,29.5,0.007449627519
6.775,30.5,0.009149542523
6.775,31.5,0.008649567522
6.775,32.5,0.008899555022
6.775,33.5,0.01024948753
6.775,34.5,0.009549522524
6.775,35.5,0.01039948003
6.775,36.5,0.01014949253
6.775,37.5,0.008899555022
6.775,38.5,0.01059947003
6.775,39.5,0.01209939503
6.775,40.5,0.01194940253
6.775,41.5,0.01089945503
6.775,42.5,0.01129943503
6.775,43.5,0.01179941003
6.775,44.5,0.01244937753
6.775,45.5,0.01369931503
6.775,46.5,0.01174941253
6.775,47.5,0.01324933753
6.775,48.5,0.01374931253
6.775,49.5,0.01349932503
6.775,50.5,0.01304934753
6.775,51.5,0.01519924004
6.775,52.5,0.01499925004
6.775,53.5,0.01449927504
6.775,54.5,0.01514924254
6.775,55.5,0.01509924504
6.775,56.5,0.01539923004
6.775,57.5,0.01469926504
6.775,58.5,0.01769911504
6.775,59.5,0.01659917004
6.775,60.5,0.01704914754
6.775,61.5,0.01774911254
6.775,62.5,0.01734913254
6.775,63.5,0.01759912004
6.775,64.5,0.01824908755
6.775,65.5,0.01789910504
6.775,66.5,0.01669916504
6.775,67.5,0.01819909005
6.775,68.5,0.01819909005
6.775,69.5,0.01634918254
6.775,70.5,0.01714914254
6.775,71.5,0.01749912504
6.775,72.5,0.01704914754
6.775,73.5,0.01789910504
6.775,74.5,0.01684915754
6.775,75.5,0.01764911754
6.775,76.5,0.01724913754
6.775,77.5,0.01729913504
6.775,78.5,0.01684915754
6.775,79.5,0.01744912754
6.775,80.5,0.01499925004
6.775,81.5,0.01554922254
6.775,82.5,0.01489925504
6.775,83.5,0.01704914754
6.775,84.5,0.01469926504
6.775,85.5,0.01569921504
6.775,86.5,0.01554922254
6.775,87.5,0.01644917754
6.775,88.5,0.01594920254
6.775,89.5,0.01419929004
6.775,90.5,0.01534923254
6.775,91.5,0.01354932253
6.775,92.5,0.01374931253
6.775,93.5,0.01384930753
6.775,94.5,0.01344932753
6.775,95.5,0.01469926504
6.775,96.5,0.01354932253
6.775,97.5,0.01324933753
6.775,98.5,0.01124943753
6.775,99.5,0.01249937503
6.775,100.5,0.01084945753
6.775,101.5,0.01239938003
6.775,102.5,0.01094945253
6.775,103.5,0.01099945003
6.775,104.5,0.01234938253
6.775,105.5,0.01239938003
6.775,106.5,0.01229938503
6.775,107.5,0.01159942003
6.775,108.5,0.009949502525
6.775,109.5,0.01019949003
6.775,110.5,0.01094945253
6.775,111.5,0.01029948503
6.775,112.5,0.01124943753
6.775,113.5,0.009949502525
6.775,114.5,0.01079946003
6.775,115.5,0.01124943753
6.775,116.5,0.01044947753
6.775,117.5,0.01079946003
6.775,118.5,0.01084945753
6.775,119.5,0.01014949253
6.775,120.5,0.01104944753
6.775,121.5,0.009799510024
6.775,122.5,0.01149942503
6.775,123.5,0.009399530023
6.775,124.5,0.01189940503
6.775,125.5,0.01009949503
6.775,126.5,0.01079946003
6.775,127.5,0.009799510024
6.775,128.5,0.01034948253
6.775,129.5,0.01119944003
6.775,130.5,0.009349532523
6.775,131.5,0.009449527524
6.775,132.5,0.01049947503
6.775,133.5,0.01064946753
6.775,134.5,0.01144942753
6.775,135.5,0.01044947753
6.775,136.5,0.009299535023
6.775,137.5,0.01014949253
6.775,138.5,0.009799510024
6.775,139.5,0.009549522524
6.775,140.5,0.009549522524
6.775,141.5,0.00794960252
6.775,142.5,0.009649517524
6.775,143.5,0.00819959002
6.775,144.5,0.008399580021
6.775,145.5,0.007749612519
6.775,146.5,0.008399580021
6.775,147.5,0.008349582521
6.775,148.5,0.006999650017
6.775,149.5,0.00794960252
6.775,150.5,0.006299685016
6.775,151.5,0.005599720014
6.775,152.5,0.005699715014
6.775,153.5,0.006299685016
6.775,154.5,0.005549722514
6.775,155.5,0.005399730013
6.775,156.5,0.004849757512
6.775,157.5,0.005349732513
6.775,158.5,0.004899755012
6.775,159.5,0.00419979001
6.775,160.5,0.00404979751
6.775,161.5,0.00389980501
6.775,162.5,0.003099845008
6.775,163.5,0.003649817509
6.775,164.5,0.002899855007
6.775,165.5,0.002099895005
6.775,166.5,0.002949852507
6.775,167.5,0.002149892505
6.775,168.5,0.002599870006
6.775,169.5,0.001599920004
6.775,170.5,0.001549922504
6.775,171.5,0.002149892505
6.775,172.5,0.001199940003
6.775,173.5,0.001149942503
6.775,174.5,0.001099945003
6.775,175.5,0.0008499575021
6.775,176.5,0.0005999700015
6.775,177.5,0.0005999700015
6.775,178.5,0.0004499775011
6.775,179.5,0.0001499925004
6.825,0.5,4.999750012e-05
6.825,1.5,0.0002999850007
6.825,2.5,0.0004499775011
6.825,3.5,0.0009499525024
6.825,4.5,0.001299935003
6.825,5.5,0.001249937503
6.825,6.5,0.0009499525024
6.825,7.5,0.001299935003
6.825,8.5,0.002349882506
6.825,9.5,0.002049897505
6.825,10.5,0.002549872506
6.825,11.5,0.002449877506
6.825,12.5,0.003049847508
6.825,13.5,0.002849857507
6.825,14.5,0.003149842508
6.825,15.5,0.003499825009
6.825,16.5,0.003499825009
6.825,17.5,0.004349782511
6.825,18.5,0.00384980751
6.825,19.5,0.003799810009
6.825,20.5,0.004399780011
6.825,21.5,0.004499775011
6.825,22.5,0.004849757512
6.825,23.5,0.006249687516
6.825,24.5,0.005699715014
6.825,25.5,0.006399680016
6.825,26.5,0.006649667517
6.825,27.5,0.006349682516
6.825,28.5,0.006899655017
6.825,29.5,0.00784960752
6.825,30.5,0.008249587521
6.825,31.5,0.007299635018
6.825,32.5,0.009049547523
6.825,33.5,0.008599570021
6.825,34.5,0.009849507525
6.825,35.5,0.008999550022
6.825,36.5,0.009099545023
6.825,37.5,0.01004949753
6.825,38.5,0.01009949503
6.825,39.5,0.01084945753
6.825,40.5,0.01114944253
6.825,41.5,0.01064946753
6.825,42.5,0.01054947253
6.825,43.5,0.01279936003
6.825,44.5,0.01244937753
6.825,45.5,0.01189940503
6.825,46.5,0.01409929504
6.825,47.5,0.01279936003
6.825,48.5,0.01359932003
6.825,49.5,0.01429928504
6.825,50.5,0.01429928504
6.825,51.5,0.01394930253
6.825,52.5,0.01644917754
6.825,53.5,0.01524923754
6.825,54.5,0.01464926754
6.825,55.5,0.01639918004
6.825,56.5,0.01694915254
6.825,57.5,0.01664916754
6.825,58.5,0.01639918004
6.825,59.5,0.01654917254
6.825,60.5,0.01619919004
6.825,61.5,0.01599920004
6.825,62.5,0.01744912754
6.825,63.5,0.01744912754
6.825,64.5,0.01779911004
6.825,65.5,0.01694915254
6.825,66.5,0.01814909255
6.825,67.5,0.01684915754
6.825,68.5,0.01694915254
6.825,69.5,0.01749912504
6.825,70.5,0.01739913004
6.825,71.5,0.01719914004
6.825,72.5,0.01619919004
6.825,73.5,0.01799910004
6.825,74.5,0.01829908505
6.825,75.5,0.01654917254
6.825,76.5,0.01654917254
6.825,77.5,0.01704914754
6.825,78.5,0.01804909755
6.825,79.5,0.01769911504
6.825,80.5,0.01639918004
6.825,81.5,0.01634918254
6.825,82.5,0.01654917254
6.825,83.5,0.01519924004
6.825,84.5,0.01599920004
6.825,85.5,0.01354932253
6.825,86.5,0.01609919504
6.825,87.5,0.01489925504
6.825,88.5,0.01449927504
6.825,89.5,0.01364931753
6.825,90.5,0.01544922754
6.825,91.5,0.01494925254
6.825,92.5,0.01404929754
6.825,93.5,0.01404929754
6.825,94.5,0.01439928004
6.825,95.5,0.01289935503
6.825,96.5,0.01274936253
6.825,97.5,0.01279936003
6.825,98.5,0.01264936753
6.825,99.5,0.01249937503
6.825,100.5,0.01244937753
6.825,101.5,0.01174941253
6.825,102.5,0.01209939503
6.825,103.5,0.01244937753
6.825,104.5,0.01189940503
6.825,105.5,0.01309934503
6.825,106.5,0.01274936253
6.825,107.5,0.01209939503
6.825,108.5,0.01139943003
6.825,109.5,0.01179941003
6.825,110.5,0.01214939253
6.825,111.5,0.01134943253
6.825,112.5,0.01189940503
6.825,113.5,0.009699515024
6.825,114.5,0.01079946003
6.825,115.5,0.01084945753
6.825,116.5,0.01079946003
6.825,117.5,0.01279936003
6.825,118.5,0.01064946753
6.825,119.5,0.01009949503
6.825,120.5,0.01079946003
6.825,121.5,0.01014949253
6.825,122.5,0.01119944003
6.825,123.5,0.009949502525
6.825,124.5,0.01079946003
6.825,125.5,0.009449527524
6.825,126.5,0.01034948253
6.825,127.5,0.01074946253
6.825,128.5,0.009949502525
6.825,129.5,0.01014949253
6.825,130.5,0.01164941753
6.825,131.5,0.01074946253
6.825,132.5,0.01034948253
6.825,133.5,0.01004949753
6.825,134.5,0.01054947253
6.825,135.5,0.01094945253
6.825,136.5,0.009749512524
6.825,137.5,0.01109944503
6.825,138.5,0.008849557522
6.825,139.5,0.01074946253
6.825,140.5,0.008999550022
6.825,141.5,0.009399530023
6.825,142.5,0.009249537523
6.825,143.5,0.009249537523
6.825,144.5,0.009649517524
6.825,145.5,0.008349582521
6.825,146.5,0.007799610019
6.825,147.5,0.007399630018
6.825,148.5,0.007299635018
6.825,149.5,0.007699615019
6.825,150.5,0.00804959752
6.825,151.5,0.007749612519
6.825,152.5,0.006499675016
6.825,153.5,0.006599670016
6.825,154.5,0.006399680016
6.825,155.5,0.006199690015
6.825,156.5,0.005599720014
6.825,157.5,0.005049747513
6.825,158.5,0.004699765012
6.825,159.5,0.005199740013
6.825,160.5,0.005349732513
6.825,161.5,0.00414979251
6.825,162.5,0.00404979751
6.825,163.5,0.00404979751
6.825,164.5,0.003299835008
6.825,165.5,0.003349832508
6.825,166.5,0.003299835008
6.825,167.5,0.003099845008
6.825,168.5,0.002749862507
6.825,169.5,0.002349882506
6.825,170.5,0.001599920004
6.825,171.5,0.003349832508
6.825,172.5,0.001999900005
6.825,173.5,0.001549922504
6.825,174.5,0.001499925004
6.825,175.5,0.001099945003
6.825,176.5,0.0005999700015
6.825,177.5,0.000799960002
6.825,178.5,0.0001499925004
6.825,179.5,0
6.875,0.5,0
6.875,1.5,0.0002499875006
6.875,2.5,0.0002999850007
6.875,3.5,0.001049947503
6.875,4.5,0.0008999550022
6.875,5.5,0.0009499525024
6.875,6.5,0.001199940003
6.875,7.5,0.001599920004
6.875,8.5,0.001649917504
6.875,9.5,0.002299885006
6.875,10.5,0.002649867507
6.875,11.5,0.002499875006
6.875,12.5,0.002749862507
6.875,13.5,0.003549822509
6.875,14.5,0.003099845008
6.875,15.5,0.003649817509
6.875,16.5,0.003549822509
6.875,17.5,0.00414979251
6.875,18.5,0.004649767512
6.875,19.5,0.00409979501
6.875,20.5,0.004749762512
6.875,21.5,0.006349682516
6.875,22.5,0.005399730013
6.875,23.5,0.004949752512
6.875,24.5,0.005299735013
6.875,25.5,0.006249687516
6.875,26.5,0.008749562522
6.875,27.5,0.007799610019
6.875,28.5,0.006549672516
6.875,29.5,0.008399580021
6.875,30.5,0.008449577521
6.875,31.5,0.008299585021
6.875,32.5,0.009749512524
6.875,33.5,0.008949552522
6.875,34.5,0.009049547523
6.875,35.5,0.009249537523
6.875,36.5,0.01189940503
6.875,37.5,0.009299535023
6.875,38.5,0.009499525024
6.875,39.5,0.01054947253
6.875,40.5,0.01119944003
6.875,41.5,0.01244937753
6.875,42.5,0.01149942503
6.875,43.5,0.01279936003
6.875,44.5,0.01164941753
6.875,45.5,0.01329933503
6.875,46.5,0.01304934753
6.875,47.5,0.01394930253
6.875,48.5,0.01324933753
6.875,49.5,0.01529923504
6.875,50.5,0.01464926754
6.875,51.5,0.01449927504
6.875,52.5,0.01434928254
6.875,53.5,0.01584920754
6.875,54.5,0.01404929754
6.875,55.5,0.01579921004
6.875,56.5,0.01489925504
6.875,57.5,0.01559922004
6.875,58.5,0.01499925004
6.875,59.5,0.01694915254
6.875,60.5,0.01704914754
6.875,61.5,0.01739913004
6.875,62.5,0.01969901505
6.875,63.5,0.01784910754
6.875,64.5,0.01769911504
6.875,65.5,0.01919904005
6.875,66.5,0.01924903755
6.875,67.5,0.01849907505
6.875,68.5,0.01839908005
6.875,69.5,0.01854907255
6.875,70.5,0.01994900255
6.875,71.5,0.01959902005
6.875,72.5,0.01789910504
6.875,73.5,0.01784910754
6.875,74.5,0.01864906755
6.875,75.5,0.01954902255
6.875,76.5,0.01964901755
6.875,77.5,0.01994900255
6.875,78.5,0.01944902755
6.875,79.5,0.01839908005
6.875,80.5,0.02009899505
6.875,81.5,0.01814909255
6.875,82.5,0.01719914004
6.875,83.5,0.01659917004
6.875,84.5,0.01754912254
6.875,85.5,0.01694915254
6.875,86.5,0.01699915004
6.875,87.5,0.01689915504
6.875,88.5,0.01489925504
6.875,89.5,0.01479926004
6.875,90.5,0.01549922504
6.875,91.5,0.01534923254
6.875,92.5,0.01584920754
6.875,93.5,0.01459927004
6.875,94.5,0.01514924254
6.875,95.5,0.01669916504
6.875,96.5,0.01404929754
6.875,97.5,0.01299935003
6.875,98.5,0.01349932503
6.875,99.5,0.01294935253
6.875,100.5,0.01319934003
6.875,101.5,0.01324933753
6.875,102.5,0.01344932753
6.875,103.5,0.01369931503
6.875,104.5,0.01339933003
6.875,105.5,0.01304934753
6.875,106.5,0.01164941753
6.875,107.5,0.01214939253
6.875,108.5,0.01124943753
6.875,109.5,0.01069946503
6.875,110.5,0.01064946753
6.875,111.5,0.01199940003
6.875,112.5,0.01164941753
6.875,113.5,0.01044947753
6.875,114.5,0.01044947753
6.875,115.5,0.01109944503
6.875,116.5,0.01259937003
6.875,117.5,0.01234938253
6.875,118.5,0.01164941753
6.875,119.5,0.01129943503
6.875,120.5,0.01139943003
6.875,121.5,0.01234938253
6.875,122.5,0.009899505025
6.875,123.5,0.01019949003
6.875,124.5,0.01189940503
6.875,125.5,0.01104944753
6.875,126.5,0.01109944503
6.875,127.5,0.01059947003
6.875,128.5,0.01049947503
6.875,129.5,0.009749512524
6.875,130.5,0.01179941003
6.875,131.5,0.01064946753
6.875,132.5,0.01049947503
6.875,133.5,0.01074946253
6.875,134.5,0.01064946753
6.875,135.5,0.01094945253
6.875,136.5,0.01044947753
6.875,137.5,0.01139943003
6.875,138.5,0.01024948753
6.875,139.5,0.01034948253
6.875,140.5,0.009399530023
6.875,141.5,0.01144942753
6.875,142.5,0.008849557522
6.875,143.5,0.009549522524
6.875,144.5,0.009449527524
6.875,145.5,0.00799960002
6.875,146.5,0.008699565022
6.875,147.5,0.009399530023
6.875,148.5,0.008549572521
6.875,149.5,0.007499625019
6.875,150.5,0.008349582521
6.875,151.5,0.007649617519
6.875,152.5,0.007599620019
6.875,153.5,0.00809959502
6.875,154.5,0.006999650017
6.875,155.5,0.006149692515
6.875,156.5,0.005999700015
6.875,157.5,0.005699715014
6.875,158.5,0.005999700015
6.875,159.5,0.005599720014
6.875,160.5,0.004449777511
6.875,161.5,0.004899755012
6.875,162.5,0.00384980751
6.875,163.5,0.00399980001
6.875,164.5,0.003599820009
6.875,165.5,0.00389980501
6.875,166.5,0.003499825009
6.875,167.5,0.002449877506
6.875,168.5,0.00414979251
6.875,169.5,0.002799860007
6.875,170.5,0.003749812509
6.875,171.5,0.002199890005
6.875,172.5,0.001849907505
6.875,173.5,0.001799910004
6.875,174.5,0.001249937503
6.875,175.5,0.001699915004
6.875,176.5,0.0006499675016
6.875,177.5,0.0005499725014
6.875,178.5,0.0001499925004
6.875,179.5,9.999500025e-05
6.925,0.5,4.999750012e-05
6.925,1.5,0.0001999900005
6.925,2.5,0.0004999750012
6.925,3.5,0.000799960002
6.925,4.5,0.0008999550022
6.925,5.5,0.001749912504
6.925,6.5,0.001399930003
6.925,7.5,0.001499925004
6.925,8.5,0.001949902505
6.925,9.5,0.002249887506
6.925,10.5,0.002349882506
6.925,11.5,0.002599870006
6.925,12.5,0.003399830008
6.925,13.5,0.003149842508
6.925,14.5,0.003449827509
6.925,15.5,0.00419979001
6.925,16.5,0.004299785011
6.925,17.5,0.00384980751
6.925,18.5,0.005399730013
6.925,19.5,0.005599720014
6.925,20.5,0.005149742513
6.925,21.5,0.006849657517
6.925,22.5,0.007249637518
6.925,23.5,0.005599720014
6.925,24.5,0.005599720014
6.925,25.5,0.007449627519
6.925,26.5,0.007049647518
6.925,27.5,0.007149642518
6.925,28.5,0.00799960002
6.925,29.5,0.006799660017
6.925,30.5,0.008449577521
6.925,31.5,0.008799560022
6.925,32.5,0.008299585021
6.925,33.5,0.009749512524
6.925,34.5,0.01024948753
6.925,35.5,0.01094945253
6.925,36.5,0.009749512524
6.925,37.5,0.009949502525
6.925,38.5,0.01049947503
6.925,39.5,0.01134943253
6.925,40.5,0.01204939753
6.925,41.5,0.01274936253
6.925,42.5,0.01194940253
6.925,43.5,0.01259937003
6.925,44.5,0.01164941753
6.925,45.5,0.01334933253
6.925,46.5,0.01624918754
6.925,47.5,0.01404929754
6.925,48.5,0.01469926504
6.925,49.5,0.01484925754
6.925,50.5,0.01499925004
6.925,51.5,0.01574921254
6.925,52.5,0.01739913004
6.925,53.5,0.01649917504
6.925,54.5,0.01734913254
6.925,55.5,0.01624918754
6.925,56.5,0.01599920004
6.925,57.5,0.01519924004
6.925,58.5,0.01719914004
6.925,59.5,0.01589920504
6.925,60.5,0.01644917754
6.925,61.5,0.01789910504
6.925,62.5,0.01984900755
6.925,63.5,0.01814909255
6.925,64.5,0.01689915504
6.925,65.5,0.01949902505
6.925,66.5,0.02019899005
6.925,67.5,0.01849907505
6.925,68.5,0.01734913254
6.925,69.5,0.02044897755
6.925,70.5,0.01744912754
6.925,71.5,0.01999900005
6.925,72.5,0.01884905755
6.925,73.5,0.01794910254
6.925,74.5,0.02029898505
6.925,75.5,0.01969901505
6.925,76.5,0.01804909755
6.925,77.5,0.01999900005
6.925,78.5,0.01994900255
6.925,79.5,0.01714914254
6.925,80.5,0.01964901755
6.925,81.5,0.01844907755
6.925,82.5,0.01964901755
6.925,83.5,0.01884905755
6.925,84.5,0.01904904755
6.925,85.5,0.01754912254
6.925,86.5,0.01869906505
6.925,87.5,0.01764911754
6.925,88.5,0.01724913754
6.925,89.5,0.01664916754
6.925,90.5,0.01769911504
6.925,91.5,0.01709914504
6.925,92.5,0.01569921504
6.925,93.5,0.01449927504
6.925,94.5,0.01499925004
6.925,95.5,0.01449927504
6.925,96.5,0.01479926004
6.925,97.5,0.01379931003
6.925,98.5,0.01504924754
6.925,99.5,0.01479926004
6.925,100.5,0.01319934003
6.925,101.5,0.01359932003
6.925,102.5,0.01219939003
6.925,103.5,0.01309934503
6.925,104.5,0.01309934503
6.925,105.5,0.01399930003
6.925,106.5,0.01229938503
6.925,107.5,0.01379931003
6.925,108.5,0.01299935003
6.925,109.5,0.01154942253
6.925,110.5,0.01354932253
6.925,111.5,0.01124943753
6.925,112.5,0.01199940003
6.925,113.5,0.01134943253
6.925,114.5,0.01174941253
6.925,115.5,0.01174941253
6.925,116.5,0.01204939753
6.925,117.5,0.01139943003
6.925,118.5,0.01224938753
6.925,119.5,0.01039948003
6.925,120.5,0.01184940753
6.925,121.5,0.01154942253
6.925,122.5,0.009949502525
6.925,123.5,0.01114944253
6.925,124.5,0.01084945753
6.925,125.5,0.01059947003
6.925,126.5,0.01189940503
6.925,127.5,0.01174941253
6.925,128.5,0.01104944753
6.925,129.5,0.01019949003
6.925,130.5,0.009949502525
6.925,131.5,0.009499525024
6.925,132.5,0.01119944003
6.925,133.5,0.01094945253
6.925,134.5,0.01129943503
6.925,135.5,0.01019949003
6.925,136.5,0.009849507525
6.925,137.5,0.009599520024
6.925,138.5,0.01014949253
6.925,139.5,0.009299535023
6.925,140.5,0.01029948503
6.925,141.5,0.01064946753
6.925,142.5,0.01009949503
6.925,143.5,0.009149542523
6.925,144.5,0.009949502525
6.925,145.5,0.009349532523
6.925,146.5,0.009499525024
6.925,147.5,0.009999500025
6.925,148.5,0.007649617519
6.925,149.5,0.008299585021
6.925,150.5,0.00789960502
6.925,151.5,0.00819959002
6.925,152.5,0.00814959252
6.925,153.5,0.006749662517
6.925,154.5,0.007249637518
6.925,155.5,0.00819959002
6.925,156.5,0.007449627519
6.925,157.5,0.006999650017
6.925,158.5,0.007299635018
6.925,159.5,0.006649667517
6.925,160.5,0.006199690015
6.925,161.5,0.005849707515
6.925,162.5,0.004799760012
6.925,163.5,0.004449777511
6.925,164.5,0.003349832508
6.925,165.5,0.004599770011
6.925,166.5,0.003649817509
6.925,167.5,0.003699815009
6.925,168.5,0.003399830008
6.925,169.5,0.003299835008
6.925,170.5,0.002399880006
6.925,171.5,0.002399880006
6.925,172.5,0.002199890005
6.925,173.5,0.002099895005
6.925,174.5,0.001699915004
6.925,175.5,0.0009499525024
6.925,176.5,0.001599920004
6.925,177.5,0.000399980001
6.925,178.5,0.0003499825009
6.925,179.5,9.999500025e-05
6.975,0.5,9.999500025e-05
6.975,1.5,0.0003499825009
6.975,2.5,0.0007499625019
6.975,3.5,0.000799960002
6.975,4.5,0.001299935003
6.975,5.5,0.001349932503
6.975,6.5,0.001299935003
6.975,7.5,0.002049897505
6.975,8.5,0.001449927504
6.975,9.5,0.002299885006
6.975,10.5,0.002999850007
6.975,11.5,0.002949852507
6.975,12.5,0.002749862507
6.975,13.5,0.003299835008
6.975,14.5,0.003649817509
6.975,15.5,0.003649817509
6.975,16.5,0.00404979751
6.975,17.5,0.00389980501
6.975,18.5,0.003749812509
6.975,19.5,0.005299735013
6.975,20.5,0.005399730013
6.975,21.5,0.006099695015
6.975,22.5,0.006299685016
6.975,23.5,0.004849757512
6.975,24.5,0.006749662517
6.975,25.5,0.006849657517
6.975,26.5,0.00799960002
6.975,27.5,0.008499575021
6.975,28.5,0.007799610019
6.975,29.5,0.009099545023
6.975,30.5,0.009899505025
6.975,31.5,0.008399580021
6.975,32.5,0.01164941753
6.975,33.5,0.01034948253
6.975,34.5,0.01014949253
6.975,35.5,0.01124943753
6.975,36.5,0.01019949003
6.975,37.5,0.01139943003
6.975,38.5,0.01199940003
6.975,39.5,0.01059947003
6.975,40.5,0.01154942253
6.975,41.5,0.01209939503
6.975,42.5,0.01264936753
6.975,43.5,0.01259937003
6.975,44.5,0.01204939753
6.975,45.5,0.01354932253
6.975,46.5,0.01269936503
6.975,47.5,0.01389930503
6.975,48.5,0.01459927004
6.975,49.5,0.01704914754
6.975,50.5,0.01624918754
6.975,51.5,0.01549922504
6.975,52.5,0.01619919004
6.975,53.5,0.01664916754
6.975,54.5,0.01664916754
6.975,55.5,0.01669916504
6.975,56.5,0.01589920504
6.975,57.5,0.01989900505
6.975,58.5,0.01784910754
6.975,59.5,0.01869906505
6.975,60.5,0.01869906505
6.975,61.5,0.01874906255
6.975,62.5,0.01959902005
6.975,63.5,0.01834908255
6.975,64.5,0.01759912004
6.975,65.5,0.01889905505
6.975,66.5,0.02084895755
6.975,67.5,0.01834908255
6.975,68.5,0.01889905505
6.975,69.5,0.02069896505
6.975,70.5,0.01814909255
6.975,71.5,0.01779911004
6.975,72.5,0.01914904255
6.975,73.5,0.02029898505
6.975,74.5,0.01944902755
6.975,75.5,0.02024898755
6.975,76.5,0.02079896005
6.975,77.5,0.01819909005
6.975,78.5,0.02034898255
6.975,79.5,0.01959902005
6.975,80.5,0.01769911504
6.975,81.5,0.02079896005
6.975,82.5,0.01864906755
6.975,83.5,0.02119894005
6.975,84.5,0.01939903005
6.975,85.5,0.01879906005
6.975,86.5,0.01959902005
6.975,87.5,0.01634918254
6.975,88.5,0.01749912504
6.975,89.5,0.01829908505
6.975,90.5,0.01709914504
6.975,91.5,0.01824908755
6.975,92.5,0.01604919754
6.975,93.5,0.01624918754
6.975,94.5,0.01724913754
6.975,95.5,0.01559922004
6.975,96.5,0.01604919754
6.975,97.5,0.01344932753
6.975,98.5,0.01429928504
6.975,99.5,0.01109944503
6.975,100.5,0.01389930503
6.975,101.5,0.01339933003
6.975,102.5,0.01219939003
6.975,103.5,0.01304934753
6.975,104.5,0.01159942003
6.975,105.5,0.01264936753
6.975,106.5,0.01369931503
6.975,107.5,0.01329933503
6.975,108.5,0.01289935503
6.975,109.5,0.01209939503
6.975,110.5,0.01179941003
6.975,111.5,0.01184940753
6.975,112.5,0.01039948003
6.975,113.5,0.01044947753
6.975,114.5,0.01224938753
6.975,115.5,0.01079946003
6.975,116.5,0.01079946003
6.975,117.5,0.01059947003
6.975,118.5,0.01104944753
6.975,119.5,0.01189940503
6.975,120.5,0.01149942503
6.975,121.5,0.01179941003
6.975,122.5,0.01084945753
6.975,123.5,0.01114944253
6.975,124.5,0.01094945253
6.975,125.5,0.01069946503
6.975,126.5,0.01079946003
6.975,127.5,0.01084945753
6.975,128.5,0.01204939753
6.975,129.5,0.01124943753
6.975,130.5,0.01039948003
6.975,131.5,0.009999500025
6.975,132.5,0.01079946003
6.975,133.5,0.01109944503
6.975,134.5,0.01094945253
6.975,135.5,0.01009949503
6.975,136.5,0.01009949503
6.975,137.5,0.01094945253
6.975,138.5,0.01074946253
6.975,139.5,0.01069946503
6.975,140.5,0.01084945753
6.975,141.5,0.01184940753
6.975,142.5,0.01019949003
6.975,143.5,0.009299535023
6.975,144.5,0.01159942003
6.975,145.5,0.009099545023
6.975,146.5,0.01034948253
6.975,147.5,0.01019949003
6.975,148.5,0.008699565022
6.975,149.5,0.01014949253
6.975,150.5,0.008499575021
6.975,151.5,0.007799610019
6.975,152.5,0.008249587521
6.975,153.5,0.009249537523
6.975,154.5,0.008799560022
6.975,155.5,0.008749562522
6.975,156.5,0.007249637518
6.975,157.5,0.006899655017
6.975,158.5,0.006949652517
6.975,159.5,0.006599670016
6.975,160.5,0.006649667517
6.975,161.5,0.005899705015
6.975,162.5,0.005649717514
6.975,163.5,0.005299735013
6.975,164.5,0.005149742513
6.975,165.5,0.005599720014
6.975,166.5,0.005949702515
6.975,167.5,0.004599770011
6.975,168.5,0.00389980501
6.975,169.5,0.003599820009
6.975,170.5,0.003499825009
6.975,171.5,0.002699865007
6.975,172.5,0.002149892505
6.975,173.5,0.002449877506
6.975,174.5,0.001799910004
6.975,175.5,0.001599920004
6.975,176.5,0.001049947503
6.975,177.5,0.0005999700015
6.975,178.5,0.0009499525024
6.975,179.5,9.999500025e-05
7.025,0.5,4.999750012e-05
7.025,1.5,0.000399980001
7.025,2.5,0.0006499675016
7.025,3.5,0.001249937503
7.025,4.5,0.0009499525024
7.025,5.5,0.001649917504
7.025,6.5,0.001399930003
7.025,7.5,0.001699915004
7.025,8.5,0.002199890005
7.025,9.5,0.001749912504
7.025,10.5,0.002649867507
7.025,11.5,0.002549872506
7.025,12.5,0.002649867507
7.025,13.5,0.00394980251
7.025,14.5,0.003149842508
7.025,15.5,0.00414979251
7.025,16.5,0.00419979001
7.025,17.5,0.004599770011
7.025,18.5,0.006499675016
7.025,19.5,0.005799710014
7.025,20.5,0.005549722514
7.025,21.5,0.006149692515
7.025,22.5,0.006999650017
7.025,23.5,0.007099645018
7.025,24.5,0.006099695015
7.025,25.5,0.007049647518
7.025,26.5,0.00804959752
7.025,27.5,0.007499625019
7.025,28.5,0.008699565022
7.025,29.5,0.009099545023
7.025,30.5,0.009499525024
7.025,31.5,0.01009949503
7.025,32.5,0.01064946753
7.025,33.5,0.009799510024
7.025,34.5,0.01024948753
7.025,35.5,0.01084945753
7.025,36.5,0.01044947753
7.025,37.5,0.009849507525
7.025,38.5,0.01214939253
7.025,39.5,0.01264936753
7.025,40.5,0.01194940253
7.025,41.5,0.01294935253
7.025,42.5,0.01479926004
7.025,43.5,0.01319934003
7.025,44.5,0.01239938003
7.025,45.5,0.01444927754
7.025,46.5,0.01379931003
7.025,47.5,0.01439928004
7.025,48.5,0.01404929754
7.025,49.5,0.01329933503
7.025,50.5,0.01694915254
7.025,51.5,0.01434928254
7.025,52.5,0.01569921504
7.025,53.5,0.01714914254
7.025,54.5,0.01679916004
7.025,55.5,0.01609919504
7.025,56.5,0.01849907505
7.025,57.5,0.01759912004
7.025,58.5,0.01594920254
7.025,59.5,0.01794910254
7.025,60.5,0.01939903005
7.025,61.5,0.01889905505
7.025,62.5,0.01734913254
7.025,63.5,0.01934903255
7.025,64.5,0.01939903005
7.025,65.5,0.01919904005
7.025,66.5,0.02059897005
7.025,67.5,0.01924903755
7.025,68.5,0.01829908505
7.025,69.5,0.02054897255
7.025,70.5,0.01869906505
7.025,71.5,0.01959902005
7.025,72.5,0.02054897255
7.025,73.5,0.01924903755
7.025,74.5,0.01909904505
7.025,75.5,0.02054897255
7.025,76.5,0.02159892005
7.025,77.5,0.01889905505
7.025,78.5,0.01909904505
7.025,79.5,0.01959902005
7.025,80.5,0.02014899255
7.025,81.5,0.01909904505
7.025,82.5,0.01949902505
7.025,83.5,0.02074896255
7.025,84.5,0.02179891005
7.025,85.5,0.01779911004
7.025,86.5,0.01989900505
7.025,87.5,0.01859907005
7.025,88.5,0.01584920754
7.025,89.5,0.01829908505
7.025,90.5,0.01779911004
7.025,91.5,0.01639918004
7.025,92.5,0.01934903255
7.025,93.5,0.01594920254
7.025,94.5,0.01694915254
7.025,95.5,0.01564921754
7.025,96.5,0.01694915254
7.025,97.5,0.01569921504
7.025,98.5,0.01569921504
7.025,99.5,0.01519924004
7.025,100.5,0.01449927504
7.025,101.5,0.01234938253
7.025,102.5,0.01459927004
7.025,103.5,0.01539923004
7.025,104.5,0.01419929004
7.025,105.5,0.01154942253
7.025,106.5,0.01249937503
7.025,107.5,0.01264936753
7.025,108.5,0.01209939503
7.025,109.5,0.01204939753
7.025,110.5,0.01214939253
7.025,111.5,0.01194940253
7.025,112.5,0.01169941503
7.025,113.5,0.01214939253
7.025,114.5,0.01209939503
7.025,115.5,0.01169941503
7.025,116.5,0.01164941753
7.025,117.5,0.01049947503
7.025,118.5,0.01074946253
7.025,119.5,0.01029948503
7.025,120.5,0.009899505025
7.025,121.5,0.01119944003
7.025,122.5,0.009999500025
7.025,123.5,0.01004949753
7.025,124.5,0.01079946003
7.025,125.5,0.01014949253
7.025,126.5,0.01184940753
7.025,127.5,0.01164941753
7.025,128.5,0.01119944003
7.025,129.5,0.009849507525
7.025,130.5,0.01069946503
7.025,131.5,0.009999500025
7.025,132.5,0.01064946753
7.025,133.5,0.009449527524
7.025,134.5,0.01029948503
7.025,135.5,0.009549522524
7.025,136.5,0.009349532523
7.025,137.5,0.01064946753
7.025,138.5,0.01009949503
7.025,139.5,0.009799510024
7.025,140.5,0.01039948003
7.025,141.5,0.01249937503
7.025,142.5,0.01074946253
7.025,143.5,0.009999500025
7.025,144.5,0.01059947003
7.025,145.5,0.01034948253
7.025,146.5,0.01019949003
7.025,147.5,0.01029948503
7.025,148.5,0.01084945753
7.025,149.5,0.01074946253
7.025,150.5,0.009249537523
7.025,151.5,0.009499525024
7.025,152.5,0.009499525024
7.025,153.5,0.01004949753
7.025,154.5,0.01009949503
7.025,155.5,0.008949552522
7.025,156.5,0.00789960502
7.025,157.5,0.00794960252
7.025,158.5,0.00804959752
7.025,159.5,0.006799660017
7.025,160.5,0.007649617519
7.025,161.5,0.005949702515
7.025,162.5,0.006299685016
7.025,163.5,0.006199690015
7.025,164.5,0.004949752512
7.025,165.5,0.00394980251
7.025,166.5,0.004549772511
7.025,167.5,0.00399980001
7.025,168.5,0.004499775011
7.025,169.5,0.003499825009
7.025,170.5,0.002599870006
7.025,171.5,0.002449877506
7.025,172.5,0.001599920004
7.025,173.5,0.002549872506
7.025,174.5,0.001999900005
7.025,175.5,0.001649917504
7.025,176.5,0.001449927504
7.025,177.5,0.001049947503
7.025,178.5,0.0006999650017
7.025,179.5,0.0003499825009
7.075,0.5,9.999500025e-05
7.075,1.5,0
7.075,2.5,0.0004999750012
7.075,3.5,0.0006999650017
7.075,4.5,0.001299935003
7.075,5.5,0.001599920004
7.075,6.5,0.0009999500025
7.075,7.5,0.001949902505
7.075,8.5,0.002149892505
7.075,9.5,0.001999900005
7.075,10.5,0.002699865007
7.075,11.5,0.002899855007
7.075,12.5,0.002399880006
7.075,13.5,0.003149842508
7.075,14.5,0.003649817509
7.075,15.5,0.004399780011
7.075,16.5,0.004499775011
7.075,17.5,0.003599820009
7.075,18.5,0.004599770011
7.075,19.5,0.006599670016
7.075,20.5,0.005299735013
7.075,21.5,0.006149692515
7.075,22.5,0.006699665017
7.075,23.5,0.007549622519
7.075,24.5,0.007649617519
7.075,25.5,0.006699665017
7.075,26.5,0.008449577521
7.075,27.5,0.008699565022
7.075,28.5,0.007749612519
7.075,29.5,0.009199540023
7.075,30.5,0.008799560022
7.075,31.5,0.009249537523
7.075,32.5,0.009899505025
7.075,33.5,0.01054947253
7.075,34.5,0.01089945503
7.075,35.5,0.01069946503
7.075,36.5,0.01304934753
7.075,37.5,0.01139943003
7.075,38.5,0.01149942503
7.075,39.5,0.01384930753
7.075,40.5,0.01279936003
7.075,41.5,0.01229938503
7.075,42.5,0.01439928004
7.075,43.5,0.01259937003
7.075,44.5,0.01424928754
7.075,45.5,0.01314934253
7.075,46.5,0.01379931003
7.075,47.5,0.01434928254
7.075,48.5,0.01439928004
7.075,49.5,0.01509924504
7.075,50.5,0.01699915004
7.075,51.5,0.01414929254
7.075,52.5,0.01634918254
7.075,53.5,0.01449927504
7.075,54.5,0.01504924754
7.075,55.5,0.01749912504
7.075,56.5,0.01669916504
7.075,57.5,0.01829908505
7.075,58.5,0.01844907755
7.075,59.5,0.01644917754
7.075,60.5,0.01814909255
7.075,61.5,0.01959902005
7.075,62.5,0.01609919504
7.075,63.5,0.01724913754
7.075,64.5,0.01954902255
7.075,65.5,0.01859907005
7.075,66.5,0.01959902005
7.075,67.5,0.01929903505
7.075,68.5,0.01969901505
7.075,69.5,0.01929903505
7.075,70.5,0.02244887756
7.075,71.5,0.02184890755
7.075,72.5,0.01869906505
7.075,73.5,0.02149892505
7.075,74.5,0.01949902505
7.075,75.5,0.02174891255
7.075,76.5,0.01919904005
7.075,77.5,0.02004899755
7.075,78.5,0.02229888506
7.075,79.5,0.01869906505
7.075,80.5,0.01999900005
7.075,81.5,0.01934903255
7.075,82.5,0.02129893505
7.075,83.5,0.01974901255
7.075,84.5,0.01959902005
7.075,85.5,0.02074896255
7.075,86.5,0.02184890755
7.075,87.5,0.02079896005
7.075,88.5,0.02094895255
7.075,89.5,0.01819909005
7.075,90.5,0.01849907505
7.075,91.5,0.01814909255
7.075,92.5,0.01869906505
7.075,93.5,0.01844907755
7.075,94.5,0.01704914754
7.075,95.5,0.01744912754
7.075,96.5,0.01479926004
7.075,97.5,0.01564921754
7.075,98.5,0.01579921004
7.075,99.5,0.01459927004
7.075,100.5,0.01454927254
7.075,101.5,0.01484925754
7.075,102.5,0.01504924754
7.075,103.5,0.01409929504
7.075,104.5,0.01259937003
7.075,105.5,0.01349932503
7.075,106.5,0.01314934253
7.075,107.5,0.01254937253
7.075,108.5,0.01194940253
7.075,109.5,0.01179941003
7.075,110.5,0.01284935753
7.075,111.5,0.01309934503
7.075,112.5,0.01389930503
7.075,113.5,0.01359932003
7.075,114.5,0.01154942253
7.075,115.5,0.01104944753
7.075,116.5,0.01159942003
7.075,117.5,0.01324933753
7.075,118.5,0.01139943003
7.075,119.5,0.01129943503
7.075,120.5,0.01159942003
7.075,121.5,0.01184940753
7.075,122.5,0.01164941753
7.075,123.5,0.01119944003
7.075,124.5,0.01049947503
7.075,125.5,0.01139943003
7.075,126.5,0.01164941753
7.075,127.5,0.01064946753
7.075,128.5,0.01009949503
7.075,129.5,0.01154942253
7.075,130.5,0.01154942253
7.075,131.5,0.01084945753
7.075,132.5,0.01029948503
7.075,133.5,0.01034948253
7.075,134.5,0.01159942003
7.075,135.5,0.01129943503
7.075,136.5,0.01159942003
7.075,137.5,0.01094945253
7.075,138.5,0.01109944503
7.075,139.5,0.01209939503
7.075,140.5,0.01164941753
7.075,141.5,0.01094945253
7.075,142.5,0.01009949503
7.075,143.5,0.01169941503
7.075,144.5,0.01039948003
7.075,145.5,0.01029948503
7.075,146.5,0.01134943253
7.075,147.5,0.01049947503
7.075,148.5,0.009399530023
7.075,149.5,0.01044947753
7.075,150.5,0.008699565022
7.075,151.5,0.01109944503
7.075,152.5,0.01014949253
7.075,153.5,0.008899555022
7.075,154.5,0.009599520024
7.075,155.5,0.008349582521
7.075,156.5,0.008849557522
7.075,157.5,0.008549572521
7.075,158.5,0.007649617519
7.075,159.5,0.00804959752
7.075,160.5,0.006499675016
7.075,161.5,0.005299735013
7.075,162.5,0.005749712514
7.075,163.5,0.006149692515
7.075,164.5,0.005599720014
7.075,165.5,0.005549722514
7.075,166.5,0.006349682516
7.075,167.5,0.004649767512
7.075,168.5,0.004499775011
7.075,169.5,0.005249737513
7.075,170.5,0.003499825009
7.075,171.5,0.003199840008
7.075,172.5,0.002649867507
7.075,173.5,0.002649867507
7.075,174.5,0.001799910004
7.075,175.5,0.001499925004
7.075,176.5,0.001499925004
7.075,177.5,0.0006999650017
7.075,178.5,0.000399980001
7.075,179.5,0.0002499875006
7.125,0.5,0.0001499925004
7.125,1.5,0.0003499825009
7.125,2.5,0.000399980001
7.125,3.5,0.0007499625019
7.125,4.5,0.0009999500025
7.125,5.5,0.001349932503
7.125,6.5,0.002099895005
7.125,7.5,0.002199890005
7.125,8.5,0.003099845008
7.125,9.5,0.002699865007
7.125,10.5,0.002349882506
7.125,11.5,0.003499825009
7.125,12.5,0.00404979751
7.125,13.5,0.00389980501
7.125,14.5,0.00384980751
7.125,15.5,0.004999750012
7.125,16.5,0.003499825009
7.125,17.5,0.005099745013
7.125,18.5,0.005099745013
7.125,19.5,0.005699715014
7.125,20.5,0.004899755012
7.125,21.5,0.005149742513
7.125,22.5,0.006399680016
7.125,23.5,0.007299635018
7.125,24.5,0.007299635018
7.125,25.5,0.007449627519
7.125,26.5,0.006449677516
7.125,27.5,0.00809959502
7.125,28.5,0.008999550022
7.125,29.5,0.008549572521
7.125,30.5,0.009849507525
7.125,31.5,0.00819959002
7.125,32.5,0.01014949253
7.125,33.5,0.01054947253
7.125,34.5,0.01109944503
7.125,35.5,0.01009949503
7.125,36.5,0.01294935253
7.125,37.5,0.01104944753
7.125,38.5,0.01264936753
7.125,39.5,0.01139943003
7.125,40.5,0.01344932753
7.125,41.5,0.01324933753
7.125,42.5,0.01324933753
7.125,43.5,0.01434928254
7.125,44.5,0.01524923754
7.125,45.5,0.01304934753
7.125,46.5,0.01409929504
7.125,47.5,0.01444927754
7.125,48.5,0.01324933753
7.125,49.5,0.01344932753
7.125,50.5,0.01514924254
7.125,51.5,0.01619919004
7.125,52.5,0.01569921504
7.125,53.5,0.01644917754
7.125,54.5,0.01474926254
7.125,55.5,0.01609919504
7.125,56.5,0.01669916504
7.125,57.5,0.01594920254
7.125,58.5,0.01679916004
7.125,59.5,0.01704914754
7.125,60.5,0.01869906505
7.125,61.5,0.01919904005
7.125,62.5,0.01714914254
7.125,63.5,0.01889905505
7.125,64.5,0.02004899755
7.125,65.5,0.01884905755
7.125,66.5,0.01974901255
7.125,67.5,0.02084895755
7.125,68.5,0.02129893505
7.125,69.5,0.01964901755
7.125,70.5,0.02169891505
7.125,71.5,0.01969901505
7.125,72.5,0.02284885756
7.125,73.5,0.01974901255
7.125,74.5,0.02179891005
7.125,75.5,0.01939903005
7.125,76.5,0.02034898255
7.125,77.5,0.01999900005
7.125,78.5,0.02169891505
7.125,79.5,0.02259887006
7.125,80.5,0.02164891755
7.125,81.5,0.02129893505
7.125,82.5,0.02164891755
7.125,83.5,0.01824908755
7.125,84.5,0.02224888756
7.125,85.5,0.01789910504
7.125,86.5,0.01899905005
7.125,87.5,0.02019899005
7.125,88.5,0.01794910254
7.125,89.5,0.02029898505
7.125,90.5,0.01934903255
7.125,91.5,0.01789910504
7.125,92.5,0.01754912254
7.125,93.5,0.01684915754
7.125,94.5,0.01734913254
7.125,95.5,0.01724913754
7.125,96.5,0.01704914754
7.125,97.5,0.01764911754
7.125,98.5,0.01524923754
7.125,99.5,0.01509924504
7.125,100.5,0.01639918004
7.125,101.5,0.01414929254
7.125,102.5,0.01409929504
7.125,103.5,0.01519924004
7.125,104.5,0.01424928754
7.125,105.5,0.01399930003
7.125,106.5,0.01224938753
7.125,107.5,0.01274936253
7.125,108.5,0.01199940003
7.125,109.5,0.01129943503
7.125,110.5,0.01099945003
7.125,111.5,0.01214939253
7.125,112.5,0.01204939753
7.125,113.5,0.01064946753
7.125,114.5,0.01299935003
7.125,115.5,0.01094945253
7.125,116.5,0.01324933753
7.125,117.5,0.01109944503
7.125,118.5,0.01239938003
7.125,119.5,0.01234938253
7.125,120.5,0.01269936503
7.125,121.5,0.01244937753
7.125,122.5,0.01279936003
7.125,123.5,0.01044947753
7.125,124.5,0.01034948253
7.125,125.5,0.01109944503
7.125,126.5,0.01229938503
7.125,127.5,0.01209939503
7.125,128.5,0.01059947003
7.125,129.5,0.01084945753
7.125,130.5,0.01044947753
7.125,131.5,0.01114944253
7.125,132.5,0.01114944253
7.125,133.5,0.01064946753
7.125,134.5,0.01209939503
7.125,135.5,0.01109944503
7.125,136.5,0.01109944503
7.125,137.5,0.01119944003
7.125,138.5,0.01194940253
7.125,139.5,0.01099945003
7.125,140.5,0.01294935253
7.125,141.5,0.01059947003
7.125,142.5,0.01224938753
7.125,143.5,0.01234938253
7.125,144.5,0.01054947253
7.125,145.5,0.01104944753
7.125,146.5,0.009949502525
7.125,147.5,0.01149942503
7.125,148.5,0.01044947753
7.125,149.5,0.009849507525
7.125,150.5,0.009799510024
7.125,151.5,0.009399530023
7.125,152.5,0.009149542523
7.125,153.5,0.009349532523
7.125,154.5,0.008899555022
7.125,155.5,0.01004949753
7.125,156.5,0.009399530023
7.125,157.5,0.008249587521
7.125,158.5,0.006649667517
7.125,159.5,0.007549622519
7.125,160.5,0.006649667517
7.125,161.5,0.007349632518
7.125,162.5,0.007749612519
7.125,163.5,0.007199640018
7.125,164.5,0.006899655017
7.125,165.5,0.006949652517
7.125,166.5,0.006649667517
7.125,167.5,0.006399680016
7.125,168.5,0.005749712514
7.125,169.5,0.005099745013
7.125,170.5,0.00409979501
7.125,171.5,0.003599820009
7.125,172.5,0.003399830008
7.125,173.5,0.003049847508
7.125,174.5,0.002199890005
7.125,175.5,0.002599870006
7.125,176.5,0.001999900005
7.125,177.5,0.001199940003
7.125,178.5,0.0007499625019
7.125,179.5,9.999500025e-05
7.175,0.5,9.999500025e-05
7.175,1.5,0.0002499875006
7.175,2.5,0.0008499575021
7.175,3.5,0.0009499525024
7.175,4.5,0.001399930003
7.175,5.5,0.001449927504
7.175,6.5,0.001999900005
7.175,7.5,0.001549922504
7.175,8.5,0.002799860007
7.175,9.5,0.002249887506
7.175,10.5,0.003249837508
7.175,11.5,0.002899855007
7.175,12.5,0.003799810009
7.175,13.5,0.00399980001
7.175,14.5,0.004549772511
7.175,15.5,0.005249737513
7.175,16.5,0.004599770011
7.175,17.5,0.005349732513
7.175,18.5,0.005349732513
7.175,19.5,0.005749712514
7.175,20.5,0.005499725014
7.175,21.5,0.006349682516
7.175,22.5,0.006799660017
7.175,23.5,0.007349632518
7.175,24.5,0.007649617519
7.175,25.5,0.00819959002
7.175,26.5,0.007349632518
7.175,27.5,0.007799610019
7.175,28.5,0.00819959002
7.175,29.5,0.008799560022
7.175,30.5,0.008449577521
7.175,31.5,0.008999550022
7.175,32.5,0.009399530023
7.175,33.5,0.01039948003
7.175,34.5,0.01074946253
7.175,35.5,0.01064946753
7.175,36.5,0.01134943253
7.175,37.5,0.01344932753
7.175,38.5,0.01244937753
7.175,39.5,0.01219939003
7.175,40.5,0.01264936753
7.175,41.5,0.01454927254
7.175,42.5,0.01424928754
7.175,43.5,0.01309934503
7.175,44.5,0.01429928504
7.175,45.5,0.01539923004
7.175,46.5,0.01564921754
7.175,47.5,0.01474926254
7.175,48.5,0.01614919254
7.175,49.5,0.01424928754
7.175,50.5,0.01649917504
7.175,51.5,0.01524923754
7.175,52.5,0.01514924254
7.175,53.5,0.01769911504
7.175,54.5,0.01664916754
7.175,55.5,0.01634918254
7.175,56.5,0.01584920754
7.175,57.5,0.01654917254
7.175,58.5,0.01764911754
7.175,59.5,0.01744912754
7.175,60.5,0.01859907005
7.175,61.5,0.01819909005
7.175,62.5,0.01969901505
7.175,63.5,0.01949902505
7.175,64.5,0.02029898505
7.175,65.5,0.02214889256
7.175,66.5,0.02204889756
7.175,67.5,0.02024898755
7.175,68.5,0.02074896255
7.175,69.5,0.02179891005
7.175,70.5,0.02079896005
7.175,71.5,0.02104894755
7.175,72.5,0.02149892505
7.175,73.5,0.02144892755
7.175,74.5,0.02179891005
7.175,75.5,0.02109894505
7.175,76.5,0.01989900505
7.175,77.5,0.02224888756
7.175,78.5,0.02334883256
7.175,79.5,0.02089895505
7.175,80.5,0.02089895505
7.175,81.5,0.02024898755
7.175,82.5,0.02009899505
7.175,83.5,0.02229888506
7.175,84.5,0.02214889256
7.175,85.5,0.01984900755
7.175,86.5,0.01959902005
7.175,87.5,0.02074896255
7.175,88.5,0.01924903755
7.175,89.5,0.01984900755
7.175,90.5,0.01929903505
7.175,91.5,0.01934903255
7.175,92.5,0.01994900255
7.175,93.5,0.01799910004
7.175,94.5,0.01819909005
7.175,95.5,0.01649917504
7.175,96.5,0.01814909255
7.175,97.5,0.01689915504
7.175,98.5,0.01764911754
7.175,99.5,0.01719914004
7.175,100.5,0.01519924004
7.175,101.5,0.01764911754
7.175,102.5,0.01774911254
7.175,103.5,0.01559922004
7.175,104.5,0.01474926254
7.175,105.5,0.01469926504
7.175,106.5,0.01494925254
7.175,107.5,0.01454927254
7.175,108.5,0.01424928754
7.175,109.5,0.01319934003
7.175,110.5,0.01304934753
7.175,111.5,0.01164941753
7.175,112.5,0.01364931753
7.175,113.5,0.01209939503
7.175,114.5,0.01344932753
7.175,115.5,0.01269936503
7.175,116.5,0.01279936003
7.175,117.5,0.01064946753
7.175,118.5,0.01284935753
7.175,119.5,0.01234938253
7.175,120.5,0.01244937753
7.175,121.5,0.01324933753
7.175,122.5,0.01274936253
7.175,123.5,0.01319934003
7.175,124.5,0.01134943253
7.175,125.5,0.01234938253
7.175,126.5,0.01259937003
7.175,127.5,0.01189940503
7.175,128.5,0.01144942753
7.175,129.5,0.01269936503
7.175,130.5,0.01174941253
7.175,131.5,0.009899505025
7.175,132.5,0.01094945253
7.175,133.5,0.01174941253
7.175,134.5,0.01094945253
7.175,135.5,0.01114944253
7.175,136.5,0.01209939503
7.175,137.5,0.01189940503
7.175,138.5,0.01184940753
7.175,139.5,0.01199940003
7.175,140.5,0.01189940503
7.175,141.5,0.01154942253
7.175,142.5,0.01024948753
7.175,143.5,0.01159942003
7.175,144.5,0.01144942753
7.175,145.5,0.01224938753
7.175,146.5,0.01114944253
7.175,147.5,0.01219939003
7.175,148.5,0.009949502525
7.175,149.5,0.01109944503
7.175,150.5,0.01154942253
7.175,151.5,0.01224938753
7.175,152.5,0.01054947253
7.175,153.5,0.01014949253
7.175,154.5,0.009849507525
7.175,155.5,0.008549572521
7.175,156.5,0.009049547523
7.175,157.5,0.008749562522
7.175,158.5,0.008499575021
7.175,159.5,0.00794960252
7.175,160.5,0.006399680016
7.175,161.5,0.008599570021
7.175,162.5,0.006949652517
7.175,163.5,0.007099645018
7.175,164.5,0.006699665017
7.175,165.5,0.007399630018
7.175,166.5,0.005849707515
7.175,167.5,0.005249737513
7.175,168.5,0.006099695015
7.175,169.5,0.004749762512
7.175,170.5,0.004749762512
7.175,171.5,0.003749812509
7.175,172.5,0.003799810009
7.175,173.5,0.002849857507
7.175,174.5,0.002499875006
7.175,175.5,0.002349882506
7.175,176.5,0.001799910004
7.175,177.5,0.001149942503
7.175,178.5,0.0007499625019
7.175,179.5,0.0002499875006
7.225,0.5,9.999500025e-05
7.225,1.5,0.0003499825009
7.225,2.5,0.0006999650017
7.225,3.5,0.001199940003
7.225,4.5,0.001349932503
7.225,5.5,0.001799910004
7.225,6.5,0.001449927504
7.225,7.5,0.002199890005
7.225,8.5,0.002499875006
7.225,9.5,0.002199890005
7.225,10.5,0.002749862507
7.225,11.5,0.003049847508
7.225,12.5,0.00419979001
7.225,13.5,0.002599870006
7.225,14.5,0.00409979501
7.225,15.5,0.004599770011
7.225,16.5,0.004799760012
7.225,17.5,0.005199740013
7.225,18.5,0.005099745013
7.225,19.5,0.005899705015
7.225,20.5,0.006049697515
7.225,21.5,0.006799660017
7.225,22.5,0.006299685016
7.225,23.5,0.007149642518
7.225,24.5,0.006749662517
7.225,25.5,0.006749662517
7.225,26.5,0.007649617519
7.225,27.5,0.008449577521
7.225,28.5,0.009699515024
7.225,29.5,0.009349532523
7.225,30.5,0.008799560022
7.225,31.5,0.01029948503
7.225,32.5,0.01109944503
7.225,33.5,0.009649517524
7.225,34.5,0.01074946253
7.225,35.5,0.01214939253
7.225,36.5,0.01204939753
7.225,37.5,0.01074946253
7.225,38.5,0.01274936253
7.225,39.5,0.01194940253
7.225,40.5,0.01239938003
7.225,41.5,0.01124943753
7.225,42.5,0.01304934753
7.225,43.5,0.01334933253
7.225,44.5,0.01464926754
7.225,45.5,0.01539923004
7.225,46.5,0.01394930253
7.225,47.5,0.01464926754
7.225,48.5,0.01564921754
7.225,49.5,0.01379931003
7.225,50.5,0.01414929254
7.225,51.5,0.01594920254
7.225,52.5,0.01509924504
7.225,53.5,0.01519924004
7.225,54.5,0.01409929504
7.225,55.5,0.01729913504
7.225,56.5,0.01689915504
7.225,57.5,0.01744912754
7.225,58.5,0.01724913754
7.225,59.5,0.01599920004
7.225,60.5,0.01689915504
7.225,61.5,0.01934903255
7.225,62.5,0.01839908005
7.225,63.5,0.01719914004
7.225,64.5,0.01884905755
7.225,65.5,0.01939903005
7.225,66.5,0.02079896005
7.225,67.5,0.02079896005
7.225,68.5,0.01974901255
7.225,69.5,0.02084895755
7.225,70.5,0.02079896005
7.225,71.5,0.02134893255
7.225,72.5,0.02014899255
7.225,73.5,0.01984900755
7.225,74.5,0.01994900255
7.225,75.5,0.01994900255
7.225,76.5,0.01994900255
7.225,77.5,0.02129893505
7.225,78.5,0.01984900755
7.225,79.5,0.02094895255
7.225,80.5,0.02159892005
7.225,81.5,0.02204889756
7.225,82.5,0.01949902505
7.225,83.5,0.02164891755
7.225,84.5,0.02069896505
7.225,85.5,0.02059897005
7.225,86.5,0.02004899755
7.225,87.5,0.01984900755
7.225,88.5,0.01964901755
7.225,89.5,0.01984900755
7.225,90.5,0.01824908755
7.225,91.5,0.01769911504
7.225,92.5,0.01914904255
7.225,93.5,0.01789910504
7.225,94.5,0.01649917504
7.225,95.5,0.01954902255
7.225,96.5,0.01584920754
7.225,97.5,0.01589920504
7.225,98.5,0.01689915504
7.225,99.5,0.01529923504
7.225,100.5,0.01559922004
7.225,101.5,0.01604919754
7.225,102.5,0.01484925754
7.225,103.5,0.01504924754
7.225,104.5,0.01399930003
7.225,105.5,0.01514924254
7.225,106.5,0.01474926254
7.225,107.5,0.01354932253
7.225,108.5,0.01564921754
7.225,109.5,0.01334933253
7.225,110.5,0.01234938253
7.225,111.5,0.01234938253
7.225,112.5,0.01239938003
7.225,113.5,0.01354932253
7.225,114.5,0.01169941503
7.225,115.5,0.01244937753
7.225,116.5,0.01244937753
7.225,117.5,0.01114944253
7.225,118.5,0.01214939253
7.225,119.5,0.01349932503
7.225,120.5,0.01259937003
7.225,121.5,0.01244937753
7.225,122.5,0.01159942003
7.225,123.5,0.01184940753
7.225,124.5,0.01389930503
7.225,125.5,0.01329933503
7.225,126.5,0.01224938753
7.225,127.5,0.01129943503
7.225,128.5,0.01424928754
7.225,129.5,0.01299935003
7.225,130.5,0.01099945003
7.225,131.5,0.01139943003
7.225,132.5,0.01164941753
7.225,133.5,0.01154942253
7.225,134.5,0.01124943753
7.225,135.5,0.01069946503
7.225,136.5,0.01039948003
7.225,137.5,0.01174941253
7.225,138.5,0.01144942753
7.225,139.5,0.01259937003
7.225,140.5,0.01024948753
7.225,141.5,0.01059947003
7.225,142.5,0.01144942753
7.225,143.5,0.01094945253
7.225,144.5,0.01059947003
7.225,145.5,0.01004949753
7.225,146.5,0.01054947253
7.225,147.5,0.008899555022
7.225,148.5,0.01059947003
7.225,149.5,0.01074946253
7.225,150.5,0.01224938753
7.225,151.5,0.01134943253
7.225,152.5,0.01079946003
7.225,153.5,0.01089945503
7.225,154.5,0.01029948503
7.225,155.5,0.01014949253
7.225,156.5,0.009199540023
7.225,157.5,0.008949552522
7.225,158.5,0.00814959252
7.225,159.5,0.00819959002
7.225,160.5,0.009099545023
7.225,161.5,0.007349632518
7.225,162.5,0.007149642518
7.225,163.5,0.007149642518
7.225,164.5,0.006499675016
7.225,165.5,0.006349682516
7.225,166.5,0.005899705015
7.225,167.5,0.005099745013
7.225,168.5,0.004999750012
7.225,169.5,0.004249787511
7.225,170.5,0.003599820009
7.225,171.5,0.004899755012
7.225,172.5,0.003399830008
7.225,173.5,0.002849857507
7.225,174.5,0.002599870006
7.225,175.5,0.002599870006
7.225,176.5,0.001549922504
7.225,177.5,0.001449927504
7.225,178.5,0.0006499675016
7.225,179.5,9.999500025e-05
7.275,0.5,9.999500025e-05
7.275,1.5,0.0002499875006
7.275,2.5,0.0008999550022
7.275,3.5,0.0005999700015
7.275,4.5,0.001149942503
7.275,5.5,0.001199940003
7.275,6.5,0.002099895005
7.275,7.5,0.001749912504
7.275,8.5,0.002449877506
7.275,9.5,0.002149892505
7.275,10.5,0.002999850007
7.275,11.5,0.003249837508
7.275,12.5,0.002899855007
7.275,13.5,0.002849857507
7.275,14.5,0.004499775011
7.275,15.5,0.004549772511
7.275,16.5,0.004249787511
7.275,17.5,0.005349732513
7.275,18.5,0.006099695015
7.275,19.5,0.005849707515
7.275,20.5,0.006199690015
7.275,21.5,0.006799660017
7.275,22.5,0.007349632518
7.275,23.5,0.007349632518
7.275,24.5,0.007149642518
7.275,25.5,0.008299585021
7.275,26.5,0.007749612519
7.275,27.5,0.008599570021
7.275,28.5,0.009449527524
7.275,29.5,0.009849507525
7.275,30.5,0.01029948503
7.275,31.5,0.009199540023
7.275,32.5,0.01124943753
7.275,33.5,0.01009949503
7.275,34.5,0.01269936503
7.275,35.5,0.01159942003
7.275,36.5,0.01224938753
7.275,37.5,0.01164941753
7.275,38.5,0.01249937503
7.275,39.5,0.01189940503
7.275,40.5,0.01224938753
7.275,41.5,0.01219939003
7.275,42.5,0.01449927504
7.275,43.5,0.01269936503
7.275,44.5,0.01359932003
7.275,45.5,0.01479926004
7.275,46.5,0.01344932753
7.275,47.5,0.01314934253
7.275,48.5,0.01544922754
7.275,49.5,0.01474926254
7.275,50.5,0.01689915504
7.275,51.5,0.01509924504
7.275,52.5,0.01554922254
7.275,53.5,0.01609919504
7.275,54.5,0.01624918754
7.275,55.5,0.01744912754
7.275,56.5,0.01594920254
7.275,57.5,0.01549922504
7.275,58.5,0.01869906505
7.275,59.5,0.01714914254
7.275,60.5,0.01739913004
7.275,61.5,0.01754912254
7.275,62.5,0.01864906755
7.275,63.5,0.01654917254
7.275,64.5,0.01834908255
7.275,65.5,0.01949902505
7.275,66.5,0.01874906255
7.275,67.5,0.01899905005
7.275,68.5,0.02099895005
7.275,69.5,0.01919904005
7.275,70.5,0.01969901505
7.275,71.5,0.01814909255
7.275,72.5,0.02089895505
7.275,73.5,0.01954902255
7.275,74.5,0.02079896005
7.275,75.5,0.02264886756
7.275,76.5,0.02074896255
7.275,77.5,0.02014899255
7.275,78.5,0.02204889756
7.275,79.5,0.02139893005
7.275,80.5,0.02074896255
7.275,81.5,0.02009899505
7.275,82.5,0.02314884256
7.275,83.5,0.02224888756
7.275,84.5,0.02249887506
7.275,85.5,0.01989900505
7.275,86.5,0.01994900255
7.275,87.5,0.02059897005
7.275,88.5,0.01939903005
7.275,89.5,0.01949902505
7.275,90.5,0.01824908755
7.275,91.5,0.02029898505
7.275,92.5,0.01869906505
7.275,93.5,0.01749912504
7.275,94.5,0.01889905505
7.275,95.5,0.01989900505
7.275,96.5,0.01679916004
7.275,97.5,0.01804909755
7.275,98.5,0.01814909255
7.275,99.5,0.01699915004
7.275,100.5,0.01694915254
7.275,101.5,0.01634918254
7.275,102.5,0.01534923254
7.275,103.5,0.01629918504
7.275,104.5,0.01624918754
7.275,105.5,0.01349932503
7.275,106.5,0.01304934753
7.275,107.5,0.01589920504
7.275,108.5,0.01509924504
7.275,109.5,0.01589920504
7.275,110.5,0.01359932003
7.275,111.5,0.01309934503
7.275,112.5,0.01254937253
7.275,113.5,0.01289935503
7.275,114.5,0.01264936753
7.275,115.5,0.01209939503
7.275,116.5,0.01294935253
7.275,117.5,0.01349932503
7.275,118.5,0.01229938503
7.275,119.5,0.01199940003
7.275,120.5,0.01319934003
7.275,121.5,0.01419929004
7.275,122.5,0.01239938003
7.275,123.5,0.01374931253
7.275,124.5,0.01279936003
7.275,125.5,0.01234938253
7.275,126.5,0.01319934003
7.275,127.5,0.01289935503
7.275,128.5,0.01254937253
7.275,129.5,0.01349932503
7.275,130.5,0.01239938003
7.275,131.5,0.01174941253
7.275,132.5,0.01139943003
7.275,133.5,0.01144942753
7.275,134.5,0.01214939253
7.275,135.5,0.01259937003
7.275,136.5,0.01104944753
7.275,137.5,0.01259937003
7.275,138.5,0.01104944753
7.275,139.5,0.01009949503
7.275,140.5,0.01139943003
7.275,141.5,0.01194940253
7.275,142.5,0.01309934503
7.275,143.5,0.01099945003
7.275,144.5,0.01174941253
7.275,145.5,0.01119944003
7.275,146.5,0.01199940003
7.275,147.5,0.01149942503
7.275,148.5,0.01139943003
7.275,149.5,0.01159942003
7.275,150.5,0.01024948753
7.275,151.5,0.01019949003
7.275,152.5,0.01009949503
7.275,153.5,0.009799510024
7.275,154.5,0.009649517524
7.275,155.5,0.00799960002
7.275,156.5,0.01024948753
7.275,157.5,0.009899505025
7.275,158.5,0.01014949253
7.275,159.5,0.008949552522
7.275,160.5,0.008249587521
7.275,161.5,0.00799960002
7.275,162.5,0.007249637518
7.275,163.5,0.006999650017
7.275,164.5,0.006499675016
7.275,165.5,0.005699715014
7.275,166.5,0.006849657517
7.275,167.5,0.005599720014
7.275,168.5,0.004799760012
7.275,169.5,0.004799760012
7.275,170.5,0.00399980001
7.275,171.5,0.004249787511
7.275,172.5,0.003099845008
7.275,173.5,0.002899855007
7.275,174.5,0.002599870006
7.275,175.5,0.002349882506
7.275,176.5,0.001249937503
7.275,177.5,0.001599920004
7.275,178.5,0.0009499525024
7.275,179.5,0.0004999750012
7.325,0.5,0.0001499925004
7.325,1.5,0.000399980001
7.325,2.5,0.0006999650017
7.325,3.5,0.001049947503
7.325,4.5,0.001299935003
7.325,5.5,0.001699915004
7.325,6.5,0.002099895005
7.325,7.5,0.002449877506
7.325,8.5,0.002299885006
7.325,9.5,0.003299835008
7.325,10.5,0.003449827509
7.325,11.5,0.004349782511
7.325,12.5,0.003749812509
7.325,13.5,0.004599770011
7.325,14.5,0.005199740013
7.325,15.5,0.004849757512
7.325,16.5,0.005499725014
7.325,17.5,0.006399680016
7.325,18.5,0.005399730013
7.325,19.5,0.005699715014
7.325,20.5,0.005899705015
7.325,21.5,0.006699665017
7.325,22.5,0.007349632518
7.325,23.5,0.007399630018
7.325,24.5,0.007799610019
7.325,25.5,0.006999650017
7.325,26.5,0.00799960002
7.325,27.5,0.00814959252
7.325,28.5,0.008849557522
7.325,29.5,0.009049547523
7.325,30.5,0.009099545023
7.325,31.5,0.009599520024
7.325,32.5,0.009199540023
7.325,33.5,0.01004949753
7.325,34.5,0.01139943003
7.325,35.5,0.01129943503
7.325,36.5,0.01154942253
7.325,37.5,0.01059947003
7.325,38.5,0.01084945753
7.325,39.5,0.01174941253
7.325,40.5,0.01209939503
7.325,41.5,0.01189940503
7.325,42.5,0.01194940253
7.325,43.5,0.01284935753
7.325,44.5,0.01239938003
7.325,45.5,0.01379931003
7.325,46.5,0.01439928004
7.325,47.5,0.01289935503
7.325,48.5,0.01574921254
7.325,49.5,0.01629918504
7.325,50.5,0.01464926754
7.325,51.5,0.01609919504
7.325,52.5,0.01514924254
7.325,53.5,0.01644917754
7.325,54.5,0.01704914754
7.325,55.5,0.01689915504
7.325,56.5,0.01434928254
7.325,57.5,0.01679916004
7.325,58.5,0.01774911254
7.325,59.5,0.01749912504
7.325,60.5,0.01859907005
7.325,61.5,0.01899905005
7.325,62.5,0.01684915754
7.325,63.5,0.01834908255
7.325,64.5,0.01789910504
7.325,65.5,0.01949902505
7.325,66.5,0.02009899505
7.325,67.5,0.01869906505
7.325,68.5,0.01849907505
7.325,69.5,0.01859907005
7.325,70.5,0.02049897505
7.325,71.5,0.01964901755
7.325,72.5,0.02099895005
7.325,73.5,0.01989900505
7.325,74.5,0.01874906255
7.325,75.5,0.02234888256
7.325,76.5,0.02014899255
7.325,77.5,0.02094895255
7.325,78.5,0.02189890505
7.325,79.5,0.02254887256
7.325,80.5,0.02114894255
7.325,81.5,0.01994900255
7.325,82.5,0.02059897005
7.325,83.5,0.02104894755
7.325,84.5,0.02284885756
7.325,85.5,0.02169891505
7.325,86.5,0.02144892755
7.325,87.5,0.02314884256
7.325,88.5,0.02034898255
7.325,89.5,0.02029898505
7.325,90.5,0.02109894505
7.325,91.5,0.01914904255
7.325,92.5,0.01744912754
7.325,93.5,0.01909904505
7.325,94.5,0.01804909755
7.325,95.5,0.01839908005
7.325,96.5,0.01864906755
7.325,97.5,0.01784910754
7.325,98.5,0.01569921504
7.325,99.5,0.01709914504
7.325,100.5,0.01754912254
7.325,101.5,0.01564921754
7.325,102.5,0.01594920254
7.325,103.5,0.01694915254
7.325,104.5,0.01499925004
7.325,105.5,0.01609919504
7.325,106.5,0.01454927254
7.325,107.5,0.01409929504
7.325,108.5,0.01539923004
7.325,109.5,0.01379931003
7.325,110.5,0.01484925754
7.325,111.5,0.01554922254
7.325,112.5,0.01359932003
7.325,113.5,0.01629918504
7.325,114.5,0.01369931503
7.325,115.5,0.01389930503
7.325,116.5,0.01314934253
7.325,117.5,0.01409929504
7.325,118.5,0.01364931753
7.325,119.5,0.01184940753
7.325,120.5,0.01389930503
7.325,121.5,0.01289935503
7.325,122.5,0.01324933753
7.325,123.5,0.01319934003
7.325,124.5,0.01394930253
7.325,125.5,0.01329933503
7.325,126.5,0.01254937253
7.325,127.5,0.01324933753
7.325,128.5,0.01334933253
7.325,129.5,0.01219939003
7.325,130.5,0.01309934503
7.325,131.5,0.01094945253
7.325,132.5,0.01134943253
7.325,133.5,0.01264936753
7.325,134.5,0.01234938253
7.325,135.5,0.01449927504
7.325,136.5,0.01229938503
7.325,137.5,0.01269936503
7.325,138.5,0.009999500025
7.325,139.5,0.01189940503
7.325,140.5,0.01304934753
7.325,141.5,0.01219939003
7.325,142.5,0.01099945003
7.325,143.5,0.01114944253
7.325,144.5,0.01144942753
7.325,145.5,0.01264936753
7.325,146.5,0.01029948503
7.325,147.5,0.01119944003
7.325,148.5,0.01194940253
7.325,149.5,0.01094945253
7.325,150.5,0.009699515024
7.325,151.5,0.01154942253
7.325,152.5,0.009699515024
7.325,153.5,0.009799510024
7.325,154.5,0.01009949503
7.325,155.5,0.009699515024
7.325,156.5,0.009299535023
7.325,157.5,0.01109944503
7.325,158.5,0.009299535023
7.325,159.5,0.009499525024
7.325,160.5,0.008349582521
7.325,161.5,0.008799560022
7.325,162.5,0.00784960752
7.325,163.5,0.007349632518
7.325,164.5,0.007249637518
7.325,165.5,0.006999650017
7.325,166.5,0.006199690015
7.325,167.5,0.006049697515
7.325,168.5,0.005349732513
7.325,169.5,0.006699665017
7.325,170.5,0.004899755012
7.325,171.5,0.004449777511
7.325,172.5,0.003549822509
7.325,173.5,0.003099845008
7.325,174.5,0.002699865007
7.325,175.5,0.003249837508
7.325,176.5,0.001449927504
7.325,177.5,0.001249937503
7.325,178.5,0.0008999550022
7.325,179.5,0.0002499875006
7.375,0.5,0.0001999900005
7.375,1.5,0.0004999750012
7.375,2.5,0.0008999550022
7.375,3.5,0.001549922504
7.375,4.5,0.001599920004
7.375,5.5,0.002149892505
7.375,6.5,0.002549872506
7.375,7.5,0.002449877506
7.375,8.5,0.003099845008
7.375,9.5,0.004399780011
7.375,10.5,0.003649817509
7.375,11.5,0.00419979001
7.375,12.5,0.004749762512
7.375,13.5,0.004999750012
7.375,14.5,0.005299735013
7.375,15.5,0.005149742513
7.375,16.5,0.004799760012
7.375,17.5,0.005999700015
7.375,18.5,0.006549672516
7.375,19.5,0.006999650017
7.375,20.5,0.006599670016
7.375,21.5,0.006849657517
7.375,22.5,0.007199640018
7.375,23.5,0.007549622519
7.375,24.5,0.00814959252
7.375,25.5,0.007349632518
7.375,26.5,0.008899555022
7.375,27.5,0.008949552522
7.375,28.5,0.008799560022
7.375,29.5,0.009499525024
7.375,30.5,0.009949502525
7.375,31.5,0.008399580021
7.375,32.5,0.01144942753
7.375,33.5,0.009949502525
7.375,34.5,0.01064946753
7.375,35.5,0.01059947003
7.375,36.5,0.009849507525
7.375,37.5,0.01054947253
7.375,38.5,0.01179941003
7.375,39.5,0.01254937253
7.375,40.5,0.01279936003
7.375,41.5,0.01249937503
7.375,42.5,0.01249937503
7.375,43.5,0.01164941753
7.375,44.5,0.01314934253
7.375,45.5,0.01244937753
7.375,46.5,0.01379931003
7.375,47.5,0.01319934003
7.375,48.5,0.01544922754
7.375,49.5,0.01409929504
7.375,50.5,0.01549922504
7.375,51.5,0.01524923754
7.375,52.5,0.01599920004
7.375,53.5,0.01594920254
7.375,54.5,0.01784910754
7.375,55.5,0.01819909005
7.375,56.5,0.01849907505
7.375,57.5,0.01974901255
7.375,58.5,0.01869906505
7.375,59.5,0.01854907255
7.375,60.5,0.01754912254
7.375,61.5,0.01834908255
7.375,62.5,0.01784910754
7.375,63.5,0.01759912004
7.375,64.5,0.01704914754
7.375,65.5,0.02074896255
7.375,66.5,0.01659917004
7.375,67.5,0.01884905755
7.375,68.5,0.01954902255
7.375,69.5,0.01754912254
7.375,70.5,0.02034898255
7.375,71.5,0.02179891005
7.375,72.5,0.01779911004
7.375,73.5,0.02034898255
7.375,74.5,0.02184890755
7.375,75.5,0.02119894005
7.375,76.5,0.02054897255
7.375,77.5,0.02204889756
7.375,78.5,0.01894905255
7.375,79.5,0.02079896005
7.375,80.5,0.02144892755
7.375,81.5,0.02174891255
7.375,82.5,0.01954902255
7.375,83.5,0.02284885756
7.375,84.5,0.02239888006
7.375,85.5,0.02114894255
7.375,86.5,0.01994900255
7.375,87.5,0.02019899005
7.375,88.5,0.02064896755
7.375,89.5,0.02079896005
7.375,90.5,0.02114894255
7.375,91.5,0.02014899255
7.375,92.5,0.02049897505
7.375,93.5,0.02034898255
7.375,94.5,0.01984900755
7.375,95.5,0.02094895255
7.375,96.5,0.01924903755
7.375,97.5,0.02149892505
7.375,98.5,0.01624918754
7.375,99.5,0.01869906505
7.375,100.5,0.01814909255
7.375,101.5,0.01874906255
7.375,102.5,0.01759912004
7.375,103.5,0.01619919004
7.375,104.5,0.01669916504
7.375,105.5,0.01519924004
7.375,106.5,0.01414929254
7.375,107.5,0.01614919254
7.375,108.5,0.01529923504
7.375,109.5,0.01519924004
7.375,110.5,0.01419929004
7.375,111.5,0.01489925504
7.375,112.5,0.01459927004
7.375,113.5,0.01519924004
7.375,114.5,0.01474926254
7.375,115.5,0.01309934503
7.375,116.5,0.01529923504
7.375,117.5,0.01359932003
7.375,118.5,0.01484925754
7.375,119.5,0.01444927754
7.375,120.5,0.01439928004
7.375,121.5,0.01234938253
7.375,122.5,0.01324933753
7.375,123.5,0.01369931503
7.375,124.5,0.01309934503
7.375,125.5,0.01344932753
7.375,126.5,0.01299935003
7.375,127.5,0.01189940503
7.375,128.5,0.01239938003
7.375,129.5,0.01224938753
7.375,130.5,0.01339933003
7.375,131.5,0.01299935003
7.375,132.5,0.01269936503
7.375,133.5,0.01209939503
7.375,134.5,0.01199940003
7.375,135.5,0.01239938003
7.375,136.5,0.01239938003
7.375,137.5,0.01224938753
7.375,138.5,0.01129943503
7.375,139.5,0.01269936503
7.375,140.5,0.01174941253
7.375,141.5,0.01084945753
7.375,142.5,0.01129943503
7.375,143.5,0.01164941753
7.375,144.5,0.01174941253
7.375,145.5,0.01194940253
7.375,146.5,0.01309934503
7.375,147.5,0.01069946503
7.375,148.5,0.01024948753
7.375,149.5,0.01114944253
7.375,150.5,0.01204939753
7.375,151.5,0.01084945753
7.375,152.5,0.01149942503
7.375,153.5,0.01199940003
7.375,154.5,0.01079946003
7.375,155.5,0.009049547523
7.375,156.5,0.009749512524
7.375,157.5,0.009049547523
7.375,158.5,0.00814959252
7.375,159.5,0.008899555022
7.375,160.5,0.007549622519
7.375,161.5,0.00799960002
7.375,162.5,0.00804959752
7.375,163.5,0.006849657517
7.375,164.5,0.007349632518
7.375,165.5,0.007649617519
7.375,166.5,0.005849707515
7.375,167.5,0.005549722514
7.375,168.5,0.005849707515
7.375,169.5,0.006199690015
7.375,170.5,0.004499775011
7.375,171.5,0.004249787511
7.375,172.5,0.002949852507
7.375,173.5,0.002799860007
7.375,174.5,0.003249837508
7.375,175.5,0.003099845008
7.375,176.5,0.001949902505
7.375,177.5,0.001299935003
7.375,178.5,0.0006999650017
7.375,179.5,0.000399980001
7.425,0.5,9.999500025e-05
7.425,1.5,0.0006499675016
7.425,2.5,0.001099945003
7.425,3.5,0.001099945003
7.425,4.5,0.001649917504
7.425,5.5,0.002449877506
7.425,6.5,0.002399880006
7.425,7.5,0.002849857507
7.425,8.5,0.003549822509
7.425,9.5,0.003049847508
7.425,10.5,0.003249837508
7.425,11.5,0.003449827509
7.425,12.5,0.00389980501
7.425,13.5,0.004549772511
7.425,14.5,0.005299735013
7.425,15.5,0.004599770011
7.425,16.5,0.004799760012
7.425,17.5,0.006099695015
7.425,18.5,0.006949652517
7.425,19.5,0.007149642518
7.425,20.5,0.006749662517
7.425,21.5,0.007199640018
7.425,22.5,0.006849657517
7.425,23.5,0.007799610019
7.425,24.5,0.007299635018
7.425,25.5,0.008499575021
7.425,26.5,0.00819959002
7.425,27.5,0.008449577521
7.425,28.5,0.008599570021
7.425,29.5,0.008599570021
7.425,30.5,0.009699515024
7.425,31.5,0.009599520024
7.425,32.5,0.01144942753
7.425,33.5,0.01089945503
7.425,34.5,0.009799510024
7.425,35.5,0.01179941003
7.425,36.5,0.01129943503
7.425,37.5,0.01179941003
7.425,38.5,0.01209939503
7.425,39.5,0.01224938753
7.425,40.5,0.01254937253
7.425,41.5,0.01174941253
7.425,42.5,0.01279936003
7.425,43.5,0.01209939503
7.425,44.5,0.01354932253
7.425,45.5,0.01529923504
7.425,46.5,0.01364931753
7.425,47.5,0.01409929504
7.425,48.5,0.01474926254
7.425,49.5,0.01409929504
7.425,50.5,0.01549922504
7.425,51.5,0.01459927004
7.425,52.5,0.01464926754
7.425,53.5,0.01494925254
7.425,54.5,0.01604919754
7.425,55.5,0.01604919754
7.425,56.5,0.01684915754
7.425,57.5,0.01734913254
7.425,58.5,0.01569921504
7.425,59.5,0.01649917504
7.425,60.5,0.01869906505
7.425,61.5,0.01909904505
7.425,62.5,0.01824908755
7.425,63.5,0.01764911754
7.425,64.5,0.01874906255
7.425,65.5,0.01874906255
7.425,66.5,0.02159892005
7.425,67.5,0.01849907505
7.425,68.5,0.01839908005
7.425,69.5,0.01959902005
7.425,70.5,0.02104894755
7.425,71.5,0.01934903255
7.425,72.5,0.02029898505
7.425,73.5,0.01954902255
7.425,74.5,0.01979901005
7.425,75.5,0.02014899255
7.425,76.5,0.01859907005
7.425,77.5,0.02204889756
7.425,78.5,0.02269886506
7.425,79.5,0.02174891255
7.425,80.5,0.01989900505
7.425,81.5,0.02034898255
7.425,82.5,0.02004899755
7.425,83.5,0.02074896255
7.425,84.5,0.02139893005
7.425,85.5,0.02139893005
7.425,86.5,0.01939903005
7.425,87.5,0.01909904505
7.425,88.5,0.01889905505
7.425,89.5,0.02079896005
7.425,90.5,0.02039898005
7.425,91.5,0.01999900005
7.425,92.5,0.02194890255
7.425,93.5,0.02059897005
7.425,94.5,0.02039898005
7.425,95.5,0.01924903755
7.425,96.5,0.01819909005
7.425,97.5,0.01824908755
7.425,98.5,0.01799910004
7.425,99.5,0.01909904505
7.425,100.5,0.01614919254
7.425,101.5,0.01834908255
7.425,102.5,0.01929903505
7.425,103.5,0.01699915004
7.425,104.5,0.01744912754
7.425,105.5,0.01649917504
7.425,106.5,0.01699915004
7.425,107.5,0.01554922254
7.425,108.5,0.01689915504
7.425,109.5,0.01669916504
7.425,110.5,0.01479926004
7.425,111.5,0.01449927504
7.425,112.5,0.01304934753
7.425,113.5,0.01439928004
7.425,114.5,0.01334933253
7.425,115.5,0.01544922754
7.425,116.5,0.01329933503
7.425,117.5,0.01384930753
7.425,118.5,0.01334933253
7.425,119.5,0.01299935003
7.425,120.5,0.01339933003
7.425,121.5,0.01374931253
7.425,122.5,0.01324933753
7.425,123.5,0.01274936253
7.425,124.5,0.01479926004
7.425,125.5,0.01334933253
7.425,126.5,0.01354932253
7.425,127.5,0.01274936253
7.425,128.5,0.01289935503
7.425,129.5,0.01339933003
7.425,130.5,0.01309934503
7.425,131.5,0.01359932003
7.425,132.5,0.01294935253
7.425,133.5,0.01234938253
7.425,134.5,0.01309934503
7.425,135.5,0.01194940253
7.425,136.5,0.01389930503
7.425,137.5,0.01204939753
7.425,138.5,0.01289935503
7.425,139.5,0.01024948753
7.425,140.5,0.01219939003
7.425,141.5,0.01284935753
7.425,142.5,0.01139943003
7.425,143.5,0.01214939253
7.425,144.5,0.01124943753
7.425,145.5,0.01254937253
7.425,146.5,0.01299935003
7.425,147.5,0.01289935503
7.425,148.5,0.01149942503
7.425,149.5,0.01204939753
7.425,150.5,0.01239938003
7.425,151.5,0.01294935253
7.425,152.5,0.01124943753
7.425,153.5,0.01119944003
7.425,154.5,0.01049947503
7.425,155.5,0.009749512524
7.425,156.5,0.009849507525
7.425,157.5,0.01064946753
7.425,158.5,0.009099545023
7.425,159.5,0.008649567522
7.425,160.5,0.009049547523
7.425,161.5,0.007699615019
7.425,162.5,0.008549572521
7.425,163.5,0.00794960252
7.425,164.5,0.006699665017
7.425,165.5,0.005549722514
7.425,166.5,0.007499625019
7.425,167.5,0.006199690015
7.425,168.5,0.005299735013
7.425,169.5,0.004299785011
7.425,170.5,0.004549772511
7.425,171.5,0.003799810009
7.425,172.5,0.003749812509
7.425,173.5,0.002699865007
7.425,174.5,0.002649867507
7.425,175.5,0.002349882506
7.425,176.5,0.001699915004
7.425,177.5,0.001099945003
7.425,178.5,0.0005499725014
7.425,179.5,0.0001499925004
7.475,0.5,0.0001999900005
7.475,1.5,0.0004499775011
7.475,2.5,0.0008999550022
7.475,3.5,0.001249937503
7.475,4.5,0.001349932503
7.475,5.5,0.001899905005
7.475,6.5,0.002649867507
7.475,7.5,0.002549872506
7.475,8.5,0.001799910004
7.475,9.5,0.003249837508
7.475,10.5,0.003799810009
7.475,11.5,0.003449827509
7.475,12.5,0.004449777511
7.475,13.5,0.00394980251
7.475,14.5,0.004649767512
7.475,15.5,0.004799760012
7.475,16.5,0.005549722514
7.475,17.5,0.005199740013
7.475,18.5,0.006349682516
7.475,19.5,0.006999650017
7.475,20.5,0.007149642518
7.475,21.5,0.006349682516
7.475,22.5,0.007549622519
7.475,23.5,0.007599620019
7.475,24.5,0.00784960752
7.475,25.5,0.008299585021
7.475,26.5,0.009049547523
7.475,27.5,0.009849507525
7.475,28.5,0.009199540023
7.475,29.5,0.009449527524
7.475,30.5,0.01089945503
7.475,31.5,0.009899505025
7.475,32.5,0.01154942253
7.475,33.5,0.01004949753
7.475,34.5,0.01229938503
7.475,35.5,0.01199940003
7.475,36.5,0.01269936503
7.475,37.5,0.01324933753
7.475,38.5,0.01244937753
7.475,39.5,0.01274936253
7.475,40.5,0.01249937503
7.475,41.5,0.01214939253
7.475,42.5,0.01229938503
7.475,43.5,0.01299935003
7.475,44.5,0.01439928004
7.475,45.5,0.01364931753
7.475,46.5,0.01389930503
7.475,47.5,0.01524923754
7.475,48.5,0.01444927754
7.475,49.5,0.01549922504
7.475,50.5,0.01574921254
7.475,51.5,0.01709914504
7.475,52.5,0.01509924504
7.475,53.5,0.01479926004
7.475,54.5,0.01499925004
7.475,55.5,0.01579921004
7.475,56.5,0.01669916504
7.475,57.5,0.01559922004
7.475,58.5,0.01624918754
7.475,59.5,0.01619919004
7.475,60.5,0.01744912754
7.475,61.5,0.01909904505
7.475,62.5,0.01769911504
7.475,63.5,0.01924903755
7.475,64.5,0.01889905505
7.475,65.5,0.01989900505
7.475,66.5,0.01879906005
7.475,67.5,0.01939903005
7.475,68.5,0.01759912004
7.475,69.5,0.01929903505
7.475,70.5,0.01994900255
7.475,71.5,0.01949902505
7.475,72.5,0.01944902755
7.475,73.5,0.01829908505
7.475,74.5,0.01924903755
7.475,75.5,0.02099895005
7.475,76.5,0.02104894755
7.475,77.5,0.02034898255
7.475,78.5,0.01844907755
7.475,79.5,0.02204889756
7.475,80.5,0.01924903755
7.475,81.5,0.02139893005
7.475,82.5,0.02169891505
7.475,83.5,0.02024898755
7.475,84.5,0.01974901255
7.475,85.5,0.02119894005
7.475,86.5,0.02009899505
7.475,87.5,0.01979901005
7.475,88.5,0.02009899505
7.475,89.5,0.02164891755
7.475,90.5,0.02039898005
7.475,91.5,0.02104894755
7.475,92.5,0.01969901505
7.475,93.5,0.02134893255
7.475,94.5,0.02154892255
7.475,95.5,0.01754912254
7.475,96.5,0.01964901755
7.475,97.5,0.01674916254
7.475,98.5,0.01904904755
7.475,99.5,0.01904904755
7.475,100.5,0.01769911504
7.475,101.5,0.01869906505
7.475,102.5,0.01794910254
7.475,103.5,0.01734913254
7.475,104.5,0.01599920004
7.475,105.5,0.01649917504
7.475,106.5,0.01769911504
7.475,107.5,0.01689915504
7.475,108.5,0.01804909755
7.475,109.5,0.01564921754
7.475,110.5,0.01594920254
7.475,111.5,0.01539923004
7.475,112.5,0.01469926504
7.475,113.5,0.01379931003
7.475,114.5,0.01284935753
7.475,115.5,0.01574921254
7.475,116.5,0.01444927754
7.475,117.5,0.01409929504
7.475,118.5,0.01459927004
7.475,119.5,0.01609919504
7.475,120.5,0.01464926754
7.475,121.5,0.01504924754
7.475,122.5,0.01494925254
7.475,123.5,0.01394930253
7.475,124.5,0.01329933503
7.475,125.5,0.01399930003
7.475,126.5,0.01459927004
7.475,127.5,0.01444927754
7.475,128.5,0.01364931753
7.475,129.5,0.01324933753
7.475,130.5,0.01314934253
7.475,131.5,0.01384930753
7.475,132.5,0.01399930003
7.475,133.5,0.01289935503
7.475,134.5,0.01199940003
7.475,135.5,0.01344932753
7.475,136.5,0.01254937253
7.475,137.5,0.01314934253
7.475,138.5,0.01184940753
7.475,139.5,0.01294935253
7.475,140.5,0.01354932253
7.475,141.5,0.01284935753
7.475,142.5,0.01249937503
7.475,143.5,0.01189940503
7.475,144.5,0.01274936253
7.475,145.5,0.01144942753
7.475,146.5,0.01184940753
7.475,147.5,0.01189940503
7.475,148.5,0.01109944503
7.475,149.5,0.01174941253
7.475,150.5,0.01299935003
7.475,151.5,0.009949502525
7.475,152.5,0.01134943253
7.475,153.5,0.01139943003
7.475,154.5,0.01049947503
7.475,155.5,0.01014949253
7.475,156.5,0.01174941253
7.475,157.5,0.009849507525
7.475,158.5,0.01034948253
7.475,159.5,0.01009949503
7.475,160.5,0.008699565022
7.475,161.5,0.007649617519
7.475,162.5,0.00819959002
7.475,163.5,0.008549572521
7.475,164.5,0.006849657517
7.475,165.5,0.006799660017
7.475,166.5,0.00789960502
7.475,167.5,0.006299685016
7.475,168.5,0.006549672516
7.475,169.5,0.005499725014
7.475,170.5,0.004549772511
7.475,171.5,0.004549772511
7.475,172.5,0.003699815009
7.475,173.5,0.003299835008
7.475,174.5,0.003599820009
7.475,175.5,0.001949902505
7.475,176.5,0.001749912504
7.475,177.5,0.001649917504
7.475,178.5,0.000399980001
7.475,179.5,0.000399980001
7.525,0.5,9.999500025e-05
7.525,1.5,0.0004999750012
7.525,2.5,0.000799960002
7.525,3.5,0.001099945003
7.525,4.5,0.0008999550022
7.525,5.5,0.001899905005
7.525,6.5,0.002799860007
7.525,7.5,0.002999850007
7.525,8.5,0.002549872506
7.525,9.5,0.003549822509
7.525,10.5,0.003299835008
7.525,11.5,0.004299785011
7.525,12.5,0.004749762512
7.525,13.5,0.004749762512
7.525,14.5,0.005299735013
7.525,15.5,0.004599770011
7.525,16.5,0.005199740013
7.525,17.5,0.005749712514
7.525,18.5,0.006899655017
7.525,19.5,0.006899655017
7.525,20.5,0.006949652517
7.525,21.5,0.008399580021
7.525,22.5,0.00819959002
7.525,23.5,0.00784960752
7.525,24.5,0.007399630018
7.525,25.5,0.008799560022
7.525,26.5,0.008849557522
7.525,27.5,0.009049547523
7.525,28.5,0.008449577521
7.525,29.5,0.009249537523
7.525,30.5,0.01114944253
7.525,31.5,0.01009949503
7.525,32.5,0.01084945753
7.525,33.5,0.01054947253
7.525,34.5,0.01184940753
7.525,35.5,0.01194940253
7.525,36.5,0.01334933253
7.525,37.5,0.01254937253
7.525,38.5,0.01204939753
7.525,39.5,0.01349932503
7.525,40.5,0.01394930253
7.525,41.5,0.01264936753
7.525,42.5,0.01309934503
7.525,43.5,0.01359932003
7.525,44.5,0.01539923004
7.525,45.5,0.01374931253
7.525,46.5,0.01444927754
7.525,47.5,0.01504924754
7.525,48.5,0.01569921504
7.525,49.5,0.01534923254
7.525,50.5,0.01644917754
7.525,51.5,0.01714914254
7.525,52.5,0.01619919004
7.525,53.5,0.01569921504
7.525,54.5,0.01744912754
7.525,55.5,0.01634918254
7.525,56.5,0.01709914504
7.525,57.5,0.01764911754
7.525,58.5,0.01694915254
7.525,59.5,0.01699915004
7.525,60.5,0.01814909255
7.525,61.5,0.01774911254
7.525,62.5,0.01819909005
7.525,63.5,0.01899905005
7.525,64.5,0.01734913254
7.525,65.5,0.02039898005
7.525,66.5,0.01804909755
7.525,67.5,0.02089895505
7.525,68.5,0.01934903255
7.525,69.5,0.01824908755
7.525,70.5,0.02004899755
7.525,71.5,0.02119894005
7.525,72.5,0.01924903755
7.525,73.5,0.01914904255
7.525,74.5,0.02049897505
7.525,75.5,0.02004899755
7.525,76.5,0.02019899005
7.525,77.5,0.02164891755
7.525,78.5,0.01999900005
7.525,79.5,0.01999900005
7.525,80.5,0.02109894505
7.525,81.5,0.02154892255
7.525,82.5,0.02159892005
7.525,83.5,0.02124893755
7.525,84.5,0.02144892755
7.525,85.5,0.02034898255
7.525,86.5,0.02084895755
7.525,87.5,0.02029898505
7.525,88.5,0.02259887006
7.525,89.5,0.02099895005
7.525,90.5,0.02169891505
7.525,91.5,0.01959902005
7.525,92.5,0.02064896755
7.525,93.5,0.02229888506
7.525,94.5,0.02059897005
7.525,95.5,0.02034898255
7.525,96.5,0.02069896505
7.525,97.5,0.01929903505
7.525,98.5,0.01974901255
7.525,99.5,0.01949902505
7.525,100.5,0.01884905755
7.525,101.5,0.01879906005
7.525,102.5,0.01939903005
7.525,103.5,0.01919904005
7.525,104.5,0.01704914754
7.525,105.5,0.01654917254
7.525,106.5,0.01644917754
7.525,107.5,0.01654917254
7.525,108.5,0.01724913754
7.525,109.5,0.01554922254
7.525,110.5,0.01679916004
7.525,111.5,0.01404929754
7.525,112.5,0.01479926004
7.525,113.5,0.01444927754
7.525,114.5,0.01594920254
7.525,115.5,0.01529923504
7.525,116.5,0.01529923504
7.525,117.5,0.01354932253
7.525,118.5,0.01469926504
7.525,119.5,0.01434928254
7.525,120.5,0.01339933003
7.525,121.5,0.01329933503
7.525,122.5,0.01229938503
7.525,123.5,0.01314934253
7.525,124.5,0.01269936503
7.525,125.5,0.01294935253
7.525,126.5,0.01434928254
7.525,127.5,0.01349932503
7.525,128.5,0.01354932253
7.525,129.5,0.01314934253
7.525,130.5,0.01294935253
7.525,131.5,0.01239938003
7.525,132.5,0.01194940253
7.525,133.5,0.01484925754
7.525,134.5,0.01174941253
7.525,135.5,0.01294935253
7.525,136.5,0.01339933003
7.525,137.5,0.01339933003
7.525,138.5,0.01174941253
7.525,139.5,0.01319934003
7.525,140.5,0.01259937003
7.525,141.5,0.01159942003
7.525,142.5,0.01144942753
7.525,143.5,0.01204939753
7.525,144.5,0.01074946253
7.525,145.5,0.01234938253
7.525,146.5,0.01199940003
7.525,147.5,0.01189940503
7.525,148.5,0.01104944753
7.525,149.5,0.01049947503
7.525,150.5,0.01159942003
7.525,151.5,0.01099945003
7.525,152.5,0.01214939253
7.525,153.5,0.01124943753
7.525,154.5,0.01044947753
7.525,155.5,0.009299535023
7.525,156.5,0.01034948253
7.525,157.5,0.009249537523
7.525,158.5,0.009499525024
7.525,159.5,0.009049547523
7.525,160.5,0.008449577521
7.525,161.5,0.007649617519
7.525,162.5,0.00794960252
7.525,163.5,0.006699665017
7.525,164.5,0.006099695015
7.525,165.5,0.007149642518
7.525,166.5,0.007049647518
7.525,167.5,0.005899705015
7.525,168.5,0.005999700015
7.525,169.5,0.004899755012
7.525,170.5,0.004949752512
7.525,171.5,0.004949752512
7.525,172.5,0.003249837508
7.525,173.5,0.003699815009
7.525,174.5,0.001949902505
7.525,175.5,0.002049897505
7.525,176.5,0.001899905005
7.525,177.5,0.001199940003
7.525,178.5,0.000399980001
7.525,179.5,0.0001999900005
7.575,0.5,0.0002499875006
7.575,1.5,0.0004999750012
7.575,2.5,0.001299935003
7.575,3.5,0.001199940003
7.575,4.5,0.001699915004
7.575,5.5,0.001849907505
7.575,6.5,0.001999900005
7.575,7.5,0.002699865007
7.575,8.5,0.002749862507
7.575,9.5,0.003399830008
7.575,10.5,0.003549822509
7.575,11.5,0.003649817509
7.575,12.5,0.00399980001
7.575,13.5,0.004599770011
7.575,14.5,0.004299785011
7.575,15.5,0.005299735013
7.575,16.5,0.004799760012
7.575,17.5,0.004499775011
7.575,18.5,0.006399680016
7.575,19.5,0.005599720014
7.575,20.5,0.006299685016
7.575,21.5,0.005899705015
7.575,22.5,0.006699665017
7.575,23.5,0.007299635018
7.575,24.5,0.007449627519
7.575,25.5,0.008399580021
7.575,26.5,0.008699565022
7.575,27.5,0.00799960002
7.575,28.5,0.008599570021
7.575,29.5,0.009199540023
7.575,30.5,0.01064946753
7.575,31.5,0.009549522524
7.575,32.5,0.01034948253
7.575,33.5,0.01199940003
7.575,34.5,0.01119944003
7.575,35.5,0.01304934753
7.575,36.5,0.01144942753
7.575,37.5,0.01349932503
7.575,38.5,0.01219939003
7.575,39.5,0.01309934503
7.575,40.5,0.01324933753
7.575,41.5,0.01254937253
7.575,42.5,0.01299935003
7.575,43.5,0.01264936753
7.575,44.5,0.01439928004
7.575,45.5,0.01424928754
7.575,46.5,0.01564921754
7.575,47.5,0.01544922754
7.575,48.5,0.01729913504
7.575,49.5,0.01544922754
7.575,50.5,0.01459927004
7.575,51.5,0.01559922004
7.575,52.5,0.01539923004
7.575,53.5,0.01634918254
7.575,54.5,0.01594920254
7.575,55.5,0.01479926004
7.575,56.5,0.01709914504
7.575,57.5,0.01699915004
7.575,58.5,0.01774911254
7.575,59.5,0.01594920254
7.575,60.5,0.01639918004
7.575,61.5,0.01674916254
7.575,62.5,0.01824908755
7.575,63.5,0.01754912254
7.575,64.5,0.01769911504
7.575,65.5,0.01819909005
7.575,66.5,0.01969901505
7.575,67.5,0.01809909505
7.575,68.5,0.01744912754
7.575,69.5,0.01929903505
7.575,70.5,0.01839908005
7.575,71.5,0.02014899255
7.575,72.5,0.01994900255
7.575,73.5,0.02189890505
7.575,74.5,0.01934903255
7.575,75.5,0.02164891755
7.575,76.5,0.02094895255
7.575,77.5,0.01929903505
7.575,78.5,0.02054897255
7.575,79.5,0.01964901755
7.575,80.5,0.02359882006
7.575,81.5,0.01894905255
7.575,82.5,0.02149892505
7.575,83.5,0.02059897005
7.575,84.5,0.01864906755
7.575,85.5,0.02064896755
7.575,86.5,0.01889905505
7.575,87.5,0.02089895505
7.575,88.5,0.02134893255
7.575,89.5,0.01959902005
7.575,90.5,0.02069896505
7.575,91.5,0.02089895505
7.575,92.5,0.02109894505
7.575,93.5,0.02049897505
7.575,94.5,0.02074896255
7.575,95.5,0.01914904255
7.575,96.5,0.01959902005
7.575,97.5,0.01789910504
7.575,98.5,0.02009899505
7.575,99.5,0.01964901755
7.575,100.5,0.01984900755
7.575,101.5,0.01734913254
7.575,102.5,0.01804909755
7.575,103.5,0.01734913254
7.575,104.5,0.01664916754
7.575,105.5,0.01774911254
7.575,106.5,0.01649917504
7.575,107.5,0.01534923254
7.575,108.5,0.01624918754
7.575,109.5,0.01589920504
7.575,110.5,0.01729913504
7.575,111.5,0.01514924254
7.575,112.5,0.01779911004
7.575,113.5,0.01494925254
7.575,114.5,0.01544922754
7.575,115.5,0.01434928254
7.575,116.5,0.01444927754
7.575,117.5,0.01374931253
7.575,118.5,0.01524923754
7.575,119.5,0.01399930003
7.575,120.5,0.01309934503
7.575,121.5,0.01264936753
7.575,122.5,0.01414929254
7.575,123.5,0.01149942503
7.575,124.5,0.01399930003
7.575,125.5,0.01379931003
7.575,126.5,0.01314934253
7.575,127.5,0.01314934253
7.575,128.5,0.01259937003
7.575,129.5,0.01284935753
7.575,130.5,0.01429928504
7.575,131.5,0.01414929254
7.575,132.5,0.01194940253
7.575,133.5,0.01249937503
7.575,134.5,0.01224938753
7.575,135.5,0.01224938753
7.575,136.5,0.01309934503
7.575,137.5,0.01284935753
7.575,138.5,0.01329933503
7.575,139.5,0.01254937253
7.575,140.5,0.01144942753
7.575,141.5,0.01119944003
7.575,142.5,0.01154942253
7.575,143.5,0.01114944253
7.575,144.5,0.01144942753
7.575,145.5,0.01199940003
7.575,146.5,0.01129943503
7.575,147.5,0.01109944503
7.575,148.5,0.01064946753
7.575,149.5,0.009899505025
7.575,150.5,0.01089945503
7.575,151.5,0.01069946503
7.575,152.5,0.009549522524
7.575,153.5,0.01044947753
7.575,154.5,0.01069946503
7.575,155.5,0.01049947503
7.575,156.5,0.01154942253
7.575,157.5,0.01124943753
7.575,158.5,0.01014949253
7.575,159.5,0.009349532523
7.575,160.5,0.008749562522
7.575,161.5,0.009099545023
7.575,162.5,0.00809959502
7.575,163.5,0.009199540023
7.575,164.5,0.006599670016
7.575,165.5,0.005699715014
7.575,166.5,0.006799660017
7.575,167.5,0.004799760012
7.575,168.5,0.004499775011
7.575,169.5,0.005099745013
7.575,170.5,0.005649717514
7.575,171.5,0.00419979001
7.575,172.5,0.00409979501
7.575,173.5,0.003149842508
7.575,174.5,0.002949852507
7.575,175.5,0.002249887506
7.575,176.5,0.001649917504
7.575,177.5,0.001199940003
7.575,178.5,0.0007499625019
7.575,179.5,0.0002999850007
7.625,0.5,0.0001999900005
7.625,1.5,0.0004999750012
7.625,2.5,0.001149942503
7.625,3.5,0.001649917504
7.625,4.5,0.001449927504
7.625,5.5,0.002499875006
7.625,6.5,0.002599870006
7.625,7.5,0.003449827509
7.625,8.5,0.003199840008
7.625,9.5,0.003799810009
7.625,10.5,0.003699815009
7.625,11.5,0.003749812509
7.625,12.5,0.004499775011
7.625,13.5,0.004599770011
7.625,14.5,0.004949752512
7.625,15.5,0.005249737513
7.625,16.5,0.006399680016
7.625,17.5,0.005749712514
7.625,18.5,0.006549672516
7.625,19.5,0.006049697515
7.625,20.5,0.006999650017
7.625,21.5,0.006249687516
7.625,22.5,0.007649617519
7.625,23.5,0.007749612519
7.625,24.5,0.007149642518
7.625,25.5,0.007749612519
7.625,26.5,0.007049647518
7.625,27.5,0.008749562522
7.625,28.5,0.007749612519
7.625,29.5,0.008299585021
7.625,30.5,0.009249537523
7.625,31.5,0.01014949253
7.625,32.5,0.01054947253
7.625,33.5,0.01064946753
7.625,34.5,0.01089945503
7.625,35.5,0.01179941003
7.625,36.5,0.01154942253
7.625,37.5,0.01244937753
7.625,38.5,0.01224938753
7.625,39.5,0.01294935253
7.625,40.5,0.01124943753
7.625,41.5,0.01349932503
7.625,42.5,0.01399930003
7.625,43.5,0.01234938253
7.625,44.5,0.01219939003
7.625,45.5,0.01334933253
7.625,46.5,0.01429928504
7.625,47.5,0.01424928754
7.625,48.5,0.01299935003
7.625,49.5,0.01454927254
7.625,50.5,0.01494925254
7.625,51.5,0.01534923254
7.625,52.5,0.01569921504
7.625,53.5,0.01504924754
7.625,54.5,0.01524923754
7.625,55.5,0.01774911254
7.625,56.5,0.01564921754
7.625,57.5,0.01604919754
7.625,58.5,0.01554922254
7.625,59.5,0.01664916754
7.625,60.5,0.01619919004
7.625,61.5,0.01739913004
7.625,62.5,0.01764911754
7.625,63.5,0.01674916254
7.625,64.5,0.01664916754
7.625,65.5,0.01734913254
7.625,66.5,0.01829908505
7.625,67.5,0.01854907255
7.625,68.5,0.01799910004
7.625,69.5,0.01914904255
7.625,70.5,0.01969901505
7.625,71.5,0.02114894255
7.625,72.5,0.01919904005
7.625,73.5,0.02049897505
7.625,74.5,0.01894905255
7.625,75.5,0.02064896755
7.625,76.5,0.02134893255
7.625,77.5,0.01994900255
7.625,78.5,0.02149892505
7.625,79.5,0.02044897755
7.625,80.5,0.02184890755
7.625,81.5,0.02134893255
7.625,82.5,0.01994900255
7.625,83.5,0.01999900005
7.625,84.5,0.02069896505
7.625,85.5,0.02184890755
7.625,86.5,0.02044897755
7.625,87.5,0.02074896255
7.625,88.5,0.01939903005
7.625,89.5,0.01969901505
7.625,90.5,0.02064896755
7.625,91.5,0.01944902755
7.625,92.5,0.01919904005
7.625,93.5,0.02089895505
7.625,94.5,0.01879906005
7.625,95.5,0.02204889756
7.625,96.5,0.01894905255
7.625,97.5,0.01824908755
7.625,98.5,0.01744912754
7.625,99.5,0.01944902755
7.625,100.5,0.01764911754
7.625,101.5,0.01679916004
7.625,102.5,0.01869906505
7.625,103.5,0.01729913504
7.625,104.5,0.01744912754
7.625,105.5,0.01614919254
7.625,106.5,0.01699915004
7.625,107.5,0.01734913254
7.625,108.5,0.01674916254
7.625,109.5,0.01459927004
7.625,110.5,0.01679916004
7.625,111.5,0.01729913504
7.625,112.5,0.01724913754
7.625,113.5,0.01579921004
7.625,114.5,0.01504924754
7.625,115.5,0.01479926004
7.625,116.5,0.01554922254
7.625,117.5,0.01324933753
7.625,118.5,0.01424928754
7.625,119.5,0.01454927254
7.625,120.5,0.01319934003
7.625,121.5,0.01409929504
7.625,122.5,0.01369931503
7.625,123.5,0.01304934753
7.625,124.5,0.01314934253
7.625,125.5,0.01384930753
7.625,126.5,0.01484925754
7.625,127.5,0.01329933503
7.625,128.5,0.01339933003
7.625,129.5,0.01389930503
7.625,130.5,0.01249937503
7.625,131.5,0.01299935003
7.625,132.5,0.01109944503
7.625,133.5,0.01149942503
7.625,134.5,0.01234938253
7.625,135.5,0.01254937253
7.625,136.5,0.01114944253
7.625,137.5,0.01109944503
7.625,138.5,0.01184940753
7.625,139.5,0.01099945003
7.625,140.5,0.01054947253
7.625,141.5,0.01119944003
7.625,142.5,0.01054947253
7.625,143.5,0.01189940503
7.625,144.5,0.01094945253
7.625,145.5,0.01014949253
7.625,146.5,0.01079946003
7.625,147.5,0.01194940253
7.625,148.5,0.01184940753
7.625,149.5,0.01004949753
7.625,150.5,0.01004949753
7.625,151.5,0.01099945003
7.625,152.5,0.01019949003
7.625,153.5,0.01054947253
7.625,154.5,0.01064946753
7.625,155.5,0.01019949003
7.625,156.5,0.01004949753
7.625,157.5,0.009599520024
7.625,158.5,0.009199540023
7.625,159.5,0.008349582521
7.625,160.5,0.009199540023
7.625,161.5,0.00794960252
7.625,162.5,0.006349682516
7.625,163.5,0.007349632518
7.625,164.5,0.006599670016
7.625,165.5,0.006899655017
7.625,166.5,0.005949702515
7.625,167.5,0.005449727514
7.625,168.5,0.005949702515
7.625,169.5,0.004899755012
7.625,170.5,0.00384980751
7.625,171.5,0.004299785011
7.625,172.5,0.004699765012
7.625,173.5,0.003799810009
7.625,174.5,0.002899855007
7.625,175.5,0.002149892505
7.625,176.5,0.001449927504
7.625,177.5,0.001349932503
7.625,178.5,0.0007499625019
7.625,179.5,4.999750012e-05
7.675,0.5,0.0001499925004
7.675,1.5,0.0004499775011
7.675,2.5,0.001549922504
7.675,3.5,0.001499925004
7.675,4.5,0.001649917504
7.675,5.5,0.002049897505
7.675,6.5,0.002599870006
7.675,7.5,0.002499875006
7.675,8.5,0.003099845008
7.675,9.5,0.003799810009
7.675,10.5,0.00404979751
7.675,11.5,0.004749762512
7.675,12.5,0.004999750012
7.675,13.5,0.005699715014
7.675,14.5,0.006099695015
7.675,15.5,0.005699715014
7.675,16.5,0.006749662517
7.675,17.5,0.006149692515
7.675,18.5,0.006599670016
7.675,19.5,0.008349582521
7.675,20.5,0.006999650017
7.675,21.5,0.007149642518
7.675,22.5,0.00804959752
7.675,23.5,0.008999550022
7.675,24.5,0.008749562522
7.675,25.5,0.01029948503
7.675,26.5,0.009449527524
7.675,27.5,0.009599520024
7.675,28.5,0.009749512524
7.675,29.5,0.009499525024
7.675,30.5,0.009349532523
7.675,31.5,0.009749512524
7.675,32.5,0.01059947003
7.675,33.5,0.01039948003
7.675,34.5,0.009949502525
7.675,35.5,0.01199940003
7.675,36.5,0.01129943503
7.675,37.5,0.01194940253
7.675,38.5,0.01284935753
7.675,39.5,0.01259937003
7.675,40.5,0.01144942753
7.675,41.5,0.01249937503
7.675,42.5,0.01409929504
7.675,43.5,0.01309934503
7.675,44.5,0.01264936753
7.675,45.5,0.01324933753
7.675,46.5,0.01384930753
7.675,47.5,0.01184940753
7.675,48.5,0.01494925254
7.675,49.5,0.01319934003
7.675,50.5,0.01299935003
7.675,51.5,0.01369931503
7.675,52.5,0.01439928004
7.675,53.5,0.01324933753
7.675,54.5,0.01424928754
7.675,55.5,0.01334933253
7.675,56.5,0.01439928004
7.675,57.5,0.01459927004
7.675,58.5,0.01674916254
7.675,59.5,0.01429928504
7.675,60.5,0.01629918504
7.675,61.5,0.01684915754
7.675,62.5,0.01629918504
7.675,63.5,0.01729913504
7.675,64.5,0.01639918004
7.675,65.5,0.01584920754
7.675,66.5,0.01669916504
7.675,67.5,0.01854907255
7.675,68.5,0.01604919754
7.675,69.5,0.01704914754
7.675,70.5,0.01714914254
7.675,71.5,0.01849907505
7.675,72.5,0.01939903005
7.675,73.5,0.01704914754
7.675,74.5,0.01709914504
7.675,75.5,0.01989900505
7.675,76.5,0.01719914004
7.675,77.5,0.01884905755
7.675,78.5,0.01884905755
7.675,79.5,0.01989900505
7.675,80.5,0.02059897005
7.675,81.5,0.01944902755
7.675,82.5,0.01859907005
7.675,83.5,0.01819909005
7.675,84.5,0.02009899505
7.675,85.5,0.02079896005
7.675,86.5,0.02109894505
7.675,87.5,0.02134893255
7.675,88.5,0.01884905755
7.675,89.5,0.02289885506
7.675,90.5,0.02439878006
7.675,91.5,0.02034898255
7.675,92.5,0.01969901505
7.675,93.5,0.02124893755
7.675,94.5,0.01839908005
7.675,95.5,0.02009899505
7.675,96.5,0.02069896505
7.675,97.5,0.02054897255
7.675,98.5,0.01919904005
7.675,99.5,0.01689915504
7.675,100.5,0.01954902255
7.675,101.5,0.01854907255
7.675,102.5,0.01844907755
7.675,103.5,0.01894905255
7.675,104.5,0.01874906255
7.675,105.5,0.01929903505
7.675,106.5,0.01759912004
7.675,107.5,0.01834908255
7.675,108.5,0.01649917504
7.675,109.5,0.01709914504
7.675,110.5,0.01579921004
7.675,111.5,0.01569921504
7.675,112.5,0.01644917754
7.675,113.5,0.01519924004
7.675,114.5,0.01569921504
7.675,115.5,0.01669916504
7.675,116.5,0.01499925004
7.675,117.5,0.01419929004
7.675,118.5,0.01519924004
7.675,119.5,0.01454927254
7.675,120.5,0.01559922004
7.675,121.5,0.01204939753
7.675,122.5,0.01354932253
7.675,123.5,0.01259937003
7.675,124.5,0.01234938253
7.675,125.5,0.01184940753
7.675,126.5,0.01429928504
7.675,127.5,0.01389930503
7.675,128.5,0.01429928504
7.675,129.5,0.01394930253
7.675,130.5,0.01259937003
7.675,131.5,0.01294935253
7.675,132.5,0.01419929004
7.675,133.5,0.01274936253
7.675,134.5,0.01244937753
7.675,135.5,0.01189940503
7.675,136.5,0.01234938253
7.675,137.5,0.01259937003
7.675,138.5,0.01169941503
7.675,139.5,0.01174941253
7.675,140.5,0.01134943253
7.675,141.5,0.009599520024
7.675,142.5,0.01304934753
7.675,143.5,0.01229938503
7.675,144.5,0.01204939753
7.675,145.5,0.01119944003
7.675,146.5,0.01194940253
7.675,147.5,0.01099945003
7.675,148.5,0.01114944253
7.675,149.5,0.01024948753
7.675,150.5,0.01039948003
7.675,151.5,0.01104944753
7.675,152.5,0.01029948503
7.675,153.5,0.01064946753
7.675,154.5,0.008949552522
7.675,155.5,0.008999550022
7.675,156.5,0.008299585021
7.675,157.5,0.009749512524
7.675,158.5,0.006949652517
7.675,159.5,0.009099545023
7.675,160.5,0.006949652517
7.675,161.5,0.007249637518
7.675,162.5,0.007249637518
7.675,163.5,0.007099645018
7.675,164.5,0.006049697515
7.675,165.5,0.006249687516
7.675,166.5,0.005549722514
7.675,167.5,0.005549722514
7.675,168.5,0.004949752512
7.675,169.5,0.004999750012
7.675,170.5,0.004549772511
7.675,171.5,0.003699815009
7.675,172.5,0.003449827509
7.675,173.5,0.002549872506
7.675,174.5,0.003199840008
7.675,175.5,0.002299885006
7.675,176.5,0.001499925004
7.675,177.5,0.001099945003
7.675,178.5,0.0006999650017
7.675,179.5,0.0001499925004
7.725,0.5,0.0002499875006
7.725,1.5,0.0006499675016
7.725,2.5,0.0006499675016
7.725,3.5,0.001049947503
7.725,4.5,0.001349932503
7.725,5.5,0.002249887506
7.725,6.5,0.001849907505
7.725,7.5,0.002499875006
7.725,8.5,0.003099845008
7.725,9.5,0.003799810009
7.725,10.5,0.003099845008
7.725,11.5,0.00394980251
7.725,12.5,0.00389980501
7.725,13.5,0.004799760012
7.725,14.5,0.005549722514
7.725,15.5,0.005649717514
7.725,16.5,0.006549672516
7.725,17.5,0.007299635018
7.725,18.5,0.006249687516
7.725,19.5,0.005949702515
7.725,20.5,0.007249637518
7.725,21.5,0.007349632518
7.725,22.5,0.007349632518
7.725,23.5,0.00784960752
7.725,24.5,0.008749562522
7.725,25.5,0.007399630018
7.725,26.5,0.009599520024
7.725,27.5,0.01089945503
7.725,28.5,0.009249537523
7.725,29.5,0.009749512524
7.725,30.5,0.009299535023
7.725,31.5,0.01114944253
7.725,32.5,0.01054947253
7.725,33.5,0.01084945753
7.725,34.5,0.01139943003
7.725,35.5,0.01074946253
7.725,36.5,0.01259937003
7.725,37.5,0.01039948003
7.725,38.5,0.01249937503
7.725,39.5,0.01474926254
7.725,40.5,0.01219939003
7.725,41.5,0.01224938753
7.725,42.5,0.01329933503
7.725,43.5,0.01264936753
7.725,44.5,0.01249937503
7.725,45.5,0.01344932753
7.725,46.5,0.01404929754
7.725,47.5,0.01359932003
7.725,48.5,0.01449927504
7.725,49.5,0.01324933753
7.725,50.5,0.01419929004
7.725,51.5,0.01464926754
7.725,52.5,0.01454927254
7.725,53.5,0.01374931253
7.725,54.5,0.01444927754
7.725,55.5,0.01474926254
7.725,56.5,0.01589920504
7.725,57.5,0.01514924254
7.725,58.5,0.01629918504
7.725,59.5,0.01689915504
7.725,60.5,0.01639918004
7.725,61.5,0.01639918004
7.725,62.5,0.01469926504
7.725,63.5,0.01599920004
7.725,64.5,0.01564921754
7.725,65.5,0.01859907005
7.725,66.5,0.01549922504
7.725,67.5,0.01554922254
7.725,68.5,0.01579921004
7.725,69.5,0.01769911504
7.725,70.5,0.01574921254
7.725,71.5,0.01684915754
7.725,72.5,0.01689915504
7.725,73.5,0.01774911254
7.725,74.5,0.01869906505
7.725,75.5,0.01769911504
7.725,76.5,0.01869906505
7.725,77.5,0.01954902255
7.725,78.5,0.01949902505
7.725,79.5,0.01779911004
7.725,80.5,0.02109894505
7.725,81.5,0.01824908755
7.725,82.5,0.01819909005
7.725,83.5,0.01859907005
7.725,84.5,0.01719914004
7.725,85.5,0.02009899505
7.725,86.5,0.02034898255
7.725,87.5,0.01884905755
7.725,88.5,0.02099895005
7.725,89.5,0.02029898505
7.725,90.5,0.02149892505
7.725,91.5,0.01899905005
7.725,92.5,0.01829908505
7.725,93.5,0.01964901755
7.725,94.5,0.01799910004
7.725,95.5,0.02029898505
7.725,96.5,0.02124893755
7.725,97.5,0.01794910254
7.725,98.5,0.01824908755
7.725,99.5,0.02024898755
7.725,100.5,0.01874906255
7.725,101.5,0.01849907505
7.725,102.5,0.01769911504
7.725,103.5,0.01879906005
7.725,104.5,0.01804909755
7.725,105.5,0.01819909005
7.725,106.5,0.01794910254
7.725,107.5,0.01769911504
7.725,108.5,0.01649917504
7.725,109.5,0.01864906755
7.725,110.5,0.01659917004
7.725,111.5,0.01769911504
7.725,112.5,0.01564921754
7.725,113.5,0.01674916254
7.725,114.5,0.01384930753
7.725,115.5,0.01634918254
7.725,116.5,0.01549922504
7.725,117.5,0.01584920754
7.725,118.5,0.01599920004
7.725,119.5,0.01504924754
7.725,120.5,0.01609919504
7.725,121.5,0.01504924754
7.725,122.5,0.01404929754
7.725,123.5,0.01474926254
7.725,124.5,0.01474926254
7.725,125.5,0.01349932503
7.725,126.5,0.01354932253
7.725,127.5,0.01319934003
7.725,128.5,0.01224938753
7.725,129.5,0.01274936253
7.725,130.5,0.01489925504
7.725,131.5,0.01344932753
7.725,132.5,0.01244937753
7.725,133.5,0.01339933003
7.725,134.5,0.01329933503
7.725,135.5,0.01319934003
7.725,136.5,0.01099945003
7.725,137.5,0.01254937253
7.725,138.5,0.01119944003
7.725,139.5,0.01179941003
7.725,140.5,0.01179941003
7.725,141.5,0.01149942503
7.725,142.5,0.01214939253
7.725,143.5,0.01194940253
7.725,144.5,0.01029948503
7.725,145.5,0.01024948753
7.725,146.5,0.009099545023
7.725,147.5,0.01049947503
7.725,148.5,0.008949552522
7.725,149.5,0.01029948503
7.725,150.5,0.009749512524
7.725,151.5,0.009549522524
7.725,152.5,0.009349532523
7.725,153.5,0.01044947753
7.725,154.5,0.00809959502
7.725,155.5,0.009299535023
7.725,156.5,0.009099545023
7.725,157.5,0.00794960252
7.725,158.5,0.006849657517
7.725,159.5,0.007349632518
7.725,160.5,0.007349632518
7.725,161.5,0.005799710014
7.725,162.5,0.006449677516
7.725,163.5,0.006399680016
7.725,164.5,0.006449677516
7.725,165.5,0.004999750012
7.725,166.5,0.005099745013
7.725,167.5,0.005049747513
7.725,168.5,0.00419979001
7.725,169.5,0.004499775011
7.725,170.5,0.003699815009
7.725,171.5,0.002949852507
7.725,172.5,0.003199840008
7.725,173.5,0.002499875006
7.725,174.5,0.002049897505
7.725,175.5,0.001499925004
7.725,176.5,0.001549922504
7.725,177.5,0.0009499525024
7.725,178.5,0.000399980001
7.725,179.5,0.0001499925004
7.775,0.5,0.000399980001
7.775,1.5,0.0009999500025
7.775,2.5,0.001049947503
7.775,3.5,0.001149942503
7.775,4.5,0.001649917504
7.775,5.5,0.001499925004
7.775,6.5,0.003099845008
7.775,7.5,0.002549872506
7.775,8.5,0.00389980501
7.775,9.5,0.00419979001
7.775,10.5,0.002949852507
7.775,11.5,0.004749762512
7.775,12.5,0.00389980501
7.775,13.5,0.004249787511
7.775,14.5,0.005449727514
7.775,15.5,0.006299685016
7.775,16.5,0.005699715014
7.775,17.5,0.005099745013
7.775,18.5,0.006349682516
7.775,19.5,0.005349732513
7.775,20.5,0.00804959752
7.775,21.5,0.00799960002
7.775,22.5,0.00784960752
7.775,23.5,0.008449577521
7.775,24.5,0.009149542523
7.775,25.5,0.00789960502
7.775,26.5,0.008649567522
7.775,27.5,0.009799510024
7.775,28.5,0.009699515024
7.775,29.5,0.009299535023
7.775,30.5,0.009899505025
7.775,31.5,0.009949502525
7.775,32.5,0.01049947503
7.775,33.5,0.01004949753
7.775,34.5,0.01029948503
7.775,35.5,0.009749512524
7.775,36.5,0.01239938003
7.775,37.5,0.01339933003
7.775,38.5,0.01189940503
7.775,39.5,0.01189940503
7.775,40.5,0.01279936003
7.775,41.5,0.01274936253
7.775,42.5,0.01374931253
7.775,43.5,0.01219939003
7.775,44.5,0.01484925754
7.775,45.5,0.01219939003
7.775,46.5,0.01389930503
7.775,47.5,0.01484925754
7.775,48.5,0.01294935253
7.775,49.5,0.01459927004
7.775,50.5,0.01449927504
7.775,51.5,0.01459927004
7.775,52.5,0.01569921504
7.775,53.5,0.01614919254
7.775,54.5,0.01569921504
7.775,55.5,0.01534923254
7.775,56.5,0.01574921254
7.775,57.5,0.01514924254
7.775,58.5,0.01309934503
7.775,59.5,0.01504924754
7.775,60.5,0.01794910254
7.775,61.5,0.01489925504
7.775,62.5,0.01694915254
7.775,63.5,0.01689915504
7.775,64.5,0.01519924004
7.775,65.5,0.01539923004
7.775,66.5,0.01759912004
7.775,67.5,0.01624918754
7.775,68.5,0.01774911254
7.775,69.5,0.01854907255
7.775,70.5,0.01849907505
7.775,71.5,0.01719914004
7.775,72.5,0.01634918254
7.775,73.5,0.01829908505
7.775,74.5,0.01864906755
7.775,75.5,0.01929903505
7.775,76.5,0.01834908255
7.775,77.5,0.01884905755
7.775,78.5,0.02009899505
7.775,79.5,0.01849907505
7.775,80.5,0.01854907255
7.775,81.5,0.01969901505
7.775,82.5,0.02069896505
7.775,83.5,0.01944902755
7.775,84.5,0.02024898755
7.775,85.5,0.01954902255
7.775,86.5,0.01759912004
7.775,87.5,0.01949902505
7.775,88.5,0.02109894505
7.775,89.5,0.01844907755
7.775,90.5,0.02024898755
7.775,91.5,0.01974901255
7.775,92.5,0.01949902505
7.775,93.5,0.02004899755
7.775,94.5,0.01904904755
7.775,95.5,0.02159892005
7.775,96.5,0.01984900755
7.775,97.5,0.01849907505
7.775,98.5,0.01849907505
7.775,99.5,0.02029898505
7.775,100.5,0.02024898755
7.775,101.5,0.01854907255
7.775,102.5,0.01734913254
7.775,103.5,0.01769911504
7.775,104.5,0.01784910754
7.775,105.5,0.01849907505
7.775,106.5,0.01639918004
7.775,107.5,0.01584920754
7.775,108.5,0.01679916004
7.775,109.5,0.01654917254
7.775,110.5,0.01534923254
7.775,111.5,0.01714914254
7.775,112.5,0.01594920254
7.775,113.5,0.01454927254
7.775,114.5,0.01694915254
7.775,115.5,0.01699915004
7.775,116.5,0.01644917754
7.775,117.5,0.01619919004
7.775,118.5,0.01544922754
7.775,119.5,0.01574921254
7.775,120.5,0.01489925504
7.775,121.5,0.01399930003
7.775,122.5,0.01429928504
7.775,123.5,0.01379931003
7.775,124.5,0.01369931503
7.775,125.5,0.01329933503
7.775,126.5,0.01419929004
7.775,127.5,0.01284935753
7.775,128.5,0.01324933753
7.775,129.5,0.01284935753
7.775,130.5,0.01399930003
7.775,131.5,0.01174941253
7.775,132.5,0.01199940003
7.775,133.5,0.01244937753
7.775,134.5,0.01294935253
7.775,135.5,0.01149942503
7.775,136.5,0.01259937003
7.775,137.5,0.01284935753
7.775,138.5,0.01184940753
7.775,139.5,0.01049947503
7.775,140.5,0.01089945503
7.775,141.5,0.01094945253
7.775,142.5,0.01134943253
7.775,143.5,0.009799510024
7.775,144.5,0.009149542523
7.775,145.5,0.00814959252
7.775,146.5,0.01064946753
7.775,147.5,0.01054947253
7.775,148.5,0.01029948503
7.775,149.5,0.009349532523
7.775,150.5,0.009999500025
7.775,151.5,0.008299585021
7.775,152.5,0.009299535023
7.775,153.5,0.008799560022
7.775,154.5,0.007649617519
7.775,155.5,0.008799560022
7.775,156.5,0.008449577521
7.775,157.5,0.007649617519
7.775,158.5,0.008899555022
7.775,159.5,0.008849557522
7.775,160.5,0.00819959002
7.775,161.5,0.007049647518
7.775,162.5,0.006849657517
7.775,163.5,0.007099645018
7.775,164.5,0.005749712514
7.775,165.5,0.006149692515
7.775,166.5,0.005399730013
7.775,167.5,0.005549722514
7.775,168.5,0.004299785011
7.775,169.5,0.00409979501
7.775,170.5,0.003549822509
7.775,171.5,0.00404979751
7.775,172.5,0.001999900005
7.775,173.5,0.001649917504
7.775,174.5,0.002499875006
7.775,175.5,0.002249887506
7.775,176.5,0.001049947503
7.775,177.5,0.0008499575021
7.775,178.5,0.0004999750012
7.775,179.5,0.0001499925004
7.825,0.5,0.0002499875006
7.825,1.5,0.0006499675016
7.825,2.5,0.0008499575021
7.825,3.5,0.001849907505
7.825,4.5,0.001849907505
7.825,5.5,0.002349882506
7.825,6.5,0.002599870006
7.825,7.5,0.003149842508
7.825,8.5,0.002649867507
7.825,9.5,0.003599820009
7.825,10.5,0.003349832508
7.825,11.5,0.003499825009
7.825,12.5,0.004249787511
7.825,13.5,0.004549772511
7.825,14.5,0.004849757512
7.825,15.5,0.005449727514
7.825,16.5,0.005449727514
7.825,17.5,0.005249737513
7.825,18.5,0.007449627519
7.825,19.5,0.005999700015
7.825,20.5,0.007199640018
7.825,21.5,0.007299635018
7.825,22.5,0.00799960002
7.825,23.5,0.00784960752
7.825,24.5,0.008249587521
7.825,25.5,0.008449577521
7.825,26.5,0.009149542523
7.825,27.5,0.009549522524
7.825,28.5,0.009499525024
7.825,29.5,0.009949502525
7.825,30.5,0.008249587521
7.825,31.5,0.009099545023
7.825,32.5,0.01104944753
7.825,33.5,0.009649517524
7.825,34.5,0.01139943003
7.825,35.5,0.01104944753
7.825,36.5,0.01174941253
7.825,37.5,0.01179941003
7.825,38.5,0.01259937003
7.825,39.5,0.01334933253
7.825,40.5,0.01239938003
7.825,41.5,0.01374931253
7.825,42.5,0.01364931753
7.825,43.5,0.01354932253
7.825,44.5,0.01279936003
7.825,45.5,0.01339933003
7.825,46.5,0.01299935003
7.825,47.5,0.01394930253
7.825,48.5,0.01319934003
7.825,49.5,0.01314934253
7.825,50.5,0.01554922254
7.825,51.5,0.01449927504
7.825,52.5,0.01444927754
7.825,53.5,0.01524923754
7.825,54.5,0.01669916504
7.825,55.5,0.01469926504
7.825,56.5,0.01594920254
7.825,57.5,0.01499925004
7.825,58.5,0.01554922254
7.825,59.5,0.01374931253
7.825,60.5,0.01569921504
7.825,61.5,0.01474926254
7.825,62.5,0.01899905005
7.825,63.5,0.01664916754
7.825,64.5,0.01724913754
7.825,65.5,0.01774911254
7.825,66.5,0.01759912004
7.825,67.5,0.01654917254
7.825,68.5,0.01699915004
7.825,69.5,0.01764911754
7.825,70.5,0.01739913004
7.825,71.5,0.01759912004
7.825,72.5,0.01684915754
7.825,73.5,0.01609919504
7.825,74.5,0.01834908255
7.825,75.5,0.01804909755
7.825,76.5,0.01879906005
7.825,77.5,0.01884905755
7.825,78.5,0.02074896255
7.825,79.5,0.01904904755
7.825,80.5,0.01789910504
7.825,81.5,0.01919904005
7.825,82.5,0.01994900255
7.825,83.5,0.02059897005
7.825,84.5,0.02094895255
7.825,85.5,0.02124893755
7.825,86.5,0.01944902755
7.825,87.5,0.01964901755
7.825,88.5,0.01889905505
7.825,89.5,0.02024898755
7.825,90.5,0.01894905255
7.825,91.5,0.02044897755
7.825,92.5,0.02029898505
7.825,93.5,0.01814909255
7.825,94.5,0.02049897505
7.825,95.5,0.01849907505
7.825,96.5,0.01854907255
7.825,97.5,0.02079896005
7.825,98.5,0.01729913504
7.825,99.5,0.01944902755
7.825,100.5,0.02104894755
7.825,101.5,0.01979901005
7.825,102.5,0.01824908755
7.825,103.5,0.01814909255
7.825,104.5,0.01779911004
7.825,105.5,0.01944902755
7.825,106.5,0.01864906755
7.825,107.5,0.01719914004
7.825,108.5,0.01684915754
7.825,109.5,0.01649917504
7.825,110.5,0.01629918504
7.825,111.5,0.01434928254
7.825,112.5,0.01384930753
7.825,113.5,0.01459927004
7.825,114.5,0.01439928004
7.825,115.5,0.01559922004
7.825,116.5,0.01644917754
7.825,117.5,0.01494925254
7.825,118.5,0.01484925754
7.825,119.5,0.01419929004
7.825,120.5,0.01409929504
7.825,121.5,0.01344932753
7.825,122.5,0.01209939503
7.825,123.5,0.01289935503
7.825,124.5,0.01514924254
7.825,125.5,0.01309934503
7.825,126.5,0.01354932253
7.825,127.5,0.01194940253
7.825,128.5,0.01329933503
7.825,129.5,0.01354932253
7.825,130.5,0.01219939003
7.825,131.5,0.01334933253
7.825,132.5,0.01159942003
7.825,133.5,0.01339933003
7.825,134.5,0.01244937753
7.825,135.5,0.01254937253
7.825,136.5,0.01319934003
7.825,137.5,0.01159942003
7.825,138.5,0.01174941253
7.825,139.5,0.01464926754
7.825,140.5,0.01044947753
7.825,141.5,0.01099945003
7.825,142.5,0.01169941503
7.825,143.5,0.01239938003
7.825,144.5,0.01199940003
7.825,145.5,0.01064946753
7.825,146.5,0.01044947753
7.825,147.5,0.009599520024
7.825,148.5,0.01054947253
7.825,149.5,0.01109944503
7.825,150.5,0.01139943003
7.825,151.5,0.01029948503
7.825,152.5,0.009849507525
7.825,153.5,0.009899505025
7.825,154.5,0.009599520024
7.825,155.5,0.009549522524
7.825,156.5,0.008949552522
7.825,157.5,0.00789960502
7.825,158.5,0.007249637518
7.825,159.5,0.006899655017
7.825,160.5,0.006799660017
7.825,161.5,0.007349632518
7.825,162.5,0.007249637518
7.825,163.5,0.006399680016
7.825,164.5,0.005949702515
7.825,165.5,0.006099695015
7.825,166.5,0.004549772511
7.825,167.5,0.005199740013
7.825,168.5,0.005549722514
7.825,169.5,0.00414979251
7.825,170.5,0.004449777511
7.825,171.5,0.00399980001
7.825,172.5,0.003049847508
7.825,173.5,0.002599870006
7.825,174.5,0.001749912504
7.825,175.5,0.001649917504
7.825,176.5,0.001299935003
7.825,177.5,0.001149942503
7.825,178.5,0.0004499775011
7.825,179.5,0.0001499925004
7.875,0.5,0.0001999900005
7.875,1.5,0.0005499725014
7.875,2.5,0.001049947503
7.875,3.5,0.001149942503
7.875,4.5,0.001899905005
7.875,5.5,0.002599870006
7.875,6.5,0.002699865007
7.875,7.5,0.003099845008
7.875,8.5,0.002999850007
7.875,9.5,0.003299835008
7.875,10.5,0.00404979751
7.875,11.5,0.004449777511
7.875,12.5,0.004899755012
7.875,13.5,0.005249737513
7.875,14.5,0.004649767512
7.875,15.5,0.005199740013
7.875,16.5,0.005549722514
7.875,17.5,0.005699715014
7.875,18.5,0.006249687516
7.875,19.5,0.006349682516
7.875,20.5,0.007249637518
7.875,21.5,0.007599620019
7.875,22.5,0.00819959002
7.875,23.5,0.007599620019
7.875,24.5,0.007449627519
7.875,25.5,0.00814959252
7.875,26.5,0.009899505025
7.875,27.5,0.008599570021
7.875,28.5,0.009249537523
7.875,29.5,0.009599520024
7.875,30.5,0.009249537523
7.875,31.5,0.01074946253
7.875,32.5,0.01184940753
7.875,33.5,0.01134943253
7.875,34.5,0.01184940753
7.875,35.5,0.01244937753
7.875,36.5,0.01074946253
7.875,37.5,0.01134943253
7.875,38.5,0.01119944003
7.875,39.5,0.01209939503
7.875,40.5,0.01329933503
7.875,41.5,0.01219939003
7.875,42.5,0.01129943503
7.875,43.5,0.01284935753
7.875,44.5,0.01384930753
7.875,45.5,0.01304934753
7.875,46.5,0.01389930503
7.875,47.5,0.01474926254
7.875,48.5,0.01424928754
7.875,49.5,0.01224938753
7.875,50.5,0.01509924504
7.875,51.5,0.01609919504
7.875,52.5,0.01514924254
7.875,53.5,0.01674916254
7.875,54.5,0.01574921254
7.875,55.5,0.01729913504
7.875,56.5,0.01699915004
7.875,57.5,0.01584920754
7.875,58.5,0.01659917004
7.875,59.5,0.01749912504
7.875,60.5,0.01584920754
7.875,61.5,0.01669916504
7.875,62.5,0.01794910254
7.875,63.5,0.01669916504
7.875,64.5,0.01514924254
7.875,65.5,0.01619919004
7.875,66.5,0.01699915004
7.875,67.5,0.01599920004
7.875,68.5,0.01814909255
7.875,69.5,0.01969901505
7.875,70.5,0.01894905255
7.875,71.5,0.01729913504
7.875,72.5,0.01894905255
7.875,73.5,0.01819909005
7.875,74.5,0.01714914254
7.875,75.5,0.01794910254
7.875,76.5,0.01859907005
7.875,77.5,0.01894905255
7.875,78.5,0.01759912004
7.875,79.5,0.01719914004
7.875,80.5,0.01919904005
7.875,81.5,0.01954902255
7.875,82.5,0.02104894755
7.875,83.5,0.02004899755
7.875,84.5,0.01889905505
7.875,85.5,0.01789910504
7.875,86.5,0.01914904255
7.875,87.5,0.01984900755
7.875,88.5,0.01799910004
7.875,89.5,0.01999900005
7.875,90.5,0.02054897255
7.875,91.5,0.01964901755
7.875,92.5,0.01799910004
7.875,93.5,0.01814909255
7.875,94.5,0.02014899255
7.875,95.5,0.01874906255
7.875,96.5,0.01884905755
7.875,97.5,0.01754912254
7.875,98.5,0.01809909505
7.875,99.5,0.01749912504
7.875,100.5,0.01939903005
7.875,101.5,0.01934903255
7.875,102.5,0.01729913504
7.875,103.5,0.01894905255
7.875,104.5,0.01734913254
7.875,105.5,0.01879906005
7.875,106.5,0.01799910004
7.875,107.5,0.01889905505
7.875,108.5,0.01609919504
7.875,109.5,0.01659917004
7.875,110.5,0.01819909005
7.875,111.5,0.01749912504
7.875,112.5,0.01749912504
7.875,113.5,0.01659917004
7.875,114.5,0.01509924504
7.875,115.5,0.01654917254
7.875,116.5,0.01624918754
7.875,117.5,0.01619919004
7.875,118.5,0.01689915504
7.875,119.5,0.01569921504
7.875,120.5,0.01474926254
7.875,121.5,0.01624918754
7.875,122.5,0.01464926754
7.875,123.5,0.01454927254
7.875,124.5,0.01384930753
7.875,125.5,0.01564921754
7.875,126.5,0.01354932253
7.875,127.5,0.01414929254
7.875,128.5,0.01459927004
7.875,129.5,0.01224938753
7.875,130.5,0.01174941253
7.875,131.5,0.01279936003
7.875,132.5,0.01284935753
7.875,133.5,0.01299935003
7.875,134.5,0.01169941503
7.875,135.5,0.01124943753
7.875,136.5,0.01334933253
7.875,137.5,0.01199940003
7.875,138.5,0.01114944253
7.875,139.5,0.01179941003
7.875,140.5,0.01204939753
7.875,141.5,0.01204939753
7.875,142.5,0.01214939253
7.875,143.5,0.01059947003
7.875,144.5,0.01169941503
7.875,145.5,0.01049947503
7.875,146.5,0.01114944253
7.875,147.5,0.01084945753
7.875,148.5,0.01029948503
7.875,149.5,0.01109944503
7.875,150.5,0.01054947253
7.875,151.5,0.008699565022
7.875,152.5,0.009349532523
7.875,153.5,0.009749512524
7.875,154.5,0.008949552522
7.875,155.5,0.00789960502
7.875,156.5,0.009849507525
7.875,157.5,0.008399580021
7.875,158.5,0.007399630018
7.875,159.5,0.006149692515
7.875,160.5,0.006649667517
7.875,161.5,0.00804959752
7.875,162.5,0.006249687516
7.875,163.5,0.005949702515
7.875,164.5,0.006549672516
7.875,165.5,0.004999750012
7.875,166.5,0.005249737513
7.875,167.5,0.005099745013
7.875,168.5,0.004349782511
7.875,169.5,0.003799810009
7.875,170.5,0.003149842508
7.875,171.5,0.003749812509
7.875,172.5,0.002549872506
7.875,173.5,0.002049897505
7.875,174.5,0.001849907505
7.875,175.5,0.001399930003
7.875,176.5,0.001749912504
7.875,177.5,0.000799960002
7.875,178.5,0.000399980001
7.875,179.5,9.999500025e-05
7.925,0.5,9.999500025e-05
7.925,1.5,0.0005999700015
7.925,2.5,0.0009499525024
7.925,3.5,0.001549922504
7.925,4.5,0.002099895005
7.925,5.5,0.002149892505
7.925,6.5,0.002899855007
7.925,7.5,0.002549872506
7.925,8.5,0.003599820009
7.925,9.5,0.003499825009
7.925,10.5,0.00389980501
7.925,11.5,0.004549772511
7.925,12.5,0.005099745013
7.925,13.5,0.004849757512
7.925,14.5,0.004999750012
7.925,15.5,0.004649767512
7.925,16.5,0.005799710014
7.925,17.5,0.005449727514
7.925,18.5,0.006249687516
7.925,19.5,0.007349632518
7.925,20.5,0.006799660017
7.925,21.5,0.00784960752
7.925,22.5,0.007749612519
7.925,23.5,0.007349632518
7.925,24.5,0.00784960752
7.925,25.5,0.009749512524
7.925,26.5,0.009249537523
7.925,27.5,0.01024948753
7.925,28.5,0.009299535023
7.925,29.5,0.009249537523
7.925,30.5,0.01119944003
7.925,31.5,0.009799510024
7.925,32.5,0.01114944253
7.925,33.5,0.01094945253
7.925,34.5,0.01109944503
7.925,35.5,0.01194940253
7.925,36.5,0.01204939753
7.925,37.5,0.01194940253
7.925,38.5,0.01139943003
7.925,39.5,0.01179941003
7.925,40.5,0.01194940253
7.925,41.5,0.01349932503
7.925,42.5,0.01289935503
7.925,43.5,0.01319934003
7.925,44.5,0.01279936003
7.925,45.5,0.01364931753
7.925,46.5,0.01409929504
7.925,47.5,0.01424928754
7.925,48.5,0.01394930253
7.925,49.5,0.01449927504
7.925,50.5,0.01549922504
7.925,51.5,0.01374931253
7.925,52.5,0.01399930003
7.925,53.5,0.01244937753
7.925,54.5,0.01494925254
7.925,55.5,0.01489925504
7.925,56.5,0.01484925754
7.925,57.5,0.01559922004
7.925,58.5,0.01584920754
7.925,59.5,0.01519924004
7.925,60.5,0.01569921504
7.925,61.5,0.01649917504
7.925,62.5,0.01569921504
7.925,63.5,0.01744912754
7.925,64.5,0.01624918754
7.925,65.5,0.01644917754
7.925,66.5,0.01684915754
7.925,67.5,0.01664916754
7.925,68.5,0.01839908005
7.925,69.5,0.01769911504
7.925,70.5,0.01704914754
7.925,71.5,0.01959902005
7.925,72.5,0.01774911254
7.925,73.5,0.01804909755
7.925,74.5,0.01819909005
7.925,75.5,0.01754912254
7.925,76.5,0.01889905505
7.925,77.5,0.01849907505
7.925,78.5,0.01914904255
7.925,79.5,0.01704914754
7.925,80.5,0.01864906755
7.925,81.5,0.01839908005
7.925,82.5,0.01929903505
7.925,83.5,0.01964901755
7.925,84.5,0.01954902255
7.925,85.5,0.01944902755
7.925,86.5,0.01884905755
7.925,87.5,0.01969901505
7.925,88.5,0.01799910004
7.925,89.5,0.02059897005
7.925,90.5,0.01919904005
7.925,91.5,0.02024898755
7.925,92.5,0.01909904505
7.925,93.5,0.02014899255
7.925,94.5,0.02004899755
7.925,95.5,0.01894905255
7.925,96.5,0.01909904505
7.925,97.5,0.01859907005
7.925,98.5,0.01879906005
7.925,99.5,0.01834908255
7.925,100.5,0.01789910504
7.925,101.5,0.01789910504
7.925,102.5,0.01839908005
7.925,103.5,0.01649917504
7.925,104.5,0.01689915504
7.925,105.5,0.01829908505
7.925,106.5,0.01779911004
7.925,107.5,0.01919904005
7.925,108.5,0.01714914254
7.925,109.5,0.01819909005
7.925,110.5,0.01529923504
7.925,111.5,0.01814909255
7.925,112.5,0.01759912004
7.925,113.5,0.01859907005
7.925,114.5,0.01584920754
7.925,115.5,0.01649917504
7.925,116.5,0.01589920504
7.925,117.5,0.01589920504
7.925,118.5,0.01539923004
7.925,119.5,0.01519924004
7.925,120.5,0.01659917004
7.925,121.5,0.01529923504
7.925,122.5,0.01384930753
7.925,123.5,0.01434928254
7.925,124.5,0.01324933753
7.925,125.5,0.01349932503
7.925,126.5,0.01354932253
7.925,127.5,0.01569921504
7.925,128.5,0.01294935253
7.925,129.5,0.01249937503
7.925,130.5,0.01239938003
7.925,131.5,0.01409929504
7.925,132.5,0.01364931753
7.925,133.5,0.01159942003
7.925,134.5,0.01394930253
7.925,135.5,0.01139943003
7.925,136.5,0.01179941003
7.925,137.5,0.01154942253
7.925,138.5,0.01169941503
7.925,139.5,0.01139943003
7.925,140.5,0.01144942753
7.925,141.5,0.01059947003
7.925,142.5,0.01014949253
7.925,143.5,0.008249587521
7.925,144.5,0.009999500025
7.925,145.5,0.009249537523
7.925,146.5,0.009599520024
7.925,147.5,0.009349532523
7.925,148.5,0.01059947003
7.925,149.5,0.009149542523
7.925,150.5,0.01014949253
7.925,151.5,0.008699565022
7.925,152.5,0.008349582521
7.925,153.5,0.009049547523
7.925,154.5,0.008649567522
7.925,155.5,0.007049647518
7.925,156.5,0.008399580021
7.925,157.5,0.00789960502
7.925,158.5,0.006249687516
7.925,159.5,0.007599620019
7.925,160.5,0.006199690015
7.925,161.5,0.006649667517
7.925,162.5,0.006349682516
7.925,163.5,0.004899755012
7.925,164.5,0.005599720014
7.925,165.5,0.004899755012
7.925,166.5,0.005149742513
7.925,167.5,0.00419979001
7.925,168.5,0.004799760012
7.925,169.5,0.00414979251
7.925,170.5,0.003749812509
7.925,171.5,0.003099845008
7.925,172.5,0.002699865007
7.925,173.5,0.002249887506
7.925,174.5,0.001699915004
7.925,175.5,0.001599920004
7.925,176.5,0.001449927504
7.925,177.5,0.0008999550022
7.925,178.5,0.0002499875006
7.925,179.5,0.0001999900005
7.975,0.5,0.0002499875006
7.975,1.5,0.0004999750012
7.975,2.5,0.001299935003
7.975,3.5,0.001299935003
7.975,4.5,0.001399930003
7.975,5.5,0.001749912504
7.975,6.5,0.002349882506
7.975,7.5,0.002699865007
7.975,8.5,0.003199840008
7.975,9.5,0.003199840008
7.975,10.5,0.003649817509
7.975,11.5,0.003649817509
7.975,12.5,0.00419979001
7.975,13.5,0.004749762512
7.975,14.5,0.004999750012
7.975,15.5,0.006349682516
7.975,16.5,0.005949702515
7.975,17.5,0.006249687516
7.975,18.5,0.006799660017
7.975,19.5,0.006299685016
7.975,20.5,0.006349682516
7.975,21.5,0.00794960252
7.975,22.5,0.00784960752
7.975,23.5,0.007649617519
7.975,24.5,0.007399630018
7.975,25.5,0.008849557522
7.975,26.5,0.008699565022
7.975,27.5,0.008949552522
7.975,28.5,0.009199540023
7.975,29.5,0.009949502525
7.975,30.5,0.009649517524
7.975,31.5,0.01049947503
7.975,32.5,0.009599520024
7.975,33.5,0.01099945003
7.975,34.5,0.01024948753
7.975,35.5,0.01144942753
7.975,36.5,0.01249937503
7.975,37.5,0.01114944253
7.975,38.5,0.01309934503
7.975,39.5,0.01314934253
7.975,40.5,0.01169941503
7.975,41.5,0.01244937753
7.975,42.5,0.01374931253
7.975,43.5,0.01189940503
7.975,44.5,0.01359932003
7.975,45.5,0.01324933753
7.975,46.5,0.01224938753
7.975,47.5,0.01309934503
7.975,48.5,0.01599920004
7.975,49.5,0.01449927504
7.975,50.5,0.01329933503
7.975,51.5,0.01329933503
7.975,52.5,0.01454927254
7.975,53.5,0.01424928754
7.975,54.5,0.01349932503
7.975,55.5,0.01484925754
7.975,56.5,0.01584920754
7.975,57.5,0.01399930003
7.975,58.5,0.01574921254
7.975,59.5,0.01489925504
7.975,60.5,0.01584920754
7.975,61.5,0.01554922254
7.975,62.5,0.01424928754
7.975,63.5,0.01674916254
7.975,64.5,0.01574921254
7.975,65.5,0.01649917504
7.975,66.5,0.01604919754
7.975,67.5,0.01859907005
7.975,68.5,0.01644917754
7.975,69.5,0.01709914504
7.975,70.5,0.01904904755
7.975,71.5,0.01624918754
7.975,72.5,0.01539923004
7.975,73.5,0.01639918004
7.975,74.5,0.01784910754
7.975,75.5,0.01629918504
7.975,76.5,0.01884905755
7.975,77.5,0.01894905255
7.975,78.5,0.02034898255
7.975,79.5,0.01949902505
7.975,80.5,0.01969901505
7.975,81.5,0.01994900255
7.975,82.5,0.02179891005
7.975,83.5,0.01944902755
7.975,84.5,0.02229888506
7.975,85.5,0.01779911004
7.975,86.5,0.02019899005
7.975,87.5,0.01999900005
7.975,88.5,0.02099895005
7.975,89.5,0.01954902255
7.975,90.5,0.01939903005
7.975,91.5,0.01904904755
7.975,92.5,0.01824908755
7.975,93.5,0.01879906005
7.975,94.5,0.01844907755
7.975,95.5,0.01904904755
7.975,96.5,0.01759912004
7.975,97.5,0.01779911004
7.975,98.5,0.01879906005
7.975,99.5,0.01919904005
7.975,100.5,0.02024898755
7.975,101.5,0.01759912004
7.975,102.5,0.02044897755
7.975,103.5,0.01889905505
7.975,104.5,0.01839908005
7.975,105.5,0.01704914754
7.975,106.5,0.01634918254
7.975,107.5,0.01774911254
7.975,108.5,0.01724913754
7.975,109.5,0.01844907755
7.975,110.5,0.01974901255
7.975,111.5,0.01629918504
7.975,112.5,0.01724913754
7.975,113.5,0.01549922504
7.975,114.5,0.01599920004
7.975,115.5,0.01734913254
7.975,116.5,0.01504924754
7.975,117.5,0.01499925004
7.975,118.5,0.01364931753
7.975,119.5,0.01584920754
7.975,120.5,0.01509924504
7.975,121.5,0.01429928504
7.975,122.5,0.01419929004
7.975,123.5,0.01459927004
7.975,124.5,0.01544922754
7.975,125.5,0.01374931253
7.975,126.5,0.01319934003
7.975,127.5,0.01249937503
7.975,128.5,0.01334933253
7.975,129.5,0.01309934503
7.975,130.5,0.01284935753
7.975,131.5,0.01269936503
7.975,132.5,0.01334933253
7.975,133.5,0.01264936753
7.975,134.5,0.01274936253
7.975,135.5,0.01184940753
7.975,136.5,0.009649517524
7.975,137.5,0.01284935753
7.975,138.5,0.01139943003
7.975,139.5,0.01039948003
7.975,140.5,0.01154942253
7.975,141.5,0.01104944753
7.975,142.5,0.01114944253
7.975,143.5,0.01049947503
7.975,144.5,0.009799510024
7.975,145.5,0.01174941253
7.975,146.5,0.009399530023
7.975,147.5,0.01084945753
7.975,148.5,0.009999500025
7.975,149.5,0.01014949253
7.975,150.5,0.009049547523
7.975,151.5,0.009649517524
7.975,152.5,0.01039948003
7.975,153.5,0.008449577521
7.975,154.5,0.00814959252
7.975,155.5,0.008899555022
7.975,156.5,0.00819959002
7.975,157.5,0.007199640018
7.975,158.5,0.008649567522
7.975,159.5,0.007249637518
7.975,160.5,0.006599670016
7.975,161.5,0.006649667517
7.975,162.5,0.006849657517
7.975,163.5,0.005399730013
7.975,164.5,0.005549722514
7.975,165.5,0.005099745013
7.975,166.5,0.005299735013
7.975,167.5,0.005149742513
7.975,168.5,0.00414979251
7.975,169.5,0.00399980001
7.975,170.5,0.004649767512
7.975,171.5,0.002999850007
7.975,172.5,0.002249887506
7.975,173.5,0.001949902505
7.975,174.5,0.001399930003
7.975,175.5,0.0008499575021
7.975,176.5,0.001449927504
7.975,177.5,0.0006999650017
7.975,178.5,0.000399980001
7.975,179.5,0.0001499925004
