# frame_idx  step  zref
0 2436220 26.84440000
1 2436230 26.84850000
2 2436240 26.84430000
3 2436250 26.83100000
4 2436260 26.80760000
5 2436270 26.78700000
6 2436280 26.76890000
7 2436290 26.75200000
8 2436300 26.73840000
9 2436310 26.72750000
10 2436320 26.71800000
11 2436330 26.72550000
12 2436340 26.74470000
13 2436350 26.76220000
14 2436360 26.77710000
15 2436370 26.78950000
16 2436380 26.80020000
17 2436390 26.80990000
18 2436400 26.81780000
19 2436410 26.82300000
20 2436420 26.82380000
21 2436430 26.81780000
22 2436440 26.80230000
23 2436450 26.78830000
24 2436460 26.79660000
25 2436470 26.80000000
26 2436480 26.79850000
27 2436490 26.79160000
28 2436500 26.77820000
29 2436510 26.75730000
30 2436520 26.74980000
31 2436530 26.75070000
32 2436540 26.74710000
33 2436550 26.73950000
34 2436560 26.76520000
35 2436570 26.79620000
36 2436580 26.82180000
37 2436590 26.84340000
38 2436600 26.86310000
39 2436610 26.88270000
40 2436620 26.90040000
41 2436630 26.91280000
42 2436640 26.91490000
43 2436650 26.90130000
44 2436660 26.87140000
45 2436670 26.82830000
46 2436680 26.77790000
47 2436690 26.75740000
48 2436700 26.74190000
49 2436710 26.74420000
50 2436720 26.76350000
51 2436730 26.77440000
52 2436740 26.77770000
53 2436750 26.77440000
54 2436760 26.76910000
55 2436770 26.77520000
56 2436780 26.79830000
57 2436790 26.82330000
58 2436800 26.84850000
59 2436810 26.87050000
60 2436820 26.88680000
61 2436830 26.89570000
62 2436840 26.89690000
63 2436850 26.88910000
64 2436860 26.87320000
65 2436870 26.84930000
66 2436880 26.81960000
67 2436890 26.81750000
68 2436900 26.81640000
69 2436910 26.80310000
70 2436920 26.78070000
71 2436930 26.77400000
72 2436940 26.78270000
73 2436950 26.78340000
74 2436960 26.77740000
75 2436970 26.76950000
76 2436980 26.75410000
77 2436990 26.73110000
78 2437000 26.73060000
79 2437010 26.74820000
80 2437020 26.79130000
81 2437030 26.82840000
82 2437040 26.85550000
83 2437050 26.86970000
84 2437060 26.87010000
85 2437070 26.85840000
86 2437080 26.83940000
87 2437090 26.81800000
88 2437100 26.79860000
89 2437110 26.80930000
90 2437120 26.83690000
91 2437130 26.85920000
92 2437140 26.87430000
93 2437150 26.88040000
94 2437160 26.87630000
95 2437170 26.86220000
96 2437180 26.83970000
97 2437190 26.81280000
98 2437200 26.78530000
99 2437210 26.76020000
100 2437220 26.73780000
101 2437230 26.74660000
102 2437240 26.76030000
103 2437250 26.76790000
104 2437260 26.76890000
105 2437270 26.76310000
106 2437280 26.74960000
107 2437290 26.72810000
108 2437300 26.72660000
109 2437310 26.74000000
110 2437320 26.74710000
111 2437330 26.74870000
112 2437340 26.74560000
113 2437350 26.73910000
114 2437360 26.73040000
115 2437370 26.72980000
116 2437380 26.74940000
117 2437390 26.76880000
118 2437400 26.78550000
119 2437410 26.79740000
120 2437420 26.80300000
121 2437430 26.80220000
122 2437440 26.79590000
123 2437450 26.78600000
124 2437460 26.78730000
125 2437470 26.78660000
126 2437480 26.77870000
127 2437490 26.76530000
128 2437500 26.78100000
129 2437510 26.80390000
130 2437520 26.82220000
131 2437530 26.83780000
132 2437540 26.85200000
133 2437550 26.86360000
134 2437560 26.87050000
135 2437570 26.87060000
136 2437580 26.86190000
137 2437590 26.84290000
138 2437600 26.81360000
139 2437610 26.77700000
140 2437620 26.75260000
141 2437630 26.74040000
142 2437640 26.72320000
143 2437650 26.70360000
144 2437660 26.71900000
145 2437670 26.73680000
146 2437680 26.75590000
147 2437690 26.77360000
148 2437700 26.78760000
149 2437710 26.79550000
150 2437720 26.79570000
151 2437730 26.78840000
152 2437740 26.77630000
153 2437750 26.77700000
154 2437760 26.77190000
155 2437770 26.75910000
156 2437780 26.73930000
157 2437790 26.71540000
158 2437800 26.69760000
159 2437810 26.70570000
160 2437820 26.71210000
161 2437830 26.72130000
162 2437840 26.72640000
163 2437850 26.72610000
164 2437860 26.71950000
165 2437870 26.70630000
166 2437880 26.70100000
167 2437890 26.69820000
168 2437900 26.69270000
169 2437910 26.70550000
170 2437920 26.71740000
171 2437930 26.72730000
172 2437940 26.73230000
173 2437950 26.73020000
174 2437960 26.71980000
175 2437970 26.72970000
176 2437980 26.74790000
177 2437990 26.75260000
178 2438000 26.74270000
179 2438010 26.73020000
180 2438020 26.74830000
181 2438030 26.76590000
182 2438040 26.78480000
183 2438050 26.80690000
184 2438060 26.83130000
185 2438070 26.85450000
186 2438080 26.87160000
187 2438090 26.87990000
188 2438100 26.87940000
189 2438110 26.87210000
190 2438120 26.85990000
191 2438130 26.84320000
192 2438140 26.82170000
193 2438150 26.79550000
194 2438160 26.76550000
195 2438170 26.73480000
196 2438180 26.70620000
197 2438190 26.70030000
198 2438200 26.70420000
199 2438210 26.72500000
200 2438220 26.73880000
201 2438230 26.74670000
202 2438240 26.75040000
203 2438250 26.75220000
204 2438260 26.75410000
205 2438270 26.75800000
206 2438280 26.76310000
207 2438290 26.76750000
208 2438300 26.76860000
209 2438310 26.76400000
210 2438320 26.75370000
211 2438330 26.76540000
212 2438340 26.78670000
213 2438350 26.79730000
214 2438360 26.79570000
215 2438370 26.78460000
216 2438380 26.76990000
217 2438390 26.76400000
218 2438400 26.77690000
219 2438410 26.78430000
220 2438420 26.78410000
221 2438430 26.77620000
222 2438440 26.75940000
223 2438450 26.74530000
224 2438460 26.74050000
225 2438470 26.73340000
226 2438480 26.73090000
227 2438490 26.74840000
228 2438500 26.76110000
229 2438510 26.76960000
230 2438520 26.77350000
231 2438530 26.77440000
232 2438540 26.77220000
233 2438550 26.76930000
234 2438560 26.79630000
235 2438570 26.83860000
236 2438580 26.86990000
237 2438590 26.88670000
238 2438600 26.88980000
239 2438610 26.88290000
240 2438620 26.87150000
241 2438630 26.86170000
242 2438640 26.85940000
243 2438650 26.86800000
244 2438660 26.88760000
245 2438670 26.91580000
246 2438680 26.94740000
247 2438690 26.97790000
248 2438700 27.00170000
249 2438710 27.01460000
250 2438720 27.01270000
251 2438730 26.99440000
252 2438740 26.95900000
253 2438750 26.90860000
254 2438760 26.84960000
255 2438770 26.82800000
256 2438780 26.82270000
257 2438790 26.81810000
258 2438800 26.81310000
259 2438810 26.80700000
260 2438820 26.79870000
261 2438830 26.78780000
262 2438840 26.77500000
263 2438850 26.76120000
264 2438860 26.74830000
265 2438870 26.75610000
266 2438880 26.76740000
267 2438890 26.77790000
268 2438900 26.78760000
269 2438910 26.79560000
270 2438920 26.80140000
271 2438930 26.80500000
272 2438940 26.80670000
273 2438950 26.80740000
274 2438960 26.80800000
275 2438970 26.80770000
276 2438980 26.80630000
277 2438990 26.80400000
278 2439000 26.80120000
279 2439010 26.79870000
280 2439020 26.79570000
281 2439030 26.82870000
282 2439040 26.85730000
283 2439050 26.87390000
284 2439060 26.87650000
285 2439070 26.86670000
286 2439080 26.84990000
287 2439090 26.83130000
288 2439100 26.81410000
289 2439110 26.81710000
290 2439120 26.81480000
291 2439130 26.79880000
292 2439140 26.78390000
293 2439150 26.78340000
294 2439160 26.78260000
295 2439170 26.78040000
296 2439180 26.77620000
297 2439190 26.77160000
298 2439200 26.76730000
299 2439210 26.76990000
300 2439220 26.81150000
301 2439230 26.85540000
302 2439240 26.89700000
303 2439250 26.92960000
304 2439260 26.94620000
305 2439270 26.94330000
306 2439280 26.92290000
307 2439290 26.89210000
308 2439300 26.85790000
309 2439310 26.82550000
310 2439320 26.79670000
311 2439330 26.77260000
312 2439340 26.76910000
313 2439350 26.78040000
314 2439360 26.78690000
315 2439370 26.78700000
316 2439380 26.77980000
317 2439390 26.76310000
318 2439400 26.73780000
319 2439410 26.72150000
320 2439420 26.72080000
321 2439430 26.73220000
322 2439440 26.75750000
323 2439450 26.77450000
324 2439460 26.77930000
325 2439470 26.79610000
326 2439480 26.82160000
327 2439490 26.84930000
328 2439500 26.87810000
329 2439510 26.90380000
330 2439520 26.92080000
331 2439530 26.92400000
332 2439540 26.91370000
333 2439550 26.89290000
334 2439560 26.86730000
335 2439570 26.84090000
336 2439580 26.81710000
337 2439590 26.79760000
338 2439600 26.78290000
339 2439610 26.79960000
340 2439620 26.83000000
341 2439630 26.86060000
342 2439640 26.88820000
343 2439650 26.90830000
344 2439660 26.91780000
345 2439670 26.91660000
346 2439680 26.90620000
347 2439690 26.88980000
348 2439700 26.86880000
349 2439710 26.84520000
350 2439720 26.82000000
351 2439730 26.79500000
352 2439740 26.77060000
353 2439750 26.74890000
354 2439760 26.73090000
355 2439770 26.71790000
356 2439780 26.70860000
357 2439790 26.71580000
358 2439800 26.72800000
359 2439810 26.73910000
360 2439820 26.74820000
361 2439830 26.75480000
362 2439840 26.75800000
363 2439850 26.75570000
364 2439860 26.74700000
365 2439870 26.73930000
366 2439880 26.74060000
367 2439890 26.73840000
368 2439900 26.74680000
369 2439910 26.75310000
370 2439920 26.76930000
371 2439930 26.78550000
372 2439940 26.79640000
373 2439950 26.80330000
374 2439960 26.80820000
375 2439970 26.81350000
376 2439980 26.82120000
377 2439990 26.83150000
378 2440000 26.84410000
379 2440010 26.85490000
380 2440020 26.86160000
381 2440030 26.86280000
382 2440040 26.86050000
383 2440050 26.85730000
384 2440060 26.85460000
385 2440070 26.85390000
386 2440080 26.85370000
387 2440090 26.85200000
388 2440100 26.84620000
389 2440110 26.83610000
390 2440120 26.82150000
391 2440130 26.80550000
392 2440140 26.80000000
393 2440150 26.80010000
394 2440160 26.79610000
395 2440170 26.78990000
396 2440180 26.78300000
397 2440190 26.77560000
398 2440200 26.76590000
399 2440210 26.75370000
400 2440220 26.75090000
401 2440230 26.74800000
402 2440240 26.74590000
403 2440250 26.75070000
404 2440260 26.75330000
405 2440270 26.76780000
406 2440280 26.78060000
407 2440290 26.78390000
408 2440300 26.77970000
409 2440310 26.77100000
410 2440320 26.76060000
411 2440330 26.75330000
412 2440340 26.75250000
413 2440350 26.74830000
414 2440360 26.74130000
415 2440370 26.72980000
416 2440380 26.71540000
417 2440390 26.69910000
418 2440400 26.68910000
419 2440410 26.71170000
420 2440420 26.73580000
421 2440430 26.74960000
422 2440440 26.75110000
423 2440450 26.75290000
424 2440460 26.76050000
425 2440470 26.76170000
426 2440480 26.75730000
427 2440490 26.74920000
428 2440500 26.74410000
429 2440510 26.75080000
430 2440520 26.77760000
431 2440530 26.80140000
432 2440540 26.81990000
433 2440550 26.83030000
434 2440560 26.83060000
435 2440570 26.81990000
436 2440580 26.80140000
437 2440590 26.77790000
438 2440600 26.75010000
439 2440610 26.72840000
440 2440620 26.73090000
441 2440630 26.72160000
442 2440640 26.70370000
443 2440650 26.71470000
444 2440660 26.72990000
445 2440670 26.74880000
446 2440680 26.76960000
447 2440690 26.78960000
448 2440700 26.80580000
449 2440710 26.81510000
450 2440720 26.81730000
451 2440730 26.81320000
452 2440740 26.80380000
453 2440750 26.79010000
454 2440760 26.77390000
455 2440770 26.75630000
456 2440780 26.73730000
457 2440790 26.73920000
458 2440800 26.75400000
459 2440810 26.75810000
460 2440820 26.75130000
461 2440830 26.73540000
462 2440840 26.72750000
463 2440850 26.73160000
464 2440860 26.74020000
465 2440870 26.74510000
466 2440880 26.74650000
467 2440890 26.74640000
468 2440900 26.76640000
469 2440910 26.78270000
470 2440920 26.79460000
471 2440930 26.80060000
472 2440940 26.80060000
473 2440950 26.79440000
474 2440960 26.78660000
475 2440970 26.81780000
476 2440980 26.84650000
477 2440990 26.86910000
478 2441000 26.88270000
479 2441010 26.88610000
480 2441020 26.88130000
481 2441030 26.87050000
482 2441040 26.85790000
483 2441050 26.84700000
484 2441060 26.83790000
485 2441070 26.82980000
486 2441080 26.82070000
487 2441090 26.81000000
488 2441100 26.80220000
489 2441110 26.82430000
490 2441120 26.84400000
491 2441130 26.86550000
492 2441140 26.88520000
493 2441150 26.89840000
494 2441160 26.90650000
495 2441170 26.91110000
496 2441180 26.91340000
497 2441190 26.91270000
498 2441200 26.90590000
499 2441210 26.89150000
500 2441220 26.86930000
501 2441230 26.84200000
502 2441240 26.81330000
503 2441250 26.78690000
504 2441260 26.76450000
505 2441270 26.74470000
506 2441280 26.72390000
507 2441290 26.69900000
508 2441300 26.67210000
509 2441310 26.67200000
510 2441320 26.67410000
511 2441330 26.67640000
512 2441340 26.68270000
513 2441350 26.70410000
514 2441360 26.71960000
515 2441370 26.74280000
516 2441380 26.77510000
517 2441390 26.80770000
518 2441400 26.83860000
519 2441410 26.86440000
520 2441420 26.87960000
521 2441430 26.88130000
522 2441440 26.87070000
523 2441450 26.85260000
524 2441460 26.83300000
525 2441470 26.83410000
526 2441480 26.85740000
527 2441490 26.87680000
528 2441500 26.89150000
529 2441510 26.90000000
530 2441520 26.90340000
531 2441530 26.90320000
532 2441540 26.90130000
533 2441550 26.90060000
534 2441560 26.90250000
535 2441570 26.90820000
536 2441580 26.91620000
537 2441590 26.92480000
538 2441600 26.93230000
539 2441610 26.93670000
540 2441620 26.93610000
541 2441630 26.92830000
542 2441640 26.91290000
543 2441650 26.89020000
544 2441660 26.86210000
545 2441670 26.82970000
546 2441680 26.79650000
547 2441690 26.76470000
548 2441700 26.75880000
549 2441710 26.76820000
550 2441720 26.77550000
551 2441730 26.77900000
552 2441740 26.77590000
553 2441750 26.76320000
554 2441760 26.73970000
555 2441770 26.72920000
556 2441780 26.73830000
557 2441790 26.74160000
558 2441800 26.75270000
559 2441810 26.76410000
560 2441820 26.77310000
561 2441830 26.77960000
562 2441840 26.78320000
563 2441850 26.78510000
564 2441860 26.78480000
565 2441870 26.78160000
566 2441880 26.77520000
567 2441890 26.78440000
568 2441900 26.79330000
569 2441910 26.79650000
570 2441920 26.79320000
571 2441930 26.78160000
572 2441940 26.78280000
573 2441950 26.78850000
574 2441960 26.79570000
575 2441970 26.80150000
576 2441980 26.80110000
577 2441990 26.79130000
578 2442000 26.77110000
579 2442010 26.73980000
580 2442020 26.73670000
581 2442030 26.74400000
582 2442040 26.76540000
583 2442050 26.78850000
584 2442060 26.81330000
585 2442070 26.83690000
586 2442080 26.85480000
587 2442090 26.86420000
588 2442100 26.86410000
589 2442110 26.85500000
590 2442120 26.84010000
591 2442130 26.82460000
592 2442140 26.81090000
593 2442150 26.79950000
594 2442160 26.78840000
595 2442170 26.77650000
596 2442180 26.76050000
597 2442190 26.73960000
598 2442200 26.71960000
599 2442210 26.75010000
600 2442220 26.77030000
601 2442230 26.76920000
602 2442240 26.75130000
603 2442250 26.73160000
604 2442260 26.75440000
605 2442270 26.76740000
606 2442280 26.76860000
607 2442290 26.78910000
608 2442300 26.81910000
609 2442310 26.84320000
610 2442320 26.85890000
611 2442330 26.86410000
612 2442340 26.85880000
613 2442350 26.84610000
614 2442360 26.82910000
615 2442370 26.80970000
616 2442380 26.79050000
617 2442390 26.77430000
618 2442400 26.77090000
619 2442410 26.76590000
620 2442420 26.75840000
621 2442430 26.76340000
622 2442440 26.77100000
623 2442450 26.78390000
624 2442460 26.80180000
625 2442470 26.81430000
626 2442480 26.82110000
627 2442490 26.82220000
628 2442500 26.81770000
629 2442510 26.80810000
630 2442520 26.79440000
631 2442530 26.81060000
632 2442540 26.81510000
633 2442550 26.81150000
634 2442560 26.80330000
635 2442570 26.79220000
636 2442580 26.77860000
637 2442590 26.76620000
638 2442600 26.75700000
639 2442610 26.75700000
640 2442620 26.77170000
641 2442630 26.77730000
642 2442640 26.77420000
643 2442650 26.76550000
644 2442660 26.75900000
645 2442670 26.77390000
646 2442680 26.77840000
647 2442690 26.76880000
648 2442700 26.75600000
649 2442710 26.75170000
650 2442720 26.73960000
651 2442730 26.72230000
652 2442740 26.72570000
653 2442750 26.71940000
654 2442760 26.72600000
655 2442770 26.74540000
656 2442780 26.76140000
657 2442790 26.77280000
658 2442800 26.77830000
659 2442810 26.77890000
660 2442820 26.77610000
661 2442830 26.77130000
662 2442840 26.76590000
663 2442850 26.75990000
664 2442860 26.75540000
665 2442870 26.75290000
666 2442880 26.75300000
667 2442890 26.75400000
668 2442900 26.75510000
669 2442910 26.78490000
670 2442920 26.80240000
671 2442930 26.80250000
672 2442940 26.78590000
673 2442950 26.75730000
674 2442960 26.75660000
675 2442970 26.77430000
676 2442980 26.78930000
677 2442990 26.79090000
678 2443000 26.77960000
679 2443010 26.76500000
680 2443020 26.76280000
681 2443030 26.75790000
682 2443040 26.75110000
683 2443050 26.74420000
684 2443060 26.74830000
685 2443070 26.75250000
686 2443080 26.74810000
687 2443090 26.73910000
688 2443100 26.74650000
689 2443110 26.75000000
690 2443120 26.73920000
691 2443130 26.75680000
692 2443140 26.77340000
693 2443150 26.78550000
694 2443160 26.79160000
695 2443170 26.78980000
696 2443180 26.78060000
697 2443190 26.77120000
698 2443200 26.75480000
699 2443210 26.73130000
700 2443220 26.73280000
701 2443230 26.74790000
702 2443240 26.76040000
703 2443250 26.77520000
704 2443260 26.77530000
705 2443270 26.76170000
706 2443280 26.75260000
707 2443290 26.77380000
708 2443300 26.78170000
709 2443310 26.77780000
710 2443320 26.76460000
711 2443330 26.74810000
712 2443340 26.73390000
713 2443350 26.72590000
714 2443360 26.72580000
715 2443370 26.73350000
716 2443380 26.74670000
717 2443390 26.76170000
718 2443400 26.77330000
719 2443410 26.77510000
720 2443420 26.80090000
721 2443430 26.83380000
722 2443440 26.85210000
723 2443450 26.85780000
724 2443460 26.85630000
725 2443470 26.85270000
726 2443480 26.84930000
727 2443490 26.84480000
728 2443500 26.85900000
729 2443510 26.88800000
730 2443520 26.90990000
731 2443530 26.92290000
732 2443540 26.93000000
733 2443550 26.93360000
734 2443560 26.93420000
735 2443570 26.93260000
736 2443580 26.92710000
737 2443590 26.91870000
738 2443600 26.90800000
739 2443610 26.89640000
740 2443620 26.88570000
741 2443630 26.87590000
742 2443640 26.86760000
743 2443650 26.85820000
744 2443660 26.85210000
745 2443670 26.84950000
746 2443680 26.84310000
747 2443690 26.83400000
748 2443700 26.83180000
749 2443710 26.84110000
750 2443720 26.84280000
751 2443730 26.83590000
752 2443740 26.82060000
753 2443750 26.79890000
754 2443760 26.77890000
755 2443770 26.77300000
756 2443780 26.76210000
757 2443790 26.77180000
758 2443800 26.78710000
759 2443810 26.80340000
760 2443820 26.82070000
761 2443830 26.83680000
762 2443840 26.84910000
763 2443850 26.85460000
764 2443860 26.85070000
765 2443870 26.83620000
766 2443880 26.81130000
767 2443890 26.77990000
768 2443900 26.76180000
769 2443910 26.78480000
770 2443920 26.80160000
771 2443930 26.81270000
772 2443940 26.82070000
773 2443950 26.84440000
774 2443960 26.86200000
775 2443970 26.86120000
776 2443980 26.86340000
777 2443990 26.88130000
778 2444000 26.89100000
779 2444010 26.89390000
780 2444020 26.89820000
781 2444030 26.91160000
782 2444040 26.91620000
783 2444050 26.91130000
784 2444060 26.89620000
785 2444070 26.87350000
786 2444080 26.84400000
787 2444090 26.81110000
788 2444100 26.83250000
789 2444110 26.85230000
790 2444120 26.86060000
791 2444130 26.85320000
792 2444140 26.83020000
793 2444150 26.79510000
794 2444160 26.79230000
795 2444170 26.79480000
796 2444180 26.80010000
797 2444190 26.81210000
798 2444200 26.82260000
799 2444210 26.82890000
800 2444220 26.82920000
801 2444230 26.82350000
802 2444240 26.81220000
803 2444250 26.81380000
804 2444260 26.82600000
805 2444270 26.82430000
806 2444280 26.81010000
807 2444290 26.78590000
808 2444300 26.77120000
809 2444310 26.77620000
810 2444320 26.76780000
811 2444330 26.77760000
812 2444340 26.78660000
813 2444350 26.78000000
814 2444360 26.76130000
815 2444370 26.74500000
816 2444380 26.75000000
817 2444390 26.74930000
818 2444400 26.74440000
819 2444410 26.73890000
820 2444420 26.74060000
821 2444430 26.75780000
822 2444440 26.76340000
823 2444450 26.76010000
824 2444460 26.78040000
825 2444470 26.81290000
826 2444480 26.82890000
827 2444490 26.82780000
828 2444500 26.81310000
829 2444510 26.79090000
830 2444520 26.76720000
831 2444530 26.76350000
832 2444540 26.78610000
833 2444550 26.80700000
834 2444560 26.82510000
835 2444570 26.83990000
836 2444580 26.85320000
837 2444590 26.86600000
838 2444600 26.87870000
839 2444610 26.89130000
840 2444620 26.90320000
841 2444630 26.91320000
842 2444640 26.91750000
843 2444650 26.91210000
844 2444660 26.89300000
845 2444670 26.86040000
846 2444680 26.81690000
847 2444690 26.77910000
848 2444700 26.80020000
849 2444710 26.81310000
850 2444720 26.81760000
851 2444730 26.81540000
852 2444740 26.81100000
853 2444750 26.80550000
854 2444760 26.79810000
855 2444770 26.79960000
856 2444780 26.80220000
857 2444790 26.80400000
858 2444800 26.80190000
859 2444810 26.79120000
860 2444820 26.78190000
861 2444830 26.77340000
862 2444840 26.75630000
863 2444850 26.72940000
864 2444860 26.69820000
865 2444870 26.70340000
866 2444880 26.72390000
867 2444890 26.73880000
868 2444900 26.74850000
869 2444910 26.75260000
870 2444920 26.75160000
871 2444930 26.74580000
872 2444940 26.73610000
873 2444950 26.75770000
874 2444960 26.78250000
875 2444970 26.79830000
876 2444980 26.81860000
877 2444990 26.84190000
878 2445000 26.85530000
879 2445010 26.85640000
880 2445020 26.84340000
881 2445030 26.81690000
882 2445040 26.78140000
883 2445050 26.78280000
884 2445060 26.78100000
885 2445070 26.77480000
886 2445080 26.76230000
887 2445090 26.74920000
888 2445100 26.74240000
889 2445110 26.73210000
890 2445120 26.77610000
891 2445130 26.81070000
892 2445140 26.83250000
893 2445150 26.84210000
894 2445160 26.84160000
895 2445170 26.83300000
896 2445180 26.81760000
897 2445190 26.79590000
898 2445200 26.76740000
899 2445210 26.76610000
900 2445220 26.78270000
901 2445230 26.79380000
902 2445240 26.79850000
903 2445250 26.79580000
904 2445260 26.79230000
905 2445270 26.80180000
906 2445280 26.81080000
907 2445290 26.82030000
908 2445300 26.82960000
909 2445310 26.83680000
910 2445320 26.84110000
911 2445330 26.84010000
912 2445340 26.83220000
913 2445350 26.81770000
914 2445360 26.84230000
915 2445370 26.86660000
916 2445380 26.88210000
917 2445390 26.89010000
918 2445400 26.89150000
919 2445410 26.88830000
920 2445420 26.88100000
921 2445430 26.88050000
922 2445440 26.89470000
923 2445450 26.90010000
924 2445460 26.89730000
925 2445470 26.88820000
926 2445480 26.87510000
927 2445490 26.86050000
928 2445500 26.84610000
929 2445510 26.83090000
930 2445520 26.81350000
931 2445530 26.79360000
932 2445540 26.79470000
933 2445550 26.81980000
934 2445560 26.83300000
935 2445570 26.83080000
936 2445580 26.81250000
937 2445590 26.78500000
938 2445600 26.78010000
939 2445610 26.77920000
940 2445620 26.78320000
941 2445630 26.79210000
942 2445640 26.80460000
943 2445650 26.81750000
944 2445660 26.82670000
945 2445670 26.82760000
946 2445680 26.81640000
947 2445690 26.79310000
948 2445700 26.77390000
949 2445710 26.77490000
950 2445720 26.77330000
951 2445730 26.78770000
952 2445740 26.79900000
953 2445750 26.80830000
954 2445760 26.81650000
955 2445770 26.82430000
956 2445780 26.82950000
957 2445790 26.83090000
958 2445800 26.82540000
959 2445810 26.81300000
960 2445820 26.79390000
961 2445830 26.76930000
962 2445840 26.74050000
963 2445850 26.71110000
964 2445860 26.72620000
965 2445870 26.76090000
966 2445880 26.79320000
967 2445890 26.84260000
968 2445900 26.89520000
969 2445910 26.94410000
970 2445920 26.98620000
971 2445930 27.02030000
972 2445940 27.04250000
973 2445950 27.05090000
974 2445960 27.04390000
975 2445970 27.02360000
976 2445980 26.99200000
977 2445990 26.95150000
978 2446000 26.90560000
979 2446010 26.85680000
980 2446020 26.80750000
981 2446030 26.76130000
982 2446040 26.76610000
983 2446050 26.78440000
984 2446060 26.79750000
985 2446070 26.80280000
986 2446080 26.79910000
987 2446090 26.78700000
988 2446100 26.76830000
989 2446110 26.74530000
990 2446120 26.76540000
991 2446130 26.78510000
992 2446140 26.80120000
993 2446150 26.80930000
994 2446160 26.80590000
995 2446170 26.79000000
996 2446180 26.77440000
997 2446190 26.78320000
998 2446200 26.77460000
999 2446210 26.79100000
1000 2446220 26.80190000
1001 2446230 26.79520000
1002 2446240 26.77110000
1003 2446250 26.73240000
1004 2446260 26.69210000
1005 2446270 26.68930000
1006 2446280 26.69620000
1007 2446290 26.70010000
1008 2446300 26.70800000
1009 2446310 26.72030000
1010 2446320 26.72070000
1011 2446330 26.71130000
1012 2446340 26.72010000
1013 2446350 26.71830000
1014 2446360 26.70700000
1015 2446370 26.68930000
1016 2446380 26.67460000
1017 2446390 26.67950000
1018 2446400 26.69000000
1019 2446410 26.71630000
1020 2446420 26.73590000
1021 2446430 26.74840000
1022 2446440 26.75740000
1023 2446450 26.77550000
1024 2446460 26.79290000
1025 2446470 26.80820000
1026 2446480 26.81970000
1027 2446490 26.82650000
1028 2446500 26.84810000
1029 2446510 26.86820000
1030 2446520 26.87920000
1031 2446530 26.88200000
1032 2446540 26.87890000
1033 2446550 26.87320000
1034 2446560 26.86580000
1035 2446570 26.85760000
1036 2446580 26.84780000
1037 2446590 26.83590000
1038 2446600 26.82150000
1039 2446610 26.80600000
1040 2446620 26.80980000
1041 2446630 26.82320000
1042 2446640 26.83990000
1043 2446650 26.85410000
1044 2446660 26.86050000
1045 2446670 26.85550000
1046 2446680 26.84000000
1047 2446690 26.81650000
1048 2446700 26.78920000
1049 2446710 26.76030000
1050 2446720 26.76010000
1051 2446730 26.75950000
1052 2446740 26.74710000
1053 2446750 26.74120000
1054 2446760 26.74090000
1055 2446770 26.72420000
1056 2446780 26.71390000
1057 2446790 26.70110000
1058 2446800 26.70350000
1059 2446810 26.71940000
1060 2446820 26.74440000
1061 2446830 26.77920000
1062 2446840 26.80810000
1063 2446850 26.82860000
1064 2446860 26.83880000
1065 2446870 26.83890000
1066 2446880 26.83020000
1067 2446890 26.81440000
1068 2446900 26.79400000
1069 2446910 26.77170000
1070 2446920 26.74990000
1071 2446930 26.73880000
1072 2446940 26.73650000
1073 2446950 26.72430000
1074 2446960 26.70550000
1075 2446970 26.71160000
1076 2446980 26.71900000
1077 2446990 26.72850000
1078 2447000 26.73720000
1079 2447010 26.75430000
1080 2447020 26.79880000
1081 2447030 26.83970000
1082 2447040 26.87510000
1083 2447050 26.90260000
1084 2447060 26.91960000
1085 2447070 26.92580000
1086 2447080 26.92540000
1087 2447090 26.92260000
1088 2447100 26.91990000
1089 2447110 26.91780000
1090 2447120 26.91770000
1091 2447130 26.91790000
1092 2447140 26.91670000
1093 2447150 26.91230000
1094 2447160 26.90540000
1095 2447170 26.89560000
1096 2447180 26.88250000
1097 2447190 26.86440000
1098 2447200 26.84160000
1099 2447210 26.81280000
1100 2447220 26.81130000
1101 2447230 26.80150000
1102 2447240 26.78280000
1103 2447250 26.77900000
1104 2447260 26.79270000
1105 2447270 26.81110000
1106 2447280 26.82860000
1107 2447290 26.83840000
1108 2447300 26.83930000
1109 2447310 26.83110000
1110 2447320 26.81430000
1111 2447330 26.79140000
1112 2447340 26.77120000
1113 2447350 26.77220000
1114 2447360 26.77630000
1115 2447370 26.78270000
1116 2447380 26.78890000
1117 2447390 26.79220000
1118 2447400 26.78910000
1119 2447410 26.77710000
1120 2447420 26.75560000
1121 2447430 26.74350000
1122 2447440 26.73140000
1123 2447450 26.72460000
1124 2447460 26.72540000
1125 2447470 26.73210000
1126 2447480 26.73470000
1127 2447490 26.75570000
1128 2447500 26.77110000
1129 2447510 26.78030000
1130 2447520 26.78190000
1131 2447530 26.78520000
1132 2447540 26.80650000
1133 2447550 26.82940000
1134 2447560 26.85080000
1135 2447570 26.86490000
1136 2447580 26.86770000
1137 2447590 26.85850000
1138 2447600 26.84180000
1139 2447610 26.82260000
1140 2447620 26.80630000
1141 2447630 26.79670000
1142 2447640 26.79310000
1143 2447650 26.79180000
1144 2447660 26.78830000
1145 2447670 26.79500000
1146 2447680 26.79790000
1147 2447690 26.80460000
1148 2447700 26.81920000
1149 2447710 26.82840000
1150 2447720 26.83200000
1151 2447730 26.83010000
1152 2447740 26.82350000
1153 2447750 26.81330000
1154 2447760 26.80240000
1155 2447770 26.79070000
1156 2447780 26.79420000
1157 2447790 26.80840000
1158 2447800 26.82000000
1159 2447810 26.82870000
1160 2447820 26.83280000
1161 2447830 26.82970000
1162 2447840 26.81760000
1163 2447850 26.80220000
1164 2447860 26.77390000
1165 2447870 26.75410000
1166 2447880 26.73110000
1167 2447890 26.73640000
1168 2447900 26.74840000
1169 2447910 26.75550000
1170 2447920 26.75760000
1171 2447930 26.75690000
1172 2447940 26.75330000
1173 2447950 26.74800000
1174 2447960 26.76390000
1175 2447970 26.77830000
1176 2447980 26.77570000
1177 2447990 26.77160000
1178 2448000 26.78850000
1179 2448010 26.80090000
1180 2448020 26.80690000
1181 2448030 26.80740000
1182 2448040 26.80630000
1183 2448050 26.80900000
1184 2448060 26.81960000
1185 2448070 26.83800000
1186 2448080 26.86000000
1187 2448090 26.87820000
1188 2448100 26.88490000
1189 2448110 26.87460000
1190 2448120 26.84850000
1191 2448130 26.85440000
1192 2448140 26.88210000
1193 2448150 26.90570000
1194 2448160 26.92270000
1195 2448170 26.93050000
1196 2448180 26.92730000
1197 2448190 26.91370000
1198 2448200 26.89170000
1199 2448210 26.86700000
1200 2448220 26.84470000
1201 2448230 26.82950000
1202 2448240 26.82180000
1203 2448250 26.81950000
1204 2448260 26.81800000
1205 2448270 26.81470000
1206 2448280 26.80670000
1207 2448290 26.79250000
1208 2448300 26.77090000
1209 2448310 26.74190000
1210 2448320 26.75760000
1211 2448330 26.77340000
1212 2448340 26.77860000
1213 2448350 26.77280000
1214 2448360 26.75720000
1215 2448370 26.73300000
1216 2448380 26.71000000
1217 2448390 26.70120000
1218 2448400 26.70770000
1219 2448410 26.71040000
1220 2448420 26.70680000
1221 2448430 26.69680000
1222 2448440 26.68860000
1223 2448450 26.68770000
1224 2448460 26.67990000
1225 2448470 26.67660000
1226 2448480 26.67600000
1227 2448490 26.69910000
1228 2448500 26.72040000
1229 2448510 26.73730000
1230 2448520 26.74900000
1231 2448530 26.75440000
1232 2448540 26.75380000
1233 2448550 26.74960000
1234 2448560 26.74400000
1235 2448570 26.73830000
1236 2448580 26.73840000
1237 2448590 26.74120000
1238 2448600 26.73770000
1239 2448610 26.75310000
1240 2448620 26.78940000
1241 2448630 26.81380000
1242 2448640 26.82410000
1243 2448650 26.82220000
1244 2448660 26.81140000
1245 2448670 26.79730000
1246 2448680 26.78670000
1247 2448690 26.78400000
1248 2448700 26.79210000
1249 2448710 26.81130000
1250 2448720 26.83460000
1251 2448730 26.85150000
1252 2448740 26.86680000
1253 2448750 26.87060000
1254 2448760 26.86110000
1255 2448770 26.83940000
1256 2448780 26.80870000
1257 2448790 26.78380000
1258 2448800 26.75810000
1259 2448810 26.76130000
1260 2448820 26.76190000
1261 2448830 26.75570000
1262 2448840 26.74220000
1263 2448850 26.72440000
1264 2448860 26.70690000
1265 2448870 26.70460000
1266 2448880 26.72020000
1267 2448890 26.73390000
1268 2448900 26.74130000
1269 2448910 26.74480000
1270 2448920 26.75180000
1271 2448930 26.74660000
1272 2448940 26.74220000
1273 2448950 26.75420000
1274 2448960 26.76220000
1275 2448970 26.77610000
1276 2448980 26.79670000
1277 2448990 26.81020000
1278 2449000 26.81870000
1279 2449010 26.82390000
1280 2449020 26.82620000
1281 2449030 26.82350000
1282 2449040 26.81460000
1283 2449050 26.79960000
1284 2449060 26.77820000
1285 2449070 26.75130000
1286 2449080 26.73390000
1287 2449090 26.72870000
1288 2449100 26.71810000
1289 2449110 26.70440000
1290 2449120 26.71060000
1291 2449130 26.71400000
1292 2449140 26.71420000
1293 2449150 26.72650000
1294 2449160 26.73920000
1295 2449170 26.74950000
1296 2449180 26.75800000
1297 2449190 26.76710000
1298 2449200 26.77920000
1299 2449210 26.79530000
1300 2449220 26.81410000
1301 2449230 26.83310000
1302 2449240 26.84890000
1303 2449250 26.85830000
1304 2449260 26.85840000
1305 2449270 26.84880000
1306 2449280 26.83090000
1307 2449290 26.80860000
1308 2449300 26.80400000
1309 2449310 26.82080000
1310 2449320 26.83420000
1311 2449330 26.84330000
1312 2449340 26.84740000
1313 2449350 26.84660000
1314 2449360 26.84090000
1315 2449370 26.83060000
1316 2449380 26.82610000
1317 2449390 26.84490000
1318 2449400 26.85550000
1319 2449410 26.85830000
1320 2449420 26.85520000
1321 2449430 26.84710000
1322 2449440 26.83580000
1323 2449450 26.82250000
1324 2449460 26.80950000
1325 2449470 26.79700000
1326 2449480 26.81430000
1327 2449490 26.82540000
1328 2449500 26.82570000
1329 2449510 26.81840000
1330 2449520 26.80860000
1331 2449530 26.80130000
1332 2449540 26.80050000
1333 2449550 26.80920000
1334 2449560 26.82770000
1335 2449570 26.85220000
1336 2449580 26.87700000
1337 2449590 26.89720000
1338 2449600 26.90870000
1339 2449610 26.90960000
1340 2449620 26.90040000
1341 2449630 26.88170000
1342 2449640 26.85380000
1343 2449650 26.81830000
1344 2449660 26.81400000
1345 2449670 26.82300000
1346 2449680 26.82710000
1347 2449690 26.82530000
1348 2449700 26.81740000
1349 2449710 26.80260000
1350 2449720 26.78220000
1351 2449730 26.75700000
1352 2449740 26.72780000
1353 2449750 26.72350000
1354 2449760 26.72670000
1355 2449770 26.74520000
1356 2449780 26.75860000
1357 2449790 26.76680000
1358 2449800 26.77140000
1359 2449810 26.77230000
1360 2449820 26.77060000
1361 2449830 26.76580000
1362 2449840 26.77430000
1363 2449850 26.77700000
1364 2449860 26.77510000
1365 2449870 26.77010000
1366 2449880 26.77260000
1367 2449890 26.78800000
1368 2449900 26.79610000
1369 2449910 26.79760000
1370 2449920 26.79410000
1371 2449930 26.78850000
1372 2449940 26.78380000
1373 2449950 26.78190000
1374 2449960 26.78430000
1375 2449970 26.79000000
1376 2449980 26.79780000
1377 2449990 26.80500000
1378 2450000 26.80870000
1379 2450010 26.81200000
1380 2450020 26.81920000
1381 2450030 26.82670000
1382 2450040 26.83370000
1383 2450050 26.83990000
1384 2450060 26.84690000
1385 2450070 26.85450000
1386 2450080 26.86090000
1387 2450090 26.86380000
1388 2450100 26.85870000
1389 2450110 26.83950000
1390 2450120 26.80370000
1391 2450130 26.78980000
1392 2450140 26.79710000
1393 2450150 26.80090000
1394 2450160 26.80070000
1395 2450170 26.79700000
1396 2450180 26.79170000
1397 2450190 26.78630000
1398 2450200 26.78020000
1399 2450210 26.78370000
1400 2450220 26.80060000
1401 2450230 26.81300000
1402 2450240 26.81860000
1403 2450250 26.81590000
1404 2450260 26.80550000
1405 2450270 26.78960000
1406 2450280 26.77150000
1407 2450290 26.75300000
1408 2450300 26.73450000
1409 2450310 26.71510000
1410 2450320 26.69470000
1411 2450330 26.68190000
1412 2450340 26.68900000
1413 2450350 26.69200000
1414 2450360 26.69200000
1415 2450370 26.68990000
1416 2450380 26.68960000
1417 2450390 26.70140000
1418 2450400 26.71780000
1419 2450410 26.72380000
1420 2450420 26.71880000
1421 2450430 26.70440000
1422 2450440 26.72400000
1423 2450450 26.75230000
1424 2450460 26.77500000
1425 2450470 26.78810000
1426 2450480 26.79850000
1427 2450490 26.80750000
1428 2450500 26.81100000
1429 2450510 26.81090000
1430 2450520 26.81230000
1431 2450530 26.82100000
1432 2450540 26.82330000
1433 2450550 26.81940000
1434 2450560 26.81040000
1435 2450570 26.79720000
1436 2450580 26.79410000
1437 2450590 26.79010000
1438 2450600 26.79540000
1439 2450610 26.80230000
1440 2450620 26.80820000
1441 2450630 26.81060000
1442 2450640 26.80930000
1443 2450650 26.80460000
1444 2450660 26.79680000
1445 2450670 26.78670000
1446 2450680 26.77520000
1447 2450690 26.77840000
1448 2450700 26.80140000
1449 2450710 26.81360000
1450 2450720 26.81400000
1451 2450730 26.81360000
1452 2450740 26.82480000
1453 2450750 26.82730000
1454 2450760 26.82230000
1455 2450770 26.81150000
1456 2450780 26.79850000
1457 2450790 26.78480000
1458 2450800 26.77030000
1459 2450810 26.75380000
1460 2450820 26.73430000
1461 2450830 26.71150000
1462 2450840 26.68890000
1463 2450850 26.69040000
1464 2450860 26.68790000
1465 2450870 26.68610000
1466 2450880 26.69140000
1467 2450890 26.68550000
1468 2450900 26.71670000
1469 2450910 26.74140000
1470 2450920 26.77020000
1471 2450930 26.79790000
1472 2450940 26.81270000
1473 2450950 26.81320000
1474 2450960 26.79920000
1475 2450970 26.77090000
1476 2450980 26.73080000
1477 2450990 26.71120000
1478 2451000 26.70960000
1479 2451010 26.70880000
1480 2451020 26.72480000
1481 2451030 26.74440000
1482 2451040 26.76320000
1483 2451050 26.78110000
1484 2451060 26.80220000
1485 2451070 26.82580000
1486 2451080 26.84040000
1487 2451090 26.84590000
1488 2451100 26.84020000
1489 2451110 26.82370000
1490 2451120 26.81670000
1491 2451130 26.80880000
1492 2451140 26.80280000
1493 2451150 26.80060000
1494 2451160 26.80190000
1495 2451170 26.80550000
1496 2451180 26.81160000
1497 2451190 26.82030000
1498 2451200 26.83100000
1499 2451210 26.84200000
1500 2451220 26.84920000
1501 2451230 26.84920000
1502 2451240 26.84030000
1503 2451250 26.82290000
1504 2451260 26.79980000
1505 2451270 26.78510000
1506 2451280 26.81080000
1507 2451290 26.82800000
1508 2451300 26.83310000
1509 2451310 26.82470000
1510 2451320 26.80490000
1511 2451330 26.77880000
1512 2451340 26.76210000
1513 2451350 26.77690000
1514 2451360 26.78450000
1515 2451370 26.78420000
1516 2451380 26.77680000
1517 2451390 26.76740000
1518 2451400 26.77950000
1519 2451410 26.79120000
1520 2451420 26.80250000
1521 2451430 26.81260000
1522 2451440 26.82070000
1523 2451450 26.82520000
1524 2451460 26.82520000
1525 2451470 26.82070000
1526 2451480 26.81600000
1527 2451490 26.80780000
1528 2451500 26.79220000
1529 2451510 26.78270000
1530 2451520 26.79220000
1531 2451530 26.79320000
1532 2451540 26.78620000
1533 2451550 26.77150000
1534 2451560 26.75020000
1535 2451570 26.75050000
1536 2451580 26.77550000
1537 2451590 26.79690000
1538 2451600 26.81310000
1539 2451610 26.82390000
1540 2451620 26.82960000
1541 2451630 26.83300000
1542 2451640 26.83720000
1543 2451650 26.84290000
1544 2451660 26.85000000
1545 2451670 26.85940000
1546 2451680 26.87020000
1547 2451690 26.87950000
1548 2451700 26.88350000
1549 2451710 26.87910000
1550 2451720 26.86480000
1551 2451730 26.84180000
1552 2451740 26.81230000
1553 2451750 26.77870000
1554 2451760 26.74450000
1555 2451770 26.75890000
1556 2451780 26.77300000
1557 2451790 26.78350000
1558 2451800 26.78800000
1559 2451810 26.79390000
1560 2451820 26.79500000
1561 2451830 26.78900000
1562 2451840 26.77670000
1563 2451850 26.80430000
1564 2451860 26.83250000
1565 2451870 26.85560000
1566 2451880 26.86650000
1567 2451890 26.86020000
1568 2451900 26.83630000
1569 2451910 26.80100000
1570 2451920 26.76000000
1571 2451930 26.78220000
1572 2451940 26.79950000
1573 2451950 26.80840000
1574 2451960 26.81390000
1575 2451970 26.81930000
1576 2451980 26.82240000
1577 2451990 26.82160000
1578 2452000 26.81780000
1579 2452010 26.80890000
1580 2452020 26.79250000
1581 2452030 26.79440000
1582 2452040 26.80560000
1583 2452050 26.81030000
1584 2452060 26.80460000
1585 2452070 26.78810000
1586 2452080 26.77800000
1587 2452090 26.78470000
1588 2452100 26.78550000
1589 2452110 26.80470000
1590 2452120 26.83370000
1591 2452130 26.85990000
1592 2452140 26.87790000
1593 2452150 26.88350000
1594 2452160 26.87420000
1595 2452170 26.85330000
1596 2452180 26.82590000
1597 2452190 26.82500000
1598 2452200 26.83140000
1599 2452210 26.83520000
1600 2452220 26.83660000
1601 2452230 26.83540000
1602 2452240 26.83120000
1603 2452250 26.82300000
1604 2452260 26.81060000
1605 2452270 26.79470000
1606 2452280 26.77590000
1607 2452290 26.75530000
1608 2452300 26.75900000
1609 2452310 26.77570000
1610 2452320 26.78290000
1611 2452330 26.77640000
1612 2452340 26.75880000
1613 2452350 26.73210000
1614 2452360 26.72440000
1615 2452370 26.72230000
1616 2452380 26.72050000
1617 2452390 26.72050000
1618 2452400 26.72470000
1619 2452410 26.73460000
1620 2452420 26.74190000
1621 2452430 26.75460000
1622 2452440 26.76840000
1623 2452450 26.78220000
1624 2452460 26.79530000
1625 2452470 26.80620000
1626 2452480 26.81430000
1627 2452490 26.81880000
1628 2452500 26.81770000
1629 2452510 26.80900000
1630 2452520 26.79270000
1631 2452530 26.77110000
1632 2452540 26.75180000
1633 2452550 26.74110000
1634 2452560 26.72620000
1635 2452570 26.70990000
1636 2452580 26.70970000
1637 2452590 26.71870000
1638 2452600 26.73450000
1639 2452610 26.74470000
1640 2452620 26.74110000
1641 2452630 26.74520000
1642 2452640 26.76350000
1643 2452650 26.78110000
1644 2452660 26.79490000
1645 2452670 26.80180000
1646 2452680 26.80020000
1647 2452690 26.78850000
1648 2452700 26.77690000
1649 2452710 26.78580000
1650 2452720 26.79370000
1651 2452730 26.80080000
1652 2452740 26.80750000
1653 2452750 26.81380000
1654 2452760 26.81970000
1655 2452770 26.82210000
1656 2452780 26.81590000
1657 2452790 26.81060000
1658 2452800 26.80830000
1659 2452810 26.80030000
1660 2452820 26.80420000
1661 2452830 26.84160000
1662 2452840 26.86600000
1663 2452850 26.87460000
1664 2452860 26.86800000
1665 2452870 26.84940000
1666 2452880 26.82370000
1667 2452890 26.79560000
1668 2452900 26.76760000
1669 2452910 26.74080000
1670 2452920 26.71470000
1671 2452930 26.71370000
1672 2452940 26.73170000
1673 2452950 26.74480000
1674 2452960 26.75350000
1675 2452970 26.75770000
1676 2452980 26.75670000
1677 2452990 26.74870000
1678 2453000 26.73250000
1679 2453010 26.73560000
1680 2453020 26.74190000
1681 2453030 26.74280000
1682 2453040 26.73900000
1683 2453050 26.72920000
1684 2453060 26.71660000
1685 2453070 26.73720000
1686 2453080 26.74960000
1687 2453090 26.76200000
1688 2453100 26.78590000
1689 2453110 26.80290000
1690 2453120 26.81250000
1691 2453130 26.81530000
1692 2453140 26.81380000
1693 2453150 26.80940000
1694 2453160 26.80390000
1695 2453170 26.79840000
1696 2453180 26.79420000
1697 2453190 26.79130000
1698 2453200 26.78950000
1699 2453210 26.78730000
1700 2453220 26.78380000
1701 2453230 26.77820000
1702 2453240 26.77010000
1703 2453250 26.76090000
1704 2453260 26.79480000
1705 2453270 26.81560000
1706 2453280 26.82050000
1707 2453290 26.81070000
1708 2453300 26.78970000
1709 2453310 26.78680000
1710 2453320 26.79200000
1711 2453330 26.79290000
1712 2453340 26.78980000
1713 2453350 26.78520000
1714 2453360 26.79250000
1715 2453370 26.79580000
1716 2453380 26.79480000
1717 2453390 26.78940000
1718 2453400 26.77990000
1719 2453410 26.76700000
1720 2453420 26.75080000
1721 2453430 26.75000000
1722 2453440 26.76190000
1723 2453450 26.77270000
1724 2453460 26.78090000
1725 2453470 26.78340000
1726 2453480 26.77810000
1727 2453490 26.76310000
1728 2453500 26.76870000
1729 2453510 26.78750000
1730 2453520 26.79550000
1731 2453530 26.78980000
1732 2453540 26.77080000
1733 2453550 26.75250000
1734 2453560 26.73840000
1735 2453570 26.71350000
1736 2453580 26.70830000
1737 2453590 26.72330000
1738 2453600 26.73170000
1739 2453610 26.73130000
1740 2453620 26.72060000
1741 2453630 26.73380000
1742 2453640 26.74670000
1743 2453650 26.75090000
1744 2453660 26.74860000
1745 2453670 26.74160000
1746 2453680 26.73730000
1747 2453690 26.73600000
1748 2453700 26.74310000
1749 2453710 26.75110000
1750 2453720 26.75090000
1751 2453730 26.74140000
1752 2453740 26.73680000
1753 2453750 26.73300000
1754 2453760 26.74220000
1755 2453770 26.75820000
1756 2453780 26.77120000
1757 2453790 26.78560000
1758 2453800 26.79510000
1759 2453810 26.80020000
1760 2453820 26.80090000
1761 2453830 26.79660000
1762 2453840 26.78660000
1763 2453850 26.79740000
1764 2453860 26.81960000
1765 2453870 26.82430000
1766 2453880 26.81320000
1767 2453890 26.79420000
1768 2453900 26.77360000
1769 2453910 26.79130000
1770 2453920 26.80930000
1771 2453930 26.82250000
1772 2453940 26.83300000
1773 2453950 26.84260000
1774 2453960 26.85230000
1775 2453970 26.86100000
1776 2453980 26.86780000
1777 2453990 26.87180000
1778 2454000 26.87280000
1779 2454010 26.87180000
1780 2454020 26.86910000
1781 2454030 26.86460000
1782 2454040 26.85650000
1783 2454050 26.84350000
1784 2454060 26.84330000
1785 2454070 26.85620000
1786 2454080 26.86350000
1787 2454090 26.86600000
1788 2454100 26.86500000
1789 2454110 26.86220000
1790 2454120 26.85890000
1791 2454130 26.85440000
1792 2454140 26.84940000
1793 2454150 26.84430000
1794 2454160 26.83870000
1795 2454170 26.83270000
1796 2454180 26.82670000
1797 2454190 26.81760000
1798 2454200 26.80180000
1799 2454210 26.77640000
1800 2454220 26.73970000
1801 2454230 26.70240000
1802 2454240 26.68950000
1803 2454250 26.68130000
1804 2454260 26.68980000
1805 2454270 26.72150000
1806 2454280 26.74150000
1807 2454290 26.75000000
1808 2454300 26.74800000
1809 2454310 26.73870000
1810 2454320 26.73450000
1811 2454330 26.73370000
1812 2454340 26.75350000
1813 2454350 26.77940000
1814 2454360 26.80590000
1815 2454370 26.82900000
1816 2454380 26.84480000
1817 2454390 26.85130000
1818 2454400 26.84850000
1819 2454410 26.83860000
1820 2454420 26.82400000
1821 2454430 26.81020000
1822 2454440 26.82120000
1823 2454450 26.83140000
1824 2454460 26.84210000
1825 2454470 26.85370000
1826 2454480 26.86610000
1827 2454490 26.87780000
1828 2454500 26.88620000
1829 2454510 26.88820000
1830 2454520 26.88150000
1831 2454530 26.86610000
1832 2454540 26.84340000
1833 2454550 26.83150000
1834 2454560 26.80960000
1835 2454570 26.78130000
1836 2454580 26.75250000
1837 2454590 26.72790000
1838 2454600 26.71000000
1839 2454610 26.69720000
1840 2454620 26.68780000
1841 2454630 26.67940000
1842 2454640 26.67190000
1843 2454650 26.67020000
1844 2454660 26.69030000
1845 2454670 26.70700000
1846 2454680 26.71770000
1847 2454690 26.72170000
1848 2454700 26.74480000
1849 2454710 26.75840000
1850 2454720 26.75690000
1851 2454730 26.73950000
1852 2454740 26.70940000
1853 2454750 26.72080000
1854 2454760 26.73240000
1855 2454770 26.73420000
1856 2454780 26.72960000
1857 2454790 26.73200000
1858 2454800 26.73860000
1859 2454810 26.74450000
1860 2454820 26.74780000
1861 2454830 26.74750000
1862 2454840 26.74300000
1863 2454850 26.73300000
1864 2454860 26.74560000
1865 2454870 26.76370000
1866 2454880 26.77410000
1867 2454890 26.77750000
1868 2454900 26.77460000
1869 2454910 26.77740000
1870 2454920 26.78980000
1871 2454930 26.79780000
1872 2454940 26.80080000
1873 2454950 26.79820000
1874 2454960 26.79160000
1875 2454970 26.78250000
1876 2454980 26.77970000
1877 2454990 26.77550000
1878 2455000 26.76150000
1879 2455010 26.73880000
1880 2455020 26.73190000
1881 2455030 26.72600000
1882 2455040 26.71830000
1883 2455050 26.74960000
1884 2455060 26.78260000
1885 2455070 26.81130000
1886 2455080 26.83430000
1887 2455090 26.84970000
1888 2455100 26.85480000
1889 2455110 26.84980000
1890 2455120 26.83690000
1891 2455130 26.82030000
1892 2455140 26.80390000
1893 2455150 26.78930000
1894 2455160 26.77530000
1895 2455170 26.76800000
1896 2455180 26.77160000
1897 2455190 26.77240000
1898 2455200 26.77100000
1899 2455210 26.76690000
1900 2455220 26.75970000
1901 2455230 26.74950000
1902 2455240 26.73690000
1903 2455250 26.74810000
1904 2455260 26.75850000
1905 2455270 26.76740000
1906 2455280 26.77520000
1907 2455290 26.78050000
1908 2455300 26.78200000
1909 2455310 26.77740000
1910 2455320 26.76530000
1911 2455330 26.74570000
1912 2455340 26.74570000
1913 2455350 26.75610000
1914 2455360 26.76290000
1915 2455370 26.76610000
1916 2455380 26.76520000
1917 2455390 26.75990000
1918 2455400 26.75290000
1919 2455410 26.75670000
1920 2455420 26.75440000
1921 2455430 26.74700000
1922 2455440 26.74710000
1923 2455450 26.75140000
1924 2455460 26.74550000
1925 2455470 26.73220000
1926 2455480 26.71480000
1927 2455490 26.69560000
1928 2455500 26.68400000
1929 2455510 26.69220000
1930 2455520 26.69870000
1931 2455530 26.70460000
1932 2455540 26.71540000
1933 2455550 26.72230000
1934 2455560 26.72640000
1935 2455570 26.73020000
1936 2455580 26.74800000
1937 2455590 26.78240000
1938 2455600 26.81190000
1939 2455610 26.83290000
1940 2455620 26.84510000
1941 2455630 26.84980000
1942 2455640 26.84960000
1943 2455650 26.84570000
1944 2455660 26.83910000
1945 2455670 26.82920000
1946 2455680 26.81600000
1947 2455690 26.80870000
1948 2455700 26.82420000
1949 2455710 26.83180000
1950 2455720 26.83380000
1951 2455730 26.83270000
1952 2455740 26.82870000
1953 2455750 26.82380000
1954 2455760 26.81870000
1955 2455770 26.81560000
1956 2455780 26.81560000
1957 2455790 26.81790000
1958 2455800 26.81970000
1959 2455810 26.81700000
1960 2455820 26.80570000
1961 2455830 26.78380000
1962 2455840 26.78580000
1963 2455850 26.77910000
1964 2455860 26.79040000
1965 2455870 26.80190000
1966 2455880 26.81210000
1967 2455890 26.82070000
1968 2455900 26.82590000
1969 2455910 26.82730000
1970 2455920 26.82430000
1971 2455930 26.81740000
1972 2455940 26.80490000
1973 2455950 26.81490000
1974 2455960 26.82110000
1975 2455970 26.82070000
1976 2455980 26.81350000
1977 2455990 26.80010000
1978 2456000 26.78770000
1979 2456010 26.77640000
1980 2456020 26.77080000
1981 2456030 26.75940000
1982 2456040 26.74460000
1983 2456050 26.72810000
1984 2456060 26.71370000
1985 2456070 26.73400000
1986 2456080 26.75110000
1987 2456090 26.76390000
1988 2456100 26.77150000
1989 2456110 26.77380000
1990 2456120 26.77110000
1991 2456130 26.76500000
1992 2456140 26.75500000
1993 2456150 26.74310000
1994 2456160 26.72770000
1995 2456170 26.71410000
1996 2456180 26.72130000
1997 2456190 26.72610000
1998 2456200 26.72560000
1999 2456210 26.72030000
2000 2456220 26.71130000
2001 2456230 26.69810000
2002 2456240 26.68170000
2003 2456250 26.67950000
2004 2456260 26.69410000
2005 2456270 26.70130000
2006 2456280 26.70040000
2007 2456290 26.70470000
2008 2456300 26.71070000
2009 2456310 26.70710000
2010 2456320 26.70100000
2011 2456330 26.72060000
2012 2456340 26.73920000
2013 2456350 26.75350000
2014 2456360 26.76350000
2015 2456370 26.76840000
2016 2456380 26.77910000
2017 2456390 26.81110000
2018 2456400 26.83770000
2019 2456410 26.85490000
2020 2456420 26.86080000
2021 2456430 26.85560000
2022 2456440 26.84110000
2023 2456450 26.82010000
2024 2456460 26.79570000
2025 2456470 26.77050000
2026 2456480 26.74520000
2027 2456490 26.73710000
2028 2456500 26.76090000
2029 2456510 26.78400000
2030 2456520 26.80140000
2031 2456530 26.80960000
2032 2456540 26.80590000
2033 2456550 26.79180000
2034 2456560 26.77240000
2035 2456570 26.76290000
2036 2456580 26.75430000
2037 2456590 26.73760000
2038 2456600 26.73190000
2039 2456610 26.71950000
2040 2456620 26.70230000
2041 2456630 26.68420000
2042 2456640 26.67300000
2043 2456650 26.69400000
2044 2456660 26.70910000
2045 2456670 26.71850000
2046 2456680 26.72460000
2047 2456690 26.72800000
2048 2456700 26.73020000
2049 2456710 26.73060000
2050 2456720 26.72830000
2051 2456730 26.72160000
2052 2456740 26.71000000
2053 2456750 26.70840000
2054 2456760 26.71500000
2055 2456770 26.72530000
2056 2456780 26.76160000
2057 2456790 26.78790000
2058 2456800 26.80390000
2059 2456810 26.80980000
2060 2456820 26.80680000
2061 2456830 26.79700000
2062 2456840 26.78870000
2063 2456850 26.79930000
2064 2456860 26.80230000
2065 2456870 26.79860000
2066 2456880 26.78890000
2067 2456890 26.78630000
2068 2456900 26.77750000
2069 2456910 26.76670000
2070 2456920 26.76030000
2071 2456930 26.78250000
2072 2456940 26.80110000
2073 2456950 26.81240000
2074 2456960 26.81530000
2075 2456970 26.80990000
2076 2456980 26.79930000
2077 2456990 26.78720000
2078 2457000 26.77610000
2079 2457010 26.76670000
2080 2457020 26.76460000
2081 2457030 26.78600000
2082 2457040 26.79560000
2083 2457050 26.79290000
2084 2457060 26.77990000
2085 2457070 26.76320000
2086 2457080 26.76330000
2087 2457090 26.75840000
2088 2457100 26.74800000
2089 2457110 26.74280000
2090 2457120 26.75080000
2091 2457130 26.75170000
2092 2457140 26.76890000
2093 2457150 26.79550000
2094 2457160 26.81740000
2095 2457170 26.83220000
2096 2457180 26.83900000
2097 2457190 26.83890000
2098 2457200 26.83390000
2099 2457210 26.83910000
2100 2457220 26.83810000
2101 2457230 26.81760000
2102 2457240 26.80060000
2103 2457250 26.78730000
2104 2457260 26.77070000
2105 2457270 26.75700000
2106 2457280 26.76200000
2107 2457290 26.76620000
2108 2457300 26.76820000
2109 2457310 26.76780000
2110 2457320 26.77030000
2111 2457330 26.75980000
2112 2457340 26.75520000
2113 2457350 26.75880000
2114 2457360 26.76360000
2115 2457370 26.76580000
2116 2457380 26.76430000
2117 2457390 26.75810000
2118 2457400 26.78530000
2119 2457410 26.81220000
2120 2457420 26.83080000
2121 2457430 26.84140000
2122 2457440 26.84590000
2123 2457450 26.84470000
2124 2457460 26.83710000
2125 2457470 26.82080000
2126 2457480 26.79530000
2127 2457490 26.76300000
2128 2457500 26.72930000
2129 2457510 26.70790000
2130 2457520 26.70490000
2131 2457530 26.71110000
2132 2457540 26.71640000
2133 2457550 26.71990000
2134 2457560 26.71970000
2135 2457570 26.71610000
2136 2457580 26.71070000
2137 2457590 26.71880000
2138 2457600 26.71020000
2139 2457610 26.70190000
2140 2457620 26.70620000
2141 2457630 26.71420000
2142 2457640 26.74680000
2143 2457650 26.77670000
2144 2457660 26.80270000
2145 2457670 26.82230000
2146 2457680 26.83440000
2147 2457690 26.83840000
2148 2457700 26.83550000
2149 2457710 26.82860000
2150 2457720 26.82110000
2151 2457730 26.81480000
2152 2457740 26.82640000
2153 2457750 26.83000000
2154 2457760 26.82130000
2155 2457770 26.80550000
2156 2457780 26.79900000
2157 2457790 26.79700000
2158 2457800 26.81010000
2159 2457810 26.81390000
2160 2457820 26.80800000
2161 2457830 26.79450000
2162 2457840 26.77540000
2163 2457850 26.75280000
2164 2457860 26.72890000
2165 2457870 26.73590000
2166 2457880 26.74660000
2167 2457890 26.74930000
2168 2457900 26.74360000
2169 2457910 26.73060000
2170 2457920 26.75820000
2171 2457930 26.78870000
2172 2457940 26.81730000
2173 2457950 26.84220000
2174 2457960 26.86250000
2175 2457970 26.87820000
2176 2457980 26.88950000
2177 2457990 26.89540000
2178 2458000 26.89470000
2179 2458010 26.88730000
2180 2458020 26.87390000
2181 2458030 26.85580000
2182 2458040 26.83490000
2183 2458050 26.81210000
2184 2458060 26.78750000
2185 2458070 26.76120000
2186 2458080 26.76700000
2187 2458090 26.77230000
2188 2458100 26.77450000
2189 2458110 26.77700000
2190 2458120 26.78970000
2191 2458130 26.81100000
2192 2458140 26.83100000
2193 2458150 26.84820000
2194 2458160 26.86160000
2195 2458170 26.87090000
2196 2458180 26.87720000
2197 2458190 26.88120000
2198 2458200 26.88170000
2199 2458210 26.87720000
2200 2458220 26.86550000
2201 2458230 26.84760000
2202 2458240 26.82500000
2203 2458250 26.80200000
2204 2458260 26.78070000
2205 2458270 26.76660000
2206 2458280 26.79750000
2207 2458290 26.81690000
2208 2458300 26.82480000
2209 2458310 26.82390000
2210 2458320 26.81600000
2211 2458330 26.80360000
2212 2458340 26.78760000
2213 2458350 26.76740000
2214 2458360 26.74300000
2215 2458370 26.71510000
2216 2458380 26.71430000
2217 2458390 26.71650000
2218 2458400 26.72250000
2219 2458410 26.74080000
2220 2458420 26.75250000
2221 2458430 26.75500000
2222 2458440 26.76530000
2223 2458450 26.77930000
2224 2458460 26.79100000
2225 2458470 26.79490000
2226 2458480 26.78760000
2227 2458490 26.78330000
2228 2458500 26.80210000
2229 2458510 26.81120000
2230 2458520 26.80990000
2231 2458530 26.80060000
2232 2458540 26.78680000
2233 2458550 26.77070000
2234 2458560 26.75410000
2235 2458570 26.73710000
2236 2458580 26.73360000
2237 2458590 26.73490000
2238 2458600 26.73350000
2239 2458610 26.72870000
2240 2458620 26.73140000
2241 2458630 26.74430000
2242 2458640 26.74580000
2243 2458650 26.73630000
2244 2458660 26.71910000
2245 2458670 26.71810000
2246 2458680 26.71840000
2247 2458690 26.72000000
2248 2458700 26.72380000
2249 2458710 26.72920000
2250 2458720 26.73420000
2251 2458730 26.73750000
2252 2458740 26.73610000
2253 2458750 26.73100000
2254 2458760 26.74010000
2255 2458770 26.76710000
2256 2458780 26.79300000
2257 2458790 26.81620000
2258 2458800 26.83590000
2259 2458810 26.85280000
2260 2458820 26.86780000
2261 2458830 26.88120000
2262 2458840 26.89310000
2263 2458850 26.90210000
2264 2458860 26.90620000
2265 2458870 26.90410000
2266 2458880 26.89570000
2267 2458890 26.88190000
2268 2458900 26.86340000
2269 2458910 26.84060000
2270 2458920 26.81330000
2271 2458930 26.78070000
2272 2458940 26.75520000
2273 2458950 26.73750000
2274 2458960 26.75790000
2275 2458970 26.78130000
2276 2458980 26.80210000
2277 2458990 26.81640000
2278 2459000 26.82220000
2279 2459010 26.82100000
2280 2459020 26.81480000
2281 2459030 26.80500000
2282 2459040 26.79290000
2283 2459050 26.79760000
2284 2459060 26.81530000
2285 2459070 26.83080000
2286 2459080 26.84150000
2287 2459090 26.84540000
2288 2459100 26.84130000
2289 2459110 26.83050000
2290 2459120 26.81490000
2291 2459130 26.80240000
2292 2459140 26.80490000
2293 2459150 26.80700000
2294 2459160 26.80840000
2295 2459170 26.80850000
2296 2459180 26.80480000
2297 2459190 26.79620000
2298 2459200 26.78230000
2299 2459210 26.76490000
2300 2459220 26.78530000
2301 2459230 26.80930000
2302 2459240 26.83030000
2303 2459250 26.84880000
2304 2459260 26.86460000
2305 2459270 26.87620000
2306 2459280 26.88290000
2307 2459290 26.88430000
2308 2459300 26.88050000
2309 2459310 26.87280000
2310 2459320 26.86240000
2311 2459330 26.84970000
2312 2459340 26.83510000
2313 2459350 26.81950000
2314 2459360 26.80360000
2315 2459370 26.79380000
2316 2459380 26.80870000
2317 2459390 26.82130000
2318 2459400 26.82930000
2319 2459410 26.83130000
2320 2459420 26.82610000
2321 2459430 26.81230000
2322 2459440 26.78850000
2323 2459450 26.76990000
2324 2459460 26.77970000
2325 2459470 26.78490000
2326 2459480 26.78510000
2327 2459490 26.78100000
2328 2459500 26.77320000
2329 2459510 26.77600000
2330 2459520 26.80620000
2331 2459530 26.82690000
2332 2459540 26.83220000
2333 2459550 26.82070000
2334 2459560 26.79410000
2335 2459570 26.75940000
2336 2459580 26.74510000
2337 2459590 26.74760000
2338 2459600 26.75370000
2339 2459610 26.75730000
2340 2459620 26.75720000
2341 2459630 26.75220000
2342 2459640 26.75120000
2343 2459650 26.76450000
2344 2459660 26.79460000
2345 2459670 26.81770000
2346 2459680 26.83240000
2347 2459690 26.83830000
2348 2459700 26.83460000
2349 2459710 26.82110000
2350 2459720 26.79910000
2351 2459730 26.76880000
2352 2459740 26.73230000
2353 2459750 26.69960000
2354 2459760 26.71390000
2355 2459770 26.71850000
2356 2459780 26.72680000
2357 2459790 26.73990000
2358 2459800 26.75990000
2359 2459810 26.79430000
2360 2459820 26.81440000
2361 2459830 26.81610000
2362 2459840 26.80150000
2363 2459850 26.79380000
2364 2459860 26.81210000
2365 2459870 26.82110000
2366 2459880 26.82110000
2367 2459890 26.81270000
2368 2459900 26.79570000
2369 2459910 26.78160000
2370 2459920 26.78220000
2371 2459930 26.77890000
2372 2459940 26.77240000
2373 2459950 26.76300000
2374 2459960 26.75130000
2375 2459970 26.73680000
2376 2459980 26.73780000
2377 2459990 26.74370000
2378 2460000 26.74720000
2379 2460010 26.75080000
2380 2460020 26.75420000
2381 2460030 26.75880000
2382 2460040 26.76490000
2383 2460050 26.77370000
2384 2460060 26.78450000
2385 2460070 26.79640000
2386 2460080 26.80720000
2387 2460090 26.81600000
2388 2460100 26.82220000
2389 2460110 26.82560000
2390 2460120 26.82550000
2391 2460130 26.82170000
2392 2460140 26.81250000
2393 2460150 26.79680000
2394 2460160 26.77380000
2395 2460170 26.79840000
2396 2460180 26.82330000
2397 2460190 26.83300000
2398 2460200 26.82290000
2399 2460210 26.83160000
2400 2460220 26.84600000
2401 2460230 26.84930000
2402 2460240 26.84300000
2403 2460250 26.83040000
2404 2460260 26.81530000
2405 2460270 26.80130000
2406 2460280 26.78980000
2407 2460290 26.78070000
2408 2460300 26.77230000
2409 2460310 26.76200000
2410 2460320 26.75430000
2411 2460330 26.76200000
2412 2460340 26.76770000
2413 2460350 26.77390000
2414 2460360 26.78040000
2415 2460370 26.78600000
2416 2460380 26.78970000
2417 2460390 26.79180000
2418 2460400 26.79390000
2419 2460410 26.79760000
2420 2460420 26.80250000
2421 2460430 26.80740000
2422 2460440 26.82570000
2423 2460450 26.83950000
2424 2460460 26.84280000
2425 2460470 26.83270000
2426 2460480 26.80960000
2427 2460490 26.77500000
2428 2460500 26.76460000
2429 2460510 26.77170000
2430 2460520 26.78080000
2431 2460530 26.78980000
2432 2460540 26.79640000
2433 2460550 26.79940000
2434 2460560 26.79740000
2435 2460570 26.79000000
2436 2460580 26.77880000
2437 2460590 26.77550000
2438 2460600 26.79250000
2439 2460610 26.80150000
2440 2460620 26.80370000
2441 2460630 26.80050000
2442 2460640 26.79420000
2443 2460650 26.79290000
2444 2460660 26.79410000
2445 2460670 26.79100000
2446 2460680 26.78030000
2447 2460690 26.75970000
2448 2460700 26.75630000
2449 2460710 26.75510000
2450 2460720 26.74700000
2451 2460730 26.75430000
2452 2460740 26.76430000
2453 2460750 26.77160000
2454 2460760 26.77330000
2455 2460770 26.76790000
2456 2460780 26.75550000
2457 2460790 26.73740000
2458 2460800 26.74050000
2459 2460810 26.74920000
2460 2460820 26.74560000
2461 2460830 26.72780000
2462 2460840 26.72090000
2463 2460850 26.73690000
2464 2460860 26.75050000
2465 2460870 26.75800000
2466 2460880 26.75900000
2467 2460890 26.75500000
2468 2460900 26.76810000
2469 2460910 26.78510000
2470 2460920 26.80040000
2471 2460930 26.81220000
2472 2460940 26.81830000
2473 2460950 26.81640000
2474 2460960 26.80490000
2475 2460970 26.78500000
2476 2460980 26.75810000
2477 2460990 26.72680000
2478 2461000 26.71460000
2479 2461010 26.71250000
2480 2461020 26.72710000
2481 2461030 26.73550000
2482 2461040 26.73790000
2483 2461050 26.73760000
2484 2461060 26.73620000
2485 2461070 26.73580000
2486 2461080 26.73690000
2487 2461090 26.73760000
2488 2461100 26.73530000
2489 2461110 26.72720000
2490 2461120 26.71240000
2491 2461130 26.70260000
2492 2461140 26.71880000
2493 2461150 26.73550000
2494 2461160 26.74910000
2495 2461170 26.75650000
2496 2461180 26.75660000
2497 2461190 26.75950000
2498 2461200 26.75860000
2499 2461210 26.75240000
2500 2461220 26.77550000
2501 2461230 26.79550000
2502 2461240 26.81250000
2503 2461250 26.82690000
2504 2461260 26.83870000
2505 2461270 26.84750000
2506 2461280 26.85430000
2507 2461290 26.85820000
2508 2461300 26.87060000
2509 2461310 26.88730000
2510 2461320 26.90230000
2511 2461330 26.91220000
2512 2461340 26.91470000
2513 2461350 26.91010000
2514 2461360 26.89960000
2515 2461370 26.90580000
2516 2461380 26.89740000
2517 2461390 26.86840000
2518 2461400 26.85680000
2519 2461410 26.85030000
2520 2461420 26.84160000
2521 2461430 26.82850000
2522 2461440 26.80950000
2523 2461450 26.78680000
2524 2461460 26.76390000
2525 2461470 26.74850000
2526 2461480 26.73620000
2527 2461490 26.72210000
2528 2461500 26.75440000
2529 2461510 26.78050000
2530 2461520 26.78370000
2531 2461530 26.76610000
2532 2461540 26.76300000
2533 2461550 26.77400000
2534 2461560 26.77930000
2535 2461570 26.77620000
2536 2461580 26.76540000
2537 2461590 26.74840000
2538 2461600 26.74300000
2539 2461610 26.73280000
2540 2461620 26.71630000
2541 2461630 26.69840000
2542 2461640 26.69380000
2543 2461650 26.69400000
2544 2461660 26.72500000
2545 2461670 26.75630000
2546 2461680 26.78480000
2547 2461690 26.80900000
2548 2461700 26.82790000
2549 2461710 26.83910000
2550 2461720 26.84240000
2551 2461730 26.83740000
2552 2461740 26.82730000
2553 2461750 26.81500000
2554 2461760 26.80270000
2555 2461770 26.78990000
2556 2461780 26.80160000
2557 2461790 26.83680000
2558 2461800 26.87170000
2559 2461810 26.90290000
2560 2461820 26.92560000
2561 2461830 26.93600000
2562 2461840 26.93400000
2563 2461850 26.92110000
2564 2461860 26.90060000
2565 2461870 26.87570000
2566 2461880 26.85060000
2567 2461890 26.86130000
2568 2461900 26.86400000
2569 2461910 26.85250000
2570 2461920 26.82400000
2571 2461930 26.78500000
2572 2461940 26.77310000
2573 2461950 26.75910000
2574 2461960 26.74790000
2575 2461970 26.74520000
2576 2461980 26.74770000
2577 2461990 26.74480000
2578 2462000 26.78250000
2579 2462010 26.83210000
2580 2462020 26.87190000
2581 2462030 26.89890000
2582 2462040 26.91050000
2583 2462050 26.90710000
2584 2462060 26.89040000
2585 2462070 26.86430000
2586 2462080 26.83180000
2587 2462090 26.79530000
2588 2462100 26.78240000
2589 2462110 26.78560000
2590 2462120 26.79580000
2591 2462130 26.80960000
2592 2462140 26.81710000
2593 2462150 26.81910000
2594 2462160 26.81650000
2595 2462170 26.80990000
2596 2462180 26.79790000
2597 2462190 26.78020000
2598 2462200 26.77740000
2599 2462210 26.78460000
2600 2462220 26.78120000
2601 2462230 26.79450000
2602 2462240 26.82280000
2603 2462250 26.84360000
2604 2462260 26.85140000
2605 2462270 26.84170000
2606 2462280 26.81280000
2607 2462290 26.81280000
2608 2462300 26.82700000
2609 2462310 26.83210000
2610 2462320 26.83050000
2611 2462330 26.82380000
2612 2462340 26.81460000
2613 2462350 26.80690000
2614 2462360 26.80120000
2615 2462370 26.79930000
2616 2462380 26.80200000
2617 2462390 26.81000000
2618 2462400 26.82430000
2619 2462410 26.84390000
2620 2462420 26.86670000
2621 2462430 26.88950000
2622 2462440 26.90740000
2623 2462450 26.91370000
2624 2462460 26.90630000
2625 2462470 26.88460000
2626 2462480 26.85350000
2627 2462490 26.81740000
2628 2462500 26.78350000
2629 2462510 26.78850000
2630 2462520 26.78670000
2631 2462530 26.78120000
2632 2462540 26.79420000
2633 2462550 26.80130000
2634 2462560 26.80150000
2635 2462570 26.79360000
2636 2462580 26.77490000
2637 2462590 26.74590000
2638 2462600 26.74320000
2639 2462610 26.75810000
2640 2462620 26.76380000
2641 2462630 26.75740000
2642 2462640 26.74130000
2643 2462650 26.73480000
2644 2462660 26.73040000
2645 2462670 26.75370000
2646 2462680 26.79020000
2647 2462690 26.82850000
2648 2462700 26.86610000
2649 2462710 26.90060000
2650 2462720 26.92830000
2651 2462730 26.94810000
2652 2462740 26.96050000
2653 2462750 26.96650000
2654 2462760 26.96670000
2655 2462770 26.96130000
2656 2462780 26.94950000
2657 2462790 26.93100000
2658 2462800 26.90650000
2659 2462810 26.87800000
2660 2462820 26.84740000
2661 2462830 26.81770000
2662 2462840 26.79050000
2663 2462850 26.79480000
2664 2462860 26.80200000
2665 2462870 26.79840000
2666 2462880 26.78630000
2667 2462890 26.78140000
2668 2462900 26.77460000
2669 2462910 26.76280000
2670 2462920 26.75710000
2671 2462930 26.76100000
2672 2462940 26.76140000
2673 2462950 26.75750000
2674 2462960 26.77450000
2675 2462970 26.79010000
2676 2462980 26.80080000
2677 2462990 26.80510000
2678 2463000 26.80180000
2679 2463010 26.79980000
2680 2463020 26.80790000
2681 2463030 26.80970000
2682 2463040 26.80660000
2683 2463050 26.79990000
2684 2463060 26.79000000
2685 2463070 26.78610000
2686 2463080 26.77520000
2687 2463090 26.75700000
2688 2463100 26.76390000
2689 2463110 26.77850000
2690 2463120 26.79460000
2691 2463130 26.80890000
2692 2463140 26.81860000
2693 2463150 26.82280000
2694 2463160 26.84440000
2695 2463170 26.85600000
2696 2463180 26.85800000
2697 2463190 26.85220000
2698 2463200 26.86040000
2699 2463210 26.88600000
2700 2463220 26.89950000
2701 2463230 26.90030000
2702 2463240 26.88910000
2703 2463250 26.86920000
2704 2463260 26.84260000
2705 2463270 26.83940000
2706 2463280 26.85230000
2707 2463290 26.86160000
2708 2463300 26.86610000
2709 2463310 26.86430000
2710 2463320 26.85420000
2711 2463330 26.83590000
2712 2463340 26.81970000
2713 2463350 26.82640000
2714 2463360 26.82300000
2715 2463370 26.80890000
2716 2463380 26.78440000
2717 2463390 26.77900000
2718 2463400 26.77970000
2719 2463410 26.77590000
2720 2463420 26.76680000
2721 2463430 26.75170000
2722 2463440 26.74850000
2723 2463450 26.74720000
2724 2463460 26.73720000
2725 2463470 26.72880000
2726 2463480 26.75990000
2727 2463490 26.78340000
2728 2463500 26.79700000
2729 2463510 26.79930000
2730 2463520 26.79180000
2731 2463530 26.77620000
2732 2463540 26.76840000
2733 2463550 26.76060000
2734 2463560 26.74610000
2735 2463570 26.72630000
2736 2463580 26.71650000
2737 2463590 26.72480000
2738 2463600 26.73840000
2739 2463610 26.75150000
2740 2463620 26.76400000
2741 2463630 26.77450000
2742 2463640 26.78220000
2743 2463650 26.78650000
2744 2463660 26.78770000
2745 2463670 26.78560000
2746 2463680 26.78150000
2747 2463690 26.77480000
2748 2463700 26.76580000
2749 2463710 26.75450000
2750 2463720 26.75140000
2751 2463730 26.75110000
2752 2463740 26.74470000
2753 2463750 26.73400000
2754 2463760 26.71920000
2755 2463770 26.71210000
2756 2463780 26.74990000
2757 2463790 26.79520000
2758 2463800 26.83410000
2759 2463810 26.86320000
2760 2463820 26.87950000
2761 2463830 26.88420000
2762 2463840 26.87980000
2763 2463850 26.88390000
2764 2463860 26.88580000
2765 2463870 26.88100000
2766 2463880 26.87160000
2767 2463890 26.85990000
2768 2463900 26.85150000
2769 2463910 26.85120000
2770 2463920 26.86070000
2771 2463930 26.87510000
2772 2463940 26.88680000
2773 2463950 26.88880000
2774 2463960 26.87500000
2775 2463970 26.84640000
2776 2463980 26.80700000
2777 2463990 26.76270000
2778 2464000 26.72950000
2779 2464010 26.71110000
2780 2464020 26.70910000
2781 2464030 26.72770000
2782 2464040 26.74260000
2783 2464050 26.75300000
2784 2464060 26.75850000
2785 2464070 26.76040000
2786 2464080 26.75980000
2787 2464090 26.75780000
2788 2464100 26.75410000
2789 2464110 26.74880000
2790 2464120 26.74140000
2791 2464130 26.73210000
2792 2464140 26.72150000
2793 2464150 26.73030000
2794 2464160 26.74460000
2795 2464170 26.75600000
2796 2464180 26.76440000
2797 2464190 26.77170000
2798 2464200 26.78060000
2799 2464210 26.80690000
2800 2464220 26.82900000
2801 2464230 26.84630000
2802 2464240 26.85990000
2803 2464250 26.87080000
2804 2464260 26.87840000
2805 2464270 26.88160000
2806 2464280 26.87890000
2807 2464290 26.86890000
2808 2464300 26.85160000
2809 2464310 26.82760000
2810 2464320 26.79760000
2811 2464330 26.76300000
2812 2464340 26.76130000
2813 2464350 26.78290000
2814 2464360 26.79960000
2815 2464370 26.81180000
2816 2464380 26.82070000
2817 2464390 26.82730000
2818 2464400 26.83270000
2819 2464410 26.83710000
2820 2464420 26.83940000
2821 2464430 26.83910000
2822 2464440 26.83490000
2823 2464450 26.82710000
2824 2464460 26.81480000
2825 2464470 26.79740000
2826 2464480 26.77400000
2827 2464490 26.74480000
2828 2464500 26.71050000
2829 2464510 26.68940000
2830 2464520 26.69370000
2831 2464530 26.70540000
2832 2464540 26.72130000
2833 2464550 26.73470000
2834 2464560 26.74410000
2835 2464570 26.74760000
2836 2464580 26.75910000
2837 2464590 26.79180000
2838 2464600 26.81960000
2839 2464610 26.84020000
2840 2464620 26.85210000
2841 2464630 26.85480000
2842 2464640 26.85010000
2843 2464650 26.84010000
2844 2464660 26.82800000
2845 2464670 26.81740000
2846 2464680 26.82480000
2847 2464690 26.83020000
2848 2464700 26.83540000
2849 2464710 26.84050000
2850 2464720 26.84420000
2851 2464730 26.84340000
2852 2464740 26.83720000
2853 2464750 26.82590000
2854 2464760 26.81240000
2855 2464770 26.80060000
2856 2464780 26.79280000
2857 2464790 26.78820000
2858 2464800 26.78500000
2859 2464810 26.78190000
2860 2464820 26.77660000
2861 2464830 26.76840000
2862 2464840 26.75760000
2863 2464850 26.74540000
2864 2464860 26.73410000
2865 2464870 26.72540000
2866 2464880 26.72010000
2867 2464890 26.71690000
2868 2464900 26.71420000
2869 2464910 26.73590000
2870 2464920 26.75600000
2871 2464930 26.77270000
2872 2464940 26.78550000
2873 2464950 26.79510000
2874 2464960 26.80140000
2875 2464970 26.80380000
2876 2464980 26.80190000
2877 2464990 26.79620000
2878 2465000 26.78760000
2879 2465010 26.77660000
2880 2465020 26.76460000
2881 2465030 26.75310000
2882 2465040 26.75800000
2883 2465050 26.75440000
2884 2465060 26.74910000
2885 2465070 26.74030000
2886 2465080 26.71930000
2887 2465090 26.71040000
2888 2465100 26.72150000
2889 2465110 26.72600000
2890 2465120 26.77050000
2891 2465130 26.82150000
2892 2465140 26.85850000
2893 2465150 26.87580000
2894 2465160 26.87480000
2895 2465170 26.86270000
2896 2465180 26.84750000
2897 2465190 26.83410000
2898 2465200 26.82630000
2899 2465210 26.82540000
2900 2465220 26.82930000
2901 2465230 26.83490000
2902 2465240 26.84040000
2903 2465250 26.84510000
2904 2465260 26.84790000
2905 2465270 26.84670000
2906 2465280 26.83960000
2907 2465290 26.82740000
2908 2465300 26.80900000
2909 2465310 26.78490000
2910 2465320 26.75730000
2911 2465330 26.72870000
2912 2465340 26.71840000
2913 2465350 26.73690000
2914 2465360 26.76010000
2915 2465370 26.78270000
2916 2465380 26.80030000
2917 2465390 26.80940000
2918 2465400 26.81260000
2919 2465410 26.81930000
2920 2465420 26.81390000
2921 2465430 26.79540000
2922 2465440 26.76620000
2923 2465450 26.74090000
2924 2465460 26.75200000
2925 2465470 26.75640000
2926 2465480 26.75740000
2927 2465490 26.75530000
2928 2465500 26.74950000
2929 2465510 26.73840000
2930 2465520 26.72880000
2931 2465530 26.72000000
2932 2465540 26.72810000
2933 2465550 26.73360000
2934 2465560 26.74450000
2935 2465570 26.75540000
2936 2465580 26.76320000
2937 2465590 26.77190000
2938 2465600 26.79170000
2939 2465610 26.81120000
2940 2465620 26.82790000
2941 2465630 26.83870000
2942 2465640 26.83920000
2943 2465650 26.82680000
2944 2465660 26.80100000
2945 2465670 26.76380000
2946 2465680 26.73880000
2947 2465690 26.75450000
2948 2465700 26.76930000
2949 2465710 26.78370000
2950 2465720 26.79910000
2951 2465730 26.81510000
2952 2465740 26.83130000
2953 2465750 26.84580000
2954 2465760 26.85750000
2955 2465770 26.86600000
2956 2465780 26.87260000
2957 2465790 26.87830000
2958 2465800 26.88480000
2959 2465810 26.89190000
2960 2465820 26.89820000
2961 2465830 26.90010000
2962 2465840 26.89420000
2963 2465850 26.87770000
2964 2465860 26.85050000
2965 2465870 26.81450000
2966 2465880 26.77720000
2967 2465890 26.79230000
2968 2465900 26.79900000
2969 2465910 26.79600000
2970 2465920 26.78490000
2971 2465930 26.77010000
2972 2465940 26.75550000
2973 2465950 26.74770000
2974 2465960 26.75640000
2975 2465970 26.77620000
2976 2465980 26.79320000
2977 2465990 26.80110000
2978 2466000 26.79740000
2979 2466010 26.78110000
2980 2466020 26.75300000
2981 2466030 26.73260000
2982 2466040 26.76230000
2983 2466050 26.78830000
2984 2466060 26.80500000
2985 2466070 26.81160000
2986 2466080 26.80860000
2987 2466090 26.79700000
2988 2466100 26.78370000
2989 2466110 26.79290000
2990 2466120 26.81260000
2991 2466130 26.82320000
2992 2466140 26.82580000
2993 2466150 26.82130000
2994 2466160 26.80980000
2995 2466170 26.79240000
2996 2466180 26.76920000
2997 2466190 26.74180000
2998 2466200 26.72040000
2999 2466210 26.74000000
3000 2466220 26.77310000
3001 2466230 26.80460000
3002 2466240 26.82430000
3003 2466250 26.82980000
3004 2466260 26.81980000
3005 2466270 26.80600000
3006 2466280 26.81100000
3007 2466290 26.80690000
3008 2466300 26.79310000
3009 2466310 26.77160000
3010 2466320 26.77230000
3011 2466330 26.78230000
3012 2466340 26.78260000
3013 2466350 26.77250000
3014 2466360 26.75480000
3015 2466370 26.73230000
3016 2466380 26.73530000
3017 2466390 26.74220000
3018 2466400 26.74650000
3019 2466410 26.74780000
3020 2466420 26.74560000
3021 2466430 26.74010000
3022 2466440 26.74450000
3023 2466450 26.74220000
3024 2466460 26.74270000
3025 2466470 26.75600000
3026 2466480 26.75590000
3027 2466490 26.75760000
3028 2466500 26.76840000
3029 2466510 26.77420000
3030 2466520 26.77520000
3031 2466530 26.77130000
3032 2466540 26.76410000
3033 2466550 26.75570000
3034 2466560 26.74920000
3035 2466570 26.75340000
3036 2466580 26.75250000
3037 2466590 26.75080000
3038 2466600 26.73820000
3039 2466610 26.72950000
3040 2466620 26.72100000
3041 2466630 26.72180000
3042 2466640 26.73870000
3043 2466650 26.75390000
3044 2466660 26.77010000
3045 2466670 26.78140000
3046 2466680 26.78460000
3047 2466690 26.80150000
3048 2466700 26.81250000
3049 2466710 26.81680000
3050 2466720 26.81480000
3051 2466730 26.80630000
3052 2466740 26.79210000
3053 2466750 26.77380000
3054 2466760 26.75460000
3055 2466770 26.73810000
3056 2466780 26.72720000
3057 2466790 26.72400000
3058 2466800 26.72900000
3059 2466810 26.74490000
3060 2466820 26.76010000
3061 2466830 26.76800000
3062 2466840 26.77100000
3063 2466850 26.76730000
3064 2466860 26.76380000
3065 2466870 26.76080000
3066 2466880 26.75840000
3067 2466890 26.75570000
3068 2466900 26.76480000
3069 2466910 26.78480000
3070 2466920 26.79800000
3071 2466930 26.80280000
3072 2466940 26.80830000
3073 2466950 26.83760000
3074 2466960 26.85780000
3075 2466970 26.87000000
3076 2466980 26.87480000
3077 2466990 26.87110000
3078 2467000 26.85880000
3079 2467010 26.84130000
3080 2467020 26.82240000
3081 2467030 26.80360000
3082 2467040 26.78560000
3083 2467050 26.76890000
3084 2467060 26.77130000
3085 2467070 26.77680000
3086 2467080 26.77670000
3087 2467090 26.76940000
3088 2467100 26.75560000
3089 2467110 26.77450000
3090 2467120 26.78750000
3091 2467130 26.79250000
3092 2467140 26.78860000
3093 2467150 26.77590000
3094 2467160 26.75690000
3095 2467170 26.73720000
3096 2467180 26.72600000
3097 2467190 26.71710000
3098 2467200 26.72760000
3099 2467210 26.73520000
3100 2467220 26.73750000
3101 2467230 26.73870000
3102 2467240 26.75000000
3103 2467250 26.75730000
3104 2467260 26.75950000
3105 2467270 26.75670000
3106 2467280 26.74930000
3107 2467290 26.73760000
3108 2467300 26.72240000
3109 2467310 26.73660000
3110 2467320 26.74480000
3111 2467330 26.76280000
3112 2467340 26.77950000
3113 2467350 26.79240000
3114 2467360 26.80210000
3115 2467370 26.80820000
3116 2467380 26.81100000
3117 2467390 26.81210000
3118 2467400 26.81340000
3119 2467410 26.81540000
3120 2467420 26.81610000
3121 2467430 26.81390000
3122 2467440 26.80790000
3123 2467450 26.79690000
3124 2467460 26.78010000
3125 2467470 26.75820000
3126 2467480 26.77740000
3127 2467490 26.81560000
3128 2467500 26.84230000
3129 2467510 26.85730000
3130 2467520 26.86470000
3131 2467530 26.86880000
3132 2467540 26.87450000
3133 2467550 26.88380000
3134 2467560 26.89270000
3135 2467570 26.89480000
3136 2467580 26.88580000
3137 2467590 26.86750000
3138 2467600 26.84320000
3139 2467610 26.81610000
3140 2467620 26.80350000
3141 2467630 26.78250000
3142 2467640 26.75670000
3143 2467650 26.73020000
3144 2467660 26.71060000
3145 2467670 26.73770000
3146 2467680 26.75880000
3147 2467690 26.77110000
3148 2467700 26.78720000
3149 2467710 26.81790000
3150 2467720 26.84790000
3151 2467730 26.87410000
3152 2467740 26.89550000
3153 2467750 26.91050000
3154 2467760 26.91990000
3155 2467770 26.92300000
3156 2467780 26.92070000
3157 2467790 26.91260000
3158 2467800 26.89940000
3159 2467810 26.88050000
3160 2467820 26.85640000
3161 2467830 26.82930000
3162 2467840 26.82050000
3163 2467850 26.80710000
3164 2467860 26.78720000
3165 2467870 26.76120000
3166 2467880 26.77320000
3167 2467890 26.78300000
3168 2467900 26.78890000
3169 2467910 26.79010000
3170 2467920 26.78710000
3171 2467930 26.78190000
3172 2467940 26.78200000
3173 2467950 26.80110000
3174 2467960 26.80930000
3175 2467970 26.80240000
3176 2467980 26.78140000
3177 2467990 26.77070000
3178 2468000 26.77220000
3179 2468010 26.76980000
3180 2468020 26.76190000
3181 2468030 26.75990000
3182 2468040 26.77670000
3183 2468050 26.78950000
3184 2468060 26.79900000
3185 2468070 26.80590000
3186 2468080 26.81080000
3187 2468090 26.81400000
3188 2468100 26.81530000
3189 2468110 26.81420000
3190 2468120 26.80980000
3191 2468130 26.80180000
3192 2468140 26.79600000
3193 2468150 26.80940000
3194 2468160 26.81160000
3195 2468170 26.80080000
3196 2468180 26.82570000
3197 2468190 26.85380000
3198 2468200 26.87390000
3199 2468210 26.88870000
3200 2468220 26.89990000
3201 2468230 26.90960000
3202 2468240 26.91820000
3203 2468250 26.92550000
3204 2468260 26.92960000
3205 2468270 26.92920000
3206 2468280 26.92440000
3207 2468290 26.91520000
3208 2468300 26.90260000
3209 2468310 26.88620000
3210 2468320 26.86610000
3211 2468330 26.84170000
3212 2468340 26.81170000
3213 2468350 26.79460000
3214 2468360 26.76800000
3215 2468370 26.73080000
3216 2468380 26.76210000
3217 2468390 26.78910000
3218 2468400 26.80810000
3219 2468410 26.81680000
3220 2468420 26.81370000
3221 2468430 26.79760000
3222 2468440 26.81550000
3223 2468450 26.84890000
3224 2468460 26.88380000
3225 2468470 26.91650000
3226 2468480 26.94390000
3227 2468490 26.96000000
3228 2468500 26.96380000
3229 2468510 26.95500000
3230 2468520 26.93730000
3231 2468530 26.91360000
3232 2468540 26.88710000
3233 2468550 26.85940000
3234 2468560 26.83490000
3235 2468570 26.84610000
3236 2468580 26.84770000
3237 2468590 26.83780000
3238 2468600 26.81810000
3239 2468610 26.79020000
3240 2468620 26.75720000
3241 2468630 26.72720000
3242 2468640 26.71200000
3243 2468650 26.69260000
3244 2468660 26.69650000
3245 2468670 26.70380000
3246 2468680 26.70660000
3247 2468690 26.70550000
3248 2468700 26.70990000
3249 2468710 26.73510000
3250 2468720 26.75350000
3251 2468730 26.76250000
3252 2468740 26.75970000
3253 2468750 26.75650000
3254 2468760 26.74700000
3255 2468770 26.73760000
3256 2468780 26.72670000
3257 2468790 26.73490000
3258 2468800 26.73970000
3259 2468810 26.75470000
3260 2468820 26.76660000
3261 2468830 26.77310000
3262 2468840 26.77190000
3263 2468850 26.76420000
3264 2468860 26.75530000
3265 2468870 26.75530000
3266 2468880 26.75980000
3267 2468890 26.77200000
3268 2468900 26.77600000
3269 2468910 26.77250000
3270 2468920 26.76250000
3271 2468930 26.77350000
3272 2468940 26.77680000
3273 2468950 26.78440000
3274 2468960 26.78660000
3275 2468970 26.78120000
3276 2468980 26.77200000
3277 2468990 26.76220000
3278 2469000 26.76060000
3279 2469010 26.77330000
3280 2469020 26.77900000
3281 2469030 26.77920000
3282 2469040 26.77590000
3283 2469050 26.77110000
3284 2469060 26.76580000
3285 2469070 26.76170000
3286 2469080 26.75990000
3287 2469090 26.77140000
3288 2469100 26.78840000
3289 2469110 26.79520000
3290 2469120 26.79080000
3291 2469130 26.77940000
3292 2469140 26.79900000
3293 2469150 26.82140000
3294 2469160 26.84200000
3295 2469170 26.86100000
3296 2469180 26.87870000
3297 2469190 26.89580000
3298 2469200 26.91130000
3299 2469210 26.92320000
3300 2469220 26.92820000
3301 2469230 26.92400000
3302 2469240 26.91000000
3303 2469250 26.88720000
3304 2469260 26.85770000
3305 2469270 26.82490000
3306 2469280 26.79920000
3307 2469290 26.80950000
3308 2469300 26.81290000
3309 2469310 26.81320000
3310 2469320 26.81480000
3311 2469330 26.82010000
3312 2469340 26.83100000
3313 2469350 26.84830000
3314 2469360 26.87150000
3315 2469370 26.89800000
3316 2469380 26.92330000
3317 2469390 26.94210000
3318 2469400 26.94680000
3319 2469410 26.93220000
3320 2469420 26.89800000
3321 2469430 26.85110000
3322 2469440 26.80000000
3323 2469450 26.75100000
3324 2469460 26.76630000
3325 2469470 26.78760000
3326 2469480 26.79930000
3327 2469490 26.79820000
3328 2469500 26.78330000
3329 2469510 26.78290000
3330 2469520 26.78910000
3331 2469530 26.78650000
3332 2469540 26.77740000
3333 2469550 26.76410000
3334 2469560 26.74880000
3335 2469570 26.74750000
3336 2469580 26.76430000
3337 2469590 26.77930000
3338 2469600 26.79100000
3339 2469610 26.79780000
3340 2469620 26.79950000
3341 2469630 26.79620000
3342 2469640 26.78940000
3343 2469650 26.78080000
3344 2469660 26.77200000
3345 2469670 26.76260000
3346 2469680 26.75110000
3347 2469690 26.73450000
3348 2469700 26.71440000
3349 2469710 26.70160000
3350 2469720 26.69640000
3351 2469730 26.70870000
3352 2469740 26.71530000
3353 2469750 26.72700000
3354 2469760 26.73440000
3355 2469770 26.75410000
3356 2469780 26.77700000
3357 2469790 26.79320000
3358 2469800 26.79910000
3359 2469810 26.79570000
3360 2469820 26.78440000
3361 2469830 26.78100000
3362 2469840 26.78610000
3363 2469850 26.78640000
3364 2469860 26.78130000
3365 2469870 26.77420000
3366 2469880 26.79010000
3367 2469890 26.80210000
3368 2469900 26.80770000
3369 2469910 26.80520000
3370 2469920 26.79550000
3371 2469930 26.78200000
3372 2469940 26.76810000
3373 2469950 26.76550000
3374 2469960 26.76420000
3375 2469970 26.75420000
3376 2469980 26.74730000
3377 2469990 26.74400000
3378 2470000 26.74570000
3379 2470010 26.75350000
3380 2470020 26.75630000
3381 2470030 26.75240000
3382 2470040 26.74170000
3383 2470050 26.74550000
3384 2470060 26.76570000
3385 2470070 26.77090000
3386 2470080 26.75350000
3387 2470090 26.74890000
3388 2470100 26.77560000
3389 2470110 26.79730000
3390 2470120 26.81050000
3391 2470130 26.81400000
3392 2470140 26.80840000
3393 2470150 26.79590000
3394 2470160 26.77920000
3395 2470170 26.76800000
3396 2470180 26.76470000
3397 2470190 26.75370000
3398 2470200 26.73770000
3399 2470210 26.74090000
3400 2470220 26.74600000
3401 2470230 26.74970000
3402 2470240 26.74940000
3403 2470250 26.75870000
3404 2470260 26.79090000
3405 2470270 26.82150000
3406 2470280 26.84710000
3407 2470290 26.86420000
3408 2470300 26.86990000
3409 2470310 26.86520000
3410 2470320 26.85280000
3411 2470330 26.83540000
3412 2470340 26.84140000
3413 2470350 26.85850000
3414 2470360 26.86830000
3415 2470370 26.87210000
3416 2470380 26.87130000
3417 2470390 26.86870000
3418 2470400 26.86710000
3419 2470410 26.86820000
3420 2470420 26.87100000
3421 2470430 26.87220000
3422 2470440 26.86830000
3423 2470450 26.85800000
3424 2470460 26.84250000
3425 2470470 26.82350000
3426 2470480 26.80240000
3427 2470490 26.78010000
3428 2470500 26.75750000
3429 2470510 26.73560000
3430 2470520 26.71640000
3431 2470530 26.71740000
3432 2470540 26.71910000
3433 2470550 26.71410000
3434 2470560 26.70840000
3435 2470570 26.71480000
3436 2470580 26.74440000
3437 2470590 26.77140000
3438 2470600 26.79150000
3439 2470610 26.80310000
3440 2470620 26.80770000
3441 2470630 26.80610000
3442 2470640 26.80040000
3443 2470650 26.79210000
3444 2470660 26.78210000
3445 2470670 26.77280000
3446 2470680 26.76960000
3447 2470690 26.77940000
3448 2470700 26.77740000
3449 2470710 26.76660000
3450 2470720 26.74930000
3451 2470730 26.75000000
3452 2470740 26.74890000
3453 2470750 26.74260000
3454 2470760 26.72930000
3455 2470770 26.71780000
3456 2470780 26.73700000
3457 2470790 26.75420000
3458 2470800 26.76790000
3459 2470810 26.77770000
3460 2470820 26.78490000
3461 2470830 26.79070000
3462 2470840 26.79500000
3463 2470850 26.79820000
3464 2470860 26.79960000
3465 2470870 26.80020000
3466 2470880 26.79900000
3467 2470890 26.79580000
3468 2470900 26.78870000
3469 2470910 26.78530000
3470 2470920 26.78510000
3471 2470930 26.78190000
3472 2470940 26.78020000
3473 2470950 26.78770000
3474 2470960 26.78730000
3475 2470970 26.78500000
3476 2470980 26.82250000
3477 2470990 26.85300000
3478 2471000 26.86710000
3479 2471010 26.85810000
3480 2471020 26.89300000
3481 2471030 26.91480000
3482 2471040 26.92220000
3483 2471050 26.91780000
3484 2471060 26.90680000
3485 2471070 26.89430000
3486 2471080 26.88300000
3487 2471090 26.87300000
3488 2471100 26.86270000
3489 2471110 26.85210000
3490 2471120 26.84210000
3491 2471130 26.83330000
3492 2471140 26.82550000
3493 2471150 26.81640000
3494 2471160 26.80270000
3495 2471170 26.77970000
3496 2471180 26.74600000
3497 2471190 26.70360000
3498 2471200 26.69150000
3499 2471210 26.68980000
3500 2471220 26.70110000
3501 2471230 26.71830000
3502 2471240 26.73950000
3503 2471250 26.76120000
3504 2471260 26.77920000
3505 2471270 26.78930000
3506 2471280 26.79740000
3507 2471290 26.80470000
3508 2471300 26.80300000
3509 2471310 26.79260000
3510 2471320 26.77540000
3511 2471330 26.75420000
3512 2471340 26.73320000
3513 2471350 26.72860000
3514 2471360 26.72880000
3515 2471370 26.73000000
3516 2471380 26.74170000
3517 2471390 26.74970000
3518 2471400 26.77570000
3519 2471410 26.82450000
3520 2471420 26.86610000
3521 2471430 26.90180000
3522 2471440 26.93350000
3523 2471450 26.96100000
3524 2471460 26.98330000
3525 2471470 26.99990000
3526 2471480 27.01110000
3527 2471490 27.01740000
3528 2471500 27.01860000
3529 2471510 27.01620000
3530 2471520 27.01120000
3531 2471530 27.00410000
3532 2471540 26.99570000
3533 2471550 26.98650000
3534 2471560 26.97700000
3535 2471570 26.96550000
3536 2471580 26.94950000
3537 2471590 26.92680000
3538 2471600 26.89670000
3539 2471610 26.86080000
3540 2471620 26.85920000
3541 2471630 26.84740000
3542 2471640 26.83210000
3543 2471650 26.81990000
3544 2471660 26.80660000
3545 2471670 26.79340000
3546 2471680 26.78090000
3547 2471690 26.76880000
3548 2471700 26.75500000
3549 2471710 26.73720000
3550 2471720 26.74970000
3551 2471730 26.75500000
3552 2471740 26.75230000
3553 2471750 26.74180000
3554 2471760 26.74570000
3555 2471770 26.75540000
3556 2471780 26.75900000
3557 2471790 26.75660000
3558 2471800 26.75010000
3559 2471810 26.74250000
3560 2471820 26.73650000
3561 2471830 26.73310000
3562 2471840 26.73230000
3563 2471850 26.73310000
3564 2471860 26.73410000
3565 2471870 26.73360000
3566 2471880 26.73090000
3567 2471890 26.72680000
3568 2471900 26.72350000
3569 2471910 26.72320000
3570 2471920 26.72750000
3571 2471930 26.73640000
3572 2471940 26.74620000
3573 2471950 26.75270000
3574 2471960 26.75220000
3575 2471970 26.75000000
3576 2471980 26.77860000
3577 2471990 26.80520000
3578 2472000 26.82820000
3579 2472010 26.84550000
3580 2472020 26.85540000
3581 2472030 26.85860000
3582 2472040 26.85650000
3583 2472050 26.85190000
3584 2472060 26.84660000
3585 2472070 26.84120000
3586 2472080 26.83580000
3587 2472090 26.83660000
3588 2472100 26.83770000
3589 2472110 26.83920000
3590 2472120 26.84150000
3591 2472130 26.84520000
3592 2472140 26.84910000
3593 2472150 26.85120000
3594 2472160 26.84800000
3595 2472170 26.83800000
3596 2472180 26.82020000
3597 2472190 26.79710000
3598 2472200 26.80240000
3599 2472210 26.79900000
3600 2472220 26.78340000
3601 2472230 26.75580000
3602 2472240 26.74170000
3603 2472250 26.73680000
3604 2472260 26.73340000
3605 2472270 26.73270000
3606 2472280 26.73080000
3607 2472290 26.72720000
3608 2472300 26.72140000
3609 2472310 26.71280000
3610 2472320 26.70110000
3611 2472330 26.68660000
3612 2472340 26.66970000
3613 2472350 26.66810000
3614 2472360 26.71030000
3615 2472370 26.75070000
3616 2472380 26.78670000
3617 2472390 26.81650000
3618 2472400 26.83940000
3619 2472410 26.85350000
3620 2472420 26.85780000
3621 2472430 26.85300000
3622 2472440 26.84030000
3623 2472450 26.82200000
3624 2472460 26.80170000
3625 2472470 26.78150000
3626 2472480 26.76120000
3627 2472490 26.75130000
3628 2472500 26.74260000
3629 2472510 26.73660000
3630 2472520 26.76070000
3631 2472530 26.77370000
3632 2472540 26.77580000
3633 2472550 26.76970000
3634 2472560 26.75840000
3635 2472570 26.75230000
3636 2472580 26.77000000
3637 2472590 26.78060000
3638 2472600 26.78210000
3639 2472610 26.77280000
3640 2472620 26.75400000
3641 2472630 26.73010000
3642 2472640 26.71750000
3643 2472650 26.73530000
3644 2472660 26.74800000
3645 2472670 26.75350000
3646 2472680 26.74980000
3647 2472690 26.73590000
3648 2472700 26.73560000
3649 2472710 26.74750000
3650 2472720 26.76300000
3651 2472730 26.78140000
3652 2472740 26.80140000
3653 2472750 26.82070000
3654 2472760 26.83820000
3655 2472770 26.85200000
3656 2472780 26.86080000
3657 2472790 26.86300000
3658 2472800 26.85860000
3659 2472810 26.84810000
3660 2472820 26.83220000
3661 2472830 26.81150000
3662 2472840 26.78660000
3663 2472850 26.77800000
3664 2472860 26.78910000
3665 2472870 26.79560000
3666 2472880 26.79900000
3667 2472890 26.80150000
3668 2472900 26.80520000
3669 2472910 26.81080000
3670 2472920 26.81740000
3671 2472930 26.82280000
3672 2472940 26.82250000
3673 2472950 26.81700000
3674 2472960 26.82650000
3675 2472970 26.82350000
3676 2472980 26.80940000
3677 2472990 26.78810000
3678 2473000 26.76410000
3679 2473010 26.74110000
3680 2473020 26.72090000
3681 2473030 26.72440000
3682 2473040 26.73760000
3683 2473050 26.74300000
3684 2473060 26.74410000
3685 2473070 26.74360000
3686 2473080 26.74310000
3687 2473090 26.74320000
3688 2473100 26.74390000
3689 2473110 26.74340000
3690 2473120 26.74020000
3691 2473130 26.75720000
3692 2473140 26.76420000
3693 2473150 26.75600000
3694 2473160 26.73250000
3695 2473170 26.74390000
3696 2473180 26.75200000
3697 2473190 26.74840000
3698 2473200 26.75560000
3699 2473210 26.77050000
3700 2473220 26.78840000
3701 2473230 26.80880000
3702 2473240 26.82870000
3703 2473250 26.84490000
3704 2473260 26.85290000
3705 2473270 26.85110000
3706 2473280 26.83960000
3707 2473290 26.82790000
3708 2473300 26.83320000
3709 2473310 26.83500000
3710 2473320 26.83200000
3711 2473330 26.82140000
3712 2473340 26.80350000
3713 2473350 26.78020000
3714 2473360 26.76780000
3715 2473370 26.75740000
3716 2473380 26.74470000
3717 2473390 26.72870000
3718 2473400 26.72520000
3719 2473410 26.72040000
3720 2473420 26.73320000
3721 2473430 26.73540000
3722 2473440 26.72670000
3723 2473450 26.72200000
3724 2473460 26.71150000
3725 2473470 26.69760000
3726 2473480 26.69000000
3727 2473490 26.68650000
3728 2473500 26.69500000
3729 2473510 26.72820000
3730 2473520 26.75500000
3731 2473530 26.76880000
3732 2473540 26.76590000
3733 2473550 26.76300000
3734 2473560 26.77310000
3735 2473570 26.78060000
3736 2473580 26.80800000
3737 2473590 26.82740000
3738 2473600 26.84150000
3739 2473610 26.85250000
3740 2473620 26.87720000
3741 2473630 26.91340000
3742 2473640 26.94050000
3743 2473650 26.95650000
3744 2473660 26.96180000
3745 2473670 26.95920000
3746 2473680 26.95300000
3747 2473690 26.94670000
3748 2473700 26.94320000
3749 2473710 26.94280000
3750 2473720 26.94550000
3751 2473730 26.94950000
3752 2473740 26.95270000
3753 2473750 26.95350000
3754 2473760 26.94990000
3755 2473770 26.94000000
3756 2473780 26.92180000
3757 2473790 26.89500000
3758 2473800 26.86110000
3759 2473810 26.82260000
3760 2473820 26.78650000
3761 2473830 26.81130000
3762 2473840 26.83110000
3763 2473850 26.84590000
3764 2473860 26.85410000
3765 2473870 26.85550000
3766 2473880 26.85000000
3767 2473890 26.83660000
3768 2473900 26.81560000
3769 2473910 26.78720000
3770 2473920 26.77800000
3771 2473930 26.76990000
3772 2473940 26.76810000
3773 2473950 26.75560000
3774 2473960 26.73770000
3775 2473970 26.73200000
3776 2473980 26.75630000
3777 2473990 26.77330000
3778 2474000 26.78260000
3779 2474010 26.78350000
3780 2474020 26.77590000
3781 2474030 26.76130000
3782 2474040 26.74520000
3783 2474050 26.72880000
3784 2474060 26.71380000
3785 2474070 26.71060000
3786 2474080 26.72940000
3787 2474090 26.74840000
3788 2474100 26.76400000
3789 2474110 26.77240000
3790 2474120 26.76960000
3791 2474130 26.75410000
3792 2474140 26.72520000
3793 2474150 26.72900000
3794 2474160 26.72880000
3795 2474170 26.72330000
3796 2474180 26.71910000
3797 2474190 26.72810000
3798 2474200 26.76200000
3799 2474210 26.79030000
3800 2474220 26.81130000
3801 2474230 26.82430000
3802 2474240 26.83070000
3803 2474250 26.83320000
3804 2474260 26.83490000
3805 2474270 26.83850000
3806 2474280 26.84510000
3807 2474290 26.85550000
3808 2474300 26.86930000
3809 2474310 26.88630000
3810 2474320 26.90490000
3811 2474330 26.92220000
3812 2474340 26.93510000
3813 2474350 26.94070000
3814 2474360 26.93810000
3815 2474370 26.92790000
3816 2474380 26.91120000
3817 2474390 26.89020000
3818 2474400 26.86600000
3819 2474410 26.84000000
3820 2474420 26.81430000
3821 2474430 26.79230000
3822 2474440 26.77460000
3823 2474450 26.75860000
3824 2474460 26.74760000
3825 2474470 26.74390000
3826 2474480 26.73860000
3827 2474490 26.74150000
3828 2474500 26.76540000
3829 2474510 26.78270000
3830 2474520 26.79200000
3831 2474530 26.79250000
3832 2474540 26.78640000
3833 2474550 26.77470000
3834 2474560 26.79010000
3835 2474570 26.81820000
3836 2474580 26.84130000
3837 2474590 26.85710000
3838 2474600 26.86360000
3839 2474610 26.86010000
3840 2474620 26.84710000
3841 2474630 26.82600000
3842 2474640 26.79870000
3843 2474650 26.77540000
3844 2474660 26.78480000
3845 2474670 26.79450000
3846 2474680 26.80410000
3847 2474690 26.81140000
3848 2474700 26.81460000
3849 2474710 26.81080000
3850 2474720 26.79790000
3851 2474730 26.77660000
3852 2474740 26.74940000
3853 2474750 26.74150000
3854 2474760 26.74560000
3855 2474770 26.74960000
3856 2474780 26.75320000
3857 2474790 26.75550000
3858 2474800 26.75500000
3859 2474810 26.74830000
3860 2474820 26.73240000
3861 2474830 26.72300000
3862 2474840 26.74140000
3863 2474850 26.76580000
3864 2474860 26.79600000
3865 2474870 26.83040000
3866 2474880 26.86610000
3867 2474890 26.89850000
3868 2474900 26.92280000
3869 2474910 26.93620000
3870 2474920 26.93940000
3871 2474930 26.93500000
3872 2474940 26.92580000
3873 2474950 26.91350000
3874 2474960 26.89980000
3875 2474970 26.88610000
3876 2474980 26.87420000
3877 2474990 26.86490000
3878 2475000 26.85840000
3879 2475010 26.85250000
3880 2475020 26.84310000
3881 2475030 26.82580000
3882 2475040 26.79960000
3883 2475050 26.77430000
3884 2475060 26.77300000
3885 2475070 26.75940000
3886 2475080 26.74370000
3887 2475090 26.74380000
3888 2475100 26.74340000
3889 2475110 26.75590000
3890 2475120 26.77360000
3891 2475130 26.79260000
3892 2475140 26.80990000
3893 2475150 26.82420000
3894 2475160 26.83380000
3895 2475170 26.83870000
3896 2475180 26.83960000
3897 2475190 26.83910000
3898 2475200 26.83840000
3899 2475210 26.83760000
3900 2475220 26.83580000
3901 2475230 26.83390000
3902 2475240 26.83160000
3903 2475250 26.82710000
3904 2475260 26.81760000
3905 2475270 26.79940000
3906 2475280 26.79880000
3907 2475290 26.79300000
3908 2475300 26.78570000
3909 2475310 26.77660000
3910 2475320 26.79300000
3911 2475330 26.79950000
3912 2475340 26.79290000
3913 2475350 26.77620000
3914 2475360 26.76560000
3915 2475370 26.74910000
3916 2475380 26.72410000
3917 2475390 26.70340000
3918 2475400 26.69770000
3919 2475410 26.69670000
3920 2475420 26.69860000
3921 2475430 26.70130000
3922 2475440 26.70350000
3923 2475450 26.70390000
3924 2475460 26.70550000
3925 2475470 26.72940000
3926 2475480 26.75050000
3927 2475490 26.76480000
3928 2475500 26.76790000
3929 2475510 26.75740000
3930 2475520 26.73710000
3931 2475530 26.73000000
3932 2475540 26.71750000
3933 2475550 26.69990000
3934 2475560 26.69340000
3935 2475570 26.68690000
3936 2475580 26.68340000
3937 2475590 26.69830000
3938 2475600 26.70940000
3939 2475610 26.71320000
3940 2475620 26.70710000
3941 2475630 26.69110000
3942 2475640 26.71610000
3943 2475650 26.73330000
3944 2475660 26.73480000
3945 2475670 26.72070000
3946 2475680 26.70050000
3947 2475690 26.69840000
3948 2475700 26.70550000
3949 2475710 26.71310000
3950 2475720 26.72180000
3951 2475730 26.73740000
3952 2475740 26.77370000
3953 2475750 26.80060000
3954 2475760 26.81450000
3955 2475770 26.81590000
3956 2475780 26.80910000
3957 2475790 26.79860000
3958 2475800 26.78770000
3959 2475810 26.77620000
3960 2475820 26.76540000
3961 2475830 26.75510000
3962 2475840 26.74560000
3963 2475850 26.73640000
3964 2475860 26.72820000
3965 2475870 26.73260000
3966 2475880 26.74720000
3967 2475890 26.76360000
3968 2475900 26.77510000
3969 2475910 26.78170000
3970 2475920 26.78360000
3971 2475930 26.78300000
3972 2475940 26.78000000
3973 2475950 26.77350000
3974 2475960 26.77300000
3975 2475970 26.77420000
3976 2475980 26.76960000
3977 2475990 26.76190000
3978 2476000 26.75280000
3979 2476010 26.75300000
3980 2476020 26.75360000
3981 2476030 26.74650000
3982 2476040 26.73690000
3983 2476050 26.72930000
3984 2476060 26.72640000
3985 2476070 26.73010000
3986 2476080 26.73970000
3987 2476090 26.75340000
3988 2476100 26.76990000
3989 2476110 26.79680000
3990 2476120 26.82800000
3991 2476130 26.84810000
3992 2476140 26.85650000
3993 2476150 26.85280000
3994 2476160 26.83810000
3995 2476170 26.81550000
3996 2476180 26.81670000
3997 2476190 26.81720000
3998 2476200 26.80800000
3999 2476210 26.79290000
4000 2476220 26.77330000
4001 2476230 26.75200000
4002 2476240 26.73020000
4003 2476250 26.72680000
4004 2476260 26.72300000
4005 2476270 26.71720000
4006 2476280 26.72390000
4007 2476290 26.71940000
4008 2476300 26.70650000
4009 2476310 26.73250000
4010 2476320 26.75990000
4011 2476330 26.78740000
4012 2476340 26.81390000
4013 2476350 26.83760000
4014 2476360 26.85740000
4015 2476370 26.87370000
4016 2476380 26.88680000
4017 2476390 26.89940000
4018 2476400 26.91140000
4019 2476410 26.92140000
4020 2476420 26.92790000
4021 2476430 26.92630000
4022 2476440 26.91510000
4023 2476450 26.89640000
4024 2476460 26.87250000
4025 2476470 26.84740000
4026 2476480 26.82480000
4027 2476490 26.79740000
4028 2476500 26.77560000
4029 2476510 26.75270000
4030 2476520 26.72700000
4031 2476530 26.71300000
4032 2476540 26.72510000
4033 2476550 26.72930000
4034 2476560 26.73170000
4035 2476570 26.73710000
4036 2476580 26.74020000
4037 2476590 26.74120000
4038 2476600 26.74060000
4039 2476610 26.73970000
4040 2476620 26.73810000
4041 2476630 26.74870000
4042 2476640 26.75920000
4043 2476650 26.76890000
4044 2476660 26.77900000
4045 2476670 26.78980000
4046 2476680 26.80330000
4047 2476690 26.82060000
4048 2476700 26.84210000
4049 2476710 26.86400000
4050 2476720 26.88180000
4051 2476730 26.89080000
4052 2476740 26.88980000
4053 2476750 26.87910000
4054 2476760 26.86110000
4055 2476770 26.85330000
4056 2476780 26.86920000
4057 2476790 26.88170000
4058 2476800 26.88910000
4059 2476810 26.89040000
4060 2476820 26.88690000
4061 2476830 26.87990000
4062 2476840 26.87060000
4063 2476850 26.85810000
4064 2476860 26.84210000
4065 2476870 26.82400000
4066 2476880 26.80460000
4067 2476890 26.79840000
4068 2476900 26.80820000
4069 2476910 26.81240000
4070 2476920 26.81150000
4071 2476930 26.80620000
4072 2476940 26.79670000
4073 2476950 26.78500000
4074 2476960 26.79830000
4075 2476970 26.80930000
4076 2476980 26.81730000
4077 2476990 26.82210000
4078 2477000 26.82400000
4079 2477010 26.82270000
4080 2477020 26.81770000
4081 2477030 26.80810000
4082 2477040 26.79330000
4083 2477050 26.77320000
4084 2477060 26.76030000
4085 2477070 26.75650000
4086 2477080 26.75320000
4087 2477090 26.75170000
4088 2477100 26.75110000
4089 2477110 26.74990000
4090 2477120 26.74490000
4091 2477130 26.76410000
4092 2477140 26.79160000
4093 2477150 26.81810000
4094 2477160 26.84060000
4095 2477170 26.85560000
4096 2477180 26.86130000
4097 2477190 26.88660000
4098 2477200 26.92070000
4099 2477210 26.95050000
4100 2477220 26.97510000
4101 2477230 26.99400000
4102 2477240 27.00640000
4103 2477250 27.01250000
4104 2477260 27.01260000
4105 2477270 27.00660000
4106 2477280 26.99450000
4107 2477290 26.97790000
4108 2477300 26.95860000
4109 2477310 26.93900000
4110 2477320 26.92020000
4111 2477330 26.90250000
4112 2477340 26.88490000
4113 2477350 26.86630000
4114 2477360 26.84510000
4115 2477370 26.82120000
4116 2477380 26.79460000
4117 2477390 26.77820000
4118 2477400 26.78920000
4119 2477410 26.80890000
4120 2477420 26.83380000
4121 2477430 26.85250000
4122 2477440 26.86570000
4123 2477450 26.87530000
4124 2477460 26.88230000
4125 2477470 26.88700000
4126 2477480 26.88810000
4127 2477490 26.88350000
4128 2477500 26.87180000
4129 2477510 26.85400000
4130 2477520 26.83320000
4131 2477530 26.81270000
4132 2477540 26.79410000
4133 2477550 26.78660000
4134 2477560 26.78730000
4135 2477570 26.79370000
4136 2477580 26.79830000
4137 2477590 26.79800000
4138 2477600 26.79240000
4139 2477610 26.78170000
4140 2477620 26.76610000
4141 2477630 26.74960000
4142 2477640 26.75960000
4143 2477650 26.77560000
4144 2477660 26.79190000
4145 2477670 26.80610000
4146 2477680 26.81600000
4147 2477690 26.81980000
4148 2477700 26.81590000
4149 2477710 26.80750000
4150 2477720 26.80710000
4151 2477730 26.80520000
4152 2477740 26.80400000
4153 2477750 26.80510000
4154 2477760 26.80860000
4155 2477770 26.81430000
4156 2477780 26.82070000
4157 2477790 26.82700000
4158 2477800 26.83130000
4159 2477810 26.83220000
4160 2477820 26.82720000
4161 2477830 26.81600000
4162 2477840 26.80630000
4163 2477850 26.82080000
4164 2477860 26.82390000
4165 2477870 26.83790000
4166 2477880 26.86060000
4167 2477890 26.87900000
4168 2477900 26.88920000
4169 2477910 26.88780000
4170 2477920 26.87320000
4171 2477930 26.84680000
4172 2477940 26.82170000
4173 2477950 26.86910000
4174 2477960 26.91060000
4175 2477970 26.94050000
4176 2477980 26.95390000
4177 2477990 26.94890000
4178 2478000 26.92760000
4179 2478010 26.89400000
4180 2478020 26.85340000
4181 2478030 26.81040000
4182 2478040 26.78660000
4183 2478050 26.79030000
4184 2478060 26.79000000
4185 2478070 26.78720000
4186 2478080 26.78270000
4187 2478090 26.77510000
4188 2478100 26.76480000
4189 2478110 26.75110000
4190 2478120 26.75640000
4191 2478130 26.76090000
4192 2478140 26.75290000
4193 2478150 26.73560000
4194 2478160 26.73010000
4195 2478170 26.75400000
4196 2478180 26.78730000
4197 2478190 26.81690000
4198 2478200 26.83550000
4199 2478210 26.83970000
4200 2478220 26.83080000
4201 2478230 26.81290000
4202 2478240 26.79070000
4203 2478250 26.77540000
4204 2478260 26.77490000
4205 2478270 26.77600000
4206 2478280 26.78220000
4207 2478290 26.79450000
4208 2478300 26.81360000
4209 2478310 26.83580000
4210 2478320 26.85510000
4211 2478330 26.86520000
4212 2478340 26.86160000
4213 2478350 26.84480000
4214 2478360 26.81740000
4215 2478370 26.78440000
4216 2478380 26.74920000
4217 2478390 26.73590000
4218 2478400 26.74470000
4219 2478410 26.76090000
4220 2478420 26.77140000
4221 2478430 26.77430000
4222 2478440 26.77350000
4223 2478450 26.77640000
4224 2478460 26.77510000
4225 2478470 26.78990000
4226 2478480 26.80970000
4227 2478490 26.82360000
4228 2478500 26.83300000
4229 2478510 26.83930000
4230 2478520 26.84300000
4231 2478530 26.84520000
4232 2478540 26.84520000
4233 2478550 26.84260000
4234 2478560 26.83570000
4235 2478570 26.82300000
4236 2478580 26.80380000
4237 2478590 26.78000000
4238 2478600 26.75380000
4239 2478610 26.73360000
4240 2478620 26.72260000
4241 2478630 26.71070000
4242 2478640 26.70570000
4243 2478650 26.73500000
4244 2478660 26.76130000
4245 2478670 26.78270000
4246 2478680 26.79750000
4247 2478690 26.80300000
4248 2478700 26.79950000
4249 2478710 26.81260000
4250 2478720 26.82020000
4251 2478730 26.82050000
4252 2478740 26.82870000
4253 2478750 26.83500000
4254 2478760 26.83170000
4255 2478770 26.81940000
4256 2478780 26.80100000
4257 2478790 26.78690000
4258 2478800 26.77740000
4259 2478810 26.76750000
4260 2478820 26.75920000
4261 2478830 26.75480000
4262 2478840 26.75440000
4263 2478850 26.75940000
4264 2478860 26.76910000
4265 2478870 26.77070000
4266 2478880 26.76440000
4267 2478890 26.75440000
4268 2478900 26.78260000
4269 2478910 26.80410000
4270 2478920 26.82010000
4271 2478930 26.83350000
4272 2478940 26.84860000
4273 2478950 26.86680000
4274 2478960 26.88850000
4275 2478970 26.91140000
4276 2478980 26.93420000
4277 2478990 26.95450000
4278 2479000 26.97090000
4279 2479010 26.98330000
4280 2479020 26.99220000
4281 2479030 26.99720000
4282 2479040 26.99660000
4283 2479050 26.99020000
4284 2479060 26.97910000
4285 2479070 26.96330000
4286 2479080 26.94330000
4287 2479090 26.92010000
4288 2479100 26.89470000
4289 2479110 26.86730000
4290 2479120 26.83910000
4291 2479130 26.80750000
4292 2479140 26.81460000
4293 2479150 26.81810000
4294 2479160 26.81480000
4295 2479170 26.80880000
4296 2479180 26.80780000
4297 2479190 26.79950000
4298 2479200 26.78380000
4299 2479210 26.77600000
4300 2479220 26.77510000
4301 2479230 26.76870000
4302 2479240 26.75920000
4303 2479250 26.74740000
4304 2479260 26.73370000
4305 2479270 26.72530000
4306 2479280 26.73060000
4307 2479290 26.73590000
4308 2479300 26.74180000
4309 2479310 26.74890000
4310 2479320 26.75600000
4311 2479330 26.76140000
4312 2479340 26.76070000
4313 2479350 26.76020000
4314 2479360 26.76520000
4315 2479370 26.77320000
4316 2479380 26.78130000
4317 2479390 26.80600000
4318 2479400 26.83020000
4319 2479410 26.84810000
4320 2479420 26.85860000
4321 2479430 26.86410000
4322 2479440 26.86520000
4323 2479450 26.86450000
4324 2479460 26.86410000
4325 2479470 26.86320000
4326 2479480 26.86260000
4327 2479490 26.86280000
4328 2479500 26.86310000
4329 2479510 26.86230000
4330 2479520 26.85690000
4331 2479530 26.84200000
4332 2479540 26.81490000
4333 2479550 26.82250000
4334 2479560 26.82640000
4335 2479570 26.82350000
4336 2479580 26.81320000
4337 2479590 26.80610000
4338 2479600 26.81290000
4339 2479610 26.81270000
4340 2479620 26.80730000
4341 2479630 26.79880000
4342 2479640 26.78920000
4343 2479650 26.78170000
4344 2479660 26.79300000
4345 2479670 26.79170000
4346 2479680 26.77690000
4347 2479690 26.74860000
4348 2479700 26.74880000
4349 2479710 26.75460000
4350 2479720 26.76350000
4351 2479730 26.77320000
4352 2479740 26.77680000
4353 2479750 26.77020000
4354 2479760 26.75150000
4355 2479770 26.72170000
4356 2479780 26.70750000
4357 2479790 26.70930000
4358 2479800 26.71050000
4359 2479810 26.70970000
4360 2479820 26.72580000
4361 2479830 26.74450000
4362 2479840 26.76170000
4363 2479850 26.77850000
4364 2479860 26.79570000
4365 2479870 26.81290000
4366 2479880 26.82890000
4367 2479890 26.84310000
4368 2479900 26.85360000
4369 2479910 26.85860000
4370 2479920 26.85720000
4371 2479930 26.84990000
4372 2479940 26.83720000
4373 2479950 26.82050000
4374 2479960 26.80090000
4375 2479970 26.78000000
4376 2479980 26.76460000
4377 2479990 26.75610000
4378 2480000 26.75620000
4379 2480010 26.76610000
4380 2480020 26.77470000
4381 2480030 26.77330000
4382 2480040 26.76290000
4383 2480050 26.75850000
4384 2480060 26.75790000
4385 2480070 26.75580000
4386 2480080 26.75000000
4387 2480090 26.74490000
4388 2480100 26.75790000
4389 2480110 26.76640000
4390 2480120 26.76840000
4391 2480130 26.76300000
4392 2480140 26.75300000
4393 2480150 26.79650000
4394 2480160 26.83550000
4395 2480170 26.86840000
4396 2480180 26.89140000
4397 2480190 26.90230000
4398 2480200 26.89880000
4399 2480210 26.88150000
4400 2480220 26.85150000
4401 2480230 26.81160000
4402 2480240 26.77080000
4403 2480250 26.74050000
4404 2480260 26.70460000
4405 2480270 26.68860000
4406 2480280 26.70080000
4407 2480290 26.71360000
4408 2480300 26.72220000
4409 2480310 26.71980000
4410 2480320 26.73370000
4411 2480330 26.74790000
4412 2480340 26.75920000
4413 2480350 26.76650000
4414 2480360 26.76780000
4415 2480370 26.76390000
4416 2480380 26.75500000
4417 2480390 26.75100000
4418 2480400 26.76960000
4419 2480410 26.78800000
4420 2480420 26.80490000
4421 2480430 26.81840000
4422 2480440 26.82630000
4423 2480450 26.82770000
4424 2480460 26.82240000
4425 2480470 26.81050000
4426 2480480 26.79270000
4427 2480490 26.77700000
4428 2480500 26.77520000
4429 2480510 26.76190000
4430 2480520 26.73940000
4431 2480530 26.73600000
4432 2480540 26.76880000
4433 2480550 26.79270000
4434 2480560 26.80510000
4435 2480570 26.80550000
4436 2480580 26.83000000
4437 2480590 26.87100000
4438 2480600 26.90200000
4439 2480610 26.92080000
4440 2480620 26.92840000
4441 2480630 26.92820000
4442 2480640 26.92350000
4443 2480650 26.91570000
4444 2480660 26.90660000
4445 2480670 26.89690000
4446 2480680 26.88840000
4447 2480690 26.88170000
4448 2480700 26.87690000
4449 2480710 26.87210000
4450 2480720 26.86600000
4451 2480730 26.85670000
4452 2480740 26.84400000
4453 2480750 26.82730000
4454 2480760 26.80690000
4455 2480770 26.78260000
4456 2480780 26.76430000
4457 2480790 26.76700000
4458 2480800 26.76300000
4459 2480810 26.75290000
4460 2480820 26.74090000
4461 2480830 26.74930000
4462 2480840 26.76560000
4463 2480850 26.77900000
4464 2480860 26.78170000
4465 2480870 26.77310000
4466 2480880 26.75770000
4467 2480890 26.77340000
4468 2480900 26.77710000
4469 2480910 26.76610000
4470 2480920 26.74280000
4471 2480930 26.74550000
4472 2480940 26.75270000
4473 2480950 26.75800000
4474 2480960 26.76350000
4475 2480970 26.76960000
4476 2480980 26.77390000
4477 2480990 26.77460000
4478 2481000 26.77040000
4479 2481010 26.77520000
4480 2481020 26.77850000
4481 2481030 26.77820000
4482 2481040 26.77380000
4483 2481050 26.76470000
4484 2481060 26.75110000
4485 2481070 26.75390000
4486 2481080 26.78210000
4487 2481090 26.80280000
4488 2481100 26.81400000
4489 2481110 26.81620000
4490 2481120 26.81540000
4491 2481130 26.83310000
4492 2481140 26.84440000
4493 2481150 26.84790000
4494 2481160 26.84280000
4495 2481170 26.82840000
4496 2481180 26.80440000
4497 2481190 26.77110000
4498 2481200 26.73000000
4499 2481210 26.71340000
4500 2481220 26.72130000
4501 2481230 26.72790000
4502 2481240 26.73240000
4503 2481250 26.73280000
4504 2481260 26.72710000
4505 2481270 26.72760000
4506 2481280 26.74210000
4507 2481290 26.74570000
4508 2481300 26.75540000
4509 2481310 26.76760000
4510 2481320 26.77930000
4511 2481330 26.79200000
4512 2481340 26.80740000
4513 2481350 26.82530000
4514 2481360 26.84420000
4515 2481370 26.86140000
4516 2481380 26.87440000
4517 2481390 26.88160000
4518 2481400 26.88230000
4519 2481410 26.87620000
4520 2481420 26.86350000
4521 2481430 26.84470000
4522 2481440 26.82820000
4523 2481450 26.86660000
4524 2481460 26.89870000
4525 2481470 26.91940000
4526 2481480 26.92560000
4527 2481490 26.91790000
4528 2481500 26.89980000
4529 2481510 26.87510000
4530 2481520 26.84850000
4531 2481530 26.82450000
4532 2481540 26.80650000
4533 2481550 26.79480000
4534 2481560 26.78790000
4535 2481570 26.78260000
4536 2481580 26.79290000
4537 2481590 26.81040000
4538 2481600 26.82370000
4539 2481610 26.83180000
4540 2481620 26.83430000
4541 2481630 26.82920000
4542 2481640 26.81450000
4543 2481650 26.81770000
4544 2481660 26.81150000
4545 2481670 26.80380000
4546 2481680 26.83260000
4547 2481690 26.85890000
4548 2481700 26.88230000
4549 2481710 26.90140000
4550 2481720 26.91350000
4551 2481730 26.91740000
4552 2481740 26.91250000
4553 2481750 26.89990000
4554 2481760 26.88110000
4555 2481770 26.85840000
4556 2481780 26.83380000
4557 2481790 26.81090000
4558 2481800 26.79210000
4559 2481810 26.77930000
4560 2481820 26.77290000
4561 2481830 26.78840000
4562 2481840 26.80020000
4563 2481850 26.80160000
4564 2481860 26.79830000
4565 2481870 26.80530000
4566 2481880 26.80410000
4567 2481890 26.79300000
4568 2481900 26.79340000
4569 2481910 26.78310000
4570 2481920 26.77500000
4571 2481930 26.77490000
4572 2481940 26.77370000
4573 2481950 26.77210000
4574 2481960 26.77030000
4575 2481970 26.76790000
4576 2481980 26.76510000
4577 2481990 26.76240000
4578 2482000 26.76080000
4579 2482010 26.76110000
4580 2482020 26.76290000
4581 2482030 26.76510000
4582 2482040 26.76620000
4583 2482050 26.76620000
4584 2482060 26.77280000
4585 2482070 26.77860000
4586 2482080 26.78280000
4587 2482090 26.78410000
4588 2482100 26.78260000
4589 2482110 26.77870000
4590 2482120 26.77230000
4591 2482130 26.78540000
4592 2482140 26.78970000
4593 2482150 26.77880000
4594 2482160 26.76620000
4595 2482170 26.74360000
4596 2482180 26.71060000
4597 2482190 26.70480000
4598 2482200 26.70280000
4599 2482210 26.69310000
4600 2482220 26.68860000
4601 2482230 26.68630000
4602 2482240 26.71860000
4603 2482250 26.75430000
4604 2482260 26.78460000
4605 2482270 26.80530000
4606 2482280 26.81380000
4607 2482290 26.80960000
4608 2482300 26.79390000
4609 2482310 26.78110000
4610 2482320 26.79490000
4611 2482330 26.80890000
4612 2482340 26.82230000
4613 2482350 26.83230000
4614 2482360 26.83560000
4615 2482370 26.83120000
4616 2482380 26.82060000
4617 2482390 26.80700000
4618 2482400 26.79330000
4619 2482410 26.78020000
4620 2482420 26.77900000
4621 2482430 26.78170000
4622 2482440 26.78420000
4623 2482450 26.78380000
4624 2482460 26.77980000
4625 2482470 26.78080000
4626 2482480 26.77990000
4627 2482490 26.79040000
4628 2482500 26.79890000
4629 2482510 26.79910000
4630 2482520 26.79220000
4631 2482530 26.78150000
4632 2482540 26.77930000
4633 2482550 26.78480000
4634 2482560 26.78710000
4635 2482570 26.78560000
4636 2482580 26.77860000
4637 2482590 26.76480000
4638 2482600 26.74360000
4639 2482610 26.71520000
4640 2482620 26.73520000
4641 2482630 26.75100000
4642 2482640 26.75410000
4643 2482650 26.74700000
4644 2482660 26.73350000
4645 2482670 26.71880000
4646 2482680 26.70760000
4647 2482690 26.72140000
4648 2482700 26.72910000
4649 2482710 26.73090000
4650 2482720 26.74080000
4651 2482730 26.76200000
4652 2482740 26.77620000
4653 2482750 26.77990000
4654 2482760 26.77080000
4655 2482770 26.76260000
4656 2482780 26.77560000
4657 2482790 26.78290000
4658 2482800 26.79130000
4659 2482810 26.79570000
4660 2482820 26.79350000
4661 2482830 26.78510000
4662 2482840 26.77640000
4663 2482850 26.76590000
4664 2482860 26.76100000
4665 2482870 26.76360000
4666 2482880 26.76680000
4667 2482890 26.77180000
4668 2482900 26.77870000
4669 2482910 26.78550000
4670 2482920 26.79050000
4671 2482930 26.79150000
4672 2482940 26.78820000
4673 2482950 26.78100000
4674 2482960 26.77960000
4675 2482970 26.79200000
4676 2482980 26.79320000
4677 2482990 26.78470000
4678 2483000 26.76870000
4679 2483010 26.74710000
4680 2483020 26.72150000
4681 2483030 26.69700000
4682 2483040 26.69070000
4683 2483050 26.69100000
4684 2483060 26.69700000
4685 2483070 26.70570000
4686 2483080 26.71350000
4687 2483090 26.71920000
4688 2483100 26.71880000
4689 2483110 26.71670000
4690 2483120 26.71150000
4691 2483130 26.70210000
4692 2483140 26.69130000
4693 2483150 26.68820000
4694 2483160 26.69210000
4695 2483170 26.71190000
4696 2483180 26.72030000
4697 2483190 26.71780000
4698 2483200 26.71090000
4699 2483210 26.71300000
4700 2483220 26.71090000
4701 2483230 26.72760000
4702 2483240 26.74800000
4703 2483250 26.75370000
4704 2483260 26.74430000
4705 2483270 26.72440000
4706 2483280 26.71850000
4707 2483290 26.70880000
4708 2483300 26.72740000
4709 2483310 26.73400000
4710 2483320 26.72820000
4711 2483330 26.71200000
4712 2483340 26.71160000
4713 2483350 26.73240000
4714 2483360 26.73900000
4715 2483370 26.75000000
4716 2483380 26.75930000
4717 2483390 26.76770000
4718 2483400 26.77390000
4719 2483410 26.79680000
4720 2483420 26.82800000
4721 2483430 26.85540000
4722 2483440 26.87540000
4723 2483450 26.88540000
4724 2483460 26.88480000
4725 2483470 26.87560000
4726 2483480 26.86050000
4727 2483490 26.84360000
4728 2483500 26.82730000
4729 2483510 26.81390000
4730 2483520 26.80480000
4731 2483530 26.80070000
4732 2483540 26.80170000
4733 2483550 26.80700000
4734 2483560 26.81650000
4735 2483570 26.82970000
4736 2483580 26.84560000
4737 2483590 26.86290000
4738 2483600 26.87970000
4739 2483610 26.89170000
4740 2483620 26.89210000
4741 2483630 26.87790000
4742 2483640 26.84850000
4743 2483650 26.80620000
4744 2483660 26.78100000
4745 2483670 26.80780000
4746 2483680 26.82520000
4747 2483690 26.82650000
4748 2483700 26.81610000
4749 2483710 26.80220000
4750 2483720 26.79060000
4751 2483730 26.78680000
4752 2483740 26.79090000
4753 2483750 26.80180000
4754 2483760 26.81370000
4755 2483770 26.82300000
4756 2483780 26.82720000
4757 2483790 26.82440000
4758 2483800 26.81140000
4759 2483810 26.79040000
4760 2483820 26.76280000
4761 2483830 26.73670000
4762 2483840 26.72560000
4763 2483850 26.72660000
4764 2483860 26.72580000
4765 2483870 26.72300000
4766 2483880 26.74490000
4767 2483890 26.78790000
4768 2483900 26.82130000
4769 2483910 26.83940000
4770 2483920 26.84210000
4771 2483930 26.83380000
4772 2483940 26.81940000
4773 2483950 26.80420000
4774 2483960 26.82600000
4775 2483970 26.84080000
4776 2483980 26.84360000
4777 2483990 26.83420000
4778 2484000 26.81370000
4779 2484010 26.82590000
4780 2484020 26.83800000
4781 2484030 26.84550000
4782 2484040 26.84430000
4783 2484050 26.83180000
4784 2484060 26.80680000
4785 2484070 26.77250000
4786 2484080 26.75870000
4787 2484090 26.74690000
4788 2484100 26.75880000
4789 2484110 26.77070000
4790 2484120 26.77480000
4791 2484130 26.77610000
4792 2484140 26.77800000
4793 2484150 26.78250000
4794 2484160 26.78870000
4795 2484170 26.79490000
4796 2484180 26.79880000
4797 2484190 26.79880000
4798 2484200 26.79450000
4799 2484210 26.78790000
4800 2484220 26.78040000
4801 2484230 26.77370000
4802 2484240 26.76760000
4803 2484250 26.76230000
4804 2484260 26.76760000
4805 2484270 26.77210000
4806 2484280 26.77610000
4807 2484290 26.77880000
4808 2484300 26.77930000
4809 2484310 26.77560000
4810 2484320 26.76780000
4811 2484330 26.75610000
4812 2484340 26.74150000
4813 2484350 26.72560000
4814 2484360 26.71020000
4815 2484370 26.69620000
4816 2484380 26.70440000
4817 2484390 26.72420000
4818 2484400 26.73430000
4819 2484410 26.76280000
4820 2484420 26.80440000
4821 2484430 26.83440000
4822 2484440 26.84960000
4823 2484450 26.85390000
4824 2484460 26.85200000
4825 2484470 26.84520000
4826 2484480 26.83560000
4827 2484490 26.82420000
4828 2484500 26.81150000
4829 2484510 26.80000000
4830 2484520 26.78950000
4831 2484530 26.78070000
4832 2484540 26.77160000
4833 2484550 26.76030000
4834 2484560 26.74370000
4835 2484570 26.74410000
4836 2484580 26.75760000
4837 2484590 26.76700000
4838 2484600 26.77070000
4839 2484610 26.76690000
4840 2484620 26.77170000
4841 2484630 26.78770000
4842 2484640 26.80760000
4843 2484650 26.82400000
4844 2484660 26.83730000
4845 2484670 26.84830000
4846 2484680 26.85790000
4847 2484690 26.86730000
4848 2484700 26.87820000
4849 2484710 26.89120000
4850 2484720 26.90640000
4851 2484730 26.92390000
4852 2484740 26.94110000
4853 2484750 26.95400000
4854 2484760 26.96060000
4855 2484770 26.95820000
4856 2484780 26.94770000
4857 2484790 26.92870000
4858 2484800 26.90320000
4859 2484810 26.87520000
4860 2484820 26.84680000
4861 2484830 26.81900000
4862 2484840 26.79100000
4863 2484850 26.76330000
4864 2484860 26.75010000
4865 2484870 26.74330000
4866 2484880 26.75510000
4867 2484890 26.78140000
4868 2484900 26.79790000
4869 2484910 26.80070000
4870 2484920 26.78990000
4871 2484930 26.77240000
4872 2484940 26.79120000
4873 2484950 26.80350000
4874 2484960 26.81000000
4875 2484970 26.81220000
4876 2484980 26.81010000
4877 2484990 26.80490000
4878 2485000 26.79670000
4879 2485010 26.78310000
4880 2485020 26.76430000
4881 2485030 26.76200000
4882 2485040 26.77350000
4883 2485050 26.78440000
4884 2485060 26.79600000
4885 2485070 26.80810000
4886 2485080 26.82050000
4887 2485090 26.83350000
4888 2485100 26.84650000
4889 2485110 26.85970000
4890 2485120 26.87110000
4891 2485130 26.87900000
4892 2485140 26.88010000
4893 2485150 26.87250000
4894 2485160 26.85610000
4895 2485170 26.83280000
4896 2485180 26.80570000
4897 2485190 26.77740000
4898 2485200 26.77210000
4899 2485210 26.77110000
4900 2485220 26.76770000
4901 2485230 26.76200000
4902 2485240 26.75400000
4903 2485250 26.74290000
4904 2485260 26.72890000
4905 2485270 26.71180000
4906 2485280 26.73350000
4907 2485290 26.75220000
4908 2485300 26.76250000
4909 2485310 26.76410000
4910 2485320 26.75820000
4911 2485330 26.74650000
4912 2485340 26.75650000
4913 2485350 26.79190000
4914 2485360 26.82250000
4915 2485370 26.84530000
4916 2485380 26.85890000
4917 2485390 26.86540000
4918 2485400 26.86770000
4919 2485410 26.86620000
4920 2485420 26.86110000
4921 2485430 26.85290000
4922 2485440 26.84170000
4923 2485450 26.82710000
4924 2485460 26.80940000
4925 2485470 26.78960000
4926 2485480 26.77380000
4927 2485490 26.78390000
4928 2485500 26.79160000
4929 2485510 26.79570000
4930 2485520 26.79490000
4931 2485530 26.78880000
4932 2485540 26.77810000
4933 2485550 26.76300000
4934 2485560 26.74560000
4935 2485570 26.73190000
4936 2485580 26.72680000
4937 2485590 26.71470000
4938 2485600 26.69700000
4939 2485610 26.69970000
4940 2485620 26.72440000
4941 2485630 26.75200000
4942 2485640 26.77830000
4943 2485650 26.79960000
4944 2485660 26.81420000
4945 2485670 26.82200000
4946 2485680 26.82500000
4947 2485690 26.82540000
4948 2485700 26.82480000
4949 2485710 26.82320000
4950 2485720 26.82020000
4951 2485730 26.81460000
4952 2485740 26.80770000
4953 2485750 26.80060000
4954 2485760 26.79510000
4955 2485770 26.79300000
4956 2485780 26.79340000
4957 2485790 26.79390000
4958 2485800 26.79230000
4959 2485810 26.78780000
4960 2485820 26.78070000
4961 2485830 26.79960000
4962 2485840 26.81260000
4963 2485850 26.81730000
4964 2485860 26.81290000
4965 2485870 26.80290000
4966 2485880 26.80430000
4967 2485890 26.79160000
4968 2485900 26.76830000
4969 2485910 26.73950000
4970 2485920 26.72690000
4971 2485930 26.73370000
4972 2485940 26.73890000
4973 2485950 26.74340000
4974 2485960 26.76030000
4975 2485970 26.77200000
4976 2485980 26.77170000
4977 2485990 26.75840000
4978 2486000 26.73790000
4979 2486010 26.74460000
4980 2486020 26.74380000
4981 2486030 26.73480000
4982 2486040 26.71810000
4983 2486050 26.71080000
4984 2486060 26.74200000
4985 2486070 26.77310000
4986 2486080 26.80040000
4987 2486090 26.82060000
4988 2486100 26.83310000
4989 2486110 26.83750000
4990 2486120 26.83440000
4991 2486130 26.82560000
4992 2486140 26.81220000
4993 2486150 26.79560000
4994 2486160 26.77370000
4995 2486170 26.77420000
4996 2486180 26.78350000
4997 2486190 26.78750000
4998 2486200 26.78660000
4999 2486210 26.78300000
5000 2486220 26.77900000
5001 2486230 26.77590000
5002 2486240 26.77340000
5003 2486250 26.76950000
5004 2486260 26.76150000
5005 2486270 26.74840000
5006 2486280 26.72900000
5007 2486290 26.70440000
5008 2486300 26.72040000
5009 2486310 26.74830000
5010 2486320 26.77310000
5011 2486330 26.79280000
5012 2486340 26.80630000
5013 2486350 26.81350000
5014 2486360 26.81470000
5015 2486370 26.81070000
5016 2486380 26.80360000
5017 2486390 26.79370000
5018 2486400 26.78670000
5019 2486410 26.80140000
5020 2486420 26.81270000
5021 2486430 26.81930000
5022 2486440 26.82170000
5023 2486450 26.82110000
5024 2486460 26.81800000
5025 2486470 26.81250000
5026 2486480 26.80860000
5027 2486490 26.83690000
5028 2486500 26.85790000
5029 2486510 26.86770000
5030 2486520 26.86540000
5031 2486530 26.85320000
5032 2486540 26.83440000
5033 2486550 26.81280000
5034 2486560 26.79000000
5035 2486570 26.76780000
5036 2486580 26.77080000
5037 2486590 26.77010000
5038 2486600 26.77870000
5039 2486610 26.80400000
5040 2486620 26.82610000
5041 2486630 26.84160000
5042 2486640 26.85040000
5043 2486650 26.85120000
5044 2486660 26.84220000
5045 2486670 26.82160000
5046 2486680 26.79050000
5047 2486690 26.77230000
5048 2486700 26.77030000
5049 2486710 26.75750000
5050 2486720 26.73520000
5051 2486730 26.70780000
5052 2486740 26.70430000
5053 2486750 26.70950000
5054 2486760 26.70870000
5055 2486770 26.70410000
5056 2486780 26.72140000
5057 2486790 26.72810000
5058 2486800 26.73540000
5059 2486810 26.75300000
5060 2486820 26.76380000
5061 2486830 26.76830000
5062 2486840 26.76900000
5063 2486850 26.76930000
5064 2486860 26.77600000
5065 2486870 26.78480000
5066 2486880 26.80390000
5067 2486890 26.82960000
5068 2486900 26.85810000
5069 2486910 26.88370000
5070 2486920 26.90080000
5071 2486930 26.90540000
5072 2486940 26.89660000
5073 2486950 26.87830000
5074 2486960 26.85670000
5075 2486970 26.83400000
5076 2486980 26.81090000
5077 2486990 26.78890000
5078 2487000 26.76850000
5079 2487010 26.78710000
5080 2487020 26.80390000
5081 2487030 26.81670000
5082 2487040 26.82640000
5083 2487050 26.83290000
5084 2487060 26.83510000
5085 2487070 26.82950000
5086 2487080 26.81310000
5087 2487090 26.78550000
5088 2487100 26.76350000
5089 2487110 26.76430000
5090 2487120 26.77990000
5091 2487130 26.79240000
5092 2487140 26.80290000
5093 2487150 26.81140000
5094 2487160 26.81800000
5095 2487170 26.82050000
5096 2487180 26.81660000
5097 2487190 26.80580000
5098 2487200 26.78910000
5099 2487210 26.77010000
5100 2487220 26.76710000
5101 2487230 26.76740000
5102 2487240 26.78330000
5103 2487250 26.79910000
5104 2487260 26.80130000
5105 2487270 26.79020000
5106 2487280 26.77090000
5107 2487290 26.74790000
5108 2487300 26.72500000
5109 2487310 26.70510000
5110 2487320 26.70150000
5111 2487330 26.70330000
5112 2487340 26.70820000
5113 2487350 26.71540000
5114 2487360 26.72180000
5115 2487370 26.74140000
5116 2487380 26.74800000
5117 2487390 26.74250000
5118 2487400 26.72890000
5119 2487410 26.71180000
5120 2487420 26.69550000
5121 2487430 26.68190000
5122 2487440 26.68640000
5123 2487450 26.69480000
5124 2487460 26.70110000
5125 2487470 26.70220000
5126 2487480 26.69400000
5127 2487490 26.70470000
5128 2487500 26.72840000
5129 2487510 26.75350000
5130 2487520 26.77740000
5131 2487530 26.79740000
5132 2487540 26.80950000
5133 2487550 26.80960000
5134 2487560 26.79620000
5135 2487570 26.78450000
5136 2487580 26.78850000
5137 2487590 26.80570000
5138 2487600 26.81690000
5139 2487610 26.81990000
5140 2487620 26.81600000
5141 2487630 26.80750000
5142 2487640 26.79750000
5143 2487650 26.78860000
5144 2487660 26.78240000
5145 2487670 26.77910000
5146 2487680 26.77790000
5147 2487690 26.77700000
5148 2487700 26.77430000
5149 2487710 26.76730000
5150 2487720 26.75490000
5151 2487730 26.75780000
5152 2487740 26.75960000
5153 2487750 26.75330000
5154 2487760 26.73840000
5155 2487770 26.73660000
5156 2487780 26.74570000
5157 2487790 26.74600000
5158 2487800 26.73360000
5159 2487810 26.74080000
5160 2487820 26.76220000
5161 2487830 26.77880000
5162 2487840 26.78760000
5163 2487850 26.78620000
5164 2487860 26.77360000
5165 2487870 26.76200000
5166 2487880 26.77580000
5167 2487890 26.78490000
5168 2487900 26.80460000
5169 2487910 26.81920000
5170 2487920 26.82560000
5171 2487930 26.82380000
5172 2487940 26.81530000
5173 2487950 26.80230000
5174 2487960 26.78760000
5175 2487970 26.77380000
5176 2487980 26.76060000
5177 2487990 26.74760000
5178 2488000 26.73600000
5179 2488010 26.74810000
5180 2488020 26.75600000
5181 2488030 26.75700000
5182 2488040 26.74960000
5183 2488050 26.73210000
5184 2488060 26.74190000
5185 2488070 26.74430000
5186 2488080 26.73000000
5187 2488090 26.70880000
5188 2488100 26.72110000
5189 2488110 26.73670000
5190 2488120 26.74400000
5191 2488130 26.74320000
5192 2488140 26.73590000
5193 2488150 26.73960000
5194 2488160 26.75080000
5195 2488170 26.75350000
5196 2488180 26.74820000
5197 2488190 26.76410000
5198 2488200 26.77240000
5199 2488210 26.77380000
5200 2488220 26.76950000
5201 2488230 26.76090000
5202 2488240 26.77190000
5203 2488250 26.79670000
5204 2488260 26.82050000
5205 2488270 26.84070000
5206 2488280 26.85340000
5207 2488290 26.85670000
5208 2488300 26.85030000
5209 2488310 26.83600000
5210 2488320 26.81560000
5211 2488330 26.79160000
5212 2488340 26.76640000
5213 2488350 26.74250000
5214 2488360 26.74150000
5215 2488370 26.73560000
5216 2488380 26.73770000
5217 2488390 26.73410000
5218 2488400 26.74450000
5219 2488410 26.75990000
5220 2488420 26.76410000
5221 2488430 26.75490000
5222 2488440 26.74940000
5223 2488450 26.75500000
5224 2488460 26.75470000
5225 2488470 26.75070000
5226 2488480 26.74450000
5227 2488490 26.73680000
5228 2488500 26.72750000
5229 2488510 26.71650000
5230 2488520 26.70780000
5231 2488530 26.70950000
5232 2488540 26.70910000
5233 2488550 26.70540000
5234 2488560 26.69820000
5235 2488570 26.69840000
5236 2488580 26.70010000
5237 2488590 26.71580000
5238 2488600 26.72660000
5239 2488610 26.73150000
5240 2488620 26.73470000
5241 2488630 26.73910000
5242 2488640 26.75680000
5243 2488650 26.77940000
5244 2488660 26.80250000
5245 2488670 26.82360000
5246 2488680 26.83870000
5247 2488690 26.84370000
5248 2488700 26.83770000
5249 2488710 26.82140000
5250 2488720 26.79780000
5251 2488730 26.77110000
5252 2488740 26.75060000
5253 2488750 26.75610000
5254 2488760 26.75870000
5255 2488770 26.75850000
5256 2488780 26.75610000
5257 2488790 26.75040000
5258 2488800 26.74000000
5259 2488810 26.73480000
5260 2488820 26.75530000
5261 2488830 26.77620000
5262 2488840 26.79060000
5263 2488850 26.79600000
5264 2488860 26.79200000
5265 2488870 26.77800000
5266 2488880 26.79640000
5267 2488890 26.81270000
5268 2488900 26.82480000
5269 2488910 26.83110000
5270 2488920 26.83100000
5271 2488930 26.83980000
5272 2488940 26.86490000
5273 2488950 26.88310000
5274 2488960 26.89370000
5275 2488970 26.89750000
5276 2488980 26.89610000
5277 2488990 26.89070000
5278 2489000 26.88110000
5279 2489010 26.86600000
5280 2489020 26.84530000
5281 2489030 26.86150000
5282 2489040 26.87480000
5283 2489050 26.87750000
5284 2489060 26.87000000
5285 2489070 26.85280000
5286 2489080 26.82870000
5287 2489090 26.80110000
5288 2489100 26.77370000
5289 2489110 26.75060000
5290 2489120 26.73350000
5291 2489130 26.72260000
5292 2489140 26.72800000
5293 2489150 26.74330000
5294 2489160 26.75270000
5295 2489170 26.75640000
5296 2489180 26.75500000
5297 2489190 26.76490000
5298 2489200 26.76670000
5299 2489210 26.76880000
5300 2489220 26.76080000
5301 2489230 26.74460000
5302 2489240 26.77190000
5303 2489250 26.79670000
5304 2489260 26.81740000
5305 2489270 26.83170000
5306 2489280 26.83840000
5307 2489290 26.83640000
5308 2489300 26.82560000
5309 2489310 26.80830000
5310 2489320 26.78690000
5311 2489330 26.79770000
5312 2489340 26.83000000
5313 2489350 26.85790000
5314 2489360 26.88050000
5315 2489370 26.89840000
5316 2489380 26.91170000
5317 2489390 26.92030000
5318 2489400 26.92480000
5319 2489410 26.92540000
5320 2489420 26.92240000
5321 2489430 26.91590000
5322 2489440 26.90620000
5323 2489450 26.89460000
5324 2489460 26.88000000
5325 2489470 26.86090000
5326 2489480 26.83500000
5327 2489490 26.80310000
5328 2489500 26.76640000
5329 2489510 26.72610000
5330 2489520 26.74200000
5331 2489530 26.74690000
5332 2489540 26.74090000
5333 2489550 26.72640000
5334 2489560 26.70790000
5335 2489570 26.69590000
5336 2489580 26.68690000
5337 2489590 26.69090000
5338 2489600 26.70970000
5339 2489610 26.72480000
5340 2489620 26.73690000
5341 2489630 26.74780000
5342 2489640 26.75940000
5343 2489650 26.77330000
5344 2489660 26.79000000
5345 2489670 26.80870000
5346 2489680 26.82670000
5347 2489690 26.84090000
5348 2489700 26.84780000
5349 2489710 26.84440000
5350 2489720 26.82990000
5351 2489730 26.80490000
5352 2489740 26.77170000
5353 2489750 26.73600000
5354 2489760 26.72430000
5355 2489770 26.74950000
5356 2489780 26.77330000
5357 2489790 26.79420000
5358 2489800 26.80960000
5359 2489810 26.81820000
5360 2489820 26.83800000
5361 2489830 26.86120000
5362 2489840 26.87690000
5363 2489850 26.88520000
5364 2489860 26.88620000
5365 2489870 26.88040000
5366 2489880 26.86910000
5367 2489890 26.85270000
5368 2489900 26.83100000
5369 2489910 26.80510000
5370 2489920 26.77810000
5371 2489930 26.77510000
5372 2489940 26.79240000
5373 2489950 26.80250000
5374 2489960 26.80520000
5375 2489970 26.80060000
5376 2489980 26.78810000
5377 2489990 26.76800000
5378 2490000 26.74200000
5379 2490010 26.71200000
5380 2490020 26.71590000
5381 2490030 26.72340000
5382 2490040 26.72830000
5383 2490050 26.72770000
5384 2490060 26.72190000
5385 2490070 26.71100000
5386 2490080 26.71030000
5387 2490090 26.71180000
5388 2490100 26.72170000
5389 2490110 26.74020000
5390 2490120 26.75570000
5391 2490130 26.76700000
5392 2490140 26.77330000
5393 2490150 26.77460000
5394 2490160 26.78620000
5395 2490170 26.80760000
5396 2490180 26.81760000
5397 2490190 26.81700000
5398 2490200 26.80730000
5399 2490210 26.79170000
5400 2490220 26.77250000
5401 2490230 26.75090000
5402 2490240 26.72740000
5403 2490250 26.72250000
5404 2490260 26.73920000
5405 2490270 26.75120000
5406 2490280 26.75900000
5407 2490290 26.76400000
5408 2490300 26.76850000
5409 2490310 26.77320000
5410 2490320 26.77790000
5411 2490330 26.78170000
5412 2490340 26.78390000
5413 2490350 26.78320000
5414 2490360 26.77880000
5415 2490370 26.77040000
5416 2490380 26.79250000
5417 2490390 26.81220000
5418 2490400 26.81940000
5419 2490410 26.81520000
5420 2490420 26.80300000
5421 2490430 26.78670000
5422 2490440 26.80370000
5423 2490450 26.81650000
5424 2490460 26.81970000
5425 2490470 26.80950000
5426 2490480 26.78560000
5427 2490490 26.78720000
5428 2490500 26.78810000
5429 2490510 26.78280000
5430 2490520 26.76990000
5431 2490530 26.74950000
5432 2490540 26.72420000
5433 2490550 26.72580000
5434 2490560 26.72760000
5435 2490570 26.72890000
5436 2490580 26.72970000
5437 2490590 26.73160000
5438 2490600 26.73280000
5439 2490610 26.73270000
5440 2490620 26.75810000
5441 2490630 26.78790000
5442 2490640 26.81220000
5443 2490650 26.82430000
5444 2490660 26.82910000
5445 2490670 26.82410000
5446 2490680 26.81130000
5447 2490690 26.79420000
5448 2490700 26.78000000
5449 2490710 26.79350000
5450 2490720 26.80160000
5451 2490730 26.80160000
5452 2490740 26.79140000
5453 2490750 26.77120000
5454 2490760 26.74550000
5455 2490770 26.75640000
5456 2490780 26.76440000
5457 2490790 26.77120000
5458 2490800 26.77700000
5459 2490810 26.78200000
5460 2490820 26.78600000
5461 2490830 26.78790000
5462 2490840 26.78590000
5463 2490850 26.77950000
5464 2490860 26.76820000
5465 2490870 26.75250000
5466 2490880 26.76450000
5467 2490890 26.78640000
5468 2490900 26.79570000
5469 2490910 26.79140000
5470 2490920 26.77980000
5471 2490930 26.77650000
5472 2490940 26.78630000
5473 2490950 26.78770000
5474 2490960 26.78340000
5475 2490970 26.77750000
5476 2490980 26.77290000
5477 2490990 26.77060000
5478 2491000 26.78790000
5479 2491010 26.80530000
5480 2491020 26.81390000
5481 2491030 26.81620000
5482 2491040 26.81270000
5483 2491050 26.80330000
5484 2491060 26.78800000
5485 2491070 26.78640000
5486 2491080 26.78420000
5487 2491090 26.77960000
5488 2491100 26.77130000
5489 2491110 26.76890000
5490 2491120 26.79340000
5491 2491130 26.81330000
5492 2491140 26.83060000
5493 2491150 26.86440000
5494 2491160 26.89320000
5495 2491170 26.91330000
5496 2491180 26.92240000
5497 2491190 26.92070000
5498 2491200 26.91110000
5499 2491210 26.89660000
5500 2491220 26.87980000
5501 2491230 26.86250000
5502 2491240 26.84620000
5503 2491250 26.83230000
5504 2491260 26.81920000
5505 2491270 26.80830000
5506 2491280 26.80010000
5507 2491290 26.79410000
5508 2491300 26.79170000
5509 2491310 26.81730000
5510 2491320 26.83620000
5511 2491330 26.84960000
5512 2491340 26.86420000
5513 2491350 26.87450000
5514 2491360 26.88060000
5515 2491370 26.88150000
5516 2491380 26.87660000
5517 2491390 26.86600000
5518 2491400 26.85010000
5519 2491410 26.83010000
5520 2491420 26.80850000
5521 2491430 26.78720000
5522 2491440 26.76800000
5523 2491450 26.75090000
5524 2491460 26.76370000
5525 2491470 26.78480000
5526 2491480 26.80620000
5527 2491490 26.82800000
5528 2491500 26.84810000
5529 2491510 26.86370000
5530 2491520 26.87350000
5531 2491530 26.87690000
5532 2491540 26.87380000
5533 2491550 26.86630000
5534 2491560 26.85520000
5535 2491570 26.84080000
5536 2491580 26.82450000
5537 2491590 26.80630000
5538 2491600 26.78610000
5539 2491610 26.76430000
5540 2491620 26.74330000
5541 2491630 26.72520000
5542 2491640 26.71160000
5543 2491650 26.70880000
5544 2491660 26.72130000
5545 2491670 26.72920000
5546 2491680 26.73060000
5547 2491690 26.72370000
5548 2491700 26.70810000
5549 2491710 26.70290000
5550 2491720 26.70910000
5551 2491730 26.70810000
5552 2491740 26.70250000
5553 2491750 26.71400000
5554 2491760 26.71430000
5555 2491770 26.70520000
5556 2491780 26.70980000
5557 2491790 26.72240000
5558 2491800 26.73700000
5559 2491810 26.74650000
5560 2491820 26.75430000
5561 2491830 26.76380000
5562 2491840 26.77680000
5563 2491850 26.79240000
5564 2491860 26.80810000
5565 2491870 26.82030000
5566 2491880 26.82680000
5567 2491890 26.82570000
5568 2491900 26.81660000
5569 2491910 26.79940000
5570 2491920 26.79460000
5571 2491930 26.81850000
5572 2491940 26.84060000
5573 2491950 26.85930000
5574 2491960 26.87300000
5575 2491970 26.88120000
5576 2491980 26.88550000
5577 2491990 26.88870000
5578 2492000 26.89320000
5579 2492010 26.90100000
5580 2492020 26.91250000
5581 2492030 26.92690000
5582 2492040 26.94230000
5583 2492050 26.95580000
5584 2492060 26.96370000
5585 2492070 26.96410000
5586 2492080 26.95660000
5587 2492090 26.94230000
5588 2492100 26.92390000
5589 2492110 26.90320000
5590 2492120 26.88100000
5591 2492130 26.85630000
5592 2492140 26.82820000
5593 2492150 26.79890000
5594 2492160 26.81700000
5595 2492170 26.82350000
5596 2492180 26.81870000
5597 2492190 26.80460000
5598 2492200 26.78460000
5599 2492210 26.76320000
5600 2492220 26.74270000
5601 2492230 26.74900000
5602 2492240 26.76890000
5603 2492250 26.77840000
5604 2492260 26.77870000
5605 2492270 26.77290000
5606 2492280 26.76510000
5607 2492290 26.75690000
5608 2492300 26.74810000
5609 2492310 26.73790000
5610 2492320 26.74710000
5611 2492330 26.77630000
5612 2492340 26.79380000
5613 2492350 26.79790000
5614 2492360 26.78930000
5615 2492370 26.76940000
5616 2492380 26.76420000
5617 2492390 26.79040000
5618 2492400 26.80700000
5619 2492410 26.81360000
5620 2492420 26.81090000
5621 2492430 26.80080000
5622 2492440 26.78580000
5623 2492450 26.76800000
5624 2492460 26.74780000
5625 2492470 26.74810000
5626 2492480 26.77490000
5627 2492490 26.79440000
5628 2492500 26.80620000
5629 2492510 26.81060000
5630 2492520 26.80920000
5631 2492530 26.80310000
5632 2492540 26.79370000
5633 2492550 26.78200000
5634 2492560 26.77380000
5635 2492570 26.76510000
5636 2492580 26.75220000
5637 2492590 26.73590000
5638 2492600 26.75320000
5639 2492610 26.76040000
5640 2492620 26.75370000
5641 2492630 26.74970000
5642 2492640 26.74580000
5643 2492650 26.74060000
5644 2492660 26.73600000
5645 2492670 26.73560000
5646 2492680 26.74090000
5647 2492690 26.75330000
5648 2492700 26.77140000
5649 2492710 26.79200000
5650 2492720 26.80930000
5651 2492730 26.81720000
5652 2492740 26.81400000
5653 2492750 26.80100000
5654 2492760 26.78250000
5655 2492770 26.76210000
5656 2492780 26.74740000
5657 2492790 26.73710000
5658 2492800 26.72280000
5659 2492810 26.70440000
5660 2492820 26.68290000
5661 2492830 26.72610000
5662 2492840 26.76560000
5663 2492850 26.79620000
5664 2492860 26.81500000
5665 2492870 26.82040000
5666 2492880 26.81600000
5667 2492890 26.80860000
5668 2492900 26.80280000
5669 2492910 26.80180000
5670 2492920 26.81980000
5671 2492930 26.83070000
5672 2492940 26.83140000
5673 2492950 26.82230000
5674 2492960 26.81650000
5675 2492970 26.81120000
5676 2492980 26.80070000
5677 2492990 26.80640000
5678 2493000 26.80930000
5679 2493010 26.80780000
5680 2493020 26.80040000
5681 2493030 26.79700000
5682 2493040 26.81010000
5683 2493050 26.81920000
5684 2493060 26.82200000
5685 2493070 26.82010000
5686 2493080 26.81630000
5687 2493090 26.81230000
5688 2493100 26.80890000
5689 2493110 26.80400000
5690 2493120 26.79530000
5691 2493130 26.78070000
5692 2493140 26.76190000
5693 2493150 26.76650000
5694 2493160 26.77660000
5695 2493170 26.77970000
5696 2493180 26.77460000
5697 2493190 26.76160000
5698 2493200 26.74200000
5699 2493210 26.75840000
5700 2493220 26.76980000
5701 2493230 26.76440000
5702 2493240 26.74120000
5703 2493250 26.71450000
5704 2493260 26.72370000
5705 2493270 26.72300000
5706 2493280 26.72850000
5707 2493290 26.72500000
5708 2493300 26.71380000
5709 2493310 26.69760000
5710 2493320 26.68170000
5711 2493330 26.69050000
5712 2493340 26.71140000
5713 2493350 26.73180000
5714 2493360 26.74860000
5715 2493370 26.76000000
5716 2493380 26.76470000
5717 2493390 26.76360000
5718 2493400 26.75720000
5719 2493410 26.74650000
5720 2493420 26.73120000
5721 2493430 26.71430000
5722 2493440 26.72340000
5723 2493450 26.73380000
5724 2493460 26.74020000
5725 2493470 26.75500000
5726 2493480 26.78330000
5727 2493490 26.80950000
5728 2493500 26.83330000
5729 2493510 26.85580000
5730 2493520 26.87670000
5731 2493530 26.89580000
5732 2493540 26.91100000
5733 2493550 26.91940000
5734 2493560 26.91690000
5735 2493570 26.90020000
5736 2493580 26.86850000
5737 2493590 26.82370000
5738 2493600 26.76830000
5739 2493610 26.72690000
5740 2493620 26.72600000
5741 2493630 26.72730000
5742 2493640 26.75290000
5743 2493650 26.76830000
5744 2493660 26.77430000
5745 2493670 26.77220000
5746 2493680 26.77730000
5747 2493690 26.78120000
5748 2493700 26.77360000
5749 2493710 26.75580000
5750 2493720 26.73100000
5751 2493730 26.70330000
5752 2493740 26.68420000
5753 2493750 26.67660000
5754 2493760 26.68330000
5755 2493770 26.68680000
5756 2493780 26.69910000
5757 2493790 26.73610000
5758 2493800 26.76770000
5759 2493810 26.79150000
5760 2493820 26.80700000
5761 2493830 26.81380000
5762 2493840 26.81220000
5763 2493850 26.80360000
5764 2493860 26.79020000
5765 2493870 26.77350000
5766 2493880 26.75400000
5767 2493890 26.73860000
5768 2493900 26.74460000
5769 2493910 26.75030000
5770 2493920 26.76900000
5771 2493930 26.77740000
5772 2493940 26.77360000
5773 2493950 26.75850000
5774 2493960 26.74350000
5775 2493970 26.74450000
5776 2493980 26.74460000
5777 2493990 26.76490000
5778 2494000 26.78230000
5779 2494010 26.79510000
5780 2494020 26.80180000
5781 2494030 26.80150000
5782 2494040 26.79470000
5783 2494050 26.79950000
5784 2494060 26.82240000
5785 2494070 26.84450000
5786 2494080 26.86380000
5787 2494090 26.88030000
5788 2494100 26.90150000
5789 2494110 26.91840000
5790 2494120 26.92930000
5791 2494130 26.93300000
5792 2494140 26.92760000
5793 2494150 26.91260000
5794 2494160 26.88840000
5795 2494170 26.85780000
5796 2494180 26.82270000
5797 2494190 26.78460000
5798 2494200 26.74490000
5799 2494210 26.73500000
5800 2494220 26.75290000
5801 2494230 26.76580000
5802 2494240 26.77200000
5803 2494250 26.77090000
5804 2494260 26.76290000
5805 2494270 26.74890000
5806 2494280 26.73380000
5807 2494290 26.73640000
5808 2494300 26.72700000
5809 2494310 26.70810000
5810 2494320 26.70400000
5811 2494330 26.71740000
5812 2494340 26.72340000
5813 2494350 26.73010000
5814 2494360 26.73660000
5815 2494370 26.73310000
5816 2494380 26.72160000
5817 2494390 26.70460000
5818 2494400 26.70580000
5819 2494410 26.73110000
5820 2494420 26.74980000
5821 2494430 26.76020000
5822 2494440 26.76850000
5823 2494450 26.78110000
5824 2494460 26.78580000
5825 2494470 26.78340000
5826 2494480 26.77590000
5827 2494490 26.76600000
5828 2494500 26.75690000
5829 2494510 26.75130000
5830 2494520 26.75160000
5831 2494530 26.75850000
5832 2494540 26.77130000
5833 2494550 26.78800000
5834 2494560 26.80550000
5835 2494570 26.82070000
5836 2494580 26.83060000
5837 2494590 26.83350000
5838 2494600 26.82830000
5839 2494610 26.81550000
5840 2494620 26.79700000
5841 2494630 26.77610000
5842 2494640 26.75580000
5843 2494650 26.73760000
5844 2494660 26.72240000
5845 2494670 26.70980000
5846 2494680 26.71860000
5847 2494690 26.72920000
5848 2494700 26.73640000
5849 2494710 26.73860000
5850 2494720 26.73390000
5851 2494730 26.72020000
5852 2494740 26.70390000
5853 2494750 26.69100000
5854 2494760 26.68600000
5855 2494770 26.69810000
5856 2494780 26.70920000
5857 2494790 26.71900000
5858 2494800 26.72720000
5859 2494810 26.73280000
5860 2494820 26.73590000
5861 2494830 26.73480000
5862 2494840 26.72810000
5863 2494850 26.71410000
5864 2494860 26.69310000
5865 2494870 26.68610000
5866 2494880 26.71100000
5867 2494890 26.73160000
5868 2494900 26.74520000
5869 2494910 26.75080000
5870 2494920 26.74720000
5871 2494930 26.73470000
5872 2494940 26.71540000
5873 2494950 26.71650000
5874 2494960 26.72630000
5875 2494970 26.74860000
5876 2494980 26.76410000
5877 2494990 26.77300000
5878 2495000 26.77710000
5879 2495010 26.78030000
5880 2495020 26.78330000
5881 2495030 26.78720000
5882 2495040 26.79010000
5883 2495050 26.78960000
5884 2495060 26.81070000
5885 2495070 26.84270000
5886 2495080 26.86580000
5887 2495090 26.87660000
5888 2495100 26.87260000
5889 2495110 26.85490000
5890 2495120 26.82750000
5891 2495130 26.79650000
5892 2495140 26.76650000
5893 2495150 26.75070000
5894 2495160 26.77620000
5895 2495170 26.79640000
5896 2495180 26.80960000
5897 2495190 26.81420000
5898 2495200 26.81130000
5899 2495210 26.80150000
5900 2495220 26.78800000
5901 2495230 26.77320000
5902 2495240 26.75880000
5903 2495250 26.74420000
5904 2495260 26.73140000
5905 2495270 26.73290000
5906 2495280 26.73100000
5907 2495290 26.74880000
5908 2495300 26.76620000
5909 2495310 26.77840000
5910 2495320 26.78260000
5911 2495330 26.77870000
5912 2495340 26.76650000
5913 2495350 26.74830000
5914 2495360 26.72470000
5915 2495370 26.74520000
5916 2495380 26.76200000
5917 2495390 26.76630000
5918 2495400 26.75630000
5919 2495410 26.73690000
5920 2495420 26.73800000
5921 2495430 26.73510000
5922 2495440 26.72890000
5923 2495450 26.72330000
5924 2495460 26.74010000
5925 2495470 26.75540000
5926 2495480 26.76950000
5927 2495490 26.78200000
5928 2495500 26.79180000
5929 2495510 26.79790000
5930 2495520 26.80700000
5931 2495530 26.81000000
5932 2495540 26.80650000
5933 2495550 26.79660000
5934 2495560 26.78210000
5935 2495570 26.76510000
5936 2495580 26.75890000
5937 2495590 26.75760000
5938 2495600 26.74880000
5939 2495610 26.74070000
5940 2495620 26.73940000
5941 2495630 26.75710000
5942 2495640 26.76990000
5943 2495650 26.77820000
5944 2495660 26.78360000
5945 2495670 26.78820000
5946 2495680 26.79340000
5947 2495690 26.80260000
5948 2495700 26.80370000
5949 2495710 26.79830000
5950 2495720 26.78810000
5951 2495730 26.77670000
5952 2495740 26.76140000
5953 2495750 26.73370000
5954 2495760 26.70700000
5955 2495770 26.71520000
5956 2495780 26.71500000
5957 2495790 26.71210000
5958 2495800 26.73980000
5959 2495810 26.75600000
5960 2495820 26.75980000
5961 2495830 26.76350000
5962 2495840 26.79590000
5963 2495850 26.81660000
5964 2495860 26.82300000
5965 2495870 26.81620000
5966 2495880 26.79870000
5967 2495890 26.78320000
5968 2495900 26.79970000
5969 2495910 26.81340000
5970 2495920 26.82490000
5971 2495930 26.83400000
5972 2495940 26.83990000
5973 2495950 26.84080000
5974 2495960 26.83550000
5975 2495970 26.82190000
5976 2495980 26.80040000
5977 2495990 26.80290000
5978 2496000 26.80790000
5979 2496010 26.80010000
5980 2496020 26.82610000
5981 2496030 26.84350000
5982 2496040 26.84510000
5983 2496050 26.84380000
5984 2496060 26.84420000
5985 2496070 26.83880000
5986 2496080 26.85540000
5987 2496090 26.87510000
5988 2496100 26.88890000
5989 2496110 26.89790000
5990 2496120 26.90220000
5991 2496130 26.90360000
5992 2496140 26.90320000
5993 2496150 26.89940000
5994 2496160 26.89140000
5995 2496170 26.87840000
5996 2496180 26.85910000
5997 2496190 26.83540000
5998 2496200 26.83340000
5999 2496210 26.83100000
6000 2496220 26.82750000
6001 2496230 26.82180000
6002 2496240 26.81120000
6003 2496250 26.79490000
6004 2496260 26.77270000
6005 2496270 26.76540000
6006 2496280 26.78430000
6007 2496290 26.80170000
6008 2496300 26.81660000
6009 2496310 26.82870000
6010 2496320 26.83730000
6011 2496330 26.84210000
6012 2496340 26.84310000
6013 2496350 26.83970000
6014 2496360 26.83180000
6015 2496370 26.81890000
6016 2496380 26.80100000
6017 2496390 26.77730000
6018 2496400 26.74760000
6019 2496410 26.73230000
6020 2496420 26.75940000
6021 2496430 26.79720000
6022 2496440 26.83700000
6023 2496450 26.87630000
6024 2496460 26.91330000
6025 2496470 26.94570000
6026 2496480 26.97060000
6027 2496490 26.98400000
6028 2496500 26.98220000
6029 2496510 26.96500000
6030 2496520 26.93410000
6031 2496530 26.89240000
6032 2496540 26.84580000
6033 2496550 26.79880000
6034 2496560 26.80600000
6035 2496570 26.82370000
6036 2496580 26.83860000
6037 2496590 26.85010000
6038 2496600 26.85630000
6039 2496610 26.85590000
6040 2496620 26.84700000
6041 2496630 26.82860000
6042 2496640 26.83150000
6043 2496650 26.83650000
6044 2496660 26.82840000
6045 2496670 26.81620000
6046 2496680 26.84900000
6047 2496690 26.88020000
6048 2496700 26.90870000
6049 2496710 26.93290000
6050 2496720 26.95220000
6051 2496730 26.96640000
6052 2496740 26.97450000
6053 2496750 26.97520000
6054 2496760 26.96930000
6055 2496770 26.95680000
6056 2496780 26.93860000
6057 2496790 26.91610000
6058 2496800 26.89180000
6059 2496810 26.86670000
6060 2496820 26.84110000
6061 2496830 26.81630000
6062 2496840 26.79300000
6063 2496850 26.78060000
6064 2496860 26.77450000
6065 2496870 26.76800000
6066 2496880 26.76340000
6067 2496890 26.76110000
6068 2496900 26.76050000
6069 2496910 26.76010000
6070 2496920 26.75880000
6071 2496930 26.75580000
6072 2496940 26.76850000
6073 2496950 26.77310000
6074 2496960 26.77020000
6075 2496970 26.76070000
6076 2496980 26.74730000
6077 2496990 26.75060000
6078 2497000 26.75500000
6079 2497010 26.76670000
6080 2497020 26.77420000
6081 2497030 26.77970000
6082 2497040 26.78550000
6083 2497050 26.79160000
6084 2497060 26.79770000
6085 2497070 26.80380000
6086 2497080 26.80880000
6087 2497090 26.81140000
6088 2497100 26.81060000
6089 2497110 26.80640000
6090 2497120 26.80020000
6091 2497130 26.79030000
6092 2497140 26.77880000
6093 2497150 26.77040000
6094 2497160 26.78380000
6095 2497170 26.79140000
6096 2497180 26.79150000
6097 2497190 26.78450000
6098 2497200 26.78320000
6099 2497210 26.80800000
6100 2497220 26.82060000
6101 2497230 26.82330000
6102 2497240 26.82050000
6103 2497250 26.81550000
6104 2497260 26.81100000
6105 2497270 26.80760000
6106 2497280 26.80540000
6107 2497290 26.80430000
6108 2497300 26.80400000
6109 2497310 26.80540000
6110 2497320 26.81360000
6111 2497330 26.81830000
6112 2497340 26.82430000
6113 2497350 26.83580000
6114 2497360 26.84660000
6115 2497370 26.85280000
6116 2497380 26.87160000
6117 2497390 26.88860000
6118 2497400 26.89470000
6119 2497410 26.88960000
6120 2497420 26.87340000
6121 2497430 26.84910000
6122 2497440 26.81930000
6123 2497450 26.82840000
6124 2497460 26.83840000
6125 2497470 26.83250000
6126 2497480 26.81580000
6127 2497490 26.81430000
6128 2497500 26.80810000
6129 2497510 26.79600000
6130 2497520 26.78040000
6131 2497530 26.77800000
6132 2497540 26.78430000
6133 2497550 26.79150000
6134 2497560 26.79520000
6135 2497570 26.79020000
6136 2497580 26.77360000
6137 2497590 26.74390000
6138 2497600 26.74050000
6139 2497610 26.74960000
6140 2497620 26.75620000
6141 2497630 26.75800000
6142 2497640 26.75360000
6143 2497650 26.74440000
6144 2497660 26.73130000
6145 2497670 26.71660000
6146 2497680 26.70840000
6147 2497690 26.73410000
6148 2497700 26.75540000
6149 2497710 26.77240000
6150 2497720 26.78480000
6151 2497730 26.79130000
6152 2497740 26.79090000
6153 2497750 26.78190000
6154 2497760 26.76410000
6155 2497770 26.75370000
6156 2497780 26.76750000
6157 2497790 26.77650000
6158 2497800 26.77620000
6159 2497810 26.78350000
6160 2497820 26.79910000
6161 2497830 26.80190000
6162 2497840 26.79220000
6163 2497850 26.77140000
6164 2497860 26.75840000
6165 2497870 26.76560000
6166 2497880 26.77150000
6167 2497890 26.78340000
6168 2497900 26.79740000
6169 2497910 26.80180000
6170 2497920 26.79490000
6171 2497930 26.77740000
6172 2497940 26.75740000
6173 2497950 26.76670000
6174 2497960 26.77380000
6175 2497970 26.79980000
6176 2497980 26.82060000
6177 2497990 26.83730000
6178 2498000 26.85040000
6179 2498010 26.85960000
6180 2498020 26.86360000
6181 2498030 26.86190000
6182 2498040 26.85320000
6183 2498050 26.83790000
6184 2498060 26.81620000
6185 2498070 26.78920000
6186 2498080 26.78090000
6187 2498090 26.77880000
6188 2498100 26.76690000
6189 2498110 26.74600000
6190 2498120 26.75170000
6191 2498130 26.77610000
6192 2498140 26.79400000
6193 2498150 26.80260000
6194 2498160 26.80110000
6195 2498170 26.79050000
6196 2498180 26.77360000
6197 2498190 26.77720000
6198 2498200 26.80110000
6199 2498210 26.81790000
6200 2498220 26.82350000
6201 2498230 26.82890000
6202 2498240 26.83110000
6203 2498250 26.83040000
6204 2498260 26.82750000
6205 2498270 26.82220000
6206 2498280 26.81330000
6207 2498290 26.80940000
6208 2498300 26.81380000
6209 2498310 26.80480000
6210 2498320 26.78390000
6211 2498330 26.75460000
6212 2498340 26.72070000
6213 2498350 26.71660000
6214 2498360 26.72360000
6215 2498370 26.73090000
6216 2498380 26.73790000
6217 2498390 26.74240000
6218 2498400 26.74300000
6219 2498410 26.73820000
6220 2498420 26.75020000
6221 2498430 26.76810000
6222 2498440 26.77960000
6223 2498450 26.78450000
6224 2498460 26.78240000
6225 2498470 26.77420000
6226 2498480 26.76130000
6227 2498490 26.75660000
6228 2498500 26.79330000
6229 2498510 26.82340000
6230 2498520 26.84290000
6231 2498530 26.85060000
6232 2498540 26.84750000
6233 2498550 26.83470000
6234 2498560 26.81590000
6235 2498570 26.79340000
6236 2498580 26.79460000
6237 2498590 26.79970000
6238 2498600 26.80090000
6239 2498610 26.79760000
6240 2498620 26.79060000
6241 2498630 26.77960000
6242 2498640 26.76570000
6243 2498650 26.75890000
6244 2498660 26.75790000
6245 2498670 26.75000000
6246 2498680 26.74110000
6247 2498690 26.76170000
6248 2498700 26.77960000
6249 2498710 26.79230000
6250 2498720 26.79900000
6251 2498730 26.79960000
6252 2498740 26.79470000
6253 2498750 26.78570000
6254 2498760 26.77340000
6255 2498770 26.76790000
6256 2498780 26.74620000
6257 2498790 26.74740000
6258 2498800 26.74490000
6259 2498810 26.73970000
6260 2498820 26.74800000
6261 2498830 26.78820000
6262 2498840 26.81590000
6263 2498850 26.82790000
6264 2498860 26.82540000
6265 2498870 26.81220000
6266 2498880 26.79300000
6267 2498890 26.79760000
6268 2498900 26.80970000
6269 2498910 26.80940000
6270 2498920 26.79690000
6271 2498930 26.77510000
6272 2498940 26.74810000
6273 2498950 26.72030000
6274 2498960 26.73640000
6275 2498970 26.75940000
6276 2498980 26.77300000
6277 2498990 26.77580000
6278 2499000 26.78170000
6279 2499010 26.82400000
6280 2499020 26.85610000
6281 2499030 26.87430000
6282 2499040 26.87510000
6283 2499050 26.86110000
6284 2499060 26.83700000
6285 2499070 26.80690000
6286 2499080 26.77640000
6287 2499090 26.74790000
6288 2499100 26.72220000
6289 2499110 26.70320000
6290 2499120 26.69850000
6291 2499130 26.73580000
6292 2499140 26.76420000
6293 2499150 26.77550000
6294 2499160 26.77020000
6295 2499170 26.80050000
6296 2499180 26.82190000
6297 2499190 26.83130000
6298 2499200 26.82890000
6299 2499210 26.81620000
6300 2499220 26.79690000
6301 2499230 26.79080000
6302 2499240 26.79430000
6303 2499250 26.79060000
6304 2499260 26.78220000
6305 2499270 26.78120000
6306 2499280 26.77940000
6307 2499290 26.77170000
6308 2499300 26.75540000
6309 2499310 26.73010000
6310 2499320 26.74480000
6311 2499330 26.76080000
6312 2499340 26.76160000
6313 2499350 26.74530000
6314 2499360 26.75550000
6315 2499370 26.76460000
6316 2499380 26.76480000
6317 2499390 26.75640000
6318 2499400 26.74170000
6319 2499410 26.72230000
6320 2499420 26.74700000
6321 2499430 26.76920000
6322 2499440 26.78900000
6323 2499450 26.80560000
6324 2499460 26.81760000
6325 2499470 26.82420000
6326 2499480 26.82490000
6327 2499490 26.81950000
6328 2499500 26.80870000
6329 2499510 26.79290000
6330 2499520 26.79060000
6331 2499530 26.77790000
6332 2499540 26.75910000
6333 2499550 26.73790000
6334 2499560 26.73520000
6335 2499570 26.73340000
6336 2499580 26.73020000
6337 2499590 26.72970000
6338 2499600 26.74450000
6339 2499610 26.74940000
6340 2499620 26.75060000
6341 2499630 26.76490000
6342 2499640 26.77250000
6343 2499650 26.77570000
6344 2499660 26.77660000
6345 2499670 26.77750000
6346 2499680 26.77990000
6347 2499690 26.78100000
6348 2499700 26.79400000
6349 2499710 26.81390000
6350 2499720 26.82760000
6351 2499730 26.83260000
6352 2499740 26.82680000
6353 2499750 26.80950000
6354 2499760 26.78240000
6355 2499770 26.77210000
6356 2499780 26.75910000
6357 2499790 26.76530000
6358 2499800 26.76840000
6359 2499810 26.76250000
6360 2499820 26.74740000
6361 2499830 26.73370000
6362 2499840 26.73400000
6363 2499850 26.72180000
6364 2499860 26.70100000
6365 2499870 26.70260000
6366 2499880 26.71440000
6367 2499890 26.73540000
6368 2499900 26.74110000
6369 2499910 26.73490000
6370 2499920 26.72240000
6371 2499930 26.70820000
6372 2499940 26.69560000
6373 2499950 26.71340000
6374 2499960 26.73260000
6375 2499970 26.74460000
6376 2499980 26.74530000
6377 2499990 26.73170000
6378 2500000 26.72830000
6379 2500010 26.72060000
6380 2500020 26.73150000
6381 2500030 26.73790000
6382 2500040 26.73790000
6383 2500050 26.73100000
6384 2500060 26.71780000
6385 2500070 26.73950000
6386 2500080 26.75880000
6387 2500090 26.77630000
6388 2500100 26.79220000
6389 2500110 26.80710000
6390 2500120 26.82040000
6391 2500130 26.83080000
6392 2500140 26.83730000
6393 2500150 26.83930000
6394 2500160 26.83660000
6395 2500170 26.83010000
6396 2500180 26.82020000
6397 2500190 26.80830000
6398 2500200 26.79480000
6399 2500210 26.78010000
6400 2500220 26.77340000
6401 2500230 26.77600000
6402 2500240 26.77210000
6403 2500250 26.76100000
6404 2500260 26.74370000
6405 2500270 26.73450000
6406 2500280 26.75450000
6407 2500290 26.76630000
6408 2500300 26.76700000
6409 2500310 26.78260000
6410 2500320 26.79740000
6411 2500330 26.80910000
6412 2500340 26.81500000
6413 2500350 26.81460000
6414 2500360 26.80600000
6415 2500370 26.79030000
6416 2500380 26.79810000
6417 2500390 26.80120000
6418 2500400 26.79520000
6419 2500410 26.78090000
6420 2500420 26.75930000
6421 2500430 26.75170000
6422 2500440 26.75320000
6423 2500450 26.75210000
6424 2500460 26.74730000
6425 2500470 26.75000000
6426 2500480 26.74350000
6427 2500490 26.73120000
6428 2500500 26.73400000
6429 2500510 26.74870000
6430 2500520 26.76710000
6431 2500530 26.78240000
6432 2500540 26.78980000
6433 2500550 26.78620000
6434 2500560 26.78160000
6435 2500570 26.79500000
6436 2500580 26.80300000
6437 2500590 26.80580000
6438 2500600 26.80190000
6439 2500610 26.79070000
6440 2500620 26.77210000
6441 2500630 26.77700000
6442 2500640 26.78680000
6443 2500650 26.79650000
6444 2500660 26.82100000
6445 2500670 26.84850000
6446 2500680 26.87000000
6447 2500690 26.88530000
6448 2500700 26.89440000
6449 2500710 26.89660000
6450 2500720 26.89080000
6451 2500730 26.87680000
6452 2500740 26.85380000
6453 2500750 26.82350000
6454 2500760 26.81660000
6455 2500770 26.80600000
6456 2500780 26.79360000
6457 2500790 26.77980000
6458 2500800 26.76420000
6459 2500810 26.78370000
6460 2500820 26.81020000
6461 2500830 26.83430000
6462 2500840 26.85550000
6463 2500850 26.87130000
6464 2500860 26.87960000
6465 2500870 26.87740000
6466 2500880 26.86430000
6467 2500890 26.84100000
6468 2500900 26.81110000
6469 2500910 26.78000000
6470 2500920 26.75100000
6471 2500930 26.72810000
6472 2500940 26.74040000
6473 2500950 26.74740000
6474 2500960 26.77320000
6475 2500970 26.79130000
6476 2500980 26.79990000
6477 2500990 26.79880000
6478 2501000 26.78940000
6479 2501010 26.77380000
6480 2501020 26.75490000
6481 2501030 26.74010000
6482 2501040 26.75140000
6483 2501050 26.75270000
6484 2501060 26.74200000
6485 2501070 26.74280000
6486 2501080 26.75250000
6487 2501090 26.76190000
6488 2501100 26.77010000
6489 2501110 26.77540000
6490 2501120 26.77690000
6491 2501130 26.77350000
6492 2501140 26.76770000
6493 2501150 26.77090000
6494 2501160 26.76620000
6495 2501170 26.75420000
6496 2501180 26.75800000
6497 2501190 26.78080000
6498 2501200 26.79480000
6499 2501210 26.80060000
6500 2501220 26.79830000
6501 2501230 26.78890000
6502 2501240 26.78030000
6503 2501250 26.80250000
6504 2501260 26.81730000
6505 2501270 26.82400000
6506 2501280 26.82370000
6507 2501290 26.81560000
6508 2501300 26.80030000
6509 2501310 26.79340000
6510 2501320 26.83830000
6511 2501330 26.87140000
6512 2501340 26.89050000
6513 2501350 26.89450000
6514 2501360 26.88560000
6515 2501370 26.86660000
6516 2501380 26.84260000
6517 2501390 26.81740000
6518 2501400 26.79440000
6519 2501410 26.79150000
6520 2501420 26.79330000
6521 2501430 26.78340000
6522 2501440 26.75970000
6523 2501450 26.74940000
6524 2501460 26.74370000
6525 2501470 26.73430000
6526 2501480 26.72440000
6527 2501490 26.70730000
6528 2501500 26.70840000
6529 2501510 26.72830000
6530 2501520 26.73900000
6531 2501530 26.74170000
6532 2501540 26.73970000
6533 2501550 26.73410000
6534 2501560 26.72500000
6535 2501570 26.71310000
6536 2501580 26.72170000
6537 2501590 26.72810000
6538 2501600 26.73320000
6539 2501610 26.73720000
6540 2501620 26.73900000
6541 2501630 26.73700000
6542 2501640 26.74670000
6543 2501650 26.77150000
6544 2501660 26.78920000
6545 2501670 26.79510000
6546 2501680 26.78630000
6547 2501690 26.76380000
6548 2501700 26.72970000
6549 2501710 26.73140000
6550 2501720 26.73790000
6551 2501730 26.74460000
6552 2501740 26.76440000
6553 2501750 26.77810000
6554 2501760 26.78180000
6555 2501770 26.77290000
6556 2501780 26.75610000
6557 2501790 26.77450000
6558 2501800 26.78710000
6559 2501810 26.79570000
6560 2501820 26.80290000
6561 2501830 26.81020000
6562 2501840 26.81660000
6563 2501850 26.82070000
6564 2501860 26.82030000
6565 2501870 26.81570000
6566 2501880 26.80930000
6567 2501890 26.80420000
6568 2501900 26.80250000
6569 2501910 26.80440000
6570 2501920 26.80880000
6571 2501930 26.81240000
6572 2501940 26.81340000
6573 2501950 26.81210000
6574 2501960 26.81040000
6575 2501970 26.80900000
6576 2501980 26.80770000
6577 2501990 26.80510000
6578 2502000 26.79830000
6579 2502010 26.79570000
6580 2502020 26.80260000
6581 2502030 26.80990000
6582 2502040 26.81500000
6583 2502050 26.81460000
6584 2502060 26.80580000
6585 2502070 26.79350000
6586 2502080 26.80610000
6587 2502090 26.81280000
6588 2502100 26.81600000
6589 2502110 26.81780000
6590 2502120 26.81890000
6591 2502130 26.81920000
6592 2502140 26.81780000
6593 2502150 26.81300000
6594 2502160 26.80290000
6595 2502170 26.78630000
6596 2502180 26.76390000
6597 2502190 26.74950000
6598 2502200 26.75280000
6599 2502210 26.74640000
6600 2502220 26.75540000
6601 2502230 26.76150000
6602 2502240 26.75980000
6603 2502250 26.75450000
6604 2502260 26.77330000
6605 2502270 26.77990000
6606 2502280 26.77380000
6607 2502290 26.75560000
6608 2502300 26.73180000
6609 2502310 26.73780000
6610 2502320 26.74530000
6611 2502330 26.74820000
6612 2502340 26.76130000
6613 2502350 26.76490000
6614 2502360 26.75930000
6615 2502370 26.74560000
6616 2502380 26.72820000
6617 2502390 26.73400000
6618 2502400 26.73220000
6619 2502410 26.73220000
6620 2502420 26.74800000
6621 2502430 26.76570000
6622 2502440 26.78100000
6623 2502450 26.78950000
6624 2502460 26.78640000
6625 2502470 26.77160000
6626 2502480 26.74680000
6627 2502490 26.71590000
6628 2502500 26.70880000
6629 2502510 26.71840000
6630 2502520 26.72340000
6631 2502530 26.72160000
6632 2502540 26.73400000
6633 2502550 26.74000000
6634 2502560 26.75620000
6635 2502570 26.76060000
6636 2502580 26.75620000
6637 2502590 26.77590000
6638 2502600 26.79320000
6639 2502610 26.80810000
6640 2502620 26.81990000
6641 2502630 26.82780000
6642 2502640 26.83170000
6643 2502650 26.83210000
6644 2502660 26.82910000
6645 2502670 26.82340000
6646 2502680 26.81650000
6647 2502690 26.81050000
6648 2502700 26.80620000
6649 2502710 26.80390000
6650 2502720 26.80290000
6651 2502730 26.80220000
6652 2502740 26.80060000
6653 2502750 26.79710000
6654 2502760 26.79090000
6655 2502770 26.80920000
6656 2502780 26.84340000
6657 2502790 26.86780000
6658 2502800 26.88080000
6659 2502810 26.88160000
6660 2502820 26.87110000
6661 2502830 26.85070000
6662 2502840 26.82450000
6663 2502850 26.79470000
6664 2502860 26.76440000
6665 2502870 26.77110000
6666 2502880 26.77550000
6667 2502890 26.77020000
6668 2502900 26.75550000
6669 2502910 26.73290000
6670 2502920 26.72800000
6671 2502930 26.72170000
6672 2502940 26.70880000
6673 2502950 26.72530000
6674 2502960 26.73800000
6675 2502970 26.74700000
6676 2502980 26.75200000
6677 2502990 26.75280000
6678 2503000 26.74920000
6679 2503010 26.73980000
6680 2503020 26.72660000
6681 2503030 26.71150000
6682 2503040 26.71080000
6683 2503050 26.71850000
6684 2503060 26.72430000
6685 2503070 26.72260000
6686 2503080 26.71310000
6687 2503090 26.69580000
6688 2503100 26.70020000
6689 2503110 26.70430000
6690 2503120 26.69680000
6691 2503130 26.71000000
6692 2503140 26.73360000
6693 2503150 26.74000000
6694 2503160 26.73040000
6695 2503170 26.73090000
6696 2503180 26.75850000
6697 2503190 26.78490000
6698 2503200 26.80890000
6699 2503210 26.82830000
6700 2503220 26.84180000
6701 2503230 26.84860000
6702 2503240 26.84840000
6703 2503250 26.84180000
6704 2503260 26.83120000
6705 2503270 26.82010000
6706 2503280 26.81080000
6707 2503290 26.80560000
6708 2503300 26.79800000
6709 2503310 26.78570000
6710 2503320 26.76780000
6711 2503330 26.74110000
6712 2503340 26.74410000
6713 2503350 26.75130000
6714 2503360 26.76500000
6715 2503370 26.77010000
6716 2503380 26.77000000
6717 2503390 26.76680000
6718 2503400 26.76250000
6719 2503410 26.75820000
6720 2503420 26.75400000
6721 2503430 26.76160000
6722 2503440 26.77090000
6723 2503450 26.79330000
6724 2503460 26.82100000
6725 2503470 26.83900000
6726 2503480 26.84410000
6727 2503490 26.83580000
6728 2503500 26.81480000
6729 2503510 26.79530000
6730 2503520 26.79500000
6731 2503530 26.78580000
6732 2503540 26.78700000
6733 2503550 26.80400000
6734 2503560 26.81220000
6735 2503570 26.81060000
6736 2503580 26.80000000
6737 2503590 26.78280000
6738 2503600 26.76230000
6739 2503610 26.76640000
6740 2503620 26.78260000
6741 2503630 26.79230000
6742 2503640 26.79590000
6743 2503650 26.79480000
6744 2503660 26.79130000
6745 2503670 26.78730000
6746 2503680 26.78390000
6747 2503690 26.77980000
6748 2503700 26.77330000
6749 2503710 26.76160000
6750 2503720 26.74540000
6751 2503730 26.75020000
6752 2503740 26.75350000
6753 2503750 26.77640000
6754 2503760 26.78830000
6755 2503770 26.78610000
6756 2503780 26.77010000
6757 2503790 26.74740000
6758 2503800 26.78980000
6759 2503810 26.82440000
6760 2503820 26.85120000
6761 2503830 26.86980000
6762 2503840 26.88000000
6763 2503850 26.88080000
6764 2503860 26.87220000
6765 2503870 26.85470000
6766 2503880 26.82980000
6767 2503890 26.80210000
6768 2503900 26.81170000
6769 2503910 26.81270000
6770 2503920 26.80690000
6771 2503930 26.79730000
6772 2503940 26.78580000
6773 2503950 26.77530000
6774 2503960 26.76660000
6775 2503970 26.76140000
6776 2503980 26.75630000
6777 2503990 26.75400000
6778 2504000 26.75410000
6779 2504010 26.77020000
6780 2504020 26.78450000
6781 2504030 26.79070000
6782 2504040 26.78820000
6783 2504050 26.77750000
6784 2504060 26.76060000
6785 2504070 26.77440000
6786 2504080 26.78160000
6787 2504090 26.77930000
6788 2504100 26.76910000
6789 2504110 26.75720000
6790 2504120 26.76550000
6791 2504130 26.77110000
6792 2504140 26.77030000
6793 2504150 26.76060000
6794 2504160 26.74270000
6795 2504170 26.73640000
6796 2504180 26.73980000
6797 2504190 26.74030000
6798 2504200 26.74520000
6799 2504210 26.75350000
6800 2504220 26.76310000
6801 2504230 26.77130000
6802 2504240 26.77810000
6803 2504250 26.78350000
6804 2504260 26.78720000
6805 2504270 26.78860000
6806 2504280 26.78730000
6807 2504290 26.78350000
6808 2504300 26.77810000
6809 2504310 26.77200000
6810 2504320 26.76550000
6811 2504330 26.75860000
6812 2504340 26.74900000
6813 2504350 26.73520000
6814 2504360 26.71580000
6815 2504370 26.72310000
6816 2504380 26.71810000
6817 2504390 26.72620000
6818 2504400 26.73150000
6819 2504410 26.73540000
6820 2504420 26.73770000
6821 2504430 26.73820000
6822 2504440 26.77250000
6823 2504450 26.80170000
6824 2504460 26.82340000
6825 2504470 26.83600000
6826 2504480 26.84120000
6827 2504490 26.84130000
6828 2504500 26.84010000
6829 2504510 26.84080000
6830 2504520 26.84380000
6831 2504530 26.84840000
6832 2504540 26.85210000
6833 2504550 26.85340000
6834 2504560 26.84960000
6835 2504570 26.87590000
6836 2504580 26.90570000
6837 2504590 26.93290000
6838 2504600 26.95770000
6839 2504610 26.98080000
6840 2504620 27.00080000
6841 2504630 27.01430000
6842 2504640 27.01930000
6843 2504650 27.01170000
6844 2504660 26.99140000
6845 2504670 26.95940000
6846 2504680 26.91870000
6847 2504690 26.87220000
6848 2504700 26.82290000
6849 2504710 26.77340000
6850 2504720 26.74740000
6851 2504730 26.77280000
6852 2504740 26.79780000
6853 2504750 26.81820000
6854 2504760 26.83000000
6855 2504770 26.83320000
6856 2504780 26.82940000
6857 2504790 26.82230000
6858 2504800 26.81360000
6859 2504810 26.80490000
6860 2504820 26.79620000
6861 2504830 26.78770000
6862 2504840 26.77960000
6863 2504850 26.77290000
6864 2504860 26.77490000
6865 2504870 26.79060000
6866 2504880 26.80420000
6867 2504890 26.81660000
6868 2504900 26.82810000
6869 2504910 26.83640000
6870 2504920 26.83800000
6871 2504930 26.82850000
6872 2504940 26.80710000
6873 2504950 26.79160000
6874 2504960 26.80160000
6875 2504970 26.80370000
6876 2504980 26.84650000
6877 2504990 26.88070000
6878 2505000 26.90040000
6879 2505010 26.90020000
6880 2505020 26.87980000
6881 2505030 26.84440000
6882 2505040 26.84780000
6883 2505050 26.84830000
6884 2505060 26.84510000
6885 2505070 26.83770000
6886 2505080 26.82550000
6887 2505090 26.80730000
6888 2505100 26.78570000
6889 2505110 26.81510000
6890 2505120 26.83550000
6891 2505130 26.84760000
6892 2505140 26.85100000
6893 2505150 26.84640000
6894 2505160 26.83400000
6895 2505170 26.82790000
6896 2505180 26.81350000
6897 2505190 26.78890000
6898 2505200 26.75720000
6899 2505210 26.72980000
6900 2505220 26.71950000
6901 2505230 26.71200000
6902 2505240 26.72650000
6903 2505250 26.73990000
6904 2505260 26.77850000
6905 2505270 26.81630000
6906 2505280 26.85040000
6907 2505290 26.87800000
6908 2505300 26.89720000
6909 2505310 26.90650000
6910 2505320 26.90570000
6911 2505330 26.89510000
6912 2505340 26.87580000
6913 2505350 26.84970000
6914 2505360 26.81880000
6915 2505370 26.78480000
6916 2505380 26.75570000
6917 2505390 26.77360000
6918 2505400 26.78300000
6919 2505410 26.78350000
6920 2505420 26.78870000
6921 2505430 26.81080000
6922 2505440 26.82580000
6923 2505450 26.83350000
6924 2505460 26.83410000
6925 2505470 26.82660000
6926 2505480 26.81330000
6927 2505490 26.79440000
6928 2505500 26.77020000
6929 2505510 26.77710000
6930 2505520 26.77570000
6931 2505530 26.76710000
6932 2505540 26.76990000
6933 2505550 26.76440000
6934 2505560 26.75640000
6935 2505570 26.76440000
6936 2505580 26.77200000
6937 2505590 26.77760000
6938 2505600 26.77870000
6939 2505610 26.77450000
6940 2505620 26.76490000
6941 2505630 26.75150000
6942 2505640 26.75030000
6943 2505650 26.77380000
6944 2505660 26.80830000
6945 2505670 26.84100000
6946 2505680 26.86950000
6947 2505690 26.89160000
6948 2505700 26.90450000
6949 2505710 26.90710000
6950 2505720 26.89950000
6951 2505730 26.88410000
6952 2505740 26.86410000
6953 2505750 26.84330000
6954 2505760 26.82310000
6955 2505770 26.81960000
6956 2505780 26.82100000
6957 2505790 26.81340000
6958 2505800 26.79730000
6959 2505810 26.77400000
6960 2505820 26.78660000
6961 2505830 26.79520000
6962 2505840 26.79640000
6963 2505850 26.78840000
6964 2505860 26.77150000
6965 2505870 26.74570000
6966 2505880 26.71150000
6967 2505890 26.70020000
6968 2505900 26.71290000
6969 2505910 26.71950000
6970 2505920 26.72930000
6971 2505930 26.72670000
6972 2505940 26.71370000
6973 2505950 26.70740000
6974 2505960 26.70500000
6975 2505970 26.70410000
6976 2505980 26.70440000
6977 2505990 26.72630000
6978 2506000 26.75980000
6979 2506010 26.78720000
6980 2506020 26.80930000
6981 2506030 26.82540000
6982 2506040 26.83320000
6983 2506050 26.83120000
6984 2506060 26.82110000
6985 2506070 26.83050000
6986 2506080 26.83970000
6987 2506090 26.86980000
6988 2506100 26.90180000
6989 2506110 26.93490000
6990 2506120 26.96570000
6991 2506130 26.98990000
6992 2506140 27.00340000
6993 2506150 27.00310000
6994 2506160 26.98920000
6995 2506170 26.96420000
6996 2506180 26.93110000
6997 2506190 26.89390000
6998 2506200 26.85680000
6999 2506210 26.82170000
7000 2506220 26.78830000
7001 2506230 26.75550000
7002 2506240 26.72380000
7003 2506250 26.71870000
7004 2506260 26.71080000
7005 2506270 26.70170000
7006 2506280 26.71860000
7007 2506290 26.73250000
7008 2506300 26.74450000
7009 2506310 26.75450000
7010 2506320 26.76220000
7011 2506330 26.76720000
7012 2506340 26.76830000
7013 2506350 26.78280000
7014 2506360 26.79600000
7015 2506370 26.79630000
7016 2506380 26.78360000
7017 2506390 26.76090000
7018 2506400 26.73210000
7019 2506410 26.70120000
7020 2506420 26.71790000
7021 2506430 26.74740000
7022 2506440 26.77420000
7023 2506450 26.79740000
7024 2506460 26.81570000
7025 2506470 26.82840000
7026 2506480 26.83600000
7027 2506490 26.83750000
7028 2506500 26.83130000
7029 2506510 26.84390000
7030 2506520 26.87090000
7031 2506530 26.89450000
7032 2506540 26.91330000
7033 2506550 26.92480000
7034 2506560 26.92790000
7035 2506570 26.92060000
7036 2506580 26.90290000
7037 2506590 26.87720000
7038 2506600 26.84830000
7039 2506610 26.85490000
7040 2506620 26.85630000
7041 2506630 26.84780000
7042 2506640 26.83270000
7043 2506650 26.81370000
7044 2506660 26.79100000
7045 2506670 26.76200000
7046 2506680 26.74930000
7047 2506690 26.72940000
7048 2506700 26.73260000
7049 2506710 26.74870000
7050 2506720 26.75920000
7051 2506730 26.76490000
7052 2506740 26.76610000
7053 2506750 26.76370000
7054 2506760 26.76540000
7055 2506770 26.76440000
7056 2506780 26.75860000
7057 2506790 26.75010000
7058 2506800 26.74020000
7059 2506810 26.74200000
7060 2506820 26.76590000
7061 2506830 26.77790000
7062 2506840 26.77520000
7063 2506850 26.76110000
7064 2506860 26.76540000
7065 2506870 26.76520000
7066 2506880 26.75890000
7067 2506890 26.74810000
7068 2506900 26.75720000
7069 2506910 26.76500000
7070 2506920 26.79620000
7071 2506930 26.82800000
7072 2506940 26.85570000
7073 2506950 26.87440000
7074 2506960 26.87940000
7075 2506970 26.86850000
7076 2506980 26.84340000
7077 2506990 26.80760000
7078 2507000 26.77610000
7079 2507010 26.78190000
7080 2507020 26.78650000
7081 2507030 26.80010000
7082 2507040 26.81370000
7083 2507050 26.81990000
7084 2507060 26.81750000
7085 2507070 26.80660000
7086 2507080 26.78940000
7087 2507090 26.76860000
7088 2507100 26.75880000
7089 2507110 26.75150000
7090 2507120 26.75540000
7091 2507130 26.77960000
7092 2507140 26.80370000
7093 2507150 26.82340000
7094 2507160 26.83520000
7095 2507170 26.83830000
7096 2507180 26.83350000
7097 2507190 26.82250000
7098 2507200 26.80700000
7099 2507210 26.80920000
7100 2507220 26.80530000
7101 2507230 26.79080000
7102 2507240 26.77110000
7103 2507250 26.79440000
7104 2507260 26.81000000
7105 2507270 26.81970000
7106 2507280 26.82490000
7107 2507290 26.82740000
7108 2507300 26.82690000
7109 2507310 26.82340000
7110 2507320 26.81600000
7111 2507330 26.80610000
7112 2507340 26.79470000
7113 2507350 26.78320000
7114 2507360 26.78710000
7115 2507370 26.80210000
7116 2507380 26.81430000
7117 2507390 26.82190000
7118 2507400 26.82260000
7119 2507410 26.81690000
7120 2507420 26.80550000
7121 2507430 26.78810000
7122 2507440 26.76470000
7123 2507450 26.76740000
7124 2507460 26.78160000
7125 2507470 26.78560000
7126 2507480 26.77610000
7127 2507490 26.75300000
7128 2507500 26.76270000
7129 2507510 26.76400000
7130 2507520 26.78360000
7131 2507530 26.79750000
7132 2507540 26.79860000
7133 2507550 26.80200000
7134 2507560 26.81280000
7135 2507570 26.82000000
7136 2507580 26.82190000
7137 2507590 26.81740000
7138 2507600 26.80570000
7139 2507610 26.78660000
7140 2507620 26.76140000
7141 2507630 26.73320000
7142 2507640 26.71740000
7143 2507650 26.70610000
7144 2507660 26.69920000
7145 2507670 26.70640000
7146 2507680 26.72700000
7147 2507690 26.74150000
7148 2507700 26.74710000
7149 2507710 26.74340000
7150 2507720 26.74740000
7151 2507730 26.77400000
7152 2507740 26.79510000
7153 2507750 26.80810000
7154 2507760 26.81180000
7155 2507770 26.80610000
7156 2507780 26.80720000
7157 2507790 26.81150000
7158 2507800 26.80500000
7159 2507810 26.78690000
7160 2507820 26.76100000
7161 2507830 26.72930000
7162 2507840 26.73530000
7163 2507850 26.75120000
7164 2507860 26.76310000
7165 2507870 26.77240000
7166 2507880 26.77500000
7167 2507890 26.78440000
7168 2507900 26.79820000
7169 2507910 26.81090000
7170 2507920 26.82020000
7171 2507930 26.82250000
7172 2507940 26.81540000
7173 2507950 26.80090000
7174 2507960 26.80240000
7175 2507970 26.81280000
7176 2507980 26.82590000
7177 2507990 26.83930000
7178 2508000 26.85030000
7179 2508010 26.85630000
7180 2508020 26.85600000
7181 2508030 26.84920000
7182 2508040 26.83550000
7183 2508050 26.82220000
7184 2508060 26.80150000
7185 2508070 26.77480000
7186 2508080 26.74420000
7187 2508090 26.71570000
7188 2508100 26.71750000
7189 2508110 26.72150000
7190 2508120 26.74400000
7191 2508130 26.77320000
7192 2508140 26.79710000
7193 2508150 26.81220000
7194 2508160 26.81610000
7195 2508170 26.81000000
7196 2508180 26.80590000
7197 2508190 26.80760000
7198 2508200 26.80350000
7199 2508210 26.79280000
7200 2508220 26.77830000
7201 2508230 26.76210000
7202 2508240 26.76080000
7203 2508250 26.78190000
7204 2508260 26.79940000
7205 2508270 26.81370000
7206 2508280 26.82390000
7207 2508290 26.82890000
7208 2508300 26.82890000
7209 2508310 26.82450000
7210 2508320 26.81700000
7211 2508330 26.80810000
7212 2508340 26.79850000
7213 2508350 26.78770000
7214 2508360 26.77400000
7215 2508370 26.75750000
7216 2508380 26.73910000
7217 2508390 26.74930000
7218 2508400 26.76580000
7219 2508410 26.78970000
7220 2508420 26.80810000
7221 2508430 26.81950000
7222 2508440 26.82410000
7223 2508450 26.82280000
7224 2508460 26.81650000
7225 2508470 26.80540000
7226 2508480 26.78990000
7227 2508490 26.77020000
7228 2508500 26.75800000
7229 2508510 26.74220000
7230 2508520 26.76230000
7231 2508530 26.78550000
7232 2508540 26.79560000
7233 2508550 26.78800000
7234 2508560 26.76380000
7235 2508570 26.74290000
7236 2508580 26.75230000
7237 2508590 26.75160000
7238 2508600 26.74370000
7239 2508610 26.75220000
7240 2508620 26.76020000
7241 2508630 26.76570000
7242 2508640 26.76620000
7243 2508650 26.75960000
7244 2508660 26.74450000
7245 2508670 26.73670000
7246 2508680 26.74620000
7247 2508690 26.75540000
7248 2508700 26.76210000
7249 2508710 26.76260000
7250 2508720 26.75500000
7251 2508730 26.74220000
7252 2508740 26.74990000
7253 2508750 26.77240000
7254 2508760 26.81830000
7255 2508770 26.85440000
7256 2508780 26.88180000
7257 2508790 26.90140000
7258 2508800 26.91470000
7259 2508810 26.92230000
7260 2508820 26.92480000
7261 2508830 26.92290000
7262 2508840 26.91730000
7263 2508850 26.90730000
7264 2508860 26.89230000
7265 2508870 26.87150000
7266 2508880 26.84460000
7267 2508890 26.82520000
7268 2508900 26.82660000
7269 2508910 26.81640000
7270 2508920 26.79590000
7271 2508930 26.77960000
7272 2508940 26.77650000
7273 2508950 26.78320000
7274 2508960 26.79300000
7275 2508970 26.79780000
7276 2508980 26.79690000
7277 2508990 26.78950000
7278 2509000 26.77490000
7279 2509010 26.75420000
7280 2509020 26.76000000
7281 2509030 26.78240000
7282 2509040 26.80530000
7283 2509050 26.82640000
7284 2509060 26.84300000
7285 2509070 26.85150000
7286 2509080 26.84900000
7287 2509090 26.83530000
7288 2509100 26.81200000
7289 2509110 26.78180000
7290 2509120 26.74740000
7291 2509130 26.71850000
7292 2509140 26.72920000
7293 2509150 26.75190000
7294 2509160 26.77740000
7295 2509170 26.79300000
7296 2509180 26.79820000
7297 2509190 26.79320000
7298 2509200 26.77860000
7299 2509210 26.75500000
7300 2509220 26.75480000
7301 2509230 26.75850000
7302 2509240 26.76150000
7303 2509250 26.76570000
7304 2509260 26.77150000
7305 2509270 26.77840000
7306 2509280 26.78370000
7307 2509290 26.78330000
7308 2509300 26.77810000
7309 2509310 26.80160000
7310 2509320 26.81370000
7311 2509330 26.81360000
7312 2509340 26.80360000
7313 2509350 26.79070000
7314 2509360 26.79860000
7315 2509370 26.79980000
7316 2509380 26.79900000
7317 2509390 26.79590000
7318 2509400 26.79040000
7319 2509410 26.80610000
7320 2509420 26.83610000
7321 2509430 26.86070000
7322 2509440 26.87570000
7323 2509450 26.87890000
7324 2509460 26.87070000
7325 2509470 26.85480000
7326 2509480 26.83490000
7327 2509490 26.81460000
7328 2509500 26.80680000
7329 2509510 26.79970000
7330 2509520 26.78260000
7331 2509530 26.77940000
7332 2509540 26.77630000
7333 2509550 26.78150000
7334 2509560 26.78900000
7335 2509570 26.78760000
7336 2509580 26.77550000
7337 2509590 26.77880000
7338 2509600 26.77740000
7339 2509610 26.77310000
7340 2509620 26.77110000
7341 2509630 26.77340000
7342 2509640 26.79780000
7343 2509650 26.81780000
7344 2509660 26.82480000
7345 2509670 26.81880000
7346 2509680 26.80350000
7347 2509690 26.78380000
7348 2509700 26.76360000
7349 2509710 26.74520000
7350 2509720 26.74470000
7351 2509730 26.75510000
7352 2509740 26.75800000
7353 2509750 26.75280000
7354 2509760 26.74000000
7355 2509770 26.73620000
7356 2509780 26.73900000
7357 2509790 26.73160000
7358 2509800 26.73860000
7359 2509810 26.73560000
7360 2509820 26.72180000
7361 2509830 26.70030000
7362 2509840 26.68600000
7363 2509850 26.67510000
7364 2509860 26.69240000
7365 2509870 26.70620000
7366 2509880 26.71430000
7367 2509890 26.72240000
7368 2509900 26.73350000
7369 2509910 26.73380000
7370 2509920 26.72400000
7371 2509930 26.72700000
7372 2509940 26.73050000
7373 2509950 26.73200000
7374 2509960 26.73680000
7375 2509970 26.75810000
7376 2509980 26.76960000
7377 2509990 26.77190000
7378 2510000 26.76660000
7379 2510010 26.76460000
7380 2510020 26.78390000
7381 2510030 26.79490000
7382 2510040 26.79940000
7383 2510050 26.80500000
7384 2510060 26.80640000
7385 2510070 26.81400000
7386 2510080 26.82220000
7387 2510090 26.82720000
7388 2510100 26.82690000
7389 2510110 26.82010000
7390 2510120 26.80740000
7391 2510130 26.78910000
7392 2510140 26.77500000
7393 2510150 26.78000000
7394 2510160 26.77270000
7395 2510170 26.76010000
7396 2510180 26.75510000
7397 2510190 26.75410000
7398 2510200 26.78150000
7399 2510210 26.80090000
7400 2510220 26.80850000
7401 2510230 26.80020000
7402 2510240 26.77660000
7403 2510250 26.77130000
7404 2510260 26.77320000
7405 2510270 26.77120000
7406 2510280 26.76590000
7407 2510290 26.75720000
7408 2510300 26.74500000
7409 2510310 26.72850000
7410 2510320 26.71840000
7411 2510330 26.71730000
7412 2510340 26.70720000
7413 2510350 26.73970000
7414 2510360 26.76830000
7415 2510370 26.78600000
7416 2510380 26.79030000
7417 2510390 26.78210000
7418 2510400 26.76320000
7419 2510410 26.75580000
7420 2510420 26.74050000
7421 2510430 26.71890000
7422 2510440 26.70610000
7423 2510450 26.71070000
7424 2510460 26.72820000
7425 2510470 26.73890000
7426 2510480 26.74380000
7427 2510490 26.74250000
7428 2510500 26.73580000
7429 2510510 26.72480000
7430 2510520 26.71610000
7431 2510530 26.72580000
7432 2510540 26.72480000
7433 2510550 26.71100000
7434 2510560 26.71310000
7435 2510570 26.72980000
7436 2510580 26.73960000
7437 2510590 26.74990000
7438 2510600 26.76390000
7439 2510610 26.77170000
7440 2510620 26.77300000
7441 2510630 26.76870000
7442 2510640 26.75990000
7443 2510650 26.75110000
7444 2510660 26.77000000
7445 2510670 26.78630000
7446 2510680 26.79720000
7447 2510690 26.79960000
7448 2510700 26.79120000
7449 2510710 26.77210000
7450 2510720 26.76740000
7451 2510730 26.78130000
7452 2510740 26.79130000
7453 2510750 26.79470000
7454 2510760 26.79140000
7455 2510770 26.78220000
7456 2510780 26.79100000
7457 2510790 26.80250000
7458 2510800 26.80460000
7459 2510810 26.79660000
7460 2510820 26.77960000
7461 2510830 26.75830000
7462 2510840 26.75010000
7463 2510850 26.73870000
7464 2510860 26.72510000
7465 2510870 26.70950000
7466 2510880 26.69720000
7467 2510890 26.69960000
7468 2510900 26.71130000
7469 2510910 26.72160000
7470 2510920 26.72860000
7471 2510930 26.75330000
7472 2510940 26.77700000
7473 2510950 26.78890000
7474 2510960 26.78870000
7475 2510970 26.77840000
7476 2510980 26.76100000
7477 2510990 26.75150000
7478 2511000 26.73880000
7479 2511010 26.72280000
7480 2511020 26.71540000
7481 2511030 26.70690000
7482 2511040 26.69570000
7483 2511050 26.69970000
7484 2511060 26.71470000
7485 2511070 26.72760000
7486 2511080 26.73760000
7487 2511090 26.74220000
7488 2511100 26.74030000
7489 2511110 26.74730000
7490 2511120 26.76230000
7491 2511130 26.76550000
7492 2511140 26.77290000
7493 2511150 26.78110000
7494 2511160 26.78450000
7495 2511170 26.78190000
7496 2511180 26.77210000
7497 2511190 26.75390000
7498 2511200 26.73800000
7499 2511210 26.74910000
7500 2511220 26.75130000
7501 2511230 26.74740000
7502 2511240 26.78030000
7503 2511250 26.80890000
7504 2511260 26.83070000
7505 2511270 26.84460000
7506 2511280 26.85000000
7507 2511290 26.84860000
7508 2511300 26.84250000
7509 2511310 26.83320000
7510 2511320 26.82120000
7511 2511330 26.80680000
7512 2511340 26.79030000
7513 2511350 26.77170000
7514 2511360 26.76280000
7515 2511370 26.77200000
7516 2511380 26.80110000
7517 2511390 26.82480000
7518 2511400 26.84100000
7519 2511410 26.84890000
7520 2511420 26.84850000
7521 2511430 26.84080000
7522 2511440 26.82610000
7523 2511450 26.80470000
7524 2511460 26.77730000
7525 2511470 26.76810000
7526 2511480 26.76690000
7527 2511490 26.75640000
7528 2511500 26.73840000
7529 2511510 26.71710000
7530 2511520 26.71310000
7531 2511530 26.71340000
7532 2511540 26.70980000
7533 2511550 26.70370000
7534 2511560 26.71460000
7535 2511570 26.72590000
7536 2511580 26.74620000
7537 2511590 26.76710000
7538 2511600 26.79100000
7539 2511610 26.80710000
7540 2511620 26.81180000
7541 2511630 26.80660000
7542 2511640 26.79550000
7543 2511650 26.78130000
7544 2511660 26.76580000
7545 2511670 26.75650000
7546 2511680 26.75980000
7547 2511690 26.75220000
7548 2511700 26.73490000
7549 2511710 26.74020000
7550 2511720 26.74750000
7551 2511730 26.75610000
7552 2511740 26.76480000
7553 2511750 26.77070000
7554 2511760 26.77210000
7555 2511770 26.76860000
7556 2511780 26.76060000
7557 2511790 26.74910000
7558 2511800 26.76420000
7559 2511810 26.78640000
7560 2511820 26.80700000
7561 2511830 26.82480000
7562 2511840 26.83750000
7563 2511850 26.84310000
7564 2511860 26.84020000
7565 2511870 26.82890000
7566 2511880 26.83670000
7567 2511890 26.85850000
7568 2511900 26.86360000
7569 2511910 26.85280000
7570 2511920 26.82920000
7571 2511930 26.79640000
7572 2511940 26.75800000
7573 2511950 26.75740000
7574 2511960 26.75140000
7575 2511970 26.73930000
7576 2511980 26.73460000
7577 2511990 26.77110000
7578 2512000 26.79860000
7579 2512010 26.81770000
7580 2512020 26.83070000
7581 2512030 26.83820000
7582 2512040 26.84070000
7583 2512050 26.83680000
7584 2512060 26.82420000
7585 2512070 26.80370000
7586 2512080 26.77620000
7587 2512090 26.80360000
7588 2512100 26.83780000
7589 2512110 26.86360000
7590 2512120 26.87840000
7591 2512130 26.88030000
7592 2512140 26.87060000
7593 2512150 26.85180000
7594 2512160 26.82710000
7595 2512170 26.80080000
7596 2512180 26.77820000
7597 2512190 26.77540000
7598 2512200 26.76270000
7599 2512210 26.76170000
7600 2512220 26.77050000
7601 2512230 26.79460000
7602 2512240 26.84150000
7603 2512250 26.87680000
7604 2512260 26.89670000
7605 2512270 26.90130000
7606 2512280 26.90410000
7607 2512290 26.90930000
7608 2512300 26.89880000
7609 2512310 26.87520000
7610 2512320 26.84230000
7611 2512330 26.80890000
7612 2512340 26.80200000
7613 2512350 26.78110000
7614 2512360 26.78230000
7615 2512370 26.80100000
7616 2512380 26.81190000
7617 2512390 26.81740000
7618 2512400 26.81950000
7619 2512410 26.81880000
7620 2512420 26.81400000
7621 2512430 26.80240000
7622 2512440 26.78360000
7623 2512450 26.75850000
7624 2512460 26.73020000
7625 2512470 26.70100000
7626 2512480 26.68530000
7627 2512490 26.70310000
7628 2512500 26.71480000
7629 2512510 26.71810000
7630 2512520 26.71460000
7631 2512530 26.70910000
7632 2512540 26.70180000
7633 2512550 26.71950000
7634 2512560 26.72950000
7635 2512570 26.72730000
7636 2512580 26.71210000
7637 2512590 26.71060000
7638 2512600 26.73960000
7639 2512610 26.76120000
7640 2512620 26.77340000
7641 2512630 26.77410000
7642 2512640 26.76810000
7643 2512650 26.76570000
7644 2512660 26.75540000
7645 2512670 26.74290000
7646 2512680 26.73270000
7647 2512690 26.71510000
7648 2512700 26.71180000
7649 2512710 26.70860000
7650 2512720 26.71230000
7651 2512730 26.71340000
7652 2512740 26.72140000
7653 2512750 26.72260000
7654 2512760 26.72020000
7655 2512770 26.71910000
7656 2512780 26.71870000
7657 2512790 26.72020000
7658 2512800 26.72370000
7659 2512810 26.72790000
7660 2512820 26.73120000
7661 2512830 26.73130000
7662 2512840 26.73250000
7663 2512850 26.73330000
7664 2512860 26.73220000
7665 2512870 26.73100000
7666 2512880 26.72930000
7667 2512890 26.72940000
7668 2512900 26.73540000
7669 2512910 26.74050000
7670 2512920 26.74250000
7671 2512930 26.73930000
7672 2512940 26.72980000
7673 2512950 26.71850000
7674 2512960 26.73130000
7675 2512970 26.74190000
7676 2512980 26.75010000
7677 2512990 26.75660000
7678 2513000 26.76270000
7679 2513010 26.76790000
7680 2513020 26.77180000
7681 2513030 26.77310000
7682 2513040 26.77260000
7683 2513050 26.77040000
7684 2513060 26.77080000
7685 2513070 26.76630000
7686 2513080 26.79950000
7687 2513090 26.82790000
7688 2513100 26.85140000
7689 2513110 26.86720000
7690 2513120 26.87600000
7691 2513130 26.87910000
7692 2513140 26.88050000
7693 2513150 26.88190000
7694 2513160 26.88180000
7695 2513170 26.87950000
7696 2513180 26.87220000
7697 2513190 26.85910000
7698 2513200 26.83820000
7699 2513210 26.81550000
7700 2513220 26.81560000
7701 2513230 26.80930000
7702 2513240 26.79570000
7703 2513250 26.77280000
7704 2513260 26.74120000
7705 2513270 26.71710000
7706 2513280 26.72030000
7707 2513290 26.72440000
7708 2513300 26.73370000
7709 2513310 26.74540000
7710 2513320 26.75110000
7711 2513330 26.74750000
7712 2513340 26.73680000
7713 2513350 26.72520000
7714 2513360 26.73380000
7715 2513370 26.75020000
7716 2513380 26.76150000
7717 2513390 26.76720000
7718 2513400 26.76880000
7719 2513410 26.76570000
7720 2513420 26.76140000
7721 2513430 26.77260000
7722 2513440 26.77900000
7723 2513450 26.77820000
7724 2513460 26.76940000
7725 2513470 26.75030000
7726 2513480 26.75030000
7727 2513490 26.77240000
7728 2513500 26.78610000
7729 2513510 26.78830000
7730 2513520 26.77600000
7731 2513530 26.74920000
7732 2513540 26.75690000
7733 2513550 26.76290000
7734 2513560 26.76730000
7735 2513570 26.77280000
7736 2513580 26.77850000
7737 2513590 26.78060000
7738 2513600 26.77580000
7739 2513610 26.76380000
7740 2513620 26.74500000
7741 2513630 26.73060000
7742 2513640 26.75530000
7743 2513650 26.77460000
7744 2513660 26.78270000
7745 2513670 26.77700000
7746 2513680 26.75740000
7747 2513690 26.74880000
7748 2513700 26.74750000
7749 2513710 26.73470000
7750 2513720 26.73870000
7751 2513730 26.74070000
7752 2513740 26.73650000
7753 2513750 26.75230000
7754 2513760 26.77320000
7755 2513770 26.78800000
7756 2513780 26.79470000
7757 2513790 26.79150000
7758 2513800 26.77710000
7759 2513810 26.75290000
7760 2513820 26.75170000
7761 2513830 26.76030000
7762 2513840 26.77040000
7763 2513850 26.78280000
7764 2513860 26.79050000
7765 2513870 26.79400000
7766 2513880 26.79320000
7767 2513890 26.78810000
7768 2513900 26.77960000
7769 2513910 26.76950000
7770 2513920 26.79160000
7771 2513930 26.81470000
7772 2513940 26.82780000
7773 2513950 26.82960000
7774 2513960 26.82060000
7775 2513970 26.80340000
7776 2513980 26.78150000
7777 2513990 26.77820000
7778 2514000 26.78970000
7779 2514010 26.79300000
7780 2514020 26.79300000
7781 2514030 26.79420000
7782 2514040 26.82240000
7783 2514050 26.85090000
7784 2514060 26.86770000
7785 2514070 26.86970000
7786 2514080 26.85820000
7787 2514090 26.83690000
7788 2514100 26.81110000
7789 2514110 26.78640000
7790 2514120 26.76550000
7791 2514130 26.75040000
7792 2514140 26.74040000
7793 2514150 26.73240000
7794 2514160 26.72680000
7795 2514170 26.72230000
7796 2514180 26.72050000
7797 2514190 26.72140000
7798 2514200 26.72220000
7799 2514210 26.71920000
7800 2514220 26.71080000
7801 2514230 26.71970000
7802 2514240 26.72210000
7803 2514250 26.72020000
7804 2514260 26.71620000
7805 2514270 26.71350000
7806 2514280 26.72780000
7807 2514290 26.74090000
7808 2514300 26.75270000
7809 2514310 26.76540000
7810 2514320 26.76950000
7811 2514330 26.77530000
7812 2514340 26.78040000
7813 2514350 26.78390000
7814 2514360 26.78610000
7815 2514370 26.78580000
7816 2514380 26.78230000
7817 2514390 26.77940000
7818 2514400 26.79500000
7819 2514410 26.81870000
7820 2514420 26.82610000
7821 2514430 26.81590000
7822 2514440 26.82420000
7823 2514450 26.82800000
7824 2514460 26.82830000
7825 2514470 26.82450000
7826 2514480 26.81520000
7827 2514490 26.80450000
7828 2514500 26.80750000
7829 2514510 26.80600000
7830 2514520 26.80110000
7831 2514530 26.79330000
7832 2514540 26.78360000
7833 2514550 26.78860000
7834 2514560 26.79830000
7835 2514570 26.79850000
7836 2514580 26.79180000
7837 2514590 26.78950000
7838 2514600 26.78890000
7839 2514610 26.78730000
7840 2514620 26.76420000
7841 2514630 26.72940000
7842 2514640 26.76400000
7843 2514650 26.79510000
7844 2514660 26.81350000
7845 2514670 26.82080000
7846 2514680 26.82010000
7847 2514690 26.81420000
7848 2514700 26.80670000
7849 2514710 26.80070000
7850 2514720 26.79850000
7851 2514730 26.80050000
7852 2514740 26.80640000
7853 2514750 26.81380000
7854 2514760 26.81910000
7855 2514770 26.81760000
7856 2514780 26.80640000
7857 2514790 26.78620000
7858 2514800 26.77580000
7859 2514810 26.77770000
7860 2514820 26.77320000
7861 2514830 26.76250000
7862 2514840 26.74670000
7863 2514850 26.72660000
7864 2514860 26.72160000
7865 2514870 26.72460000
7866 2514880 26.74220000
7867 2514890 26.75220000
7868 2514900 26.75360000
7869 2514910 26.74540000
7870 2514920 26.72740000
7871 2514930 26.70290000
7872 2514940 26.70730000
7873 2514950 26.71610000
7874 2514960 26.72650000
7875 2514970 26.73560000
7876 2514980 26.74170000
7877 2514990 26.74500000
7878 2515000 26.74430000
7879 2515010 26.76540000
7880 2515020 26.79180000
7881 2515030 26.80920000
7882 2515040 26.81210000
7883 2515050 26.79880000
7884 2515060 26.77250000
7885 2515070 26.78040000
7886 2515080 26.79120000
7887 2515090 26.80100000
7888 2515100 26.80950000
7889 2515110 26.81570000
7890 2515120 26.81890000
7891 2515130 26.81990000
7892 2515140 26.81850000
7893 2515150 26.81410000
7894 2515160 26.80700000
7895 2515170 26.79830000
7896 2515180 26.79080000
7897 2515190 26.78410000
7898 2515200 26.77900000
7899 2515210 26.78090000
7900 2515220 26.78780000
7901 2515230 26.79310000
7902 2515240 26.79540000
7903 2515250 26.79150000
7904 2515260 26.79050000
7905 2515270 26.80300000
7906 2515280 26.81010000
7907 2515290 26.81240000
7908 2515300 26.81230000
7909 2515310 26.81170000
7910 2515320 26.81250000
7911 2515330 26.81360000
7912 2515340 26.81320000
7913 2515350 26.80930000
7914 2515360 26.79910000
7915 2515370 26.78290000
7916 2515380 26.76140000
7917 2515390 26.74790000
7918 2515400 26.74480000
7919 2515410 26.73960000
7920 2515420 26.72920000
7921 2515430 26.71180000
7922 2515440 26.72170000
7923 2515450 26.73570000
7924 2515460 26.74510000
7925 2515470 26.74970000
7926 2515480 26.74780000
7927 2515490 26.76190000
7928 2515500 26.77600000
7929 2515510 26.78290000
7930 2515520 26.78350000
7931 2515530 26.78810000
7932 2515540 26.78670000
7933 2515550 26.78000000
7934 2515560 26.76880000
7935 2515570 26.75540000
7936 2515580 26.77970000
7937 2515590 26.79630000
7938 2515600 26.80360000
7939 2515610 26.80030000
7940 2515620 26.78770000
7941 2515630 26.76770000
7942 2515640 26.74170000
7943 2515650 26.71450000
7944 2515660 26.70310000
7945 2515670 26.68050000
7946 2515680 26.68480000
7947 2515690 26.72130000
7948 2515700 26.75210000
7949 2515710 26.77280000
7950 2515720 26.78230000
7951 2515730 26.78310000
7952 2515740 26.77830000
7953 2515750 26.77240000
7954 2515760 26.76660000
7955 2515770 26.76070000
7956 2515780 26.75210000
7957 2515790 26.73910000
7958 2515800 26.72270000
7959 2515810 26.73910000
7960 2515820 26.77480000
7961 2515830 26.80890000
7962 2515840 26.83960000
7963 2515850 26.86440000
7964 2515860 26.88170000
7965 2515870 26.88860000
7966 2515880 26.88400000
7967 2515890 26.86840000
7968 2515900 26.84400000
7969 2515910 26.85040000
7970 2515920 26.86760000
7971 2515930 26.87080000
7972 2515940 26.86060000
7973 2515950 26.83960000
7974 2515960 26.81320000
7975 2515970 26.80990000
7976 2515980 26.81430000
7977 2515990 26.81010000
7978 2516000 26.79810000
7979 2516010 26.78570000
7980 2516020 26.77450000
7981 2516030 26.76040000
7982 2516040 26.76820000
7983 2516050 26.76760000
7984 2516060 26.76060000
7985 2516070 26.75010000
7986 2516080 26.73980000
7987 2516090 26.73660000
7988 2516100 26.74250000
7989 2516110 26.73990000
7990 2516120 26.75760000
7991 2516130 26.77080000
7992 2516140 26.77620000
7993 2516150 26.77190000
7994 2516160 26.75760000
7995 2516170 26.74470000
7996 2516180 26.74700000
7997 2516190 26.74060000
7998 2516200 26.72670000
7999 2516210 26.75040000
8000 2516220 26.76450000
8001 2516230 26.76860000
8002 2516240 26.76380000
8003 2516250 26.75200000
8004 2516260 26.73570000
8005 2516270 26.72760000
8006 2516280 26.73820000
8007 2516290 26.75450000
8008 2516300 26.77420000
8009 2516310 26.79550000
8010 2516320 26.81510000
8011 2516330 26.83050000
8012 2516340 26.83970000
8013 2516350 26.84150000
8014 2516360 26.83620000
8015 2516370 26.82460000
8016 2516380 26.80740000
8017 2516390 26.79920000
8018 2516400 26.80090000
8019 2516410 26.81390000
8020 2516420 26.83220000
8021 2516430 26.84620000
8022 2516440 26.85650000
8023 2516450 26.86350000
8024 2516460 26.86630000
8025 2516470 26.86520000
8026 2516480 26.86020000
8027 2516490 26.85200000
8028 2516500 26.84050000
8029 2516510 26.82760000
8030 2516520 26.81670000
8031 2516530 26.80310000
8032 2516540 26.79180000
8033 2516550 26.78310000
8034 2516560 26.79020000
8035 2516570 26.79440000
8036 2516580 26.79900000
8037 2516590 26.80620000
8038 2516600 26.81630000
8039 2516610 26.82610000
8040 2516620 26.83160000
8041 2516630 26.83010000
8042 2516640 26.82140000
8043 2516650 26.80660000
8044 2516660 26.78590000
8045 2516670 26.76020000
8046 2516680 26.72920000
8047 2516690 26.69310000
8048 2516700 26.70930000
8049 2516710 26.72920000
8050 2516720 26.74640000
8051 2516730 26.76210000
8052 2516740 26.77670000
8053 2516750 26.78910000
8054 2516760 26.79680000
8055 2516770 26.79770000
8056 2516780 26.79020000
8057 2516790 26.79180000
8058 2516800 26.79630000
8059 2516810 26.80050000
8060 2516820 26.80400000
8061 2516830 26.80650000
8062 2516840 26.80630000
8063 2516850 26.80210000
8064 2516860 26.79330000
8065 2516870 26.78260000
8066 2516880 26.79370000
8067 2516890 26.79370000
8068 2516900 26.78400000
8069 2516910 26.76870000
8070 2516920 26.76040000
8071 2516930 26.75240000
8072 2516940 26.74390000
8073 2516950 26.74380000
8074 2516960 26.74720000
8075 2516970 26.75090000
8076 2516980 26.76550000
8077 2516990 26.77610000
8078 2517000 26.78180000
8079 2517010 26.78070000
8080 2517020 26.77190000
8081 2517030 26.75800000
8082 2517040 26.77150000
8083 2517050 26.79310000
8084 2517060 26.81770000
8085 2517070 26.84470000
8086 2517080 26.86970000
8087 2517090 26.88930000
8088 2517100 26.90110000
8089 2517110 26.90340000
8090 2517120 26.89610000
8091 2517130 26.88040000
8092 2517140 26.85770000
8093 2517150 26.82920000
8094 2517160 26.79580000
8095 2517170 26.76180000
8096 2517180 26.74760000
8097 2517190 26.76650000
8098 2517200 26.78010000
8099 2517210 26.78840000
8100 2517220 26.79140000
8101 2517230 26.79000000
8102 2517240 26.78440000
8103 2517250 26.77800000
8104 2517260 26.77190000
8105 2517270 26.76630000
8106 2517280 26.76000000
8107 2517290 26.75360000
8108 2517300 26.74530000
8109 2517310 26.73950000
8110 2517320 26.76210000
8111 2517330 26.77760000
8112 2517340 26.78710000
8113 2517350 26.79180000
8114 2517360 26.79270000
8115 2517370 26.79040000
8116 2517380 26.78530000
8117 2517390 26.77730000
8118 2517400 26.76600000
8119 2517410 26.75140000
8120 2517420 26.73920000
8121 2517430 26.72920000
8122 2517440 26.73500000
8123 2517450 26.73520000
8124 2517460 26.73120000
8125 2517470 26.72520000
8126 2517480 26.73830000
8127 2517490 26.75190000
8128 2517500 26.75410000
8129 2517510 26.76690000
8130 2517520 26.77130000
8131 2517530 26.77530000
8132 2517540 26.78850000
8133 2517550 26.79280000
8134 2517560 26.78830000
8135 2517570 26.77620000
8136 2517580 26.76890000
8137 2517590 26.78520000
8138 2517600 26.80060000
8139 2517610 26.81410000
8140 2517620 26.82340000
8141 2517630 26.82650000
8142 2517640 26.82330000
8143 2517650 26.81380000
8144 2517660 26.80010000
8145 2517670 26.81610000
8146 2517680 26.84300000
8147 2517690 26.86410000
8148 2517700 26.87440000
8149 2517710 26.87000000
8150 2517720 26.85010000
8151 2517730 26.81630000
8152 2517740 26.82130000
8153 2517750 26.84510000
8154 2517760 26.86160000
8155 2517770 26.86950000
8156 2517780 26.87010000
8157 2517790 26.86380000
8158 2517800 26.85270000
8159 2517810 26.83930000
8160 2517820 26.83440000
8161 2517830 26.83550000
8162 2517840 26.82380000
8163 2517850 26.80500000
8164 2517860 26.80150000
8165 2517870 26.79300000
8166 2517880 26.77580000
8167 2517890 26.75040000
8168 2517900 26.71910000
8169 2517910 26.69730000
8170 2517920 26.70860000
8171 2517930 26.72750000
8172 2517940 26.74930000
8173 2517950 26.76900000
8174 2517960 26.78460000
8175 2517970 26.79480000
8176 2517980 26.79850000
8177 2517990 26.79580000
8178 2518000 26.78660000
8179 2518010 26.77240000
8180 2518020 26.75670000
8181 2518030 26.77110000
8182 2518040 26.78520000
8183 2518050 26.79160000
8184 2518060 26.78780000
8185 2518070 26.77310000
8186 2518080 26.79060000
8187 2518090 26.80950000
8188 2518100 26.82640000
8189 2518110 26.83930000
8190 2518120 26.84600000
8191 2518130 26.84550000
8192 2518140 26.83870000
8193 2518150 26.82690000
8194 2518160 26.81110000
8195 2518170 26.79240000
8196 2518180 26.77330000
8197 2518190 26.78030000
8198 2518200 26.78350000
8199 2518210 26.78360000
8200 2518220 26.78200000
8201 2518230 26.78070000
8202 2518240 26.78150000
8203 2518250 26.78480000
8204 2518260 26.79230000
8205 2518270 26.80320000
8206 2518280 26.81570000
8207 2518290 26.82860000
8208 2518300 26.83650000
8209 2518310 26.83320000
8210 2518320 26.81350000
8211 2518330 26.77820000
8212 2518340 26.73250000
8213 2518350 26.70540000
8214 2518360 26.73650000
8215 2518370 26.75870000
8216 2518380 26.76800000
8217 2518390 26.76500000
8218 2518400 26.80360000
8219 2518410 26.83770000
8220 2518420 26.86260000
8221 2518430 26.87620000
8222 2518440 26.87910000
8223 2518450 26.87410000
8224 2518460 26.86400000
8225 2518470 26.84850000
8226 2518480 26.82590000
8227 2518490 26.79390000
8228 2518500 26.78040000
8229 2518510 26.78420000
8230 2518520 26.77440000
8231 2518530 26.78370000
8232 2518540 26.79790000
8233 2518550 26.80540000
8234 2518560 26.80520000
8235 2518570 26.79790000
8236 2518580 26.78390000
8237 2518590 26.76460000
8238 2518600 26.75880000
8239 2518610 26.75700000
8240 2518620 26.76420000
8241 2518630 26.78760000
8242 2518640 26.80750000
8243 2518650 26.81510000
8244 2518660 26.80790000
8245 2518670 26.78690000
8246 2518680 26.75390000
8247 2518690 26.71540000
8248 2518700 26.67720000
8249 2518710 26.67860000
8250 2518720 26.68520000
8251 2518730 26.68240000
8252 2518740 26.68170000
8253 2518750 26.68470000
8254 2518760 26.70040000
8255 2518770 26.74060000
8256 2518780 26.76730000
8257 2518790 26.77700000
8258 2518800 26.77200000
8259 2518810 26.77160000
8260 2518820 26.78810000
8261 2518830 26.79230000
8262 2518840 26.78530000
8263 2518850 26.76800000
8264 2518860 26.75300000
8265 2518870 26.75320000
8266 2518880 26.74540000
8267 2518890 26.72840000
8268 2518900 26.71740000
8269 2518910 26.75210000
8270 2518920 26.78190000
8271 2518930 26.80650000
8272 2518940 26.82550000
8273 2518950 26.83770000
8274 2518960 26.84310000
8275 2518970 26.84170000
8276 2518980 26.83390000
8277 2518990 26.81970000
8278 2519000 26.80000000
8279 2519010 26.79020000
8280 2519020 26.78520000
8281 2519030 26.78390000
8282 2519040 26.78630000
8283 2519050 26.79060000
8284 2519060 26.79370000
8285 2519070 26.79270000
8286 2519080 26.78300000
8287 2519090 26.76740000
8288 2519100 26.74810000
8289 2519110 26.74840000
8290 2519120 26.76340000
8291 2519130 26.78080000
8292 2519140 26.79730000
8293 2519150 26.80920000
8294 2519160 26.81500000
8295 2519170 26.81520000
8296 2519180 26.81050000
8297 2519190 26.80370000
8298 2519200 26.79480000
8299 2519210 26.78340000
8300 2519220 26.77040000
8301 2519230 26.78030000
8302 2519240 26.80140000
8303 2519250 26.81850000
8304 2519260 26.82990000
8305 2519270 26.83350000
8306 2519280 26.82810000
8307 2519290 26.81540000
8308 2519300 26.79680000
8309 2519310 26.78450000
8310 2519320 26.78900000
8311 2519330 26.78680000
8312 2519340 26.79170000
8313 2519350 26.79790000
8314 2519360 26.80550000
8315 2519370 26.81410000
8316 2519380 26.82250000
8317 2519390 26.82890000
8318 2519400 26.83160000
8319 2519410 26.83000000
8320 2519420 26.82440000
8321 2519430 26.81500000
8322 2519440 26.80340000
8323 2519450 26.81330000
8324 2519460 26.82090000
8325 2519470 26.82140000
8326 2519480 26.81560000
8327 2519490 26.80500000
8328 2519500 26.79200000
8329 2519510 26.78680000
8330 2519520 26.81410000
8331 2519530 26.83720000
8332 2519540 26.85430000
8333 2519550 26.86410000
8334 2519560 26.86610000
8335 2519570 26.85980000
8336 2519580 26.84480000
8337 2519590 26.82200000
8338 2519600 26.79380000
8339 2519610 26.76250000
8340 2519620 26.72920000
8341 2519630 26.72520000
8342 2519640 26.73920000
8343 2519650 26.76090000
8344 2519660 26.78180000
8345 2519670 26.80050000
8346 2519680 26.81460000
8347 2519690 26.82130000
8348 2519700 26.81900000
8349 2519710 26.81870000
8350 2519720 26.83010000
8351 2519730 26.83630000
8352 2519740 26.83610000
8353 2519750 26.82950000
8354 2519760 26.81730000
8355 2519770 26.80130000
8356 2519780 26.80760000
8357 2519790 26.82740000
8358 2519800 26.83170000
8359 2519810 26.82240000
8360 2519820 26.83010000
8361 2519830 26.84080000
8362 2519840 26.84680000
8363 2519850 26.85040000
8364 2519860 26.85310000
8365 2519870 26.85530000
8366 2519880 26.85610000
8367 2519890 26.85470000
8368 2519900 26.84950000
8369 2519910 26.83990000
8370 2519920 26.82600000
8371 2519930 26.80850000
8372 2519940 26.78780000
8373 2519950 26.76360000
8374 2519960 26.73540000
8375 2519970 26.70450000
8376 2519980 26.73260000
8377 2519990 26.76990000
8378 2520000 26.80400000
8379 2520010 26.83250000
8380 2520020 26.85390000
8381 2520030 26.86770000
8382 2520040 26.87420000
8383 2520050 26.87480000
8384 2520060 26.87270000
8385 2520070 26.86960000
8386 2520080 26.86700000
8387 2520090 26.86260000
8388 2520100 26.85480000
8389 2520110 26.85760000
8390 2520120 26.85650000
8391 2520130 26.84350000
8392 2520140 26.81960000
8393 2520150 26.78950000
8394 2520160 26.75850000
8395 2520170 26.74300000
8396 2520180 26.75450000
8397 2520190 26.76440000
8398 2520200 26.77460000
8399 2520210 26.78500000
8400 2520220 26.79430000
8401 2520230 26.79990000
8402 2520240 26.79920000
8403 2520250 26.79100000
8404 2520260 26.77450000
8405 2520270 26.78790000
8406 2520280 26.80690000
8407 2520290 26.81890000
8408 2520300 26.82330000
8409 2520310 26.81830000
8410 2520320 26.80440000
8411 2520330 26.78350000
8412 2520340 26.79310000
8413 2520350 26.80330000
8414 2520360 26.80130000
8415 2520370 26.78840000
8416 2520380 26.76870000
8417 2520390 26.76900000
8418 2520400 26.78330000
8419 2520410 26.78950000
8420 2520420 26.82170000
8421 2520430 26.84550000
8422 2520440 26.85360000
8423 2520450 26.84340000
8424 2520460 26.81740000
8425 2520470 26.78130000
8426 2520480 26.76540000
8427 2520490 26.77900000
8428 2520500 26.79010000
8429 2520510 26.79980000
8430 2520520 26.80750000
8431 2520530 26.81270000
8432 2520540 26.81410000
8433 2520550 26.81000000
8434 2520560 26.79910000
8435 2520570 26.78260000
8436 2520580 26.78150000
8437 2520590 26.77870000
8438 2520600 26.77850000
8439 2520610 26.76670000
8440 2520620 26.75750000
8441 2520630 26.75800000
8442 2520640 26.75090000
8443 2520650 26.75050000
8444 2520660 26.75300000
8445 2520670 26.74830000
8446 2520680 26.73680000
8447 2520690 26.71970000
8448 2520700 26.73430000
8449 2520710 26.74440000
8450 2520720 26.74890000
8451 2520730 26.74810000
8452 2520740 26.74250000
8453 2520750 26.73160000
8454 2520760 26.71540000
8455 2520770 26.72960000
8456 2520780 26.75030000
8457 2520790 26.76560000
8458 2520800 26.77320000
8459 2520810 26.77040000
8460 2520820 26.75770000
8461 2520830 26.73690000
8462 2520840 26.71940000
8463 2520850 26.73660000
8464 2520860 26.74860000
8465 2520870 26.75340000
8466 2520880 26.75030000
8467 2520890 26.76060000
8468 2520900 26.78800000
8469 2520910 26.81230000
8470 2520920 26.83040000
8471 2520930 26.83950000
8472 2520940 26.83790000
8473 2520950 26.82520000
8474 2520960 26.80250000
8475 2520970 26.77650000
8476 2520980 26.77320000
8477 2520990 26.76790000
8478 2521000 26.76330000
8479 2521010 26.78070000
8480 2521020 26.79590000
8481 2521030 26.80640000
8482 2521040 26.80990000
8483 2521050 26.81270000
8484 2521060 26.80780000
8485 2521070 26.79520000
8486 2521080 26.79150000
8487 2521090 26.78630000
8488 2521100 26.78050000
8489 2521110 26.77500000
8490 2521120 26.77470000
8491 2521130 26.80840000
8492 2521140 26.84290000
8493 2521150 26.87330000
8494 2521160 26.89500000
8495 2521170 26.90550000
8496 2521180 26.90390000
8497 2521190 26.89200000
8498 2521200 26.87210000
8499 2521210 26.84720000
8500 2521220 26.81960000
8501 2521230 26.79190000
8502 2521240 26.76550000
8503 2521250 26.74130000
8504 2521260 26.71990000
8505 2521270 26.71940000
8506 2521280 26.72660000
8507 2521290 26.72680000
8508 2521300 26.71840000
8509 2521310 26.71230000
8510 2521320 26.73570000
8511 2521330 26.75300000
8512 2521340 26.76570000
8513 2521350 26.77530000
8514 2521360 26.78190000
8515 2521370 26.78630000
8516 2521380 26.80870000
8517 2521390 26.82970000
8518 2521400 26.84100000
8519 2521410 26.84510000
8520 2521420 26.84310000
8521 2521430 26.83660000
8522 2521440 26.82750000
8523 2521450 26.81850000
8524 2521460 26.81100000
8525 2521470 26.80490000
8526 2521480 26.79910000
8527 2521490 26.79200000
8528 2521500 26.78230000
8529 2521510 26.76800000
8530 2521520 26.77090000
8531 2521530 26.79430000
8532 2521540 26.81350000
8533 2521550 26.82690000
8534 2521560 26.83350000
8535 2521570 26.83520000
8536 2521580 26.83500000
8537 2521590 26.83450000
8538 2521600 26.83530000
8539 2521610 26.83660000
8540 2521620 26.83750000
8541 2521630 26.83580000
8542 2521640 26.83150000
8543 2521650 26.82510000
8544 2521660 26.81900000
8545 2521670 26.81450000
8546 2521680 26.81110000
8547 2521690 26.80860000
8548 2521700 26.80510000
8549 2521710 26.80050000
8550 2521720 26.79340000
8551 2521730 26.78390000
8552 2521740 26.76970000
8553 2521750 26.74890000
8554 2521760 26.72030000
8555 2521770 26.68500000
8556 2521780 26.67930000
8557 2521790 26.69640000
8558 2521800 26.70770000
8559 2521810 26.71190000
8560 2521820 26.70840000
8561 2521830 26.70000000
8562 2521840 26.69950000
8563 2521850 26.69560000
8564 2521860 26.72450000
8565 2521870 26.76030000
8566 2521880 26.78840000
8567 2521890 26.80540000
8568 2521900 26.81090000
8569 2521910 26.80550000
8570 2521920 26.81390000
8571 2521930 26.83010000
8572 2521940 26.84440000
8573 2521950 26.85720000
8574 2521960 26.86680000
8575 2521970 26.87030000
8576 2521980 26.86380000
8577 2521990 26.84520000
8578 2522000 26.81340000
8579 2522010 26.77110000
8580 2522020 26.74860000
8581 2522030 26.76190000
8582 2522040 26.77590000
8583 2522050 26.78740000
8584 2522060 26.79170000
8585 2522070 26.78490000
8586 2522080 26.76520000
8587 2522090 26.74920000
8588 2522100 26.75120000
8589 2522110 26.75840000
8590 2522120 26.75930000
8591 2522130 26.75460000
8592 2522140 26.74600000
8593 2522150 26.73530000
8594 2522160 26.74420000
8595 2522170 26.75600000
8596 2522180 26.76530000
8597 2522190 26.77000000
8598 2522200 26.76890000
8599 2522210 26.76180000
8600 2522220 26.77490000
8601 2522230 26.80090000
8602 2522240 26.82060000
8603 2522250 26.83310000
8604 2522260 26.83820000
8605 2522270 26.83670000
8606 2522280 26.82930000
8607 2522290 26.81680000
8608 2522300 26.80040000
8609 2522310 26.78190000
8610 2522320 26.76220000
8611 2522330 26.74300000
8612 2522340 26.72470000
8613 2522350 26.73320000
8614 2522360 26.76190000
8615 2522370 26.78310000
8616 2522380 26.79700000
8617 2522390 26.80530000
8618 2522400 26.80980000
8619 2522410 26.81130000
8620 2522420 26.80920000
8621 2522430 26.80220000
8622 2522440 26.78990000
8623 2522450 26.77350000
8624 2522460 26.75470000
8625 2522470 26.75590000
8626 2522480 26.77250000
8627 2522490 26.79020000
8628 2522500 26.80700000
8629 2522510 26.82070000
8630 2522520 26.82850000
8631 2522530 26.83090000
8632 2522540 26.83000000
8633 2522550 26.82940000
8634 2522560 26.83220000
8635 2522570 26.83840000
8636 2522580 26.84500000
8637 2522590 26.84600000
8638 2522600 26.83700000
8639 2522610 26.83890000
8640 2522620 26.85130000
8641 2522630 26.86390000
8642 2522640 26.87510000
8643 2522650 26.88360000
8644 2522660 26.88640000
8645 2522670 26.88210000
8646 2522680 26.87030000
8647 2522690 26.85140000
8648 2522700 26.84010000
8649 2522710 26.85200000
8650 2522720 26.86290000
8651 2522730 26.87240000
8652 2522740 26.87850000
8653 2522750 26.87910000
8654 2522760 26.87360000
8655 2522770 26.86170000
8656 2522780 26.84480000
8657 2522790 26.82370000
8658 2522800 26.79930000
8659 2522810 26.77250000
8660 2522820 26.74440000
8661 2522830 26.75330000
8662 2522840 26.76040000
8663 2522850 26.75640000
8664 2522860 26.74640000
8665 2522870 26.74530000
8666 2522880 26.74480000
8667 2522890 26.74170000
8668 2522900 26.73000000
8669 2522910 26.71730000
8670 2522920 26.70990000
8671 2522930 26.72660000
8672 2522940 26.74240000
8673 2522950 26.75650000
8674 2522960 26.76800000
8675 2522970 26.77570000
8676 2522980 26.78910000
8677 2522990 26.81050000
8678 2523000 26.82280000
8679 2523010 26.82460000
8680 2523020 26.81620000
8681 2523030 26.83250000
8682 2523040 26.84590000
8683 2523050 26.85390000
8684 2523060 26.85510000
8685 2523070 26.84940000
8686 2523080 26.83930000
8687 2523090 26.82850000
8688 2523100 26.82570000
8689 2523110 26.81800000
8690 2523120 26.80880000
8691 2523130 26.80450000
8692 2523140 26.79940000
8693 2523150 26.79240000
8694 2523160 26.79030000
8695 2523170 26.79160000
8696 2523180 26.78940000
8697 2523190 26.78610000
8698 2523200 26.78170000
8699 2523210 26.77700000
8700 2523220 26.77180000
8701 2523230 26.76650000
8702 2523240 26.76100000
8703 2523250 26.75610000
8704 2523260 26.76250000
8705 2523270 26.77220000
8706 2523280 26.78160000
8707 2523290 26.78910000
8708 2523300 26.79270000
8709 2523310 26.79160000
8710 2523320 26.79260000
8711 2523330 26.78740000
8712 2523340 26.77580000
8713 2523350 26.75740000
8714 2523360 26.74220000
8715 2523370 26.75400000
8716 2523380 26.75330000
8717 2523390 26.73970000
8718 2523400 26.71490000
8719 2523410 26.68230000
8720 2523420 26.68100000
8721 2523430 26.71390000
8722 2523440 26.74330000
8723 2523450 26.76450000
8724 2523460 26.77510000
8725 2523470 26.77660000
8726 2523480 26.79880000
8727 2523490 26.81310000
8728 2523500 26.82040000
8729 2523510 26.82270000
8730 2523520 26.82120000
8731 2523530 26.81720000
8732 2523540 26.81110000
8733 2523550 26.80300000
8734 2523560 26.79340000
8735 2523570 26.78350000
8736 2523580 26.77440000
8737 2523590 26.76730000
8738 2523600 26.77880000
8739 2523610 26.78530000
8740 2523620 26.78680000
8741 2523630 26.78340000
8742 2523640 26.78990000
8743 2523650 26.79200000
8744 2523660 26.78130000
8745 2523670 26.80390000
8746 2523680 26.82830000
8747 2523690 26.84170000
8748 2523700 26.84180000
8749 2523710 26.83110000
8750 2523720 26.81290000
8751 2523730 26.78990000
8752 2523740 26.77020000
8753 2523750 26.77890000
8754 2523760 26.79260000
8755 2523770 26.80610000
8756 2523780 26.81750000
8757 2523790 26.82470000
8758 2523800 26.82490000
8759 2523810 26.81760000
8760 2523820 26.80450000
8761 2523830 26.78670000
8762 2523840 26.76670000
8763 2523850 26.74550000
8764 2523860 26.72410000
8765 2523870 26.70190000
8766 2523880 26.67810000
8767 2523890 26.68650000
8768 2523900 26.70060000
8769 2523910 26.71150000
8770 2523920 26.71460000
8771 2523930 26.72780000
8772 2523940 26.75250000
8773 2523950 26.76590000
8774 2523960 26.77080000
8775 2523970 26.77000000
8776 2523980 26.76820000
8777 2523990 26.76780000
8778 2524000 26.77040000
8779 2524010 26.77450000
8780 2524020 26.77920000
8781 2524030 26.79060000
8782 2524040 26.81970000
8783 2524050 26.83880000
8784 2524060 26.84650000
8785 2524070 26.84340000
8786 2524080 26.84390000
8787 2524090 26.86460000
8788 2524100 26.87480000
8789 2524110 26.87320000
8790 2524120 26.85930000
8791 2524130 26.83570000
8792 2524140 26.80470000
8793 2524150 26.78700000
8794 2524160 26.77620000
8795 2524170 26.76140000
8796 2524180 26.74340000
8797 2524190 26.72720000
8798 2524200 26.72990000
8799 2524210 26.71940000
8800 2524220 26.70690000
8801 2524230 26.71360000
8802 2524240 26.73390000
8803 2524250 26.75570000
8804 2524260 26.77490000
8805 2524270 26.78860000
8806 2524280 26.79330000
8807 2524290 26.78740000
8808 2524300 26.76950000
8809 2524310 26.78470000
8810 2524320 26.81500000
8811 2524330 26.83950000
8812 2524340 26.85590000
8813 2524350 26.86200000
8814 2524360 26.85670000
8815 2524370 26.84110000
8816 2524380 26.81740000
8817 2524390 26.79270000
8818 2524400 26.78120000
8819 2524410 26.77640000
8820 2524420 26.77540000
8821 2524430 26.77420000
8822 2524440 26.77460000
8823 2524450 26.80290000
8824 2524460 26.82950000
8825 2524470 26.85210000
8826 2524480 26.86740000
8827 2524490 26.87400000
8828 2524500 26.87120000
8829 2524510 26.85920000
8830 2524520 26.84070000
8831 2524530 26.81810000
8832 2524540 26.79410000
8833 2524550 26.79400000
8834 2524560 26.79510000
8835 2524570 26.78510000
8836 2524580 26.76770000
8837 2524590 26.74660000
8838 2524600 26.76900000
8839 2524610 26.78280000
8840 2524620 26.78700000
8841 2524630 26.78250000
8842 2524640 26.77010000
8843 2524650 26.75270000
8844 2524660 26.73410000
8845 2524670 26.73340000
8846 2524680 26.75700000
8847 2524690 26.77760000
8848 2524700 26.78900000
8849 2524710 26.78690000
8850 2524720 26.77080000
8851 2524730 26.74400000
8852 2524740 26.71120000
8853 2524750 26.68940000
8854 2524760 26.69600000
8855 2524770 26.70190000
8856 2524780 26.70690000
8857 2524790 26.70970000
8858 2524800 26.71500000
8859 2524810 26.73130000
8860 2524820 26.74920000
8861 2524830 26.76670000
8862 2524840 26.78070000
8863 2524850 26.78940000
8864 2524860 26.79100000
8865 2524870 26.78470000
8866 2524880 26.77180000
8867 2524890 26.77390000
8868 2524900 26.79090000
8869 2524910 26.80050000
8870 2524920 26.80070000
8871 2524930 26.79180000
8872 2524940 26.77480000
8873 2524950 26.75230000
8874 2524960 26.72870000
8875 2524970 26.70680000
8876 2524980 26.69000000
8877 2524990 26.70430000
8878 2525000 26.72800000
8879 2525010 26.76330000
8880 2525020 26.79870000
8881 2525030 26.82930000
8882 2525040 26.85040000
8883 2525050 26.85830000
8884 2525060 26.85310000
8885 2525070 26.83740000
8886 2525080 26.81580000
8887 2525090 26.79350000
8888 2525100 26.77460000
8889 2525110 26.76110000
8890 2525120 26.76530000
8891 2525130 26.77770000
8892 2525140 26.77980000
8893 2525150 26.77310000
8894 2525160 26.75980000
8895 2525170 26.74280000
8896 2525180 26.74760000
8897 2525190 26.75730000
8898 2525200 26.76260000
8899 2525210 26.76500000
8900 2525220 26.78010000
8901 2525230 26.79490000
8902 2525240 26.80100000
8903 2525250 26.79740000
8904 2525260 26.78330000
8905 2525270 26.75970000
8906 2525280 26.73060000
8907 2525290 26.74220000
8908 2525300 26.77030000
8909 2525310 26.80050000
8910 2525320 26.83070000
8911 2525330 26.85830000
8912 2525340 26.88200000
8913 2525350 26.90090000
8914 2525360 26.91540000
8915 2525370 26.92490000
8916 2525380 26.92950000
8917 2525390 26.92810000
8918 2525400 26.91970000
8919 2525410 26.90280000
8920 2525420 26.87800000
8921 2525430 26.84580000
8922 2525440 26.80830000
8923 2525450 26.76790000
8924 2525460 26.72690000
8925 2525470 26.71190000
8926 2525480 26.72220000
8927 2525490 26.72480000
8928 2525500 26.74640000
8929 2525510 26.76960000
8930 2525520 26.79180000
8931 2525530 26.81010000
8932 2525540 26.82300000
8933 2525550 26.83140000
8934 2525560 26.83690000
8935 2525570 26.84010000
8936 2525580 26.84040000
8937 2525590 26.83590000
8938 2525600 26.82510000
8939 2525610 26.80780000
8940 2525620 26.78380000
8941 2525630 26.75550000
8942 2525640 26.72540000
8943 2525650 26.70310000
8944 2525660 26.71500000
8945 2525670 26.72040000
8946 2525680 26.71840000
8947 2525690 26.70870000
8948 2525700 26.69830000
8949 2525710 26.71690000
8950 2525720 26.74860000
8951 2525730 26.77890000
8952 2525740 26.80750000
8953 2525750 26.83450000
8954 2525760 26.85810000
8955 2525770 26.87490000
8956 2525780 26.88200000
8957 2525790 26.87820000
8958 2525800 26.86470000
8959 2525810 26.84350000
8960 2525820 26.81600000
8961 2525830 26.78350000
8962 2525840 26.74730000
8963 2525850 26.73140000
8964 2525860 26.74400000
8965 2525870 26.75000000
8966 2525880 26.74990000
8967 2525890 26.75680000
8968 2525900 26.77400000
8969 2525910 26.78570000
8970 2525920 26.79400000
8971 2525930 26.80120000
8972 2525940 26.80790000
8973 2525950 26.81340000
8974 2525960 26.81630000
8975 2525970 26.81580000
8976 2525980 26.81110000
8977 2525990 26.80240000
8978 2526000 26.78940000
8979 2526010 26.78380000
8980 2526020 26.80020000
8981 2526030 26.80690000
8982 2526040 26.80710000
8983 2526050 26.80380000
8984 2526060 26.79990000
8985 2526070 26.79830000
8986 2526080 26.79970000
8987 2526090 26.80230000
8988 2526100 26.80240000
8989 2526110 26.79580000
8990 2526120 26.80020000
8991 2526130 26.81020000
8992 2526140 26.80980000
8993 2526150 26.80050000
8994 2526160 26.78320000
8995 2526170 26.75970000
8996 2526180 26.74250000
8997 2526190 26.75860000
8998 2526200 26.76830000
8999 2526210 26.77130000
9000 2526220 26.78510000
9001 2526230 26.79900000
9002 2526240 26.81050000
9003 2526250 26.81910000
9004 2526260 26.82370000
9005 2526270 26.82390000
9006 2526280 26.81950000
9007 2526290 26.80910000
9008 2526300 26.79270000
9009 2526310 26.77000000
9010 2526320 26.74590000
9011 2526330 26.73430000
9012 2526340 26.72560000
9013 2526350 26.75080000
9014 2526360 26.77710000
9015 2526370 26.80400000
9016 2526380 26.83080000
9017 2526390 26.85510000
9018 2526400 26.87390000
9019 2526410 26.88250000
9020 2526420 26.87780000
9021 2526430 26.85730000
9022 2526440 26.82200000
9023 2526450 26.77510000
9024 2526460 26.77050000
9025 2526470 26.79740000
9026 2526480 26.80880000
9027 2526490 26.80440000
9028 2526500 26.78540000
9029 2526510 26.78540000
9030 2526520 26.80440000
9031 2526530 26.81050000
9032 2526540 26.80410000
9033 2526550 26.78920000
9034 2526560 26.77400000
9035 2526570 26.78690000
9036 2526580 26.78520000
9037 2526590 26.76900000
9038 2526600 26.74190000
9039 2526610 26.72360000
9040 2526620 26.73230000
9041 2526630 26.73690000
9042 2526640 26.73570000
9043 2526650 26.72730000
9044 2526660 26.71180000
9045 2526670 26.71850000
9046 2526680 26.72080000
9047 2526690 26.72710000
9048 2526700 26.73160000
9049 2526710 26.72850000
9050 2526720 26.71840000
9051 2526730 26.70140000
9052 2526740 26.69010000
9053 2526750 26.69490000
9054 2526760 26.70730000
9055 2526770 26.71680000
9056 2526780 26.72050000
9057 2526790 26.73290000
9058 2526800 26.74350000
9059 2526810 26.74920000
9060 2526820 26.74760000
9061 2526830 26.73770000
9062 2526840 26.73840000
9063 2526850 26.77310000
9064 2526860 26.80120000
9065 2526870 26.82070000
9066 2526880 26.82900000
9067 2526890 26.82490000
9068 2526900 26.80940000
9069 2526910 26.78450000
9070 2526920 26.75380000
9071 2526930 26.76870000
9072 2526940 26.80550000
9073 2526950 26.83770000
9074 2526960 26.86210000
9075 2526970 26.87700000
9076 2526980 26.88130000
9077 2526990 26.87750000
9078 2527000 26.87960000
9079 2527010 26.89590000
9080 2527020 26.90900000
9081 2527030 26.91690000
9082 2527040 26.91920000
9083 2527050 26.91530000
9084 2527060 26.90660000
9085 2527070 26.89380000
9086 2527080 26.87750000
9087 2527090 26.85770000
9088 2527100 26.83550000
9089 2527110 26.81090000
9090 2527120 26.79020000
9091 2527130 26.78990000
9092 2527140 26.79710000
9093 2527150 26.80500000
9094 2527160 26.81270000
9095 2527170 26.81810000
9096 2527180 26.81950000
9097 2527190 26.81680000
9098 2527200 26.81010000
9099 2527210 26.79970000
9100 2527220 26.78590000
9101 2527230 26.80280000
9102 2527240 26.82140000
9103 2527250 26.82980000
9104 2527260 26.82660000
9105 2527270 26.81140000
9106 2527280 26.78410000
9107 2527290 26.79100000
9108 2527300 26.79160000
9109 2527310 26.77920000
9110 2527320 26.75350000
9111 2527330 26.71840000
9112 2527340 26.72550000
9113 2527350 26.73280000
9114 2527360 26.73620000
9115 2527370 26.73780000
9116 2527380 26.74800000
9117 2527390 26.77160000
9118 2527400 26.78910000
9119 2527410 26.80090000
9120 2527420 26.80750000
9121 2527430 26.80930000
9122 2527440 26.80530000
9123 2527450 26.79540000
9124 2527460 26.77970000
9125 2527470 26.75790000
9126 2527480 26.74360000
9127 2527490 26.72770000
9128 2527500 26.70310000
9129 2527510 26.72320000
9130 2527520 26.74060000
9131 2527530 26.75340000
9132 2527540 26.76070000
9133 2527550 26.76340000
9134 2527560 26.76290000
9135 2527570 26.76190000
9136 2527580 26.76170000
9137 2527590 26.76280000
9138 2527600 26.76450000
9139 2527610 26.77360000
9140 2527620 26.77730000
9141 2527630 26.77380000
9142 2527640 26.77840000
9143 2527650 26.78290000
9144 2527660 26.78460000
9145 2527670 26.78700000
9146 2527680 26.80610000
9147 2527690 26.81910000
9148 2527700 26.82610000
9149 2527710 26.82770000
9150 2527720 26.82400000
9151 2527730 26.81570000
9152 2527740 26.80440000
9153 2527750 26.79130000
9154 2527760 26.77640000
9155 2527770 26.75810000
9156 2527780 26.73680000
9157 2527790 26.74590000
9158 2527800 26.76750000
9159 2527810 26.78910000
9160 2527820 26.80590000
9161 2527830 26.81530000
9162 2527840 26.81780000
9163 2527850 26.81610000
9164 2527860 26.81280000
9165 2527870 26.80770000
9166 2527880 26.79950000
9167 2527890 26.78850000
9168 2527900 26.77560000
9169 2527910 26.76290000
9170 2527920 26.75040000
9171 2527930 26.73470000
9172 2527940 26.71160000
9173 2527950 26.70440000
9174 2527960 26.69480000
9175 2527970 26.68160000
9176 2527980 26.68600000
9177 2527990 26.68610000
9178 2528000 26.68660000
9179 2528010 26.69900000
9180 2528020 26.70890000
9181 2528030 26.71380000
9182 2528040 26.71330000
9183 2528050 26.70540000
9184 2528060 26.69230000
9185 2528070 26.70540000
9186 2528080 26.71470000
9187 2528090 26.71840000
9188 2528100 26.73670000
9189 2528110 26.74700000
9190 2528120 26.74500000
9191 2528130 26.73450000
9192 2528140 26.73090000
9193 2528150 26.73550000
9194 2528160 26.75060000
9195 2528170 26.76670000
9196 2528180 26.77720000
9197 2528190 26.78180000
9198 2528200 26.77910000
9199 2528210 26.77400000
9200 2528220 26.77070000
9201 2528230 26.76300000
9202 2528240 26.75250000
9203 2528250 26.74050000
9204 2528260 26.72790000
9205 2528270 26.71490000
9206 2528280 26.72340000
9207 2528290 26.74700000
9208 2528300 26.76290000
9209 2528310 26.76750000
9210 2528320 26.76130000
9211 2528330 26.74660000
9212 2528340 26.72670000
9213 2528350 26.70600000
9214 2528360 26.73530000
9215 2528370 26.78030000
9216 2528380 26.81990000
9217 2528390 26.84960000
9218 2528400 26.86560000
9219 2528410 26.86780000
9220 2528420 26.85730000
9221 2528430 26.83750000
9222 2528440 26.81390000
9223 2528450 26.79850000
9224 2528460 26.80570000
9225 2528470 26.80200000
9226 2528480 26.78970000
9227 2528490 26.77180000
9228 2528500 26.75100000
9229 2528510 26.73240000
9230 2528520 26.74380000
9231 2528530 26.75210000
9232 2528540 26.77310000
9233 2528550 26.78720000
9234 2528560 26.79110000
9235 2528570 26.78370000
9236 2528580 26.78480000
9237 2528590 26.81360000
9238 2528600 26.84090000
9239 2528610 26.86410000
9240 2528620 26.88030000
9241 2528630 26.88650000
9242 2528640 26.88070000
9243 2528650 26.86160000
9244 2528660 26.83120000
9245 2528670 26.79570000
9246 2528680 26.78370000
9247 2528690 26.76810000
9248 2528700 26.74960000
9249 2528710 26.76660000
9250 2528720 26.79050000
9251 2528730 26.80240000
9252 2528740 26.79970000
9253 2528750 26.78130000
9254 2528760 26.77280000
9255 2528770 26.77300000
9256 2528780 26.76950000
9257 2528790 26.76160000
9258 2528800 26.74870000
9259 2528810 26.73040000
9260 2528820 26.70700000
9261 2528830 26.67770000
9262 2528840 26.67540000
9263 2528850 26.69230000
9264 2528860 26.70840000
9265 2528870 26.71770000
9266 2528880 26.71800000
9267 2528890 26.71470000
9268 2528900 26.71300000
9269 2528910 26.70800000
9270 2528920 26.69900000
9271 2528930 26.69650000
9272 2528940 26.70530000
9273 2528950 26.70540000
9274 2528960 26.69640000
9275 2528970 26.69760000
9276 2528980 26.71940000
9277 2528990 26.73840000
9278 2529000 26.74910000
9279 2529010 26.75180000
9280 2529020 26.74720000
9281 2529030 26.73770000
9282 2529040 26.72490000
9283 2529050 26.72790000
9284 2529060 26.73400000
9285 2529070 26.73310000
9286 2529080 26.74090000
9287 2529090 26.77500000
9288 2529100 26.80690000
9289 2529110 26.83590000
9290 2529120 26.86130000
9291 2529130 26.88120000
9292 2529140 26.89450000
9293 2529150 26.90020000
9294 2529160 26.90040000
9295 2529170 26.89670000
9296 2529180 26.89050000
9297 2529190 26.88260000
9298 2529200 26.87410000
9299 2529210 26.86430000
9300 2529220 26.85190000
9301 2529230 26.83690000
9302 2529240 26.82010000
9303 2529250 26.80270000
9304 2529260 26.78520000
9305 2529270 26.76990000
9306 2529280 26.77730000
9307 2529290 26.77760000
9308 2529300 26.77090000
9309 2529310 26.75850000
9310 2529320 26.74300000
9311 2529330 26.72560000
9312 2529340 26.70760000
9313 2529350 26.74830000
9314 2529360 26.77500000
9315 2529370 26.78370000
9316 2529380 26.77800000
9317 2529390 26.79170000
9318 2529400 26.79030000
9319 2529410 26.78110000
9320 2529420 26.78220000
9321 2529430 26.77850000
9322 2529440 26.76790000
9323 2529450 26.75350000
9324 2529460 26.76430000
9325 2529470 26.76650000
9326 2529480 26.75970000
9327 2529490 26.75900000
9328 2529500 26.79190000
9329 2529510 26.81520000
9330 2529520 26.82400000
9331 2529530 26.81490000
9332 2529540 26.79030000
9333 2529550 26.75590000
9334 2529560 26.77700000
9335 2529570 26.81700000
9336 2529580 26.85240000
9337 2529590 26.88430000
9338 2529600 26.91290000
9339 2529610 26.93740000
9340 2529620 26.95500000
9341 2529630 26.96420000
9342 2529640 26.96500000
9343 2529650 26.95830000
9344 2529660 26.94540000
9345 2529670 26.92750000
9346 2529680 26.90490000
9347 2529690 26.87790000
9348 2529700 26.84830000
9349 2529710 26.81940000
9350 2529720 26.82810000
9351 2529730 26.85160000
9352 2529740 26.86880000
9353 2529750 26.87650000
9354 2529760 26.87470000
9355 2529770 26.86370000
9356 2529780 26.84670000
9357 2529790 26.82600000
9358 2529800 26.80390000
9359 2529810 26.78230000
9360 2529820 26.76050000
9361 2529830 26.74460000
9362 2529840 26.73880000
9363 2529850 26.73790000
9364 2529860 26.73890000
9365 2529870 26.74290000
9366 2529880 26.73990000
9367 2529890 26.73100000
9368 2529900 26.72280000
9369 2529910 26.71910000
9370 2529920 26.73680000
9371 2529930 26.76420000
9372 2529940 26.79160000
9373 2529950 26.81660000
9374 2529960 26.83610000
9375 2529970 26.84770000
9376 2529980 26.84950000
9377 2529990 26.84060000
9378 2530000 26.82490000
9379 2530010 26.85200000
9380 2530020 26.87160000
9381 2530030 26.87690000
9382 2530040 26.86440000
9383 2530050 26.83580000
9384 2530060 26.79800000
9385 2530070 26.78640000
9386 2530080 26.79580000
9387 2530090 26.80120000
9388 2530100 26.80050000
9389 2530110 26.79410000
9390 2530120 26.79210000
9391 2530130 26.79850000
9392 2530140 26.80010000
9393 2530150 26.79440000
9394 2530160 26.79890000
9395 2530170 26.80270000
9396 2530180 26.79370000
9397 2530190 26.77510000
9398 2530200 26.75170000
9399 2530210 26.74480000
9400 2530220 26.73680000
9401 2530230 26.74810000
9402 2530240 26.76900000
9403 2530250 26.78740000
9404 2530260 26.80380000
9405 2530270 26.81850000
9406 2530280 26.83120000
9407 2530290 26.84150000
9408 2530300 26.84890000
9409 2530310 26.85280000
9410 2530320 26.85320000
9411 2530330 26.85030000
9412 2530340 26.84360000
9413 2530350 26.83310000
9414 2530360 26.81960000
9415 2530370 26.80410000
9416 2530380 26.78580000
9417 2530390 26.76480000
9418 2530400 26.75180000
9419 2530410 26.75170000
9420 2530420 26.74410000
9421 2530430 26.74830000
9422 2530440 26.74970000
9423 2530450 26.74730000
9424 2530460 26.74390000
9425 2530470 26.76130000
9426 2530480 26.77200000
9427 2530490 26.77440000
9428 2530500 26.76790000
9429 2530510 26.75410000
9430 2530520 26.73570000
9431 2530530 26.73450000
9432 2530540 26.74200000
9433 2530550 26.74180000
9434 2530560 26.73410000
9435 2530570 26.73440000
9436 2530580 26.76480000
9437 2530590 26.78350000
9438 2530600 26.79190000
9439 2530610 26.79280000
9440 2530620 26.78930000
9441 2530630 26.78300000
9442 2530640 26.77580000
9443 2530650 26.76950000
9444 2530660 26.78810000
9445 2530670 26.80000000
9446 2530680 26.80100000
9447 2530690 26.80280000
9448 2530700 26.82540000
9449 2530710 26.84760000
9450 2530720 26.86540000
9451 2530730 26.87370000
9452 2530740 26.86900000
9453 2530750 26.84860000
9454 2530760 26.81210000
9455 2530770 26.76390000
9456 2530780 26.72650000
9457 2530790 26.71840000
9458 2530800 26.73170000
9459 2530810 26.74510000
9460 2530820 26.75740000
9461 2530830 26.76870000
9462 2530840 26.77920000
9463 2530850 26.78940000
9464 2530860 26.80410000
9465 2530870 26.80910000
9466 2530880 26.81630000
9467 2530890 26.82080000
9468 2530900 26.82230000
9469 2530910 26.82050000
9470 2530920 26.81450000
9471 2530930 26.80210000
9472 2530940 26.78090000
9473 2530950 26.75290000
9474 2530960 26.75400000
9475 2530970 26.74850000
9476 2530980 26.74010000
9477 2530990 26.75740000
9478 2531000 26.77510000
9479 2531010 26.78850000
9480 2531020 26.79640000
9481 2531030 26.79760000
9482 2531040 26.79260000
9483 2531050 26.78290000
9484 2531060 26.78400000
9485 2531070 26.77930000
9486 2531080 26.78490000
9487 2531090 26.81180000
9488 2531100 26.83250000
9489 2531110 26.84460000
9490 2531120 26.84610000
9491 2531130 26.84140000
9492 2531140 26.85700000
9493 2531150 26.86390000
9494 2531160 26.86040000
9495 2531170 26.84780000
9496 2531180 26.82710000
9497 2531190 26.79890000
9498 2531200 26.76310000
9499 2531210 26.72140000
9500 2531220 26.71730000
9501 2531230 26.71060000
9502 2531240 26.72410000
9503 2531250 26.74950000
9504 2531260 26.76540000
9505 2531270 26.77030000
9506 2531280 26.76700000
9507 2531290 26.75790000
9508 2531300 26.74530000
9509 2531310 26.73040000
9510 2531320 26.71450000
9511 2531330 26.70590000
9512 2531340 26.69760000
9513 2531350 26.70500000
9514 2531360 26.73270000
9515 2531370 26.75110000
9516 2531380 26.75970000
9517 2531390 26.75980000
9518 2531400 26.75440000
9519 2531410 26.74730000
9520 2531420 26.74120000
9521 2531430 26.73740000
9522 2531440 26.73540000
9523 2531450 26.76420000
9524 2531460 26.80540000
9525 2531470 26.83800000
9526 2531480 26.85650000
9527 2531490 26.85550000
9528 2531500 26.83710000
9529 2531510 26.80390000
9530 2531520 26.80290000
9531 2531530 26.81000000
9532 2531540 26.81210000
9533 2531550 26.80980000
9534 2531560 26.80330000
9535 2531570 26.79190000
9536 2531580 26.80090000
9537 2531590 26.79920000
9538 2531600 26.78720000
9539 2531610 26.79640000
9540 2531620 26.80410000
9541 2531630 26.80500000
9542 2531640 26.80000000
9543 2531650 26.79130000
9544 2531660 26.78140000
9545 2531670 26.77230000
9546 2531680 26.77250000
9547 2531690 26.77100000
9548 2531700 26.76860000
9549 2531710 26.76320000
9550 2531720 26.75580000
9551 2531730 26.77030000
9552 2531740 26.77680000
9553 2531750 26.77710000
9554 2531760 26.77250000
9555 2531770 26.76250000
9556 2531780 26.78690000
9557 2531790 26.81120000
9558 2531800 26.82790000
9559 2531810 26.83400000
9560 2531820 26.82820000
9561 2531830 26.81030000
9562 2531840 26.78490000
9563 2531850 26.75500000
9564 2531860 26.73410000
9565 2531870 26.74120000
9566 2531880 26.74400000
9567 2531890 26.74140000
9568 2531900 26.73350000
9569 2531910 26.73750000
9570 2531920 26.76260000
9571 2531930 26.78590000
9572 2531940 26.80290000
9573 2531950 26.80890000
9574 2531960 26.80540000
9575 2531970 26.81540000
9576 2531980 26.84370000
9577 2531990 26.86380000
9578 2532000 26.87270000
9579 2532010 26.86770000
9580 2532020 26.84790000
9581 2532030 26.81640000
9582 2532040 26.77750000
9583 2532050 26.73700000
9584 2532060 26.73830000
9585 2532070 26.76810000
9586 2532080 26.79280000
9587 2532090 26.81090000
9588 2532100 26.82280000
9589 2532110 26.82820000
9590 2532120 26.82730000
9591 2532130 26.81990000
9592 2532140 26.80480000
9593 2532150 26.78030000
9594 2532160 26.77070000
9595 2532170 26.77490000
9596 2532180 26.79650000
9597 2532190 26.82350000
9598 2532200 26.84230000
9599 2532210 26.85180000
9600 2532220 26.85130000
9601 2532230 26.84280000
9602 2532240 26.82750000
9603 2532250 26.80750000
9604 2532260 26.78370000
9605 2532270 26.75580000
9606 2532280 26.72420000
9607 2532290 26.71640000
9608 2532300 26.71300000
9609 2532310 26.72090000
9610 2532320 26.73590000
9611 2532330 26.74000000
9612 2532340 26.73330000
9613 2532350 26.72400000
9614 2532360 26.71240000
9615 2532370 26.70630000
9616 2532380 26.70900000
9617 2532390 26.72320000
9618 2532400 26.72640000
9619 2532410 26.72510000
9620 2532420 26.75960000
9621 2532430 26.78970000
9622 2532440 26.81130000
9623 2532450 26.82170000
9624 2532460 26.81800000
9625 2532470 26.79670000
9626 2532480 26.75970000
9627 2532490 26.77030000
9628 2532500 26.77990000
9629 2532510 26.78630000
9630 2532520 26.78950000
9631 2532530 26.78910000
9632 2532540 26.78550000
9633 2532550 26.77770000
9634 2532560 26.77730000
9635 2532570 26.77930000
9636 2532580 26.77850000
9637 2532590 26.77470000
9638 2532600 26.76630000
9639 2532610 26.75300000
9640 2532620 26.73460000
9641 2532630 26.71140000
9642 2532640 26.69800000
9643 2532650 26.71650000
9644 2532660 26.73510000
9645 2532670 26.75600000
9646 2532680 26.76950000
9647 2532690 26.77690000
9648 2532700 26.77900000
9649 2532710 26.77660000
9650 2532720 26.77010000
9651 2532730 26.75860000
9652 2532740 26.74080000
9653 2532750 26.71490000
9654 2532760 26.73150000
9655 2532770 26.76610000
9656 2532780 26.80890000
9657 2532790 26.84410000
9658 2532800 26.86640000
9659 2532810 26.87550000
9660 2532820 26.87410000
9661 2532830 26.86510000
9662 2532840 26.84950000
9663 2532850 26.82670000
9664 2532860 26.79690000
9665 2532870 26.76030000
9666 2532880 26.74960000
9667 2532890 26.77520000
9668 2532900 26.79150000
9669 2532910 26.80120000
9670 2532920 26.80460000
9671 2532930 26.80280000
9672 2532940 26.79490000
9673 2532950 26.80380000
9674 2532960 26.83070000
9675 2532970 26.85650000
9676 2532980 26.87730000
9677 2532990 26.89130000
9678 2533000 26.89890000
9679 2533010 26.90160000
9680 2533020 26.90120000
9681 2533030 26.89910000
9682 2533040 26.89500000
9683 2533050 26.88640000
9684 2533060 26.87130000
9685 2533070 26.84910000
9686 2533080 26.81940000
9687 2533090 26.78210000
9688 2533100 26.76430000
9689 2533110 26.75540000
9690 2533120 26.76860000
9691 2533130 26.77940000
9692 2533140 26.78820000
9693 2533150 26.79520000
9694 2533160 26.80020000
9695 2533170 26.80320000
9696 2533180 26.80300000
9697 2533190 26.79900000
9698 2533200 26.79080000
9699 2533210 26.77770000
9700 2533220 26.76730000
9701 2533230 26.76080000
9702 2533240 26.74980000
9703 2533250 26.73600000
9704 2533260 26.72810000
9705 2533270 26.75250000
9706 2533280 26.77570000
9707 2533290 26.79210000
9708 2533300 26.80000000
9709 2533310 26.80280000
9710 2533320 26.83140000
9711 2533330 26.84580000
9712 2533340 26.84570000
9713 2533350 26.83490000
9714 2533360 26.81610000
9715 2533370 26.79220000
9716 2533380 26.76490000
9717 2533390 26.77590000
9718 2533400 26.81540000
9719 2533410 26.83910000
9720 2533420 26.84130000
9721 2533430 26.82220000
9722 2533440 26.78780000
9723 2533450 26.79050000
9724 2533460 26.80360000
9725 2533470 26.81250000
9726 2533480 26.81850000
9727 2533490 26.82190000
9728 2533500 26.81980000
9729 2533510 26.81310000
9730 2533520 26.80370000
9731 2533530 26.79070000
9732 2533540 26.77490000
9733 2533550 26.75890000
9734 2533560 26.77190000
9735 2533570 26.78290000
9736 2533580 26.79340000
9737 2533590 26.80300000
9738 2533600 26.81220000
9739 2533610 26.81930000
9740 2533620 26.82250000
9741 2533630 26.81990000
9742 2533640 26.81230000
9743 2533650 26.79900000
9744 2533660 26.79850000
9745 2533670 26.79820000
9746 2533680 26.79800000
9747 2533690 26.79960000
9748 2533700 26.80260000
9749 2533710 26.80640000
9750 2533720 26.81030000
9751 2533730 26.81440000
9752 2533740 26.81740000
9753 2533750 26.81810000
9754 2533760 26.81450000
9755 2533770 26.80490000
9756 2533780 26.78730000
9757 2533790 26.79670000
9758 2533800 26.80680000
9759 2533810 26.80750000
9760 2533820 26.80070000
9761 2533830 26.78890000
9762 2533840 26.78670000
9763 2533850 26.81630000
9764 2533860 26.84170000
9765 2533870 26.85990000
9766 2533880 26.86800000
9767 2533890 26.86500000
9768 2533900 26.85160000
9769 2533910 26.82990000
9770 2533920 26.80260000
9771 2533930 26.79500000
9772 2533940 26.80670000
9773 2533950 26.80970000
9774 2533960 26.80130000
9775 2533970 26.78030000
9776 2533980 26.74840000
9777 2533990 26.71180000
9778 2534000 26.71000000
9779 2534010 26.70050000
9780 2534020 26.68290000
9781 2534030 26.66550000
9782 2534040 26.68580000
9783 2534050 26.72560000
9784 2534060 26.76480000
9785 2534070 26.80040000
9786 2534080 26.83010000
9787 2534090 26.85200000
9788 2534100 26.86610000
9789 2534110 26.87210000
9790 2534120 26.87170000
9791 2534130 26.86630000
9792 2534140 26.85750000
9793 2534150 26.84620000
9794 2534160 26.83300000
9795 2534170 26.81900000
9796 2534180 26.80220000
9797 2534190 26.78180000
9798 2534200 26.81010000
9799 2534210 26.83420000
9800 2534220 26.84390000
9801 2534230 26.83820000
9802 2534240 26.82010000
9803 2534250 26.79520000
9804 2534260 26.79830000
9805 2534270 26.80520000
9806 2534280 26.81380000
9807 2534290 26.82040000
9808 2534300 26.82370000
9809 2534310 26.82320000
9810 2534320 26.81910000
9811 2534330 26.81190000
9812 2534340 26.80300000
9813 2534350 26.79120000
9814 2534360 26.77520000
9815 2534370 26.75500000
9816 2534380 26.73160000
9817 2534390 26.70580000
9818 2534400 26.70480000
9819 2534410 26.70020000
9820 2534420 26.68850000
9821 2534430 26.67740000
9822 2534440 26.69080000
9823 2534450 26.71080000
9824 2534460 26.72790000
9825 2534470 26.73960000
9826 2534480 26.74100000
9827 2534490 26.73160000
9828 2534500 26.71270000
9829 2534510 26.68780000
9830 2534520 26.67220000
9831 2534530 26.66100000
9832 2534540 26.68970000
9833 2534550 26.71440000
9834 2534560 26.73290000
9835 2534570 26.74480000
9836 2534580 26.75040000
9837 2534590 26.75020000
9838 2534600 26.74600000
9839 2534610 26.74120000
9840 2534620 26.73820000
9841 2534630 26.73860000
9842 2534640 26.74190000
9843 2534650 26.74740000
9844 2534660 26.75500000
9845 2534670 26.76270000
9846 2534680 26.76940000
9847 2534690 26.77610000
9848 2534700 26.78150000
9849 2534710 26.78550000
9850 2534720 26.78550000
9851 2534730 26.78010000
9852 2534740 26.76840000
9853 2534750 26.74930000
9854 2534760 26.74060000
9855 2534770 26.73560000
9856 2534780 26.74270000
9857 2534790 26.73830000
9858 2534800 26.73090000
9859 2534810 26.72970000
9860 2534820 26.72370000
9861 2534830 26.72290000
9862 2534840 26.73300000
9863 2534850 26.73510000
9864 2534860 26.73030000
9865 2534870 26.75030000
9866 2534880 26.78980000
9867 2534890 26.81970000
9868 2534900 26.83550000
9869 2534910 26.83760000
9870 2534920 26.82910000
9871 2534930 26.81280000
9872 2534940 26.79260000
9873 2534950 26.76870000
9874 2534960 26.74140000
9875 2534970 26.74300000
9876 2534980 26.74430000
9877 2534990 26.74130000
9878 2535000 26.74120000
9879 2535010 26.75100000
9880 2535020 26.77600000
9881 2535030 26.78990000
9882 2535040 26.78790000
9883 2535050 26.77100000
9884 2535060 26.75240000
9885 2535070 26.76130000
9886 2535080 26.75900000
9887 2535090 26.75930000
9888 2535100 26.77020000
9889 2535110 26.77550000
9890 2535120 26.77440000
9891 2535130 26.76550000
9892 2535140 26.74820000
9893 2535150 26.77190000
9894 2535160 26.79680000
9895 2535170 26.81800000
9896 2535180 26.83180000
9897 2535190 26.83630000
9898 2535200 26.83210000
9899 2535210 26.82080000
9900 2535220 26.80380000
9901 2535230 26.78310000
9902 2535240 26.76110000
9903 2535250 26.73960000
9904 2535260 26.74790000
9905 2535270 26.75650000
9906 2535280 26.75630000
9907 2535290 26.74740000
9908 2535300 26.73120000
9909 2535310 26.71280000
9910 2535320 26.73110000
9911 2535330 26.75320000
9912 2535340 26.77180000
9913 2535350 26.78510000
9914 2535360 26.79250000
9915 2535370 26.79140000
9916 2535380 26.78170000
9917 2535390 26.76370000
9918 2535400 26.75670000
9919 2535410 26.77250000
9920 2535420 26.78450000
9921 2535430 26.80360000
9922 2535440 26.81900000
9923 2535450 26.82730000
9924 2535460 26.83000000
9925 2535470 26.82790000
9926 2535480 26.82120000
9927 2535490 26.81010000
9928 2535500 26.80850000
9929 2535510 26.81430000
9930 2535520 26.80980000
9931 2535530 26.80520000
9932 2535540 26.81690000
9933 2535550 26.82190000
9934 2535560 26.81700000
9935 2535570 26.80220000
9936 2535580 26.78410000
9937 2535590 26.77310000
9938 2535600 26.76290000
9939 2535610 26.76510000
9940 2535620 26.76380000
9941 2535630 26.75930000
9942 2535640 26.77920000
9943 2535650 26.80360000
9944 2535660 26.82560000
9945 2535670 26.84180000
9946 2535680 26.84980000
9947 2535690 26.84800000
9948 2535700 26.83640000
9949 2535710 26.81710000
9950 2535720 26.79270000
9951 2535730 26.76540000
9952 2535740 26.73610000
9953 2535750 26.74840000
9954 2535760 26.77700000
9955 2535770 26.79550000
9956 2535780 26.80220000
9957 2535790 26.79540000
9958 2535800 26.77640000
9959 2535810 26.75100000
9960 2535820 26.76210000
9961 2535830 26.77040000
9962 2535840 26.77350000
9963 2535850 26.76940000
9964 2535860 26.75630000
9965 2535870 26.75410000
9966 2535880 26.77780000
9967 2535890 26.80050000
9968 2535900 26.81680000
9969 2535910 26.82330000
9970 2535920 26.81850000
9971 2535930 26.80810000
9972 2535940 26.80320000
9973 2535950 26.78960000
9974 2535960 26.76610000
9975 2535970 26.76100000
9976 2535980 26.75160000
9977 2535990 26.73190000
9978 2536000 26.72810000
9979 2536010 26.73110000
9980 2536020 26.74040000
9981 2536030 26.74640000
9982 2536040 26.74840000
9983 2536050 26.74430000
9984 2536060 26.73240000
9985 2536070 26.75000000
9986 2536080 26.75960000
9987 2536090 26.75900000
9988 2536100 26.74920000
9989 2536110 26.73210000
9990 2536120 26.72910000
9991 2536130 26.74660000
9992 2536140 26.75320000
9993 2536150 26.75480000
9994 2536160 26.76280000
9995 2536170 26.76190000
9996 2536180 26.75280000
9997 2536190 26.73720000
9998 2536200 26.71710000
9999 2536210 26.70060000
10000 2536220 26.71220000
10001 2536230 26.72040000
10002 2536240 26.72120000
10003 2536250 26.71430000
10004 2536260 26.70270000
10005 2536270 26.70140000
10006 2536280 26.72030000
10007 2536290 26.72850000
10008 2536300 26.72760000
10009 2536310 26.72070000
10010 2536320 26.72630000
10011 2536330 26.74880000
10012 2536340 26.76550000
10013 2536350 26.77560000
10014 2536360 26.77870000
10015 2536370 26.77870000
10016 2536380 26.80220000
10017 2536390 26.81480000
10018 2536400 26.81590000
10019 2536410 26.80710000
10020 2536420 26.79050000
10021 2536430 26.77070000
10022 2536440 26.75120000
10023 2536450 26.74500000
10024 2536460 26.75790000
10025 2536470 26.76080000
10026 2536480 26.75260000
10027 2536490 26.73550000
10028 2536500 26.71290000
10029 2536510 26.72420000
10030 2536520 26.74790000
10031 2536530 26.76900000
10032 2536540 26.78560000
10033 2536550 26.79400000
10034 2536560 26.79390000
10035 2536570 26.78610000
10036 2536580 26.77290000
10037 2536590 26.75680000
10038 2536600 26.73880000
10039 2536610 26.72030000
10040 2536620 26.72360000
10041 2536630 26.73350000
10042 2536640 26.74480000
10043 2536650 26.77180000
10044 2536660 26.79450000
10045 2536670 26.80860000
10046 2536680 26.81050000
10047 2536690 26.80090000
10048 2536700 26.78230000
10049 2536710 26.79070000
10050 2536720 26.80280000
10051 2536730 26.81090000
10052 2536740 26.81390000
10053 2536750 26.80950000
10054 2536760 26.79540000
10055 2536770 26.77680000
10056 2536780 26.77130000
10057 2536790 26.75680000
10058 2536800 26.74040000
10059 2536810 26.74290000
10060 2536820 26.74420000
10061 2536830 26.74670000
10062 2536840 26.77460000
10063 2536850 26.79810000
10064 2536860 26.81330000
10065 2536870 26.81410000
10066 2536880 26.79720000
10067 2536890 26.76200000
10068 2536900 26.71700000
10069 2536910 26.69920000
10070 2536920 26.68640000
10071 2536930 26.66820000
10072 2536940 26.68490000
10073 2536950 26.71450000
10074 2536960 26.73300000
10075 2536970 26.73740000
10076 2536980 26.72760000
10077 2536990 26.70920000
10078 2537000 26.71090000
10079 2537010 26.73570000
10080 2537020 26.75400000
10081 2537030 26.76510000
10082 2537040 26.76960000
10083 2537050 26.76770000
10084 2537060 26.76000000
10085 2537070 26.77830000
10086 2537080 26.79980000
10087 2537090 26.81140000
10088 2537100 26.81190000
10089 2537110 26.80150000
10090 2537120 26.78270000
10091 2537130 26.80630000
10092 2537140 26.82520000
10093 2537150 26.83360000
10094 2537160 26.83170000
10095 2537170 26.82220000
10096 2537180 26.80650000
10097 2537190 26.78610000
10098 2537200 26.76980000
10099 2537210 26.78400000
10100 2537220 26.78600000
10101 2537230 26.77810000
10102 2537240 26.76400000
10103 2537250 26.76350000
10104 2537260 26.78570000
10105 2537270 26.79600000
10106 2537280 26.79380000
10107 2537290 26.77990000
10108 2537300 26.75580000
10109 2537310 26.75500000
10110 2537320 26.76210000
10111 2537330 26.76260000
10112 2537340 26.75380000
10113 2537350 26.75610000
10114 2537360 26.75840000
10115 2537370 26.75810000
10116 2537380 26.75440000
10117 2537390 26.74980000
10118 2537400 26.76080000
10119 2537410 26.76980000
10120 2537420 26.77800000
10121 2537430 26.78490000
10122 2537440 26.78980000
10123 2537450 26.79190000
10124 2537460 26.79130000
10125 2537470 26.78900000
10126 2537480 26.78660000
10127 2537490 26.78620000
10128 2537500 26.78850000
10129 2537510 26.79300000
10130 2537520 26.79880000
10131 2537530 26.80480000
10132 2537540 26.80620000
10133 2537550 26.79750000
10134 2537560 26.77670000
10135 2537570 26.74470000
10136 2537580 26.73360000
10137 2537590 26.77670000
10138 2537600 26.81310000
10139 2537610 26.83770000
10140 2537620 26.84740000
10141 2537630 26.84370000
10142 2537640 26.83240000
10143 2537650 26.81980000
10144 2537660 26.80980000
10145 2537670 26.80440000
10146 2537680 26.80240000
10147 2537690 26.80150000
10148 2537700 26.79750000
10149 2537710 26.78930000
10150 2537720 26.77750000
10151 2537730 26.76460000
10152 2537740 26.75260000
10153 2537750 26.74580000
10154 2537760 26.78770000
10155 2537770 26.82270000
10156 2537780 26.85010000
10157 2537790 26.86860000
10158 2537800 26.87850000
10159 2537810 26.88130000
10160 2537820 26.87940000
10161 2537830 26.87240000
10162 2537840 26.86030000
10163 2537850 26.84310000
10164 2537860 26.82250000
10165 2537870 26.79930000
10166 2537880 26.77570000
10167 2537890 26.77410000
10168 2537900 26.77160000
10169 2537910 26.76550000
10170 2537920 26.75380000
10171 2537930 26.75780000
10172 2537940 26.77500000
10173 2537950 26.78890000
10174 2537960 26.79830000
10175 2537970 26.80340000
10176 2537980 26.80570000
10177 2537990 26.80770000
10178 2538000 26.81130000
10179 2538010 26.81590000
10180 2538020 26.81850000
10181 2538030 26.81660000
10182 2538040 26.80750000
10183 2538050 26.79070000
10184 2538060 26.80310000
10185 2538070 26.80760000
10186 2538080 26.80170000
10187 2538090 26.78550000
10188 2538100 26.76170000
10189 2538110 26.74170000
10190 2538120 26.73800000
10191 2538130 26.76000000
10192 2538140 26.77170000
10193 2538150 26.76760000
10194 2538160 26.76170000
10195 2538170 26.77260000
10196 2538180 26.77850000
10197 2538190 26.78670000
10198 2538200 26.79810000
10199 2538210 26.80460000
10200 2538220 26.80880000
10201 2538230 26.81250000
10202 2538240 26.81660000
10203 2538250 26.82010000
10204 2538260 26.82240000
10205 2538270 26.82240000
10206 2538280 26.82040000
10207 2538290 26.81640000
10208 2538300 26.81120000
10209 2538310 26.80380000
10210 2538320 26.79560000
10211 2538330 26.80170000
10212 2538340 26.80190000
10213 2538350 26.79530000
10214 2538360 26.78270000
10215 2538370 26.76520000
10216 2538380 26.77410000
10217 2538390 26.78040000
10218 2538400 26.78030000
10219 2538410 26.77640000
10220 2538420 26.77020000
10221 2538430 26.76220000
10222 2538440 26.75260000
10223 2538450 26.74670000
10224 2538460 26.76210000
10225 2538470 26.77330000
10226 2538480 26.80400000
10227 2538490 26.82460000
10228 2538500 26.83360000
10229 2538510 26.83160000
10230 2538520 26.82160000
10231 2538530 26.80660000
10232 2538540 26.78930000
10233 2538550 26.77020000
10234 2538560 26.74910000
10235 2538570 26.72510000
10236 2538580 26.70550000
10237 2538590 26.71650000
10238 2538600 26.72730000
10239 2538610 26.73560000
10240 2538620 26.74060000
10241 2538630 26.74030000
10242 2538640 26.73100000
10243 2538650 26.73040000
10244 2538660 26.74790000
10245 2538670 26.77150000
10246 2538680 26.78210000
10247 2538690 26.77890000
10248 2538700 26.76580000
10249 2538710 26.74630000
10250 2538720 26.73900000
10251 2538730 26.73440000
10252 2538740 26.72110000
10253 2538750 26.70050000
10254 2538760 26.70840000
10255 2538770 26.73260000
10256 2538780 26.74910000
10257 2538790 26.75590000
10258 2538800 26.75330000
10259 2538810 26.76250000
10260 2538820 26.77120000
10261 2538830 26.77390000
10262 2538840 26.77090000
10263 2538850 26.77610000
10264 2538860 26.78280000
10265 2538870 26.78000000
10266 2538880 26.76900000
10267 2538890 26.75360000
10268 2538900 26.75890000
10269 2538910 26.76960000
10270 2538920 26.78160000
10271 2538930 26.79370000
10272 2538940 26.80390000
10273 2538950 26.80950000
10274 2538960 26.81000000
10275 2538970 26.80470000
10276 2538980 26.79500000
10277 2538990 26.78130000
10278 2539000 26.76600000
10279 2539010 26.75050000
10280 2539020 26.75600000
10281 2539030 26.75660000
10282 2539040 26.75270000
10283 2539050 26.74370000
10284 2539060 26.73250000
10285 2539070 26.74210000
10286 2539080 26.76680000
10287 2539090 26.79260000
10288 2539100 26.81680000
10289 2539110 26.83750000
10290 2539120 26.85250000
10291 2539130 26.86120000
10292 2539140 26.86140000
10293 2539150 26.85370000
10294 2539160 26.83710000
10295 2539170 26.81450000
10296 2539180 26.78800000
10297 2539190 26.76020000
10298 2539200 26.74880000
10299 2539210 26.77170000
10300 2539220 26.79470000
10301 2539230 26.81510000
10302 2539240 26.82880000
10303 2539250 26.83580000
10304 2539260 26.85190000
10305 2539270 26.86040000
10306 2539280 26.86200000
10307 2539290 26.85760000
10308 2539300 26.84860000
10309 2539310 26.83630000
10310 2539320 26.82250000
10311 2539330 26.80890000
10312 2539340 26.82490000
10313 2539350 26.84420000
10314 2539360 26.85580000
10315 2539370 26.85970000
10316 2539380 26.85610000
10317 2539390 26.84590000
10318 2539400 26.82860000
10319 2539410 26.80550000
10320 2539420 26.77800000
10321 2539430 26.74700000
10322 2539440 26.73880000
10323 2539450 26.72930000
10324 2539460 26.71900000
10325 2539470 26.70980000
10326 2539480 26.71470000
10327 2539490 26.72320000
10328 2539500 26.72340000
10329 2539510 26.71640000
10330 2539520 26.70460000
10331 2539530 26.70050000
10332 2539540 26.71530000
10333 2539550 26.72360000
10334 2539560 26.72470000
10335 2539570 26.73960000
10336 2539580 26.74980000
10337 2539590 26.74870000
10338 2539600 26.76420000
10339 2539610 26.77880000
10340 2539620 26.78880000
10341 2539630 26.79320000
10342 2539640 26.78930000
10343 2539650 26.77710000
10344 2539660 26.77770000
10345 2539670 26.77190000
10346 2539680 26.75840000
10347 2539690 26.73990000
10348 2539700 26.72050000
10349 2539710 26.71010000
10350 2539720 26.70690000
10351 2539730 26.70140000
10352 2539740 26.70470000
10353 2539750 26.70370000
10354 2539760 26.69920000
10355 2539770 26.70060000
10356 2539780 26.70710000
10357 2539790 26.72940000
10358 2539800 26.75110000
10359 2539810 26.77000000
10360 2539820 26.78300000
10361 2539830 26.78750000
10362 2539840 26.78170000
10363 2539850 26.76440000
10364 2539860 26.75940000
10365 2539870 26.77900000
10366 2539880 26.79010000
10367 2539890 26.79580000
10368 2539900 26.79930000
10369 2539910 26.80220000
10370 2539920 26.80510000
10371 2539930 26.80910000
10372 2539940 26.81500000
10373 2539950 26.82280000
10374 2539960 26.83200000
10375 2539970 26.84090000
10376 2539980 26.84670000
10377 2539990 26.84640000
10378 2540000 26.83700000
10379 2540010 26.81680000
10380 2540020 26.82930000
10381 2540030 26.83330000
10382 2540040 26.82510000
10383 2540050 26.80330000
10384 2540060 26.81890000
10385 2540070 26.82930000
10386 2540080 26.83140000
10387 2540090 26.82500000
10388 2540100 26.81300000
10389 2540110 26.79760000
10390 2540120 26.78220000
10391 2540130 26.76870000
10392 2540140 26.75790000
10393 2540150 26.76930000
10394 2540160 26.78310000
10395 2540170 26.78460000
10396 2540180 26.77280000
10397 2540190 26.74990000
10398 2540200 26.73190000
10399 2540210 26.73960000
10400 2540220 26.73890000
10401 2540230 26.73100000
10402 2540240 26.71810000
10403 2540250 26.70380000
10404 2540260 26.73080000
10405 2540270 26.75330000
10406 2540280 26.77260000
10407 2540290 26.78740000
10408 2540300 26.79610000
10409 2540310 26.79630000
10410 2540320 26.78790000
10411 2540330 26.77230000
10412 2540340 26.75200000
10413 2540350 26.73000000
10414 2540360 26.71740000
10415 2540370 26.74820000
10416 2540380 26.77050000
10417 2540390 26.78070000
10418 2540400 26.77720000
10419 2540410 26.75990000
10420 2540420 26.78130000
10421 2540430 26.80170000
10422 2540440 26.80850000
10423 2540450 26.80500000
10424 2540460 26.79690000
10425 2540470 26.78680000
10426 2540480 26.77530000
10427 2540490 26.76310000
10428 2540500 26.74930000
10429 2540510 26.73490000
10430 2540520 26.73620000
10431 2540530 26.74460000
10432 2540540 26.75000000
10433 2540550 26.75200000
10434 2540560 26.76820000
10435 2540570 26.77970000
10436 2540580 26.77770000
10437 2540590 26.76040000
10438 2540600 26.73960000
10439 2540610 26.73940000
10440 2540620 26.74240000
10441 2540630 26.76250000
10442 2540640 26.77630000
10443 2540650 26.78350000
10444 2540660 26.78490000
10445 2540670 26.78570000
10446 2540680 26.79540000
10447 2540690 26.80410000
10448 2540700 26.81080000
10449 2540710 26.81410000
10450 2540720 26.81260000
10451 2540730 26.80540000
10452 2540740 26.79340000
10453 2540750 26.77780000
10454 2540760 26.76120000
10455 2540770 26.74760000
10456 2540780 26.74320000
10457 2540790 26.73120000
10458 2540800 26.72640000
10459 2540810 26.76250000
10460 2540820 26.79040000
10461 2540830 26.80980000
10462 2540840 26.81960000
10463 2540850 26.82050000
10464 2540860 26.81610000
10465 2540870 26.83200000
10466 2540880 26.84300000
10467 2540890 26.84620000
10468 2540900 26.84300000
10469 2540910 26.83500000
10470 2540920 26.82370000
10471 2540930 26.80870000
10472 2540940 26.82740000
10473 2540950 26.83720000
10474 2540960 26.83070000
10475 2540970 26.81030000
10476 2540980 26.78140000
10477 2540990 26.76820000
10478 2541000 26.78140000
10479 2541010 26.79090000
10480 2541020 26.79650000
10481 2541030 26.79820000
10482 2541040 26.79430000
10483 2541050 26.78360000
10484 2541060 26.76510000
10485 2541070 26.74020000
10486 2541080 26.71770000
10487 2541090 26.70750000
10488 2541100 26.71380000
10489 2541110 26.74720000
10490 2541120 26.78460000
10491 2541130 26.81510000
10492 2541140 26.83630000
10493 2541150 26.84570000
10494 2541160 26.84150000
10495 2541170 26.82430000
10496 2541180 26.79650000
10497 2541190 26.76080000
10498 2541200 26.75030000
10499 2541210 26.75180000
10500 2541220 26.77120000
10501 2541230 26.78610000
10502 2541240 26.79560000
10503 2541250 26.81670000
10504 2541260 26.83290000
10505 2541270 26.84050000
10506 2541280 26.84190000
10507 2541290 26.83930000
10508 2541300 26.83400000
10509 2541310 26.82630000
10510 2541320 26.82560000
10511 2541330 26.82850000
10512 2541340 26.81870000
10513 2541350 26.79910000
10514 2541360 26.77280000
10515 2541370 26.76780000
10516 2541380 26.76470000
10517 2541390 26.75550000
10518 2541400 26.75610000
10519 2541410 26.75390000
10520 2541420 26.75020000
10521 2541430 26.74870000
10522 2541440 26.75040000
10523 2541450 26.75380000
10524 2541460 26.75690000
10525 2541470 26.75560000
10526 2541480 26.75740000
10527 2541490 26.78160000
10528 2541500 26.80570000
10529 2541510 26.82480000
10530 2541520 26.83340000
10531 2541530 26.82900000
10532 2541540 26.81280000
10533 2541550 26.78850000
10534 2541560 26.75970000
10535 2541570 26.72820000
10536 2541580 26.70890000
10537 2541590 26.70360000
10538 2541600 26.69830000
10539 2541610 26.70020000
10540 2541620 26.72150000
10541 2541630 26.74550000
10542 2541640 26.76670000
10543 2541650 26.77870000
10544 2541660 26.77690000
10545 2541670 26.76070000
10546 2541680 26.75580000
10547 2541690 26.76040000
10548 2541700 26.76070000
10549 2541710 26.75680000
10550 2541720 26.74980000
10551 2541730 26.74980000
10552 2541740 26.74380000
10553 2541750 26.73280000
10554 2541760 26.72490000
10555 2541770 26.76720000
10556 2541780 26.80520000
10557 2541790 26.83280000
10558 2541800 26.84430000
10559 2541810 26.83700000
10560 2541820 26.81270000
10561 2541830 26.77710000
10562 2541840 26.78260000
10563 2541850 26.78750000
10564 2541860 26.79300000
10565 2541870 26.79810000
10566 2541880 26.79970000
10567 2541890 26.79620000
10568 2541900 26.78660000
10569 2541910 26.77170000
10570 2541920 26.77250000
10571 2541930 26.78860000
10572 2541940 26.80180000
10573 2541950 26.81030000
10574 2541960 26.81270000
10575 2541970 26.80720000
10576 2541980 26.79260000
10577 2541990 26.76780000
10578 2542000 26.73410000
10579 2542010 26.73370000
10580 2542020 26.78870000
10581 2542030 26.82570000
10582 2542040 26.83620000
10583 2542050 26.82040000
10584 2542060 26.78730000
10585 2542070 26.74810000
10586 2542080 26.71240000
10587 2542090 26.68470000
10588 2542100 26.68390000
10589 2542110 26.69080000
10590 2542120 26.70830000
10591 2542130 26.72480000
10592 2542140 26.73820000
10593 2542150 26.74700000
10594 2542160 26.75060000
10595 2542170 26.74870000
10596 2542180 26.76290000
10597 2542190 26.76380000
10598 2542200 26.75240000
10599 2542210 26.73130000
10600 2542220 26.72020000
10601 2542230 26.71750000
10602 2542240 26.72660000
10603 2542250 26.74190000
10604 2542260 26.76780000
10605 2542270 26.78130000
10606 2542280 26.78140000
10607 2542290 26.76820000
10608 2542300 26.74370000
10609 2542310 26.73780000
10610 2542320 26.73490000
10611 2542330 26.72470000
10612 2542340 26.72160000
10613 2542350 26.73400000
10614 2542360 26.73500000
10615 2542370 26.72340000
10616 2542380 26.75150000
10617 2542390 26.77500000
10618 2542400 26.78960000
10619 2542410 26.79430000
10620 2542420 26.78970000
10621 2542430 26.77610000
10622 2542440 26.75520000
10623 2542450 26.73750000
10624 2542460 26.72560000
10625 2542470 26.70880000
10626 2542480 26.71790000
10627 2542490 26.72240000
10628 2542500 26.72360000
10629 2542510 26.73140000
10630 2542520 26.73660000
10631 2542530 26.73350000
10632 2542540 26.72200000
10633 2542550 26.70050000
10634 2542560 26.69980000
10635 2542570 26.71350000
10636 2542580 26.72380000
10637 2542590 26.73100000
10638 2542600 26.74520000
10639 2542610 26.75090000
10640 2542620 26.76850000
10641 2542630 26.78710000
10642 2542640 26.80580000
10643 2542650 26.82420000
10644 2542660 26.83960000
10645 2542670 26.84920000
10646 2542680 26.85080000
10647 2542690 26.84410000
10648 2542700 26.82980000
10649 2542710 26.81000000
10650 2542720 26.78630000
10651 2542730 26.76220000
10652 2542740 26.76420000
10653 2542750 26.79850000
10654 2542760 26.81670000
10655 2542770 26.81680000
10656 2542780 26.80250000
10657 2542790 26.78040000
10658 2542800 26.78750000
10659 2542810 26.80480000
10660 2542820 26.81120000
10661 2542830 26.80920000
10662 2542840 26.80180000
10663 2542850 26.79140000
10664 2542860 26.77900000
10665 2542870 26.76570000
10666 2542880 26.75300000
10667 2542890 26.74190000
10668 2542900 26.73420000
10669 2542910 26.73040000
10670 2542920 26.73730000
10671 2542930 26.75060000
10672 2542940 26.75150000
10673 2542950 26.74260000
10674 2542960 26.76720000
10675 2542970 26.79650000
10676 2542980 26.81650000
10677 2542990 26.82110000
10678 2543000 26.80720000
10679 2543010 26.77520000
10680 2543020 26.76280000
10681 2543030 26.75980000
10682 2543040 26.75050000
10683 2543050 26.75750000
10684 2543060 26.78400000
10685 2543070 26.80950000
10686 2543080 26.83170000
10687 2543090 26.84870000
10688 2543100 26.85760000
10689 2543110 26.85530000
10690 2543120 26.83970000
10691 2543130 26.81210000
10692 2543140 26.77510000
10693 2543150 26.73230000
10694 2543160 26.72170000
10695 2543170 26.70790000
10696 2543180 26.70720000
10697 2543190 26.73710000
10698 2543200 26.77050000
10699 2543210 26.80660000
10700 2543220 26.84330000
10701 2543230 26.87660000
10702 2543240 26.90010000
10703 2543250 26.90620000
10704 2543260 26.89230000
10705 2543270 26.85830000
10706 2543280 26.81120000
10707 2543290 26.77040000
10708 2543300 26.76520000
10709 2543310 26.77520000
10710 2543320 26.78910000
10711 2543330 26.79180000
10712 2543340 26.78140000
10713 2543350 26.75850000
10714 2543360 26.76640000
10715 2543370 26.78160000
10716 2543380 26.78970000
10717 2543390 26.79160000
10718 2543400 26.78640000
10719 2543410 26.78650000
10720 2543420 26.78740000
10721 2543430 26.77860000
10722 2543440 26.76220000
10723 2543450 26.75910000
10724 2543460 26.75950000
10725 2543470 26.76030000
10726 2543480 26.76060000
10727 2543490 26.75860000
10728 2543500 26.75330000
10729 2543510 26.74470000
10730 2543520 26.74630000
10731 2543530 26.77490000
10732 2543540 26.79350000
10733 2543550 26.79850000
10734 2543560 26.78900000
10735 2543570 26.80750000
10736 2543580 26.82060000
10737 2543590 26.82740000
10738 2543600 26.82680000
10739 2543610 26.81870000
10740 2543620 26.80180000
10741 2543630 26.77620000
10742 2543640 26.74310000
10743 2543650 26.71300000
10744 2543660 26.72240000
10745 2543670 26.73310000
10746 2543680 26.73760000
10747 2543690 26.73720000
10748 2543700 26.73410000
10749 2543710 26.73990000
10750 2543720 26.74800000
10751 2543730 26.74680000
10752 2543740 26.73750000
10753 2543750 26.74310000
10754 2543760 26.76420000
10755 2543770 26.78330000
10756 2543780 26.80020000
10757 2543790 26.81510000
10758 2543800 26.82750000
10759 2543810 26.83780000
10760 2543820 26.84490000
10761 2543830 26.84810000
10762 2543840 26.84690000
10763 2543850 26.83930000
10764 2543860 26.83260000
10765 2543870 26.83510000
10766 2543880 26.85080000
10767 2543890 26.86600000
10768 2543900 26.87380000
10769 2543910 26.87620000
10770 2543920 26.87480000
10771 2543930 26.86920000
10772 2543940 26.85940000
10773 2543950 26.84540000
10774 2543960 26.82980000
10775 2543970 26.81350000
10776 2543980 26.79640000
10777 2543990 26.77730000
10778 2544000 26.78540000
10779 2544010 26.80250000
10780 2544020 26.81760000
10781 2544030 26.82910000
10782 2544040 26.83550000
10783 2544050 26.83530000
10784 2544060 26.82890000
10785 2544070 26.81650000
10786 2544080 26.80550000
10787 2544090 26.80400000
10788 2544100 26.79850000
10789 2544110 26.78920000
10790 2544120 26.77610000
10791 2544130 26.75860000
10792 2544140 26.73660000
10793 2544150 26.73680000
10794 2544160 26.72730000
10795 2544170 26.71030000
10796 2544180 26.71580000
10797 2544190 26.72980000
10798 2544200 26.74060000
10799 2544210 26.74810000
10800 2544220 26.75200000
10801 2544230 26.75180000
10802 2544240 26.74690000
10803 2544250 26.73850000
10804 2544260 26.73590000
10805 2544270 26.72500000
10806 2544280 26.70780000
10807 2544290 26.68860000
10808 2544300 26.67350000
10809 2544310 26.68050000
10810 2544320 26.68230000
10811 2544330 26.68020000
10812 2544340 26.69050000
10813 2544350 26.69250000
10814 2544360 26.69240000
10815 2544370 26.70320000
10816 2544380 26.71210000
10817 2544390 26.73530000
10818 2544400 26.76300000
10819 2544410 26.78270000
10820 2544420 26.79270000
10821 2544430 26.79410000
10822 2544440 26.79300000
10823 2544450 26.78730000
10824 2544460 26.77050000
10825 2544470 26.79560000
10826 2544480 26.82120000
10827 2544490 26.83590000
10828 2544500 26.83490000
10829 2544510 26.81860000
10830 2544520 26.79040000
10831 2544530 26.78110000
10832 2544540 26.77950000
10833 2544550 26.77290000
10834 2544560 26.76210000
10835 2544570 26.74830000
10836 2544580 26.73440000
10837 2544590 26.76680000
10838 2544600 26.79230000
10839 2544610 26.80690000
10840 2544620 26.81030000
10841 2544630 26.80230000
10842 2544640 26.78720000
10843 2544650 26.76770000
10844 2544660 26.74650000
10845 2544670 26.73030000
10846 2544680 26.74400000
10847 2544690 26.75230000
10848 2544700 26.75510000
10849 2544710 26.75800000
10850 2544720 26.76990000
10851 2544730 26.78210000
10852 2544740 26.78640000
10853 2544750 26.78130000
10854 2544760 26.76870000
10855 2544770 26.77790000
10856 2544780 26.77600000
10857 2544790 26.76390000
10858 2544800 26.75460000
10859 2544810 26.77910000
10860 2544820 26.79810000
10861 2544830 26.80960000
10862 2544840 26.81140000
10863 2544850 26.80320000
10864 2544860 26.80430000
10865 2544870 26.80790000
10866 2544880 26.80760000
10867 2544890 26.80620000
10868 2544900 26.81790000
10869 2544910 26.82610000
10870 2544920 26.83130000
10871 2544930 26.83410000
10872 2544940 26.83410000
10873 2544950 26.83040000
10874 2544960 26.82310000
10875 2544970 26.81330000
10876 2544980 26.80280000
10877 2544990 26.79310000
10878 2545000 26.78970000
10879 2545010 26.81600000
10880 2545020 26.83980000
10881 2545030 26.85890000
10882 2545040 26.87060000
10883 2545050 26.87160000
10884 2545060 26.86090000
10885 2545070 26.83810000
10886 2545080 26.80490000
10887 2545090 26.79380000
10888 2545100 26.80650000
10889 2545110 26.81790000
10890 2545120 26.82830000
10891 2545130 26.83760000
10892 2545140 26.84520000
10893 2545150 26.84920000
10894 2545160 26.84770000
10895 2545170 26.83960000
10896 2545180 26.82480000
10897 2545190 26.80330000
10898 2545200 26.78210000
10899 2545210 26.79230000
10900 2545220 26.79530000
10901 2545230 26.79240000
10902 2545240 26.78560000
10903 2545250 26.77710000
10904 2545260 26.76940000
10905 2545270 26.76440000
10906 2545280 26.76300000
10907 2545290 26.76310000
10908 2545300 26.76140000
10909 2545310 26.75200000
10910 2545320 26.73060000
10911 2545330 26.72870000
10912 2545340 26.75070000
10913 2545350 26.76290000
10914 2545360 26.76910000
10915 2545370 26.77160000
10916 2545380 26.77170000
10917 2545390 26.76870000
10918 2545400 26.76100000
10919 2545410 26.75410000
10920 2545420 26.75870000
10921 2545430 26.75420000
10922 2545440 26.74320000
10923 2545450 26.73190000
10924 2545460 26.73890000
10925 2545470 26.75030000
10926 2545480 26.76100000
10927 2545490 26.76790000
10928 2545500 26.76720000
10929 2545510 26.75690000
10930 2545520 26.73610000
10931 2545530 26.74990000
10932 2545540 26.77340000
10933 2545550 26.79260000
10934 2545560 26.80400000
10935 2545570 26.80650000
10936 2545580 26.80200000
10937 2545590 26.79360000
10938 2545600 26.78370000
10939 2545610 26.77250000
10940 2545620 26.75950000
10941 2545630 26.76220000
10942 2545640 26.77780000
10943 2545650 26.78990000
10944 2545660 26.79770000
10945 2545670 26.80110000
10946 2545680 26.80150000
10947 2545690 26.79950000
10948 2545700 26.79450000
10949 2545710 26.78370000
10950 2545720 26.76550000
10951 2545730 26.74470000
10952 2545740 26.73290000
10953 2545750 26.72390000
10954 2545760 26.73230000
10955 2545770 26.73030000
10956 2545780 26.71600000
10957 2545790 26.72230000
10958 2545800 26.74710000
10959 2545810 26.76850000
10960 2545820 26.78770000
10961 2545830 26.80570000
10962 2545840 26.82310000
10963 2545850 26.83920000
10964 2545860 26.85210000
10965 2545870 26.85860000
10966 2545880 26.85550000
10967 2545890 26.84190000
10968 2545900 26.81930000
10969 2545910 26.79100000
10970 2545920 26.75980000
10971 2545930 26.75480000
10972 2545940 26.76040000
10973 2545950 26.75990000
10974 2545960 26.75400000
10975 2545970 26.76450000
10976 2545980 26.77980000
10977 2545990 26.78780000
10978 2546000 26.78600000
10979 2546010 26.77570000
10980 2546020 26.78750000
10981 2546030 26.79200000
10982 2546040 26.79490000
10983 2546050 26.84090000
10984 2546060 26.88320000
10985 2546070 26.91640000
10986 2546080 26.93790000
10987 2546090 26.94540000
10988 2546100 26.93840000
10989 2546110 26.92170000
10990 2546120 26.89830000
10991 2546130 26.87240000
10992 2546140 26.84660000
10993 2546150 26.82430000
10994 2546160 26.80590000
10995 2546170 26.79140000
10996 2546180 26.80070000
10997 2546190 26.80740000
10998 2546200 26.81370000
10999 2546210 26.82190000
11000 2546220 26.83220000
11001 2546230 26.84340000
11002 2546240 26.85310000
11003 2546250 26.85750000
11004 2546260 26.85330000
11005 2546270 26.84020000
11006 2546280 26.82140000
11007 2546290 26.80030000
11008 2546300 26.79360000
11009 2546310 26.78660000
11010 2546320 26.77420000
11011 2546330 26.75990000
11012 2546340 26.74790000
11013 2546350 26.75130000
11014 2546360 26.77110000
11015 2546370 26.78040000
11016 2546380 26.77720000
11017 2546390 26.76250000
11018 2546400 26.76410000
11019 2546410 26.76440000
11020 2546420 26.75860000
11021 2546430 26.74520000
11022 2546440 26.72290000
11023 2546450 26.72880000
11024 2546460 26.73830000
11025 2546470 26.74810000
11026 2546480 26.75550000
11027 2546490 26.75580000
11028 2546500 26.77610000
11029 2546510 26.78610000
11030 2546520 26.78270000
11031 2546530 26.76620000
11032 2546540 26.73930000
11033 2546550 26.75330000
11034 2546560 26.78480000
11035 2546570 26.80720000
11036 2546580 26.81820000
11037 2546590 26.83670000
11038 2546600 26.84650000
11039 2546610 26.84340000
11040 2546620 26.83210000
11041 2546630 26.81840000
11042 2546640 26.80730000
11043 2546650 26.80230000
11044 2546660 26.80510000
11045 2546670 26.81540000
11046 2546680 26.83050000
11047 2546690 26.84530000
11048 2546700 26.85480000
11049 2546710 26.85740000
11050 2546720 26.84990000
11051 2546730 26.83550000
11052 2546740 26.81940000
11053 2546750 26.80640000
11054 2546760 26.79960000
11055 2546770 26.80000000
11056 2546780 26.80670000
11057 2546790 26.81710000
11058 2546800 26.82770000
11059 2546810 26.83620000
11060 2546820 26.84050000
11061 2546830 26.83910000
11062 2546840 26.82920000
11063 2546850 26.80990000
11064 2546860 26.78110000
11065 2546870 26.74550000
11066 2546880 26.75770000
11067 2546890 26.77040000
11068 2546900 26.77760000
11069 2546910 26.77770000
11070 2546920 26.77440000
11071 2546930 26.77300000
11072 2546940 26.75220000
11073 2546950 26.73750000
11074 2546960 26.74720000
11075 2546970 26.74900000
11076 2546980 26.74330000
11077 2546990 26.74490000
11078 2547000 26.75470000
11079 2547010 26.75250000
11080 2547020 26.74320000
11081 2547030 26.74640000
11082 2547040 26.74710000
11083 2547050 26.74330000
11084 2547060 26.73660000
11085 2547070 26.72940000
11086 2547080 26.72360000
11087 2547090 26.72160000
11088 2547100 26.72440000
11089 2547110 26.73090000
11090 2547120 26.73840000
11091 2547130 26.74400000
11092 2547140 26.74510000
11093 2547150 26.73890000
11094 2547160 26.76380000
11095 2547170 26.79220000
11096 2547180 26.80940000
11097 2547190 26.81280000
11098 2547200 26.80330000
11099 2547210 26.80710000
11100 2547220 26.81510000
11101 2547230 26.82030000
11102 2547240 26.82200000
11103 2547250 26.81830000
11104 2547260 26.80740000
11105 2547270 26.78860000
11106 2547280 26.76360000
11107 2547290 26.73460000
11108 2547300 26.73400000
11109 2547310 26.75070000
11110 2547320 26.76660000
11111 2547330 26.77790000
11112 2547340 26.78420000
11113 2547350 26.78680000
11114 2547360 26.78540000
11115 2547370 26.79460000
11116 2547380 26.80510000
11117 2547390 26.80510000
11118 2547400 26.79450000
11119 2547410 26.77440000
11120 2547420 26.74870000
11121 2547430 26.73000000
11122 2547440 26.73460000
11123 2547450 26.74360000
11124 2547460 26.75950000
11125 2547470 26.77220000
11126 2547480 26.78240000
11127 2547490 26.78920000
11128 2547500 26.79260000
11129 2547510 26.79040000
11130 2547520 26.78900000
11131 2547530 26.77660000
11132 2547540 26.75180000
11133 2547550 26.71870000
11134 2547560 26.72620000
11135 2547570 26.73780000
11136 2547580 26.74590000
11137 2547590 26.74920000
11138 2547600 26.74880000
11139 2547610 26.76470000
11140 2547620 26.78750000
11141 2547630 26.79510000
11142 2547640 26.80180000
11143 2547650 26.83660000
11144 2547660 26.86890000
11145 2547670 26.89410000
11146 2547680 26.90820000
11147 2547690 26.90800000
11148 2547700 26.89150000
11149 2547710 26.85920000
11150 2547720 26.81460000
11151 2547730 26.76360000
11152 2547740 26.73240000
11153 2547750 26.75390000
11154 2547760 26.76320000
11155 2547770 26.76140000
11156 2547780 26.76520000
11157 2547790 26.79840000
11158 2547800 26.83120000
11159 2547810 26.86220000
11160 2547820 26.88950000
11161 2547830 26.91170000
11162 2547840 26.92740000
11163 2547850 26.93640000
11164 2547860 26.93860000
11165 2547870 26.93500000
11166 2547880 26.92680000
11167 2547890 26.91580000
11168 2547900 26.90350000
11169 2547910 26.89080000
11170 2547920 26.87740000
11171 2547930 26.86350000
11172 2547940 26.84840000
11173 2547950 26.83130000
11174 2547960 26.81200000
11175 2547970 26.79110000
11176 2547980 26.76890000
11177 2547990 26.74590000
11178 2548000 26.72250000
11179 2548010 26.74000000
11180 2548020 26.75810000
11181 2548030 26.77100000
11182 2548040 26.77970000
11183 2548050 26.78550000
11184 2548060 26.78960000
11185 2548070 26.79330000
11186 2548080 26.79680000
11187 2548090 26.79990000
11188 2548100 26.80250000
11189 2548110 26.80460000
11190 2548120 26.80580000
11191 2548130 26.80640000
11192 2548140 26.80560000
11193 2548150 26.80360000
11194 2548160 26.79920000
11195 2548170 26.79250000
11196 2548180 26.78990000
11197 2548190 26.78120000
11198 2548200 26.76040000
11199 2548210 26.73670000
11200 2548220 26.71490000
11201 2548230 26.70080000
11202 2548240 26.70060000
11203 2548250 26.72130000
11204 2548260 26.74830000
11205 2548270 26.78160000
11206 2548280 26.82130000
11207 2548290 26.86580000
11208 2548300 26.91330000
11209 2548310 26.95940000
11210 2548320 26.99770000
11211 2548330 27.01850000
11212 2548340 27.01540000
11213 2548350 26.98770000
11214 2548360 26.94180000
11215 2548370 26.88650000
11216 2548380 26.82770000
11217 2548390 26.76910000
11218 2548400 26.76820000
11219 2548410 26.78900000
11220 2548420 26.81000000
11221 2548430 26.82860000
11222 2548440 26.84280000
11223 2548450 26.85130000
11224 2548460 26.85490000
11225 2548470 26.85440000
11226 2548480 26.85240000
11227 2548490 26.85030000
11228 2548500 26.84880000
11229 2548510 26.84860000
11230 2548520 26.84920000
11231 2548530 26.85060000
11232 2548540 26.85120000
11233 2548550 26.84920000
11234 2548560 26.84190000
11235 2548570 26.82780000
11236 2548580 26.80510000
11237 2548590 26.77460000
11238 2548600 26.75570000
11239 2548610 26.74630000
11240 2548620 26.74660000
11241 2548630 26.73500000
11242 2548640 26.73440000
11243 2548650 26.75390000
11244 2548660 26.77470000
11245 2548670 26.79550000
11246 2548680 26.81300000
11247 2548690 26.82520000
11248 2548700 26.83090000
11249 2548710 26.83010000
11250 2548720 26.82160000
11251 2548730 26.80690000
11252 2548740 26.79620000
11253 2548750 26.82370000
11254 2548760 26.84570000
11255 2548770 26.86150000
11256 2548780 26.87020000
11257 2548790 26.87180000
11258 2548800 26.86680000
11259 2548810 26.85770000
11260 2548820 26.84490000
11261 2548830 26.82970000
11262 2548840 26.81190000
11263 2548850 26.79220000
11264 2548860 26.76960000
11265 2548870 26.74460000
11266 2548880 26.72230000
11267 2548890 26.71240000
11268 2548900 26.72240000
11269 2548910 26.72210000
11270 2548920 26.72540000
11271 2548930 26.75620000
11272 2548940 26.78110000
11273 2548950 26.80210000
11274 2548960 26.81930000
11275 2548970 26.83400000
11276 2548980 26.84680000
11277 2548990 26.85890000
11278 2549000 26.86890000
11279 2549010 26.87580000
11280 2549020 26.87680000
11281 2549030 26.86910000
11282 2549040 26.84840000
11283 2549050 26.81330000
11284 2549060 26.76550000
11285 2549070 26.73400000
11286 2549080 26.73330000
11287 2549090 26.73030000
11288 2549100 26.72640000
11289 2549110 26.72610000
11290 2549120 26.74930000
11291 2549130 26.76580000
11292 2549140 26.77480000
11293 2549150 26.77720000
11294 2549160 26.77360000
11295 2549170 26.76620000
11296 2549180 26.75660000
11297 2549190 26.74600000
11298 2549200 26.73470000
11299 2549210 26.72650000
11300 2549220 26.71560000
11301 2549230 26.70060000
11302 2549240 26.68630000
11303 2549250 26.67480000
11304 2549260 26.68480000
11305 2549270 26.69110000
11306 2549280 26.71260000
11307 2549290 26.74050000
11308 2549300 26.75840000
11309 2549310 26.76470000
11310 2549320 26.75920000
11311 2549330 26.74180000
11312 2549340 26.73290000
11313 2549350 26.74100000
11314 2549360 26.74680000
11315 2549370 26.74450000
11316 2549380 26.74390000
11317 2549390 26.74680000
11318 2549400 26.74760000
11319 2549410 26.74700000
11320 2549420 26.74570000
11321 2549430 26.74270000
11322 2549440 26.75970000
11323 2549450 26.77340000
11324 2549460 26.77710000
11325 2549470 26.78530000
11326 2549480 26.78980000
11327 2549490 26.78770000
11328 2549500 26.77930000
11329 2549510 26.77140000
11330 2549520 26.76670000
11331 2549530 26.76460000
11332 2549540 26.77960000
11333 2549550 26.79400000
11334 2549560 26.80410000
11335 2549570 26.80930000
11336 2549580 26.80990000
11337 2549590 26.80730000
11338 2549600 26.82090000
11339 2549610 26.83020000
11340 2549620 26.81980000
11341 2549630 26.80100000
11342 2549640 26.77130000
11343 2549650 26.73200000
11344 2549660 26.73110000
11345 2549670 26.73070000
11346 2549680 26.72590000
11347 2549690 26.72570000
11348 2549700 26.73050000
11349 2549710 26.73600000
11350 2549720 26.74040000
11351 2549730 26.74180000
11352 2549740 26.73760000
11353 2549750 26.72800000
11354 2549760 26.71960000
11355 2549770 26.74280000
11356 2549780 26.76500000
11357 2549790 26.78340000
11358 2549800 26.79280000
11359 2549810 26.78940000
11360 2549820 26.77300000
11361 2549830 26.76940000
11362 2549840 26.80230000
11363 2549850 26.82920000
11364 2549860 26.84680000
11365 2549870 26.85080000
11366 2549880 26.83920000
11367 2549890 26.81100000
11368 2549900 26.79580000
11369 2549910 26.79140000
11370 2549920 26.80980000
11371 2549930 26.82210000
11372 2549940 26.82740000
11373 2549950 26.82570000
11374 2549960 26.81910000
11375 2549970 26.81000000
11376 2549980 26.80090000
11377 2549990 26.79340000
11378 2550000 26.78650000
11379 2550010 26.77800000
11380 2550020 26.76710000
11381 2550030 26.75440000
11382 2550040 26.75560000
11383 2550050 26.77210000
11384 2550060 26.77920000
11385 2550070 26.78800000
11386 2550080 26.81180000
11387 2550090 26.82820000
11388 2550100 26.83540000
11389 2550110 26.83390000
11390 2550120 26.82470000
11391 2550130 26.80890000
11392 2550140 26.78700000
11393 2550150 26.79410000
11394 2550160 26.81120000
11395 2550170 26.82260000
11396 2550180 26.82750000
11397 2550190 26.82270000
11398 2550200 26.80710000
11399 2550210 26.77960000
11400 2550220 26.79270000
11401 2550230 26.82950000
11402 2550240 26.85560000
11403 2550250 26.86980000
11404 2550260 26.86930000
11405 2550270 26.85610000
11406 2550280 26.83160000
11407 2550290 26.80080000
11408 2550300 26.76670000
11409 2550310 26.73270000
11410 2550320 26.69920000
11411 2550330 26.67380000
11412 2550340 26.69030000
11413 2550350 26.69870000
11414 2550360 26.69870000
11415 2550370 26.70880000
11416 2550380 26.71290000
11417 2550390 26.70990000
11418 2550400 26.70000000
11419 2550410 26.70930000
11420 2550420 26.73440000
11421 2550430 26.74720000
11422 2550440 26.74510000
11423 2550450 26.73060000
11424 2550460 26.71750000
11425 2550470 26.73120000
11426 2550480 26.74510000
11427 2550490 26.75630000
11428 2550500 26.76390000
11429 2550510 26.76550000
11430 2550520 26.75910000
11431 2550530 26.74550000
11432 2550540 26.73180000
11433 2550550 26.73700000
11434 2550560 26.73660000
11435 2550570 26.74260000
11436 2550580 26.74750000
11437 2550590 26.75870000
11438 2550600 26.76710000
11439 2550610 26.77350000
11440 2550620 26.77990000
11441 2550630 26.78760000
11442 2550640 26.79600000
11443 2550650 26.80220000
11444 2550660 26.80310000
11445 2550670 26.79770000
11446 2550680 26.78900000
11447 2550690 26.78010000
11448 2550700 26.77180000
11449 2550710 26.76440000
11450 2550720 26.75730000
11451 2550730 26.74960000
11452 2550740 26.74110000
11453 2550750 26.77400000
11454 2550760 26.80840000
11455 2550770 26.83330000
11456 2550780 26.84770000
11457 2550790 26.85230000
11458 2550800 26.85020000
11459 2550810 26.84330000
11460 2550820 26.83260000
11461 2550830 26.81940000
11462 2550840 26.80520000
11463 2550850 26.79150000
11464 2550860 26.77960000
11465 2550870 26.76880000
11466 2550880 26.75900000
11467 2550890 26.75130000
11468 2550900 26.75050000
11469 2550910 26.74020000
11470 2550920 26.72110000
11471 2550930 26.73110000
11472 2550940 26.73360000
11473 2550950 26.76160000
11474 2550960 26.77630000
11475 2550970 26.77670000
11476 2550980 26.76320000
11477 2550990 26.73950000
11478 2551000 26.75410000
11479 2551010 26.76020000
11480 2551020 26.75910000
11481 2551030 26.76220000
11482 2551040 26.77190000
11483 2551050 26.78030000
11484 2551060 26.78610000
11485 2551070 26.78850000
11486 2551080 26.78860000
11487 2551090 26.78710000
11488 2551100 26.78540000
11489 2551110 26.78470000
11490 2551120 26.83140000
11491 2551130 26.86930000
11492 2551140 26.89460000
11493 2551150 26.90500000
11494 2551160 26.90290000
11495 2551170 26.89260000
11496 2551180 26.87830000
11497 2551190 26.86250000
11498 2551200 26.84560000
11499 2551210 26.82700000
11500 2551220 26.80570000
11501 2551230 26.79180000
11502 2551240 26.80620000
11503 2551250 26.81730000
11504 2551260 26.82540000
11505 2551270 26.83150000
11506 2551280 26.83670000
11507 2551290 26.84140000
11508 2551300 26.84460000
11509 2551310 26.84560000
11510 2551320 26.84360000
11511 2551330 26.83800000
11512 2551340 26.82830000
11513 2551350 26.81420000
11514 2551360 26.79600000
11515 2551370 26.77320000
11516 2551380 26.74670000
11517 2551390 26.71920000
11518 2551400 26.69340000
11519 2551410 26.69650000
11520 2551420 26.70030000
11521 2551430 26.70570000
11522 2551440 26.71460000
11523 2551450 26.71830000
11524 2551460 26.71210000
11525 2551470 26.71410000
11526 2551480 26.71910000
11527 2551490 26.76490000
11528 2551500 26.80620000
11529 2551510 26.83880000
11530 2551520 26.86030000
11531 2551530 26.87000000
11532 2551540 26.86960000
11533 2551550 26.86220000
11534 2551560 26.85050000
11535 2551570 26.83730000
11536 2551580 26.82240000
11537 2551590 26.80490000
11538 2551600 26.78320000
11539 2551610 26.75690000
11540 2551620 26.73020000
11541 2551630 26.73000000
11542 2551640 26.72420000
11543 2551650 26.72180000
11544 2551660 26.73200000
11545 2551670 26.74750000
11546 2551680 26.77290000
11547 2551690 26.79670000
11548 2551700 26.81400000
11549 2551710 26.82530000
11550 2551720 26.83160000
11551 2551730 26.83400000
11552 2551740 26.83210000
11553 2551750 26.82560000
11554 2551760 26.81410000
11555 2551770 26.79830000
11556 2551780 26.77910000
11557 2551790 26.75710000
11558 2551800 26.73280000
11559 2551810 26.76380000
11560 2551820 26.78870000
11561 2551830 26.80400000
11562 2551840 26.80840000
11563 2551850 26.80270000
11564 2551860 26.78880000
11565 2551870 26.76900000
11566 2551880 26.76200000
11567 2551890 26.78710000
11568 2551900 26.80340000
11569 2551910 26.80970000
11570 2551920 26.80560000
11571 2551930 26.79170000
11572 2551940 26.76960000
11573 2551950 26.75540000
11574 2551960 26.76220000
11575 2551970 26.77040000
11576 2551980 26.77690000
11577 2551990 26.77800000
11578 2552000 26.77430000
11579 2552010 26.77900000
11580 2552020 26.77340000
11581 2552030 26.78620000
11582 2552040 26.79790000
11583 2552050 26.80010000
11584 2552060 26.79130000
11585 2552070 26.77210000
11586 2552080 26.74600000
11587 2552090 26.73220000
11588 2552100 26.73750000
11589 2552110 26.73860000
11590 2552120 26.73280000
11591 2552130 26.72330000
11592 2552140 26.71690000
11593 2552150 26.72590000
11594 2552160 26.74460000
11595 2552170 26.76540000
11596 2552180 26.78320000
11597 2552190 26.79290000
11598 2552200 26.79110000
11599 2552210 26.77790000
11600 2552220 26.78920000
11601 2552230 26.80970000
11602 2552240 26.82590000
11603 2552250 26.83620000
11604 2552260 26.83860000
11605 2552270 26.83200000
11606 2552280 26.81570000
11607 2552290 26.79320000
11608 2552300 26.78920000
11609 2552310 26.80420000
11610 2552320 26.81990000
11611 2552330 26.82050000
11612 2552340 26.81340000
11613 2552350 26.80430000
11614 2552360 26.79740000
11615 2552370 26.79420000
11616 2552380 26.79530000
11617 2552390 26.79930000
11618 2552400 26.80390000
11619 2552410 26.80590000
11620 2552420 26.80360000
11621 2552430 26.79870000
11622 2552440 26.79280000
11623 2552450 26.78500000
11624 2552460 26.77190000
11625 2552470 26.75150000
11626 2552480 26.72300000
11627 2552490 26.68610000
11628 2552500 26.68620000
11629 2552510 26.69240000
11630 2552520 26.69190000
11631 2552530 26.69570000
11632 2552540 26.71530000
11633 2552550 26.73640000
11634 2552560 26.75370000
11635 2552570 26.76750000
11636 2552580 26.77890000
11637 2552590 26.78840000
11638 2552600 26.79660000
11639 2552610 26.80480000
11640 2552620 26.81410000
11641 2552630 26.82480000
11642 2552640 26.83290000
11643 2552650 26.83500000
11644 2552660 26.82720000
11645 2552670 26.80790000
11646 2552680 26.77720000
11647 2552690 26.73760000
11648 2552700 26.72750000
11649 2552710 26.73160000
11650 2552720 26.72980000
11651 2552730 26.74480000
11652 2552740 26.76120000
11653 2552750 26.77500000
11654 2552760 26.78400000
11655 2552770 26.78720000
11656 2552780 26.80500000
11657 2552790 26.82440000
11658 2552800 26.82900000
11659 2552810 26.82140000
11660 2552820 26.80660000
11661 2552830 26.81070000
11662 2552840 26.81620000
11663 2552850 26.81790000
11664 2552860 26.81730000
11665 2552870 26.81580000
11666 2552880 26.81320000
11667 2552890 26.80890000
11668 2552900 26.80200000
11669 2552910 26.79130000
11670 2552920 26.77640000
11671 2552930 26.77240000
11672 2552940 26.75310000
11673 2552950 26.75270000
11674 2552960 26.75350000
11675 2552970 26.75790000
11676 2552980 26.76630000
11677 2552990 26.76010000
11678 2553000 26.77130000
11679 2553010 26.79200000
11680 2553020 26.80750000
11681 2553030 26.81650000
11682 2553040 26.81990000
11683 2553050 26.81860000
11684 2553060 26.81520000
11685 2553070 26.81000000
11686 2553080 26.80320000
11687 2553090 26.81220000
11688 2553100 26.82710000
11689 2553110 26.83040000
11690 2553120 26.82250000
11691 2553130 26.80430000
11692 2553140 26.77790000
11693 2553150 26.74520000
11694 2553160 26.71800000
11695 2553170 26.71250000
11696 2553180 26.69760000
11697 2553190 26.67830000
11698 2553200 26.68390000
11699 2553210 26.71890000
11700 2553220 26.75040000
11701 2553230 26.77570000
11702 2553240 26.79440000
11703 2553250 26.80680000
11704 2553260 26.81360000
11705 2553270 26.81630000
11706 2553280 26.81610000
11707 2553290 26.81420000
11708 2553300 26.81140000
11709 2553310 26.80900000
11710 2553320 26.80680000
11711 2553330 26.80580000
11712 2553340 26.80670000
11713 2553350 26.80930000
11714 2553360 26.81220000
11715 2553370 26.81310000
11716 2553380 26.81050000
11717 2553390 26.80230000
11718 2553400 26.78760000
11719 2553410 26.76700000
11720 2553420 26.75980000
11721 2553430 26.75930000
11722 2553440 26.75280000
11723 2553450 26.73930000
11724 2553460 26.73890000
11725 2553470 26.74600000
11726 2553480 26.74680000
11727 2553490 26.73630000
11728 2553500 26.72980000
11729 2553510 26.75400000
11730 2553520 26.77330000
11731 2553530 26.78850000
11732 2553540 26.80160000
11733 2553550 26.81200000
11734 2553560 26.81730000
11735 2553570 26.83360000
11736 2553580 26.85410000
11737 2553590 26.85800000
11738 2553600 26.84720000
11739 2553610 26.82720000
11740 2553620 26.80530000
11741 2553630 26.78570000
11742 2553640 26.76770000
11743 2553650 26.75030000
11744 2553660 26.73740000
11745 2553670 26.74510000
11746 2553680 26.75430000
11747 2553690 26.76040000
11748 2553700 26.76420000
11749 2553710 26.76420000
11750 2553720 26.75800000
11751 2553730 26.74910000
11752 2553740 26.75410000
11753 2553750 26.77720000
11754 2553760 26.79350000
11755 2553770 26.80000000
11756 2553780 26.80200000
11757 2553790 26.83330000
11758 2553800 26.86100000
11759 2553810 26.88110000
11760 2553820 26.89120000
11761 2553830 26.89080000
11762 2553840 26.88190000
11763 2553850 26.86790000
11764 2553860 26.85120000
11765 2553870 26.83260000
11766 2553880 26.82320000
11767 2553890 26.81890000
11768 2553900 26.80690000
11769 2553910 26.79900000
11770 2553920 26.79740000
11771 2553930 26.79190000
11772 2553940 26.78250000
11773 2553950 26.77000000
11774 2553960 26.75500000
11775 2553970 26.74740000
11776 2553980 26.73940000
11777 2553990 26.73900000
11778 2554000 26.75700000
11779 2554010 26.77030000
11780 2554020 26.77410000
11781 2554030 26.76600000
11782 2554040 26.74570000
11783 2554050 26.71510000
11784 2554060 26.70480000
11785 2554070 26.70780000
11786 2554080 26.70590000
11787 2554090 26.72440000
11788 2554100 26.73100000
11789 2554110 26.72530000
11790 2554120 26.70960000
11791 2554130 26.69790000
11792 2554140 26.71660000
11793 2554150 26.72570000
11794 2554160 26.72250000
11795 2554170 26.70630000
11796 2554180 26.69050000
11797 2554190 26.67900000
11798 2554200 26.68980000
11799 2554210 26.70220000
11800 2554220 26.71190000
11801 2554230 26.71680000
11802 2554240 26.71580000
11803 2554250 26.71670000
11804 2554260 26.75360000
11805 2554270 26.78660000
11806 2554280 26.81230000
11807 2554290 26.82860000
11808 2554300 26.83540000
11809 2554310 26.83330000
11810 2554320 26.82330000
11811 2554330 26.80610000
11812 2554340 26.80970000
11813 2554350 26.83360000
11814 2554360 26.84590000
11815 2554370 26.84180000
11816 2554380 26.83610000
11817 2554390 26.84850000
11818 2554400 26.85150000
11819 2554410 26.84690000
11820 2554420 26.83750000
11821 2554430 26.82680000
11822 2554440 26.81640000
11823 2554450 26.80520000
11824 2554460 26.79900000
11825 2554470 26.80210000
11826 2554480 26.80200000
11827 2554490 26.79820000
11828 2554500 26.78970000
11829 2554510 26.78880000
11830 2554520 26.79390000
11831 2554530 26.79400000
11832 2554540 26.78800000
11833 2554550 26.77640000
11834 2554560 26.76030000
11835 2554570 26.74180000
11836 2554580 26.73720000
11837 2554590 26.75370000
11838 2554600 26.77190000
11839 2554610 26.78900000
11840 2554620 26.80220000
11841 2554630 26.80890000
11842 2554640 26.80760000
11843 2554650 26.79810000
11844 2554660 26.78240000
11845 2554670 26.77100000
11846 2554680 26.77270000
11847 2554690 26.76450000
11848 2554700 26.74660000
11849 2554710 26.74290000
11850 2554720 26.74760000
11851 2554730 26.75750000
11852 2554740 26.77080000
11853 2554750 26.80410000
11854 2554760 26.83550000
11855 2554770 26.86360000
11856 2554780 26.88660000
11857 2554790 26.90240000
11858 2554800 26.91020000
11859 2554810 26.90810000
11860 2554820 26.89500000
11861 2554830 26.87010000
11862 2554840 26.83650000
11863 2554850 26.79730000
11864 2554860 26.75590000
11865 2554870 26.71320000
11866 2554880 26.67770000
11867 2554890 26.70530000
11868 2554900 26.72300000
11869 2554910 26.72940000
11870 2554920 26.72450000
11871 2554930 26.70930000
11872 2554940 26.69780000
11873 2554950 26.71740000
11874 2554960 26.72700000
11875 2554970 26.72910000
11876 2554980 26.73140000
11877 2554990 26.74100000
11878 2555000 26.74870000
11879 2555010 26.75460000
11880 2555020 26.76030000
11881 2555030 26.76550000
11882 2555040 26.77000000
11883 2555050 26.77190000
11884 2555060 26.76990000
11885 2555070 26.76640000
11886 2555080 26.77060000
11887 2555090 26.76650000
11888 2555100 26.80200000
11889 2555110 26.83730000
11890 2555120 26.86660000
11891 2555130 26.88010000
11892 2555140 26.87280000
11893 2555150 26.84710000
11894 2555160 26.80800000
11895 2555170 26.77860000
11896 2555180 26.79160000
11897 2555190 26.79390000
11898 2555200 26.78550000
11899 2555210 26.79510000
11900 2555220 26.81230000
11901 2555230 26.82870000
11902 2555240 26.84130000
11903 2555250 26.84780000
11904 2555260 26.84660000
11905 2555270 26.83810000
11906 2555280 26.82430000
11907 2555290 26.83450000
11908 2555300 26.84750000
11909 2555310 26.85430000
11910 2555320 26.85580000
11911 2555330 26.85270000
11912 2555340 26.84490000
11913 2555350 26.83220000
11914 2555360 26.81480000
11915 2555370 26.79440000
11916 2555380 26.77420000
11917 2555390 26.75670000
11918 2555400 26.74380000
11919 2555410 26.73510000
11920 2555420 26.72860000
11921 2555430 26.74900000
11922 2555440 26.77990000
11923 2555450 26.80530000
11924 2555460 26.82360000
11925 2555470 26.83350000
11926 2555480 26.83340000
11927 2555490 26.82240000
11928 2555500 26.80120000
11929 2555510 26.77250000
11930 2555520 26.75870000
11931 2555530 26.77650000
11932 2555540 26.80440000
11933 2555550 26.82970000
11934 2555560 26.85120000
11935 2555570 26.86700000
11936 2555580 26.87540000
11937 2555590 26.87320000
11938 2555600 26.85930000
11939 2555610 26.83330000
11940 2555620 26.79870000
11941 2555630 26.75910000
11942 2555640 26.72900000
11943 2555650 26.74410000
11944 2555660 26.78450000
11945 2555670 26.82610000
11946 2555680 26.86270000
11947 2555690 26.88690000
11948 2555700 26.89220000
11949 2555710 26.87680000
11950 2555720 26.84380000
11951 2555730 26.79880000
11952 2555740 26.74890000
11953 2555750 26.72280000
11954 2555760 26.72790000
11955 2555770 26.71550000
11956 2555780 26.72750000
11957 2555790 26.74520000
11958 2555800 26.74630000
11959 2555810 26.73280000
11960 2555820 26.73540000
11961 2555830 26.73650000
11962 2555840 26.72170000
11963 2555850 26.71570000
11964 2555860 26.72250000
11965 2555870 26.72470000
11966 2555880 26.72180000
11967 2555890 26.72470000
11968 2555900 26.74090000
11969 2555910 26.75400000
11970 2555920 26.77860000
11971 2555930 26.80380000
11972 2555940 26.82730000
11973 2555950 26.84570000
11974 2555960 26.85760000
11975 2555970 26.86160000
11976 2555980 26.85710000
11977 2555990 26.84520000
11978 2556000 26.82680000
11979 2556010 26.80380000
11980 2556020 26.80860000
11981 2556030 26.83740000
11982 2556040 26.86110000
11983 2556050 26.88210000
11984 2556060 26.90400000
11985 2556070 26.92770000
11986 2556080 26.95020000
11987 2556090 26.96640000
11988 2556100 26.97240000
11989 2556110 26.96700000
11990 2556120 26.95170000
11991 2556130 26.92880000
11992 2556140 26.90350000
11993 2556150 26.89960000
11994 2556160 26.89330000
11995 2556170 26.88480000
11996 2556180 26.87440000
11997 2556190 26.86140000
11998 2556200 26.84500000
11999 2556210 26.82470000
12000 2556220 26.80560000
12001 2556230 26.78050000
12002 2556240 26.75330000
12003 2556250 26.73820000
12004 2556260 26.72650000
12005 2556270 26.72710000
12006 2556280 26.71860000
12007 2556290 26.71750000
12008 2556300 26.71290000
12009 2556310 26.71820000
12010 2556320 26.74150000
12011 2556330 26.75940000
12012 2556340 26.77050000
12013 2556350 26.77410000
12014 2556360 26.76870000
12015 2556370 26.75250000
12016 2556380 26.72590000
12017 2556390 26.73400000
12018 2556400 26.73790000
12019 2556410 26.73510000
12020 2556420 26.73270000
12021 2556430 26.73470000
12022 2556440 26.78400000
12023 2556450 26.82910000
12024 2556460 26.86110000
12025 2556470 26.87190000
12026 2556480 26.85840000
12027 2556490 26.82400000
12028 2556500 26.77640000
12029 2556510 26.75780000
12030 2556520 26.76750000
12031 2556530 26.77760000
12032 2556540 26.78690000
12033 2556550 26.79440000
12034 2556560 26.79790000
12035 2556570 26.79410000
12036 2556580 26.79230000
12037 2556590 26.79350000
12038 2556600 26.78640000
12039 2556610 26.77040000
12040 2556620 26.76240000
12041 2556630 26.76640000
12042 2556640 26.76470000
12043 2556650 26.75570000
12044 2556660 26.73960000
12045 2556670 26.73250000
12046 2556680 26.72750000
12047 2556690 26.72590000
12048 2556700 26.72030000
12049 2556710 26.73060000
12050 2556720 26.75490000
12051 2556730 26.77630000
12052 2556740 26.79400000
12053 2556750 26.80620000
12054 2556760 26.81610000
12055 2556770 26.83510000
12056 2556780 26.84750000
12057 2556790 26.85410000
12058 2556800 26.85650000
12059 2556810 26.85480000
12060 2556820 26.84950000
12061 2556830 26.84250000
12062 2556840 26.83290000
12063 2556850 26.81900000
12064 2556860 26.82600000
12065 2556870 26.83110000
12066 2556880 26.83100000
12067 2556890 26.82680000
12068 2556900 26.81910000
12069 2556910 26.80810000
12070 2556920 26.79300000
12071 2556930 26.77290000
12072 2556940 26.74800000
12073 2556950 26.73590000
12074 2556960 26.74420000
12075 2556970 26.75730000
12076 2556980 26.77160000
12077 2556990 26.78560000
12078 2557000 26.79590000
12079 2557010 26.79990000
12080 2557020 26.80320000
12081 2557030 26.79690000
12082 2557040 26.78350000
12083 2557050 26.77530000
12084 2557060 26.76870000
12085 2557070 26.75660000
12086 2557080 26.74260000
12087 2557090 26.72870000
12088 2557100 26.71480000
12089 2557110 26.70170000
12090 2557120 26.69190000
12091 2557130 26.68640000
12092 2557140 26.68540000
12093 2557150 26.68710000
12094 2557160 26.68760000
12095 2557170 26.69790000
12096 2557180 26.72370000
12097 2557190 26.74540000
12098 2557200 26.76190000
12099 2557210 26.77310000
12100 2557220 26.78030000
12101 2557230 26.78430000
12102 2557240 26.78590000
12103 2557250 26.78480000
12104 2557260 26.78120000
12105 2557270 26.77500000
12106 2557280 26.76670000
12107 2557290 26.77640000
12108 2557300 26.79840000
12109 2557310 26.81650000
12110 2557320 26.83110000
12111 2557330 26.84170000
12112 2557340 26.84820000
12113 2557350 26.84940000
12114 2557360 26.84390000
12115 2557370 26.83170000
12116 2557380 26.81300000
12117 2557390 26.78830000
12118 2557400 26.75810000
12119 2557410 26.73790000
12120 2557420 26.72640000
12121 2557430 26.73320000
12122 2557440 26.75480000
12123 2557450 26.79100000
12124 2557460 26.82510000
12125 2557470 26.85430000
12126 2557480 26.87800000
12127 2557490 26.89510000
12128 2557500 26.90770000
12129 2557510 26.91670000
12130 2557520 26.92110000
12131 2557530 26.92080000
12132 2557540 26.91610000
12133 2557550 26.90850000
12134 2557560 26.89990000
12135 2557570 26.89150000
12136 2557580 26.88520000
12137 2557590 26.88010000
12138 2557600 26.87600000
12139 2557610 26.87200000
12140 2557620 26.86700000
12141 2557630 26.85840000
12142 2557640 26.84490000
12143 2557650 26.82580000
12144 2557660 26.81450000
12145 2557670 26.84660000
12146 2557680 26.86440000
12147 2557690 26.86860000
12148 2557700 26.86190000
12149 2557710 26.84810000
12150 2557720 26.83040000
12151 2557730 26.81300000
12152 2557740 26.79960000
12153 2557750 26.79100000
12154 2557760 26.78530000
12155 2557770 26.77910000
12156 2557780 26.76800000
12157 2557790 26.74770000
12158 2557800 26.71990000
12159 2557810 26.74400000
12160 2557820 26.76410000
12161 2557830 26.77790000
12162 2557840 26.79010000
12163 2557850 26.79260000
12164 2557860 26.78720000
12165 2557870 26.77600000
12166 2557880 26.76020000
12167 2557890 26.74070000
12168 2557900 26.71890000
12169 2557910 26.69630000
12170 2557920 26.69030000
12171 2557930 26.70090000
12172 2557940 26.70940000
12173 2557950 26.72400000
12174 2557960 26.75290000
12175 2557970 26.77330000
12176 2557980 26.78370000
12177 2557990 26.78310000
12178 2558000 26.77190000
12179 2558010 26.75060000
12180 2558020 26.72490000
12181 2558030 26.72330000
12182 2558040 26.73850000
12183 2558050 26.74980000
12184 2558060 26.79550000
12185 2558070 26.84250000
12186 2558080 26.87360000
12187 2558090 26.88800000
12188 2558100 26.88940000
12189 2558110 26.88410000
12190 2558120 26.87710000
12191 2558130 26.87150000
12192 2558140 26.86890000
12193 2558150 26.86920000
12194 2558160 26.87090000
12195 2558170 26.87190000
12196 2558180 26.87110000
12197 2558190 26.86770000
12198 2558200 26.86020000
12199 2558210 26.84640000
12200 2558220 26.82330000
12201 2558230 26.78840000
12202 2558240 26.77720000
12203 2558250 26.78460000
12204 2558260 26.79390000
12205 2558270 26.80430000
12206 2558280 26.81490000
12207 2558290 26.82380000
12208 2558300 26.83050000
12209 2558310 26.83370000
12210 2558320 26.83170000
12211 2558330 26.82330000
12212 2558340 26.80820000
12213 2558350 26.78800000
12214 2558360 26.80590000
12215 2558370 26.82400000
12216 2558380 26.84300000
12217 2558390 26.85460000
12218 2558400 26.85570000
12219 2558410 26.84570000
12220 2558420 26.82570000
12221 2558430 26.79890000
12222 2558440 26.78970000
12223 2558450 26.77990000
12224 2558460 26.76620000
12225 2558470 26.76200000
12226 2558480 26.76920000
12227 2558490 26.77060000
12228 2558500 26.76570000
12229 2558510 26.75660000
12230 2558520 26.74390000
12231 2558530 26.75030000
12232 2558540 26.75800000
12233 2558550 26.75840000
12234 2558560 26.75300000
12235 2558570 26.74490000
12236 2558580 26.77460000
12237 2558590 26.79910000
12238 2558600 26.81210000
12239 2558610 26.81630000
12240 2558620 26.81100000
12241 2558630 26.80000000
12242 2558640 26.78420000
12243 2558650 26.76610000
12244 2558660 26.76810000
12245 2558670 26.77710000
12246 2558680 26.78020000
12247 2558690 26.77360000
12248 2558700 26.75610000
12249 2558710 26.73450000
12250 2558720 26.73120000
12251 2558730 26.71900000
12252 2558740 26.72250000
12253 2558750 26.74360000
12254 2558760 26.76450000
12255 2558770 26.78440000
12256 2558780 26.80090000
12257 2558790 26.81100000
12258 2558800 26.81260000
12259 2558810 26.80450000
12260 2558820 26.78660000
12261 2558830 26.77710000
12262 2558840 26.79520000
12263 2558850 26.80760000
12264 2558860 26.81250000
12265 2558870 26.82200000
12266 2558880 26.85490000
12267 2558890 26.86970000
12268 2558900 26.86840000
12269 2558910 26.85600000
12270 2558920 26.83980000
12271 2558930 26.82470000
12272 2558940 26.81380000
12273 2558950 26.80800000
12274 2558960 26.80710000
12275 2558970 26.80780000
12276 2558980 26.80670000
12277 2558990 26.80180000
12278 2559000 26.79070000
12279 2559010 26.81150000
12280 2559020 26.83360000
12281 2559030 26.84800000
12282 2559040 26.85290000
12283 2559050 26.84950000
12284 2559060 26.83830000
12285 2559070 26.82140000
12286 2559080 26.80600000
12287 2559090 26.83050000
12288 2559100 26.84750000
12289 2559110 26.85900000
12290 2559120 26.86580000
12291 2559130 26.86960000
12292 2559140 26.87210000
12293 2559150 26.87400000
12294 2559160 26.87540000
12295 2559170 26.87530000
12296 2559180 26.87240000
12297 2559190 26.86500000
12298 2559200 26.85360000
12299 2559210 26.83870000
12300 2559220 26.82170000
12301 2559230 26.80170000
12302 2559240 26.77820000
12303 2559250 26.77090000
12304 2559260 26.76010000
12305 2559270 26.74790000
12306 2559280 26.73640000
12307 2559290 26.75630000
12308 2559300 26.77280000
12309 2559310 26.77850000
12310 2559320 26.78340000
12311 2559330 26.80600000
12312 2559340 26.82640000
12313 2559350 26.83930000
12314 2559360 26.83990000
12315 2559370 26.82630000
12316 2559380 26.80100000
12317 2559390 26.76870000
12318 2559400 26.73410000
12319 2559410 26.72140000
12320 2559420 26.71620000
12321 2559430 26.72870000
12322 2559440 26.73840000
12323 2559450 26.76250000
12324 2559460 26.78730000
12325 2559470 26.80110000
12326 2559480 26.80410000
12327 2559490 26.79680000
12328 2559500 26.78130000
12329 2559510 26.76530000
12330 2559520 26.77450000
12331 2559530 26.78760000
12332 2559540 26.79960000
12333 2559550 26.80880000
12334 2559560 26.81540000
12335 2559570 26.81880000
12336 2559580 26.81840000
12337 2559590 26.81250000
12338 2559600 26.80000000
12339 2559610 26.78010000
12340 2559620 26.75230000
12341 2559630 26.72040000
12342 2559640 26.72060000
12343 2559650 26.75130000
12344 2559660 26.77800000
12345 2559670 26.79960000
12346 2559680 26.81680000
12347 2559690 26.83160000
12348 2559700 26.84540000
12349 2559710 26.85890000
12350 2559720 26.87180000
12351 2559730 26.88330000
12352 2559740 26.89130000
12353 2559750 26.89360000
12354 2559760 26.88760000
12355 2559770 26.87150000
12356 2559780 26.84550000
12357 2559790 26.81200000
12358 2559800 26.78760000
12359 2559810 26.78200000
12360 2559820 26.76570000
12361 2559830 26.76590000
12362 2559840 26.75780000
12363 2559850 26.74290000
12364 2559860 26.75470000
12365 2559870 26.76230000
12366 2559880 26.76040000
12367 2559890 26.74770000
12368 2559900 26.72680000
12369 2559910 26.70640000
12370 2559920 26.72440000
12371 2559930 26.74960000
12372 2559940 26.77870000
12373 2559950 26.79640000
12374 2559960 26.80230000
12375 2559970 26.79860000
12376 2559980 26.78860000
12377 2559990 26.77470000
12378 2560000 26.75790000
12379 2560010 26.75890000
12380 2560020 26.77280000
12381 2560030 26.77200000
12382 2560040 26.80690000
12383 2560050 26.82920000
12384 2560060 26.83300000
12385 2560070 26.82270000
12386 2560080 26.80520000
12387 2560090 26.78640000
12388 2560100 26.76980000
12389 2560110 26.75690000
12390 2560120 26.74820000
12391 2560130 26.74300000
12392 2560140 26.73990000
12393 2560150 26.73750000
12394 2560160 26.73760000
12395 2560170 26.75970000
12396 2560180 26.76720000
12397 2560190 26.75830000
12398 2560200 26.73570000
12399 2560210 26.71100000
12400 2560220 26.72200000
12401 2560230 26.72690000
12402 2560240 26.72310000
12403 2560250 26.71380000
12404 2560260 26.70040000
12405 2560270 26.72280000
12406 2560280 26.74360000
12407 2560290 26.76010000
12408 2560300 26.77010000
12409 2560310 26.77150000
12410 2560320 26.76270000
12411 2560330 26.74420000
12412 2560340 26.75040000
12413 2560350 26.76100000
12414 2560360 26.76210000
12415 2560370 26.75530000
12416 2560380 26.76250000
12417 2560390 26.76790000
12418 2560400 26.76570000
12419 2560410 26.77580000
12420 2560420 26.78980000
12421 2560430 26.78810000
12422 2560440 26.77390000
12423 2560450 26.75990000
12424 2560460 26.76500000
12425 2560470 26.76340000
12426 2560480 26.76400000
12427 2560490 26.78280000
12428 2560500 26.79640000
12429 2560510 26.80240000
12430 2560520 26.80000000
12431 2560530 26.78900000
12432 2560540 26.77140000
12433 2560550 26.74820000
12434 2560560 26.73400000
12435 2560570 26.74740000
12436 2560580 26.75530000
12437 2560590 26.75720000
12438 2560600 26.75180000
12439 2560610 26.75030000
12440 2560620 26.76010000
12441 2560630 26.77700000
12442 2560640 26.78500000
12443 2560650 26.78270000
12444 2560660 26.76910000
12445 2560670 26.74720000
12446 2560680 26.74250000
12447 2560690 26.76680000
12448 2560700 26.77970000
12449 2560710 26.78110000
12450 2560720 26.77110000
12451 2560730 26.76670000
12452 2560740 26.77040000
12453 2560750 26.79610000
12454 2560760 26.81220000
12455 2560770 26.81840000
12456 2560780 26.81350000
12457 2560790 26.79790000
12458 2560800 26.77360000
12459 2560810 26.74310000
12460 2560820 26.71880000
12461 2560830 26.72150000
12462 2560840 26.73730000
12463 2560850 26.76480000
12464 2560860 26.78610000
12465 2560870 26.79620000
12466 2560880 26.79230000
12467 2560890 26.77490000
12468 2560900 26.74590000
12469 2560910 26.70930000
12470 2560920 26.67000000
12471 2560930 26.65850000
12472 2560940 26.66590000
12473 2560950 26.67480000
12474 2560960 26.70580000
12475 2560970 26.73230000
12476 2560980 26.75280000
12477 2560990 26.76590000
12478 2561000 26.77260000
12479 2561010 26.77400000
12480 2561020 26.78990000
12481 2561030 26.80210000
12482 2561040 26.80360000
12483 2561050 26.79640000
12484 2561060 26.78190000
12485 2561070 26.76090000
12486 2561080 26.73480000
12487 2561090 26.71700000
12488 2561100 26.72720000
12489 2561110 26.73350000
12490 2561120 26.75120000
12491 2561130 26.76650000
12492 2561140 26.77520000
12493 2561150 26.78140000
12494 2561160 26.80020000
12495 2561170 26.81450000
12496 2561180 26.82360000
12497 2561190 26.82910000
12498 2561200 26.83320000
12499 2561210 26.83790000
12500 2561220 26.84420000
12501 2561230 26.85070000
12502 2561240 26.85500000
12503 2561250 26.85500000
12504 2561260 26.84920000
12505 2561270 26.83640000
12506 2561280 26.81720000
12507 2561290 26.79380000
12508 2561300 26.83100000
12509 2561310 26.86500000
12510 2561320 26.88790000
12511 2561330 26.90160000
12512 2561340 26.90920000
12513 2561350 26.91280000
12514 2561360 26.91220000
12515 2561370 26.90920000
12516 2561380 26.90350000
12517 2561390 26.89520000
12518 2561400 26.88490000
12519 2561410 26.87340000
12520 2561420 26.85880000
12521 2561430 26.83860000
12522 2561440 26.83370000
12523 2561450 26.83350000
12524 2561460 26.83000000
12525 2561470 26.82170000
12526 2561480 26.80810000
12527 2561490 26.78870000
12528 2561500 26.76420000
12529 2561510 26.73910000
12530 2561520 26.75330000
12531 2561530 26.76060000
12532 2561540 26.76180000
12533 2561550 26.75990000
12534 2561560 26.75740000
12535 2561570 26.75610000
12536 2561580 26.76230000
12537 2561590 26.77180000
12538 2561600 26.77290000
12539 2561610 26.76710000
12540 2561620 26.75720000
12541 2561630 26.74230000
12542 2561640 26.74300000
12543 2561650 26.77370000
12544 2561660 26.79140000
12545 2561670 26.79720000
12546 2561680 26.79330000
12547 2561690 26.80280000
12548 2561700 26.81090000
12549 2561710 26.81060000
12550 2561720 26.80300000
12551 2561730 26.79040000
12552 2561740 26.77610000
12553 2561750 26.76330000
12554 2561760 26.75300000
12555 2561770 26.74550000
12556 2561780 26.73960000
12557 2561790 26.73350000
12558 2561800 26.72610000
12559 2561810 26.71640000
12560 2561820 26.70690000
12561 2561830 26.70740000
12562 2561840 26.72420000
12563 2561850 26.74040000
12564 2561860 26.75520000
12565 2561870 26.76680000
12566 2561880 26.77280000
12567 2561890 26.77140000
12568 2561900 26.76110000
12569 2561910 26.74150000
12570 2561920 26.74070000
12571 2561930 26.74740000
12572 2561940 26.75300000
12573 2561950 26.75660000
12574 2561960 26.75620000
12575 2561970 26.75050000
12576 2561980 26.75470000
12577 2561990 26.75640000
12578 2562000 26.75580000
12579 2562010 26.75230000
12580 2562020 26.74560000
12581 2562030 26.73560000
12582 2562040 26.72200000
12583 2562050 26.70520000
12584 2562060 26.68590000
12585 2562070 26.70380000
12586 2562080 26.72010000
12587 2562090 26.73150000
12588 2562100 26.73540000
12589 2562110 26.73210000
12590 2562120 26.72500000
12591 2562130 26.71590000
12592 2562140 26.71810000
12593 2562150 26.72830000
12594 2562160 26.74440000
12595 2562170 26.77150000
12596 2562180 26.79340000
12597 2562190 26.80740000
12598 2562200 26.81070000
12599 2562210 26.80350000
12600 2562220 26.79980000
12601 2562230 26.83100000
12602 2562240 26.86500000
12603 2562250 26.89350000
12604 2562260 26.91340000
12605 2562270 26.92050000
12606 2562280 26.91260000
12607 2562290 26.89850000
12608 2562300 26.89500000
12609 2562310 26.88320000
12610 2562320 26.86420000
12611 2562330 26.84080000
12612 2562340 26.81450000
12613 2562350 26.79380000
12614 2562360 26.80260000
12615 2562370 26.80550000
12616 2562380 26.80670000
12617 2562390 26.80930000
12618 2562400 26.81500000
12619 2562410 26.82430000
12620 2562420 26.83500000
12621 2562430 26.84350000
12622 2562440 26.84500000
12623 2562450 26.83860000
12624 2562460 26.82510000
12625 2562470 26.80700000
12626 2562480 26.78600000
12627 2562490 26.78120000
12628 2562500 26.80450000
12629 2562510 26.82580000
12630 2562520 26.84170000
12631 2562530 26.84790000
12632 2562540 26.84120000
12633 2562550 26.82050000
12634 2562560 26.78900000
12635 2562570 26.76640000
12636 2562580 26.76510000
12637 2562590 26.75740000
12638 2562600 26.77100000
12639 2562610 26.78270000
12640 2562620 26.79210000
12641 2562630 26.79990000
12642 2562640 26.80610000
12643 2562650 26.82120000
12644 2562660 26.85110000
12645 2562670 26.87230000
12646 2562680 26.88450000
12647 2562690 26.89030000
12648 2562700 26.89300000
12649 2562710 26.89470000
12650 2562720 26.89450000
12651 2562730 26.89110000
12652 2562740 26.88440000
12653 2562750 26.87510000
12654 2562760 26.86310000
12655 2562770 26.84770000
12656 2562780 26.82650000
12657 2562790 26.79820000
12658 2562800 26.76240000
12659 2562810 26.76050000
12660 2562820 26.77870000
12661 2562830 26.79710000
12662 2562840 26.81380000
12663 2562850 26.82710000
12664 2562860 26.83580000
12665 2562870 26.83850000
12666 2562880 26.83430000
12667 2562890 26.82370000
12668 2562900 26.80880000
12669 2562910 26.79700000
12670 2562920 26.80050000
12671 2562930 26.79920000
12672 2562940 26.79240000
12673 2562950 26.78030000
12674 2562960 26.76350000
12675 2562970 26.74650000
12676 2562980 26.75690000
12677 2562990 26.75590000
12678 2563000 26.75970000
12679 2563010 26.77270000
12680 2563020 26.78860000
12681 2563030 26.80600000
12682 2563040 26.82240000
12683 2563050 26.83470000
12684 2563060 26.83960000
12685 2563070 26.83520000
12686 2563080 26.82470000
12687 2563090 26.81390000
12688 2563100 26.79520000
12689 2563110 26.77770000
12690 2563120 26.79290000
12691 2563130 26.79500000
12692 2563140 26.78530000
12693 2563150 26.76720000
12694 2563160 26.74690000
12695 2563170 26.74030000
12696 2563180 26.73090000
12697 2563190 26.71910000
12698 2563200 26.70630000
12699 2563210 26.75560000
12700 2563220 26.80390000
12701 2563230 26.83430000
12702 2563240 26.84780000
12703 2563250 26.84800000
12704 2563260 26.84140000
12705 2563270 26.83250000
12706 2563280 26.82530000
12707 2563290 26.82130000
12708 2563300 26.82370000
12709 2563310 26.83020000
12710 2563320 26.83040000
12711 2563330 26.83370000
12712 2563340 26.83790000
12713 2563350 26.83900000
12714 2563360 26.83480000
12715 2563370 26.82480000
12716 2563380 26.82550000
12717 2563390 26.82940000
12718 2563400 26.83060000
12719 2563410 26.82990000
12720 2563420 26.82810000
12721 2563430 26.82390000
12722 2563440 26.81610000
12723 2563450 26.80200000
12724 2563460 26.78110000
12725 2563470 26.75360000
12726 2563480 26.76360000
12727 2563490 26.77460000
12728 2563500 26.77790000
12729 2563510 26.77390000
12730 2563520 26.76410000
12731 2563530 26.77110000
12732 2563540 26.77380000
12733 2563550 26.76960000
12734 2563560 26.75790000
12735 2563570 26.73980000
12736 2563580 26.71730000
12737 2563590 26.69290000
12738 2563600 26.69260000
12739 2563610 26.70660000
12740 2563620 26.71960000
12741 2563630 26.72890000
12742 2563640 26.73680000
12743 2563650 26.74640000
12744 2563660 26.75390000
12745 2563670 26.76400000
12746 2563680 26.77500000
12747 2563690 26.78290000
12748 2563700 26.78790000
12749 2563710 26.79330000
12750 2563720 26.79640000
12751 2563730 26.79540000
12752 2563740 26.79060000
12753 2563750 26.78160000
12754 2563760 26.76830000
12755 2563770 26.75040000
12756 2563780 26.72860000
12757 2563790 26.72830000
12758 2563800 26.74720000
12759 2563810 26.75960000
12760 2563820 26.76590000
12761 2563830 26.76610000
12762 2563840 26.76100000
12763 2563850 26.75650000
12764 2563860 26.75770000
12765 2563870 26.75670000
12766 2563880 26.75870000
12767 2563890 26.76000000
12768 2563900 26.75310000
12769 2563910 26.76600000
12770 2563920 26.77680000
12771 2563930 26.77870000
12772 2563940 26.77170000
12773 2563950 26.75840000
12774 2563960 26.74170000
12775 2563970 26.75850000
12776 2563980 26.77540000
12777 2563990 26.78230000
12778 2564000 26.77940000
12779 2564010 26.76890000
12780 2564020 26.75490000
12781 2564030 26.74120000
12782 2564040 26.73030000
12783 2564050 26.72220000
12784 2564060 26.71810000
12785 2564070 26.72840000
12786 2564080 26.74830000
12787 2564090 26.76890000
12788 2564100 26.78830000
12789 2564110 26.80440000
12790 2564120 26.81680000
12791 2564130 26.82510000
12792 2564140 26.82990000
12793 2564150 26.83070000
12794 2564160 26.82760000
12795 2564170 26.82040000
12796 2564180 26.83290000
12797 2564190 26.84190000
12798 2564200 26.85290000
12799 2564210 26.85310000
12800 2564220 26.84450000
12801 2564230 26.83070000
12802 2564240 26.81510000
12803 2564250 26.79910000
12804 2564260 26.78390000
12805 2564270 26.77000000
12806 2564280 26.75750000
12807 2564290 26.75180000
12808 2564300 26.74220000
12809 2564310 26.72710000
12810 2564320 26.77670000
12811 2564330 26.82780000
12812 2564340 26.87410000
12813 2564350 26.90910000
12814 2564360 26.92650000
12815 2564370 26.92500000
12816 2564380 26.90740000
12817 2564390 26.88090000
12818 2564400 26.85210000
12819 2564410 26.82490000
12820 2564420 26.80160000
12821 2564430 26.79800000
12822 2564440 26.80680000
12823 2564450 26.81490000
12824 2564460 26.82020000
12825 2564470 26.82090000
12826 2564480 26.81560000
12827 2564490 26.80190000
12828 2564500 26.78050000
12829 2564510 26.75290000
12830 2564520 26.72060000
12831 2564530 26.74710000
12832 2564540 26.77630000
12833 2564550 26.79900000
12834 2564560 26.81340000
12835 2564570 26.81950000
12836 2564580 26.81750000
12837 2564590 26.81610000
12838 2564600 26.82350000
12839 2564610 26.82390000
12840 2564620 26.81680000
12841 2564630 26.79950000
12842 2564640 26.77080000
12843 2564650 26.77680000
12844 2564660 26.77610000
12845 2564670 26.76980000
12846 2564680 26.76440000
12847 2564690 26.75080000
12848 2564700 26.75590000
12849 2564710 26.76090000
12850 2564720 26.76520000
12851 2564730 26.77070000
12852 2564740 26.77870000
12853 2564750 26.78880000
12854 2564760 26.80060000
12855 2564770 26.80930000
12856 2564780 26.81340000
12857 2564790 26.81100000
12858 2564800 26.81460000
12859 2564810 26.82040000
12860 2564820 26.82720000
12861 2564830 26.83140000
12862 2564840 26.83160000
12863 2564850 26.82760000
12864 2564860 26.82000000
12865 2564870 26.80940000
12866 2564880 26.79680000
12867 2564890 26.78340000
12868 2564900 26.76810000
12869 2564910 26.74920000
12870 2564920 26.76290000
12871 2564930 26.77760000
12872 2564940 26.78640000
12873 2564950 26.78870000
12874 2564960 26.78440000
12875 2564970 26.78160000
12876 2564980 26.82830000
12877 2564990 26.86680000
12878 2565000 26.89310000
12879 2565010 26.90260000
12880 2565020 26.89550000
12881 2565030 26.87620000
12882 2565040 26.84780000
12883 2565050 26.81420000
12884 2565060 26.78090000
12885 2565070 26.75020000
12886 2565080 26.73610000
12887 2565090 26.74460000
12888 2565100 26.74040000
12889 2565110 26.74230000
12890 2565120 26.74670000
12891 2565130 26.74750000
12892 2565140 26.74660000
12893 2565150 26.74390000
12894 2565160 26.74040000
12895 2565170 26.73790000
12896 2565180 26.73680000
12897 2565190 26.73610000
12898 2565200 26.73160000
12899 2565210 26.71940000
12900 2565220 26.71400000
12901 2565230 26.72130000
12902 2565240 26.72630000
12903 2565250 26.72630000
12904 2565260 26.71960000
12905 2565270 26.72790000
12906 2565280 26.74780000
12907 2565290 26.76340000
12908 2565300 26.77490000
12909 2565310 26.78230000
12910 2565320 26.78480000
12911 2565330 26.78160000
12912 2565340 26.77210000
12913 2565350 26.75610000
12914 2565360 26.73530000
12915 2565370 26.72370000
12916 2565380 26.75060000
12917 2565390 26.77460000
12918 2565400 26.79380000
12919 2565410 26.80690000
12920 2565420 26.81340000
12921 2565430 26.81340000
12922 2565440 26.80580000
12923 2565450 26.79020000
12924 2565460 26.79540000
12925 2565470 26.79340000
12926 2565480 26.78200000
12927 2565490 26.76790000
12928 2565500 26.77260000
12929 2565510 26.76880000
12930 2565520 26.76500000
12931 2565530 26.76790000
12932 2565540 26.76520000
12933 2565550 26.75830000
12934 2565560 26.75140000
12935 2565570 26.75060000
12936 2565580 26.74610000
12937 2565590 26.73700000
12938 2565600 26.72180000
12939 2565610 26.71860000
12940 2565620 26.73120000
12941 2565630 26.73420000
12942 2565640 26.73250000
12943 2565650 26.72930000
12944 2565660 26.71740000
12945 2565670 26.74810000
12946 2565680 26.77440000
12947 2565690 26.79050000
12948 2565700 26.79560000
12949 2565710 26.79090000
12950 2565720 26.77530000
12951 2565730 26.75080000
12952 2565740 26.73200000
12953 2565750 26.75540000
12954 2565760 26.77580000
12955 2565770 26.79300000
12956 2565780 26.80860000
12957 2565790 26.82720000
12958 2565800 26.83150000
12959 2565810 26.83730000
12960 2565820 26.83630000
12961 2565830 26.82840000
12962 2565840 26.81520000
12963 2565850 26.79690000
12964 2565860 26.77420000
12965 2565870 26.74710000
12966 2565880 26.73240000
12967 2565890 26.72750000
12968 2565900 26.72630000
12969 2565910 26.73200000
12970 2565920 26.74510000
12971 2565930 26.76490000
12972 2565940 26.78650000
12973 2565950 26.80400000
12974 2565960 26.81020000
12975 2565970 26.79880000
12976 2565980 26.77180000
12977 2565990 26.77780000
12978 2566000 26.77160000
12979 2566010 26.75610000
12980 2566020 26.73490000
12981 2566030 26.72230000
12982 2566040 26.75080000
12983 2566050 26.77230000
12984 2566060 26.78360000
12985 2566070 26.78420000
12986 2566080 26.77410000
12987 2566090 26.75800000
12988 2566100 26.74880000
12989 2566110 26.73370000
12990 2566120 26.75590000
12991 2566130 26.77640000
12992 2566140 26.78590000
12993 2566150 26.80090000
12994 2566160 26.80200000
12995 2566170 26.78820000
12996 2566180 26.76300000
12997 2566190 26.73010000
12998 2566200 26.69320000
12999 2566210 26.67030000
13000 2566220 26.66320000
13001 2566230 26.66510000
13002 2566240 26.67490000
13003 2566250 26.67980000
13004 2566260 26.68250000
13005 2566270 26.68870000
13006 2566280 26.68890000
13007 2566290 26.68220000
13008 2566300 26.70400000
13009 2566310 26.72070000
13010 2566320 26.73020000
13011 2566330 26.73410000
13012 2566340 26.73520000
13013 2566350 26.73470000
13014 2566360 26.73900000
13015 2566370 26.73400000
13016 2566380 26.73020000
13017 2566390 26.72870000
13018 2566400 26.72720000
13019 2566410 26.72550000
13020 2566420 26.72370000
13021 2566430 26.72570000
13022 2566440 26.73980000
13023 2566450 26.74930000
13024 2566460 26.75700000
13025 2566470 26.76480000
13026 2566480 26.77470000
13027 2566490 26.78680000
13028 2566500 26.80130000
13029 2566510 26.81790000
13030 2566520 26.83630000
13031 2566530 26.85430000
13032 2566540 26.87010000
13033 2566550 26.88030000
13034 2566560 26.88210000
13035 2566570 26.87370000
13036 2566580 26.85740000
13037 2566590 26.83650000
13038 2566600 26.81410000
13039 2566610 26.79020000
13040 2566620 26.78550000
13041 2566630 26.77770000
13042 2566640 26.76640000
13043 2566650 26.75330000
13044 2566660 26.73910000
13045 2566670 26.74450000
13046 2566680 26.76340000
13047 2566690 26.77600000
13048 2566700 26.77940000
13049 2566710 26.77240000
13050 2566720 26.76170000
13051 2566730 26.78160000
13052 2566740 26.79350000
13053 2566750 26.79630000
13054 2566760 26.80320000
13055 2566770 26.80620000
13056 2566780 26.80320000
13057 2566790 26.79460000
13058 2566800 26.78160000
13059 2566810 26.76530000
13060 2566820 26.79120000
13061 2566830 26.81760000
13062 2566840 26.83650000
13063 2566850 26.84520000
13064 2566860 26.84250000
13065 2566870 26.83210000
13066 2566880 26.81780000
13067 2566890 26.80450000
13068 2566900 26.79430000
13069 2566910 26.79100000
13070 2566920 26.81030000
13071 2566930 26.83220000
13072 2566940 26.85240000
13073 2566950 26.86740000
13074 2566960 26.87620000
13075 2566970 26.87760000
13076 2566980 26.87170000
13077 2566990 26.85920000
13078 2567000 26.85910000
13079 2567010 26.86580000
13080 2567020 26.86200000
13081 2567030 26.84720000
13082 2567040 26.82330000
13083 2567050 26.79490000
13084 2567060 26.77750000
13085 2567070 26.77680000
13086 2567080 26.76040000
13087 2567090 26.73080000
13088 2567100 26.72560000
13089 2567110 26.72750000
13090 2567120 26.72660000
13091 2567130 26.72420000
13092 2567140 26.72110000
13093 2567150 26.71820000
13094 2567160 26.72200000
13095 2567170 26.72960000
13096 2567180 26.73510000
13097 2567190 26.73680000
13098 2567200 26.74110000
13099 2567210 26.76690000
13100 2567220 26.78880000
13101 2567230 26.80610000
13102 2567240 26.81900000
13103 2567250 26.82700000
13104 2567260 26.82810000
13105 2567270 26.82250000
13106 2567280 26.81010000
13107 2567290 26.79240000
13108 2567300 26.76990000
13109 2567310 26.74460000
13110 2567320 26.73490000
13111 2567330 26.74410000
13112 2567340 26.75760000
13113 2567350 26.77400000
13114 2567360 26.77650000
13115 2567370 26.76660000
13116 2567380 26.77400000
13117 2567390 26.77610000
13118 2567400 26.76990000
13119 2567410 26.75500000
13120 2567420 26.73090000
13121 2567430 26.72640000
13122 2567440 26.73320000
13123 2567450 26.72770000
13124 2567460 26.73350000
13125 2567470 26.74360000
13126 2567480 26.75690000
13127 2567490 26.76450000
13128 2567500 26.76400000
13129 2567510 26.76970000
13130 2567520 26.78150000
13131 2567530 26.78410000
13132 2567540 26.78000000
13133 2567550 26.77290000
13134 2567560 26.76490000
13135 2567570 26.75570000
13136 2567580 26.74530000
13137 2567590 26.74210000
13138 2567600 26.76930000
13139 2567610 26.78620000
13140 2567620 26.79040000
13141 2567630 26.81480000
13142 2567640 26.84120000
13143 2567650 26.86690000
13144 2567660 26.89170000
13145 2567670 26.91320000
13146 2567680 26.92890000
13147 2567690 26.93460000
13148 2567700 26.93010000
13149 2567710 26.91490000
13150 2567720 26.89140000
13151 2567730 26.86250000
13152 2567740 26.83150000
13153 2567750 26.80190000
13154 2567760 26.77310000
13155 2567770 26.74660000
13156 2567780 26.74410000
13157 2567790 26.76480000
13158 2567800 26.78890000
13159 2567810 26.81370000
13160 2567820 26.83620000
13161 2567830 26.85390000
13162 2567840 26.86370000
13163 2567850 26.86550000
13164 2567860 26.85990000
13165 2567870 26.84880000
13166 2567880 26.83320000
13167 2567890 26.81480000
13168 2567900 26.79620000
13169 2567910 26.77900000
13170 2567920 26.76370000
13171 2567930 26.74980000
13172 2567940 26.74510000
13173 2567950 26.74960000
13174 2567960 26.74430000
13175 2567970 26.73010000
13176 2567980 26.71770000
13177 2567990 26.74080000
13178 2568000 26.76140000
13179 2568010 26.77870000
13180 2568020 26.79200000
13181 2568030 26.80110000
13182 2568040 26.80510000
13183 2568050 26.80250000
13184 2568060 26.79240000
13185 2568070 26.77550000
13186 2568080 26.75230000
13187 2568090 26.72270000
13188 2568100 26.68680000
13189 2568110 26.68730000
13190 2568120 26.69560000
13191 2568130 26.69590000
13192 2568140 26.68780000
13193 2568150 26.67300000
13194 2568160 26.67890000
13195 2568170 26.69760000
13196 2568180 26.70440000
13197 2568190 26.69830000
13198 2568200 26.70380000
13199 2568210 26.70360000
13200 2568220 26.70410000
13201 2568230 26.73600000
13202 2568240 26.75790000
13203 2568250 26.76840000
13204 2568260 26.80590000
13205 2568270 26.83350000
13206 2568280 26.84320000
13207 2568290 26.83460000
13208 2568300 26.81290000
13209 2568310 26.78780000
13210 2568320 26.80640000
13211 2568330 26.81920000
13212 2568340 26.82790000
13213 2568350 26.83370000
13214 2568360 26.83760000
13215 2568370 26.83720000
13216 2568380 26.83160000
13217 2568390 26.82110000
13218 2568400 26.80820000
13219 2568410 26.79470000
13220 2568420 26.78150000
13221 2568430 26.78990000
13222 2568440 26.80010000
13223 2568450 26.80120000
13224 2568460 26.80920000
13225 2568470 26.82250000
13226 2568480 26.82160000
13227 2568490 26.80800000
13228 2568500 26.79500000
13229 2568510 26.81450000
13230 2568520 26.82540000
13231 2568530 26.82940000
13232 2568540 26.82650000
13233 2568550 26.81850000
13234 2568560 26.80600000
13235 2568570 26.79230000
13236 2568580 26.77830000
13237 2568590 26.76580000
13238 2568600 26.75300000
13239 2568610 26.74000000
13240 2568620 26.75990000
13241 2568630 26.77870000
13242 2568640 26.79500000
13243 2568650 26.80780000
13244 2568660 26.81790000
13245 2568670 26.82360000
13246 2568680 26.82220000
13247 2568690 26.81040000
13248 2568700 26.78790000
13249 2568710 26.75580000
13250 2568720 26.72280000
13251 2568730 26.72030000
13252 2568740 26.71370000
13253 2568750 26.70340000
13254 2568760 26.71290000
13255 2568770 26.73190000
13256 2568780 26.74760000
13257 2568790 26.75830000
13258 2568800 26.76190000
13259 2568810 26.75770000
13260 2568820 26.74750000
13261 2568830 26.73540000
13262 2568840 26.72520000
13263 2568850 26.71950000
13264 2568860 26.72030000
13265 2568870 26.72740000
13266 2568880 26.73930000
13267 2568890 26.75270000
13268 2568900 26.76420000
13269 2568910 26.77160000
13270 2568920 26.77330000
13271 2568930 26.76910000
13272 2568940 26.77230000
13273 2568950 26.79050000
13274 2568960 26.80320000
13275 2568970 26.80820000
13276 2568980 26.80420000
13277 2568990 26.79180000
13278 2569000 26.77500000
13279 2569010 26.78560000
13280 2569020 26.81290000
13281 2569030 26.82770000
13282 2569040 26.83050000
13283 2569050 26.82250000
13284 2569060 26.80680000
13285 2569070 26.79870000
13286 2569080 26.80450000
13287 2569090 26.80320000
13288 2569100 26.79470000
13289 2569110 26.78150000
13290 2569120 26.78980000
13291 2569130 26.80380000
13292 2569140 26.81920000
13293 2569150 26.83300000
13294 2569160 26.84050000
13295 2569170 26.83850000
13296 2569180 26.84380000
13297 2569190 26.87000000
13298 2569200 26.88790000
13299 2569210 26.89380000
13300 2569220 26.88890000
13301 2569230 26.87500000
13302 2569240 26.85550000
13303 2569250 26.83300000
13304 2569260 26.81060000
13305 2569270 26.79040000
13306 2569280 26.77150000
13307 2569290 26.75230000
13308 2569300 26.73460000
13309 2569310 26.77790000
13310 2569320 26.81470000
13311 2569330 26.83810000
13312 2569340 26.84520000
13313 2569350 26.83790000
13314 2569360 26.82190000
13315 2569370 26.80150000
13316 2569380 26.78010000
13317 2569390 26.75890000
13318 2569400 26.77290000
13319 2569410 26.78560000
13320 2569420 26.78180000
13321 2569430 26.75880000
13322 2569440 26.71900000
13323 2569450 26.70100000
13324 2569460 26.67950000
13325 2569470 26.68660000
13326 2569480 26.69620000
13327 2569490 26.70100000
13328 2569500 26.71020000
13329 2569510 26.76520000
13330 2569520 26.81210000
13331 2569530 26.84610000
13332 2569540 26.86620000
13333 2569550 26.87530000
13334 2569560 26.87710000
13335 2569570 26.87390000
13336 2569580 26.86740000
13337 2569590 26.85890000
13338 2569600 26.84810000
13339 2569610 26.83590000
13340 2569620 26.82280000
13341 2569630 26.80960000
13342 2569640 26.79580000
13343 2569650 26.78080000
13344 2569660 26.76490000
13345 2569670 26.74660000
13346 2569680 26.72330000
13347 2569690 26.71780000
13348 2569700 26.73450000
13349 2569710 26.74040000
13350 2569720 26.73710000
13351 2569730 26.72670000
13352 2569740 26.74900000
13353 2569750 26.77030000
13354 2569760 26.82020000
13355 2569770 26.86460000
13356 2569780 26.89560000
13357 2569790 26.91120000
13358 2569800 26.91110000
13359 2569810 26.89770000
13360 2569820 26.87440000
13361 2569830 26.86520000
13362 2569840 26.86880000
13363 2569850 26.87180000
13364 2569860 26.87270000
13365 2569870 26.86890000
13366 2569880 26.85980000
13367 2569890 26.84800000
13368 2569900 26.83820000
13369 2569910 26.83170000
13370 2569920 26.82650000
13371 2569930 26.83050000
13372 2569940 26.83980000
13373 2569950 26.83770000
13374 2569960 26.82240000
13375 2569970 26.79590000
13376 2569980 26.76170000
13377 2569990 26.74660000
13378 2570000 26.74020000
13379 2570010 26.72980000
13380 2570020 26.71610000
13381 2570030 26.71650000
13382 2570040 26.71290000
13383 2570050 26.69920000
13384 2570060 26.67630000
13385 2570070 26.66610000
13386 2570080 26.69690000
13387 2570090 26.72570000
13388 2570100 26.75210000
13389 2570110 26.77500000
13390 2570120 26.79380000
13391 2570130 26.80660000
13392 2570140 26.80840000
13393 2570150 26.79550000
13394 2570160 26.76720000
13395 2570170 26.76090000
13396 2570180 26.74700000
13397 2570190 26.72610000
13398 2570200 26.72310000
13399 2570210 26.73250000
13400 2570220 26.74450000
13401 2570230 26.75860000
13402 2570240 26.77490000
13403 2570250 26.79170000
13404 2570260 26.80730000
13405 2570270 26.81780000
13406 2570280 26.82040000
13407 2570290 26.81290000
13408 2570300 26.80650000
13409 2570310 26.80600000
13410 2570320 26.79920000
13411 2570330 26.78710000
13412 2570340 26.79800000
13413 2570350 26.81480000
13414 2570360 26.82850000
13415 2570370 26.83900000
13416 2570380 26.84630000
13417 2570390 26.85000000
13418 2570400 26.85020000
13419 2570410 26.84720000
13420 2570420 26.84250000
13421 2570430 26.83700000
13422 2570440 26.83090000
13423 2570450 26.82360000
13424 2570460 26.81450000
13425 2570470 26.80290000
13426 2570480 26.78830000
13427 2570490 26.77190000
13428 2570500 26.75490000
13429 2570510 26.76200000
13430 2570520 26.76180000
13431 2570530 26.75540000
13432 2570540 26.74520000
13433 2570550 26.73440000
13434 2570560 26.72920000
13435 2570570 26.72950000
13436 2570580 26.73630000
13437 2570590 26.74980000
13438 2570600 26.76690000
13439 2570610 26.78310000
13440 2570620 26.79480000
13441 2570630 26.80000000
13442 2570640 26.79870000
13443 2570650 26.79120000
13444 2570660 26.77920000
13445 2570670 26.76110000
13446 2570680 26.73450000
13447 2570690 26.73040000
13448 2570700 26.73580000
13449 2570710 26.74480000
13450 2570720 26.74800000
13451 2570730 26.76240000
13452 2570740 26.78220000
13453 2570750 26.80320000
13454 2570760 26.82210000
13455 2570770 26.83490000
13456 2570780 26.83760000
13457 2570790 26.82850000
13458 2570800 26.80980000
13459 2570810 26.78640000
13460 2570820 26.76290000
13461 2570830 26.75170000
13462 2570840 26.77420000
13463 2570850 26.78530000
13464 2570860 26.78650000
13465 2570870 26.78220000
13466 2570880 26.77720000
13467 2570890 26.77560000
13468 2570900 26.77740000
13469 2570910 26.78190000
13470 2570920 26.78770000
13471 2570930 26.79250000
13472 2570940 26.79430000
13473 2570950 26.79190000
13474 2570960 26.80140000
13475 2570970 26.82300000
13476 2570980 26.84030000
13477 2570990 26.85610000
13478 2571000 26.87260000
13479 2571010 26.88950000
13480 2571020 26.90450000
13481 2571030 26.91530000
13482 2571040 26.92110000
13483 2571050 26.92200000
13484 2571060 26.91900000
13485 2571070 26.91230000
13486 2571080 26.90250000
13487 2571090 26.90470000
13488 2571100 26.90060000
13489 2571110 26.88980000
13490 2571120 26.87480000
13491 2571130 26.89630000
13492 2571140 26.91990000
13493 2571150 26.93440000
13494 2571160 26.93810000
13495 2571170 26.93140000
13496 2571180 26.91590000
13497 2571190 26.89390000
13498 2571200 26.86640000
13499 2571210 26.83430000
13500 2571220 26.79800000
13501 2571230 26.75870000
13502 2571240 26.71840000
13503 2571250 26.69990000
13504 2571260 26.71140000
13505 2571270 26.73040000
13506 2571280 26.75070000
13507 2571290 26.76980000
13508 2571300 26.78390000
13509 2571310 26.78830000
13510 2571320 26.78030000
13511 2571330 26.75860000
13512 2571340 26.75240000
13513 2571350 26.75100000
13514 2571360 26.73900000
13515 2571370 26.73900000
13516 2571380 26.77400000
13517 2571390 26.81150000
13518 2571400 26.84520000
13519 2571410 26.86850000
13520 2571420 26.87510000
13521 2571430 26.86490000
13522 2571440 26.84310000
13523 2571450 26.83930000
13524 2571460 26.83660000
13525 2571470 26.83930000
13526 2571480 26.84820000
13527 2571490 26.86190000
13528 2571500 26.87720000
13529 2571510 26.89000000
13530 2571520 26.89900000
13531 2571530 26.90140000
13532 2571540 26.89320000
13533 2571550 26.87350000
13534 2571560 26.84260000
13535 2571570 26.80220000
13536 2571580 26.76660000
13537 2571590 26.78780000
13538 2571600 26.80450000
13539 2571610 26.81750000
13540 2571620 26.82610000
13541 2571630 26.82960000
13542 2571640 26.82770000
13543 2571650 26.82020000
13544 2571660 26.80690000
13545 2571670 26.79650000
13546 2571680 26.80820000
13547 2571690 26.80980000
13548 2571700 26.80270000
13549 2571710 26.79030000
13550 2571720 26.77510000
13551 2571730 26.77100000
13552 2571740 26.80460000
13553 2571750 26.82880000
13554 2571760 26.84270000
13555 2571770 26.84780000
13556 2571780 26.84800000
13557 2571790 26.84640000
13558 2571800 26.84490000
13559 2571810 26.84360000
13560 2571820 26.84270000
13561 2571830 26.84350000
13562 2571840 26.84490000
13563 2571850 26.84550000
13564 2571860 26.84170000
13565 2571870 26.82930000
13566 2571880 26.80530000
13567 2571890 26.76990000
13568 2571900 26.72560000
13569 2571910 26.71750000
13570 2571920 26.71730000
13571 2571930 26.72790000
13572 2571940 26.75070000
13573 2571950 26.77210000
13574 2571960 26.78580000
13575 2571970 26.78860000
13576 2571980 26.78420000
13577 2571990 26.78870000
13578 2572000 26.78450000
13579 2572010 26.77070000
13580 2572020 26.74970000
13581 2572030 26.73130000
13582 2572040 26.73130000
13583 2572050 26.71910000
13584 2572060 26.69720000
13585 2572070 26.70790000
13586 2572080 26.73660000
13587 2572090 26.76540000
13588 2572100 26.78980000
13589 2572110 26.80420000
13590 2572120 26.80560000
13591 2572130 26.79450000
13592 2572140 26.77260000
13593 2572150 26.75580000
13594 2572160 26.74270000
13595 2572170 26.73870000
13596 2572180 26.74610000
13597 2572190 26.76360000
13598 2572200 26.76780000
13599 2572210 26.76180000
13600 2572220 26.74920000
13601 2572230 26.75810000
13602 2572240 26.77470000
13603 2572250 26.79020000
13604 2572260 26.80190000
13605 2572270 26.80700000
13606 2572280 26.80290000
13607 2572290 26.78850000
13608 2572300 26.80230000
13609 2572310 26.82990000
13610 2572320 26.84950000
13611 2572330 26.86080000
13612 2572340 26.86370000
13613 2572350 26.85990000
13614 2572360 26.85120000
13615 2572370 26.83950000
13616 2572380 26.82590000
13617 2572390 26.82910000
13618 2572400 26.84900000
13619 2572410 26.87370000
13620 2572420 26.90110000
13621 2572430 26.92730000
13622 2572440 26.94580000
13623 2572450 26.95130000
13624 2572460 26.94200000
13625 2572470 26.92090000
13626 2572480 26.89220000
13627 2572490 26.85900000
13628 2572500 26.82330000
13629 2572510 26.78800000
13630 2572520 26.75540000
13631 2572530 26.72760000
13632 2572540 26.72340000
13633 2572550 26.73130000
13634 2572560 26.74260000
13635 2572570 26.75690000
13636 2572580 26.77140000
13637 2572590 26.78300000
13638 2572600 26.78920000
13639 2572610 26.78910000
13640 2572620 26.78160000
13641 2572630 26.76590000
13642 2572640 26.74130000
13643 2572650 26.70780000
13644 2572660 26.70630000
13645 2572670 26.70710000
13646 2572680 26.70710000
13647 2572690 26.70950000
13648 2572700 26.71550000
13649 2572710 26.72520000
13650 2572720 26.73690000
13651 2572730 26.74890000
13652 2572740 26.75810000
13653 2572750 26.76260000
13654 2572760 26.76050000
13655 2572770 26.75050000
13656 2572780 26.73240000
13657 2572790 26.72990000
13658 2572800 26.75490000
13659 2572810 26.77180000
13660 2572820 26.77990000
13661 2572830 26.78050000
13662 2572840 26.77540000
13663 2572850 26.79090000
13664 2572860 26.81090000
13665 2572870 26.83130000
13666 2572880 26.85190000
13667 2572890 26.87060000
13668 2572900 26.88470000
13669 2572910 26.89230000
13670 2572920 26.89290000
13671 2572930 26.88650000
13672 2572940 26.87310000
13673 2572950 26.85240000
13674 2572960 26.82690000
13675 2572970 26.79710000
13676 2572980 26.77450000
13677 2572990 26.79280000
13678 2573000 26.80480000
13679 2573010 26.80930000
13680 2573020 26.80680000
13681 2573030 26.79800000
13682 2573040 26.78380000
13683 2573050 26.76590000
13684 2573060 26.74690000
13685 2573070 26.73200000
13686 2573080 26.73670000
13687 2573090 26.73630000
13688 2573100 26.72810000
13689 2573110 26.71140000
13690 2573120 26.69910000
13691 2573130 26.69100000
13692 2573140 26.68870000
13693 2573150 26.70040000
13694 2573160 26.69770000
13695 2573170 26.69600000
13696 2573180 26.69480000
13697 2573190 26.70200000
13698 2573200 26.71560000
13699 2573210 26.73010000
13700 2573220 26.75890000
13701 2573230 26.77930000
13702 2573240 26.79220000
13703 2573250 26.79880000
13704 2573260 26.79950000
13705 2573270 26.82840000
13706 2573280 26.85720000
13707 2573290 26.87240000
13708 2573300 26.87520000
13709 2573310 26.86940000
13710 2573320 26.85710000
13711 2573330 26.83890000
13712 2573340 26.81700000
13713 2573350 26.79290000
13714 2573360 26.76840000
13715 2573370 26.74540000
13716 2573380 26.75330000
13717 2573390 26.78290000
13718 2573400 26.80110000
13719 2573410 26.80490000
13720 2573420 26.79460000
13721 2573430 26.77410000
13722 2573440 26.74830000
13723 2573450 26.74830000
13724 2573460 26.75650000
13725 2573470 26.76550000
13726 2573480 26.77350000
13727 2573490 26.77930000
13728 2573500 26.78230000
13729 2573510 26.78230000
13730 2573520 26.77830000
13731 2573530 26.77150000
13732 2573540 26.76310000
13733 2573550 26.77650000
13734 2573560 26.78800000
13735 2573570 26.78300000
13736 2573580 26.76490000
13737 2573590 26.73900000
13738 2573600 26.73420000
13739 2573610 26.72820000
13740 2573620 26.73320000
13741 2573630 26.73870000
13742 2573640 26.75300000
13743 2573650 26.75940000
13744 2573660 26.75790000
13745 2573670 26.74930000
13746 2573680 26.73780000
13747 2573690 26.73850000
13748 2573700 26.73280000
13749 2573710 26.76940000
13750 2573720 26.80860000
13751 2573730 26.83360000
13752 2573740 26.84450000
13753 2573750 26.84420000
13754 2573760 26.83500000
13755 2573770 26.81900000
13756 2573780 26.79850000
13757 2573790 26.77500000
13758 2573800 26.76070000
13759 2573810 26.77080000
13760 2573820 26.76930000
13761 2573830 26.75520000
13762 2573840 26.74000000
13763 2573850 26.74730000
13764 2573860 26.74660000
13765 2573870 26.74050000
13766 2573880 26.73200000
13767 2573890 26.72570000
13768 2573900 26.74840000
13769 2573910 26.76070000
13770 2573920 26.76160000
13771 2573930 26.76540000
13772 2573940 26.76700000
13773 2573950 26.75930000
13774 2573960 26.74290000
13775 2573970 26.75210000
13776 2573980 26.76080000
13777 2573990 26.76820000
13778 2574000 26.78080000
13779 2574010 26.79050000
13780 2574020 26.79920000
13781 2574030 26.80740000
13782 2574040 26.81450000
13783 2574050 26.81760000
13784 2574060 26.81570000
13785 2574070 26.81120000
13786 2574080 26.80470000
13787 2574090 26.78530000
13788 2574100 26.76140000
13789 2574110 26.77880000
13790 2574120 26.78250000
13791 2574130 26.76960000
13792 2574140 26.74000000
13793 2574150 26.73250000
13794 2574160 26.75090000
13795 2574170 26.76360000
13796 2574180 26.77000000
13797 2574190 26.77020000
13798 2574200 26.76370000
13799 2574210 26.75290000
13800 2574220 26.73840000
13801 2574230 26.72130000
13802 2574240 26.71500000
13803 2574250 26.74570000
13804 2574260 26.77140000
13805 2574270 26.79290000
13806 2574280 26.81070000
13807 2574290 26.82440000
13808 2574300 26.83260000
13809 2574310 26.83280000
13810 2574320 26.82390000
13811 2574330 26.80540000
13812 2574340 26.78700000
13813 2574350 26.78400000
13814 2574360 26.77170000
13815 2574370 26.75240000
13816 2574380 26.72880000
13817 2574390 26.70180000
13818 2574400 26.72950000
13819 2574410 26.75620000
13820 2574420 26.77350000
13821 2574430 26.77990000
13822 2574440 26.77300000
13823 2574450 26.75180000
13824 2574460 26.72000000
13825 2574470 26.70360000
13826 2574480 26.74570000
13827 2574490 26.77300000
13828 2574500 26.78130000
13829 2574510 26.76970000
13830 2574520 26.74400000
13831 2574530 26.72400000
13832 2574540 26.72400000
13833 2574550 26.73550000
13834 2574560 26.78530000
13835 2574570 26.83420000
13836 2574580 26.87820000
13837 2574590 26.91480000
13838 2574600 26.94150000
13839 2574610 26.95770000
13840 2574620 26.96320000
13841 2574630 26.95940000
13842 2574640 26.94730000
13843 2574650 26.93010000
13844 2574660 26.91000000
13845 2574670 26.88920000
13846 2574680 26.86830000
13847 2574690 26.84900000
13848 2574700 26.83150000
13849 2574710 26.81620000
13850 2574720 26.80030000
13851 2574730 26.78090000
13852 2574740 26.78330000
13853 2574750 26.78050000
13854 2574760 26.76750000
13855 2574770 26.77700000
13856 2574780 26.78280000
13857 2574790 26.78210000
13858 2574800 26.77510000
13859 2574810 26.76250000
13860 2574820 26.74500000
13861 2574830 26.72540000
13862 2574840 26.73910000
13863 2574850 26.74730000
13864 2574860 26.74950000
13865 2574870 26.74660000
13866 2574880 26.73950000
13867 2574890 26.72980000
13868 2574900 26.71890000
13869 2574910 26.71450000
13870 2574920 26.71180000
13871 2574930 26.70230000
13872 2574940 26.70120000
13873 2574950 26.72180000
13874 2574960 26.74720000
13875 2574970 26.76220000
13876 2574980 26.76160000
13877 2574990 26.74520000
13878 2575000 26.71590000
13879 2575010 26.71060000
13880 2575020 26.70950000
13881 2575030 26.69880000
13882 2575040 26.68290000
13883 2575050 26.68780000
13884 2575060 26.69760000
13885 2575070 26.70820000
13886 2575080 26.71670000
13887 2575090 26.72090000
13888 2575100 26.73020000
13889 2575110 26.74830000
13890 2575120 26.75970000
13891 2575130 26.76280000
13892 2575140 26.75720000
13893 2575150 26.74590000
13894 2575160 26.73130000
13895 2575170 26.71670000
13896 2575180 26.70350000
13897 2575190 26.71610000
13898 2575200 26.73180000
13899 2575210 26.74290000
13900 2575220 26.74980000
13901 2575230 26.75300000
13902 2575240 26.76150000
13903 2575250 26.76550000
13904 2575260 26.76480000
13905 2575270 26.75920000
13906 2575280 26.76250000
13907 2575290 26.76910000
13908 2575300 26.77630000
13909 2575310 26.78210000
13910 2575320 26.78370000
13911 2575330 26.77910000
13912 2575340 26.76790000
13913 2575350 26.77490000
13914 2575360 26.78870000
13915 2575370 26.79460000
13916 2575380 26.79260000
13917 2575390 26.78360000
13918 2575400 26.76810000
13919 2575410 26.74790000
13920 2575420 26.72520000
13921 2575430 26.74690000
13922 2575440 26.76390000
13923 2575450 26.77390000
13924 2575460 26.77540000
13925 2575470 26.76780000
13926 2575480 26.75650000
13927 2575490 26.77210000
13928 2575500 26.78260000
13929 2575510 26.80000000
13930 2575520 26.81250000
13931 2575530 26.82040000
13932 2575540 26.82270000
13933 2575550 26.82710000
13934 2575560 26.84080000
13935 2575570 26.84440000
13936 2575580 26.83620000
13937 2575590 26.81660000
13938 2575600 26.78820000
13939 2575610 26.75490000
13940 2575620 26.76210000
13941 2575630 26.76680000
13942 2575640 26.77020000
13943 2575650 26.77290000
13944 2575660 26.77570000
13945 2575670 26.77770000
13946 2575680 26.77710000
13947 2575690 26.79250000
13948 2575700 26.81080000
13949 2575710 26.82460000
13950 2575720 26.83390000
13951 2575730 26.83860000
13952 2575740 26.84040000
13953 2575750 26.84100000
13954 2575760 26.84210000
13955 2575770 26.84240000
13956 2575780 26.83980000
13957 2575790 26.83230000
13958 2575800 26.82060000
13959 2575810 26.80570000
13960 2575820 26.78870000
13961 2575830 26.77000000
13962 2575840 26.78350000
13963 2575850 26.80000000
13964 2575860 26.81300000
13965 2575870 26.81840000
13966 2575880 26.81410000
13967 2575890 26.79920000
13968 2575900 26.78260000
13969 2575910 26.78360000
13970 2575920 26.78580000
13971 2575930 26.78800000
13972 2575940 26.78920000
13973 2575950 26.78830000
13974 2575960 26.78340000
13975 2575970 26.77410000
13976 2575980 26.77310000
13977 2575990 26.78340000
13978 2576000 26.78220000
13979 2576010 26.76990000
13980 2576020 26.75930000
13981 2576030 26.76240000
13982 2576040 26.76000000
13983 2576050 26.75210000
13984 2576060 26.74740000
13985 2576070 26.76060000
13986 2576080 26.77050000
13987 2576090 26.77590000
13988 2576100 26.77660000
13989 2576110 26.77740000
13990 2576120 26.78390000
13991 2576130 26.78730000
13992 2576140 26.78740000
13993 2576150 26.78430000
13994 2576160 26.77940000
13995 2576170 26.78240000
13996 2576180 26.80280000
13997 2576190 26.82610000
13998 2576200 26.84870000
13999 2576210 26.86710000
14000 2576220 26.87880000
14001 2576230 26.88250000
14002 2576240 26.87850000
14003 2576250 26.86750000
14004 2576260 26.85220000
14005 2576270 26.83400000
14006 2576280 26.81520000
14007 2576290 26.79770000
14008 2576300 26.79510000
14009 2576310 26.81510000
14010 2576320 26.82620000
14011 2576330 26.82970000
14012 2576340 26.82850000
14013 2576350 26.82530000
14014 2576360 26.82210000
14015 2576370 26.81850000
14016 2576380 26.81200000
14017 2576390 26.80030000
14018 2576400 26.78290000
14019 2576410 26.76010000
14020 2576420 26.73440000
14021 2576430 26.72060000
14022 2576440 26.71240000
14023 2576450 26.69790000
14024 2576460 26.69700000
14025 2576470 26.70590000
14026 2576480 26.70380000
14027 2576490 26.71210000
14028 2576500 26.72010000
14029 2576510 26.72520000
14030 2576520 26.72680000
14031 2576530 26.72470000
14032 2576540 26.71870000
14033 2576550 26.70870000
14034 2576560 26.69490000
14035 2576570 26.71310000
14036 2576580 26.74810000
14037 2576590 26.78560000
14038 2576600 26.82380000
14039 2576610 26.85790000
14040 2576620 26.88210000
14041 2576630 26.89090000
14042 2576640 26.87960000
14043 2576650 26.84890000
14044 2576660 26.80410000
14045 2576670 26.75480000
14046 2576680 26.75480000
14047 2576690 26.74460000
14048 2576700 26.72620000
14049 2576710 26.71610000
14050 2576720 26.73760000
14051 2576730 26.76020000
14052 2576740 26.78020000
14053 2576750 26.79340000
14054 2576760 26.79800000
14055 2576770 26.79400000
14056 2576780 26.78380000
14057 2576790 26.76950000
14058 2576800 26.75440000
14059 2576810 26.76450000
14060 2576820 26.77680000
14061 2576830 26.79090000
14062 2576840 26.80520000
14063 2576850 26.81660000
14064 2576860 26.82370000
14065 2576870 26.82340000
14066 2576880 26.81480000
14067 2576890 26.79940000
14068 2576900 26.77830000
14069 2576910 26.75290000
14070 2576920 26.75610000
14071 2576930 26.76910000
14072 2576940 26.77720000
14073 2576950 26.78070000
14074 2576960 26.78030000
14075 2576970 26.77760000
14076 2576980 26.77510000
14077 2576990 26.77390000
14078 2577000 26.77380000
14079 2577010 26.77400000
14080 2577020 26.77240000
14081 2577030 26.76730000
14082 2577040 26.75600000
14083 2577050 26.77350000
14084 2577060 26.79240000
14085 2577070 26.80130000
14086 2577080 26.80180000
14087 2577090 26.79540000
14088 2577100 26.78300000
14089 2577110 26.78760000
14090 2577120 26.78380000
14091 2577130 26.77230000
14092 2577140 26.75640000
14093 2577150 26.76300000
14094 2577160 26.77180000
14095 2577170 26.77540000
14096 2577180 26.78610000
14097 2577190 26.78590000
14098 2577200 26.77700000
14099 2577210 26.76320000
14100 2577220 26.78470000
14101 2577230 26.81330000
14102 2577240 26.84510000
14103 2577250 26.85920000
14104 2577260 26.85400000
14105 2577270 26.83420000
14106 2577280 26.85030000
14107 2577290 26.85350000
14108 2577300 26.84280000
14109 2577310 26.82080000
14110 2577320 26.79180000
14111 2577330 26.77240000
14112 2577340 26.78520000
14113 2577350 26.79850000
14114 2577360 26.81050000
14115 2577370 26.81870000
14116 2577380 26.82070000
14117 2577390 26.81320000
14118 2577400 26.79650000
14119 2577410 26.77080000
14120 2577420 26.75490000
14121 2577430 26.75310000
14122 2577440 26.74580000
14123 2577450 26.74400000
14124 2577460 26.75040000
14125 2577470 26.75110000
14126 2577480 26.74360000
14127 2577490 26.72620000
14128 2577500 26.71430000
14129 2577510 26.73710000
14130 2577520 26.76550000
14131 2577530 26.79360000
14132 2577540 26.81520000
14133 2577550 26.82270000
14134 2577560 26.81090000
14135 2577570 26.77950000
14136 2577580 26.73480000
14137 2577590 26.72480000
14138 2577600 26.73830000
14139 2577610 26.74440000
14140 2577620 26.74570000
14141 2577630 26.74440000
14142 2577640 26.74270000
14143 2577650 26.74140000
14144 2577660 26.73980000
14145 2577670 26.73710000
14146 2577680 26.73190000
14147 2577690 26.76520000
14148 2577700 26.79610000
14149 2577710 26.82340000
14150 2577720 26.84500000
14151 2577730 26.85630000
14152 2577740 26.85660000
14153 2577750 26.84580000
14154 2577760 26.82280000
14155 2577770 26.79080000
14156 2577780 26.75520000
14157 2577790 26.71920000
14158 2577800 26.71970000
14159 2577810 26.71900000
14160 2577820 26.71350000
14161 2577830 26.72380000
14162 2577840 26.73350000
14163 2577850 26.73490000
14164 2577860 26.72910000
14165 2577870 26.71670000
14166 2577880 26.70090000
14167 2577890 26.73940000
14168 2577900 26.77150000
14169 2577910 26.78850000
14170 2577920 26.78890000
14171 2577930 26.77420000
14172 2577940 26.74680000
14173 2577950 26.74630000
14174 2577960 26.74970000
14175 2577970 26.74850000
14176 2577980 26.78220000
14177 2577990 26.81340000
14178 2578000 26.83540000
14179 2578010 26.84050000
14180 2578020 26.82540000
14181 2578030 26.79380000
14182 2578040 26.75280000
14183 2578050 26.72090000
14184 2578060 26.72180000
14185 2578070 26.73360000
14186 2578080 26.74120000
14187 2578090 26.74340000
14188 2578100 26.74150000
14189 2578110 26.73810000
14190 2578120 26.73410000
14191 2578130 26.72830000
14192 2578140 26.73100000
14193 2578150 26.73520000
14194 2578160 26.73410000
14195 2578170 26.72970000
14196 2578180 26.72350000
14197 2578190 26.71590000
14198 2578200 26.70770000
14199 2578210 26.70790000
14200 2578220 26.71150000
14201 2578230 26.71040000
14202 2578240 26.70260000
14203 2578250 26.71660000
14204 2578260 26.73190000
14205 2578270 26.74660000
14206 2578280 26.76680000
14207 2578290 26.78200000
14208 2578300 26.79030000
14209 2578310 26.79060000
14210 2578320 26.78320000
14211 2578330 26.78380000
14212 2578340 26.77530000
14213 2578350 26.77990000
14214 2578360 26.79400000
14215 2578370 26.79370000
14216 2578380 26.78000000
14217 2578390 26.75640000
14218 2578400 26.78290000
14219 2578410 26.80990000
14220 2578420 26.82970000
14221 2578430 26.84000000
14222 2578440 26.84010000
14223 2578450 26.83040000
14224 2578460 26.81170000
14225 2578470 26.78610000
14226 2578480 26.75570000
14227 2578490 26.73500000
14228 2578500 26.75020000
14229 2578510 26.76100000
14230 2578520 26.76740000
14231 2578530 26.77000000
14232 2578540 26.76850000
14233 2578550 26.78900000
14234 2578560 26.80830000
14235 2578570 26.82270000
14236 2578580 26.83070000
14237 2578590 26.83230000
14238 2578600 26.82710000
14239 2578610 26.81540000
14240 2578620 26.79800000
14241 2578630 26.77600000
14242 2578640 26.75210000
14243 2578650 26.75790000
14244 2578660 26.77730000
14245 2578670 26.79420000
14246 2578680 26.80690000
14247 2578690 26.81220000
14248 2578700 26.80830000
14249 2578710 26.79430000
14250 2578720 26.77100000
14251 2578730 26.74100000
14252 2578740 26.72130000
14253 2578750 26.71890000
14254 2578760 26.72750000
14255 2578770 26.74470000
14256 2578780 26.75570000
14257 2578790 26.76180000
14258 2578800 26.76570000
14259 2578810 26.77000000
14260 2578820 26.77520000
14261 2578830 26.77890000
14262 2578840 26.77850000
14263 2578850 26.77300000
14264 2578860 26.76280000
14265 2578870 26.75020000
14266 2578880 26.73970000
14267 2578890 26.74610000
14268 2578900 26.75050000
14269 2578910 26.74680000
14270 2578920 26.73580000
14271 2578930 26.72700000
14272 2578940 26.74030000
14273 2578950 26.75270000
14274 2578960 26.75500000
14275 2578970 26.74840000
14276 2578980 26.75680000
14277 2578990 26.76790000
14278 2579000 26.77370000
14279 2579010 26.77500000
14280 2579020 26.77170000
14281 2579030 26.76470000
14282 2579040 26.76130000
14283 2579050 26.75370000
14284 2579060 26.73920000
14285 2579070 26.75260000
14286 2579080 26.76740000
14287 2579090 26.78350000
14288 2579100 26.79850000
14289 2579110 26.80980000
14290 2579120 26.81880000
14291 2579130 26.82730000
14292 2579140 26.83510000
14293 2579150 26.84630000
14294 2579160 26.86650000
14295 2579170 26.88720000
14296 2579180 26.90610000
14297 2579190 26.91870000
14298 2579200 26.92060000
14299 2579210 26.90830000
14300 2579220 26.88320000
14301 2579230 26.86240000
14302 2579240 26.83790000
14303 2579250 26.80790000
14304 2579260 26.77600000
14305 2579270 26.74560000
14306 2579280 26.71910000
14307 2579290 26.70330000
14308 2579300 26.73650000
14309 2579310 26.76450000
14310 2579320 26.78510000
14311 2579330 26.79700000
14312 2579340 26.79860000
14313 2579350 26.79150000
14314 2579360 26.77780000
14315 2579370 26.75990000
14316 2579380 26.74010000
14317 2579390 26.72640000
14318 2579400 26.73750000
14319 2579410 26.74300000
14320 2579420 26.74480000
14321 2579430 26.74280000
14322 2579440 26.73870000
14323 2579450 26.73250000
14324 2579460 26.72640000
14325 2579470 26.72020000
14326 2579480 26.71560000
14327 2579490 26.71250000
14328 2579500 26.71090000
14329 2579510 26.71300000
14330 2579520 26.71590000
14331 2579530 26.71620000
14332 2579540 26.72220000
14333 2579550 26.73260000
14334 2579560 26.74260000
14335 2579570 26.74890000
14336 2579580 26.75010000
14337 2579590 26.76250000
14338 2579600 26.77200000
14339 2579610 26.77730000
14340 2579620 26.78030000
14341 2579630 26.78190000
14342 2579640 26.78710000
14343 2579650 26.79830000
14344 2579660 26.80080000
14345 2579670 26.79580000
14346 2579680 26.78450000
14347 2579690 26.76820000
14348 2579700 26.75120000
14349 2579710 26.74080000
14350 2579720 26.73030000
14351 2579730 26.74070000
14352 2579740 26.76530000
14353 2579750 26.78250000
14354 2579760 26.79130000
14355 2579770 26.81020000
14356 2579780 26.82490000
14357 2579790 26.83340000
14358 2579800 26.83500000
14359 2579810 26.82950000
14360 2579820 26.81670000
14361 2579830 26.81430000
14362 2579840 26.80950000
14363 2579850 26.80050000
14364 2579860 26.78690000
14365 2579870 26.77090000
14366 2579880 26.75490000
14367 2579890 26.75430000
14368 2579900 26.76350000
14369 2579910 26.76500000
14370 2579920 26.76030000
14371 2579930 26.75130000
14372 2579940 26.73920000
14373 2579950 26.74820000
14374 2579960 26.75880000
14375 2579970 26.76730000
14376 2579980 26.77350000
14377 2579990 26.77750000
14378 2580000 26.77780000
14379 2580010 26.77170000
14380 2580020 26.75840000
14381 2580030 26.75380000
14382 2580040 26.76240000
14383 2580050 26.78020000
14384 2580060 26.80030000
14385 2580070 26.82280000
14386 2580080 26.84690000
14387 2580090 26.87220000
14388 2580100 26.89830000
14389 2580110 26.92410000
14390 2580120 26.94900000
14391 2580130 26.97160000
14392 2580140 26.98950000
14393 2580150 26.99940000
14394 2580160 26.99860000
14395 2580170 26.98580000
14396 2580180 26.96140000
14397 2580190 26.92770000
14398 2580200 26.88760000
14399 2580210 26.84350000
14400 2580220 26.79880000
14401 2580230 26.75670000
14402 2580240 26.74070000
14403 2580250 26.75290000
14404 2580260 26.76390000
14405 2580270 26.77350000
14406 2580280 26.78180000
14407 2580290 26.78930000
14408 2580300 26.79570000
14409 2580310 26.80020000
14410 2580320 26.80690000
14411 2580330 26.81800000
14412 2580340 26.82180000
14413 2580350 26.81680000
14414 2580360 26.80620000
14415 2580370 26.80660000
14416 2580380 26.80290000
14417 2580390 26.79440000
14418 2580400 26.78200000
14419 2580410 26.77650000
14420 2580420 26.80070000
14421 2580430 26.82120000
14422 2580440 26.83850000
14423 2580450 26.85300000
14424 2580460 26.86440000
14425 2580470 26.87250000
14426 2580480 26.87580000
14427 2580490 26.87270000
14428 2580500 26.86180000
14429 2580510 26.84470000
14430 2580520 26.82200000
14431 2580530 26.79570000
14432 2580540 26.76780000
14433 2580550 26.74160000
14434 2580560 26.72420000
14435 2580570 26.71020000
14436 2580580 26.71290000
14437 2580590 26.71270000
14438 2580600 26.72390000
14439 2580610 26.74200000
14440 2580620 26.74530000
14441 2580630 26.73710000
14442 2580640 26.74860000
14443 2580650 26.77010000
14444 2580660 26.79100000
14445 2580670 26.80860000
14446 2580680 26.82200000
14447 2580690 26.82980000
14448 2580700 26.83220000
14449 2580710 26.82910000
14450 2580720 26.82060000
14451 2580730 26.80780000
14452 2580740 26.79240000
14453 2580750 26.77800000
14454 2580760 26.79520000
14455 2580770 26.80740000
14456 2580780 26.81210000
14457 2580790 26.80920000
14458 2580800 26.79980000
14459 2580810 26.78460000
14460 2580820 26.76460000
14461 2580830 26.76240000
14462 2580840 26.78400000
14463 2580850 26.79480000
14464 2580860 26.80080000
14465 2580870 26.80570000
14466 2580880 26.79890000
14467 2580890 26.77970000
14468 2580900 26.75970000
14469 2580910 26.74890000
14470 2580920 26.75780000
14471 2580930 26.75130000
14472 2580940 26.75600000
14473 2580950 26.76390000
14474 2580960 26.76770000
14475 2580970 26.76660000
14476 2580980 26.76490000
14477 2580990 26.78090000
14478 2581000 26.79420000
14479 2581010 26.80220000
14480 2581020 26.80220000
14481 2581030 26.79280000
14482 2581040 26.77780000
14483 2581050 26.76320000
14484 2581060 26.73640000
14485 2581070 26.75120000
14486 2581080 26.75250000
14487 2581090 26.73570000
14488 2581100 26.76100000
14489 2581110 26.78440000
14490 2581120 26.80270000
14491 2581130 26.81500000
14492 2581140 26.82250000
14493 2581150 26.82840000
14494 2581160 26.83390000
14495 2581170 26.83820000
14496 2581180 26.83770000
14497 2581190 26.83030000
14498 2581200 26.81500000
14499 2581210 26.79310000
14500 2581220 26.76690000
14501 2581230 26.74180000
14502 2581240 26.76060000
14503 2581250 26.76910000
14504 2581260 26.76600000
14505 2581270 26.75350000
14506 2581280 26.73480000
14507 2581290 26.71320000
14508 2581300 26.70350000
14509 2581310 26.74140000
14510 2581320 26.76870000
14511 2581330 26.78330000
14512 2581340 26.78470000
14513 2581350 26.77770000
14514 2581360 26.76740000
14515 2581370 26.75530000
14516 2581380 26.73830000
14517 2581390 26.71320000
14518 2581400 26.72880000
14519 2581410 26.74050000
14520 2581420 26.74200000
14521 2581430 26.73270000
14522 2581440 26.71560000
14523 2581450 26.70300000
14524 2581460 26.71380000
14525 2581470 26.73320000
14526 2581480 26.75350000
14527 2581490 26.76670000
14528 2581500 26.77090000
14529 2581510 26.76620000
14530 2581520 26.75300000
14531 2581530 26.75340000
14532 2581540 26.76990000
14533 2581550 26.78910000
14534 2581560 26.80590000
14535 2581570 26.81780000
14536 2581580 26.82150000
14537 2581590 26.81790000
14538 2581600 26.80820000
14539 2581610 26.79450000
14540 2581620 26.77900000
14541 2581630 26.76340000
14542 2581640 26.74870000
14543 2581650 26.73490000
14544 2581660 26.72150000
14545 2581670 26.70840000
14546 2581680 26.70770000
14547 2581690 26.72080000
14548 2581700 26.72950000
14549 2581710 26.72830000
14550 2581720 26.71400000
14551 2581730 26.73490000
14552 2581740 26.75560000
14553 2581750 26.77040000
14554 2581760 26.77890000
14555 2581770 26.78000000
14556 2581780 26.77350000
14557 2581790 26.75890000
14558 2581800 26.74910000
14559 2581810 26.73460000
14560 2581820 26.74110000
14561 2581830 26.74530000
14562 2581840 26.74920000
14563 2581850 26.75350000
14564 2581860 26.75900000
14565 2581870 26.76510000
14566 2581880 26.77200000
14567 2581890 26.77760000
14568 2581900 26.78080000
14569 2581910 26.78100000
14570 2581920 26.77590000
14571 2581930 26.76700000
14572 2581940 26.75560000
14573 2581950 26.74270000
14574 2581960 26.73580000
14575 2581970 26.73060000
14576 2581980 26.72280000
14577 2581990 26.73760000
14578 2582000 26.74560000
14579 2582010 26.74200000
14580 2582020 26.72550000
14581 2582030 26.70800000
14582 2582040 26.69950000
14583 2582050 26.68590000
14584 2582060 26.70160000
14585 2582070 26.72060000
14586 2582080 26.73290000
14587 2582090 26.73740000
14588 2582100 26.73570000
14589 2582110 26.72990000
14590 2582120 26.74280000
14591 2582130 26.75430000
14592 2582140 26.75120000
14593 2582150 26.76150000
14594 2582160 26.77410000
14595 2582170 26.78140000
14596 2582180 26.78410000
14597 2582190 26.78070000
14598 2582200 26.77000000
14599 2582210 26.75060000
14600 2582220 26.72960000
14601 2582230 26.71770000
14602 2582240 26.71730000
14603 2582250 26.71420000
14604 2582260 26.72130000
14605 2582270 26.73180000
14606 2582280 26.73680000
14607 2582290 26.74030000
14608 2582300 26.75910000
14609 2582310 26.77750000
14610 2582320 26.79350000
14611 2582330 26.80230000
14612 2582340 26.80010000
14613 2582350 26.78340000
14614 2582360 26.77350000
14615 2582370 26.77060000
14616 2582380 26.79030000
14617 2582390 26.81240000
14618 2582400 26.81970000
14619 2582410 26.81360000
14620 2582420 26.79840000
14621 2582430 26.78090000
14622 2582440 26.76530000
14623 2582450 26.75360000
14624 2582460 26.74800000
14625 2582470 26.74040000
14626 2582480 26.73780000
14627 2582490 26.73720000
14628 2582500 26.73700000
14629 2582510 26.73530000
14630 2582520 26.73070000
14631 2582530 26.73190000
14632 2582540 26.73640000
14633 2582550 26.74760000
14634 2582560 26.76850000
14635 2582570 26.78480000
14636 2582580 26.79190000
14637 2582590 26.79480000
14638 2582600 26.79570000
14639 2582610 26.79410000
14640 2582620 26.79210000
14641 2582630 26.79120000
14642 2582640 26.79100000
14643 2582650 26.79020000
14644 2582660 26.78820000
14645 2582670 26.78660000
14646 2582680 26.78660000
14647 2582690 26.78790000
14648 2582700 26.78890000
14649 2582710 26.78820000
14650 2582720 26.78520000
14651 2582730 26.78050000
14652 2582740 26.77640000
14653 2582750 26.77360000
14654 2582760 26.77270000
14655 2582770 26.77140000
14656 2582780 26.79020000
14657 2582790 26.80970000
14658 2582800 26.81990000
14659 2582810 26.82370000
14660 2582820 26.82400000
14661 2582830 26.82400000
14662 2582840 26.82510000
14663 2582850 26.82710000
14664 2582860 26.82990000
14665 2582870 26.83520000
14666 2582880 26.84300000
14667 2582890 26.85060000
14668 2582900 26.85370000
14669 2582910 26.84900000
14670 2582920 26.83400000
14671 2582930 26.80890000
14672 2582940 26.77690000
14673 2582950 26.76050000
14674 2582960 26.77380000
14675 2582970 26.78620000
14676 2582980 26.79790000
14677 2582990 26.80860000
14678 2583000 26.81740000
14679 2583010 26.82460000
14680 2583020 26.82990000
14681 2583030 26.83310000
14682 2583040 26.83300000
14683 2583050 26.82940000
14684 2583060 26.82100000
14685 2583070 26.80610000
14686 2583080 26.78270000
14687 2583090 26.80050000
14688 2583100 26.81470000
14689 2583110 26.82390000
14690 2583120 26.82730000
14691 2583130 26.82470000
14692 2583140 26.81640000
14693 2583150 26.80430000
14694 2583160 26.78960000
14695 2583170 26.77290000
14696 2583180 26.75500000
14697 2583190 26.73570000
14698 2583200 26.73480000
14699 2583210 26.73800000
14700 2583220 26.73580000
14701 2583230 26.72890000
14702 2583240 26.71720000
14703 2583250 26.72130000
14704 2583260 26.74080000
14705 2583270 26.75560000
14706 2583280 26.76600000
14707 2583290 26.77200000
14708 2583300 26.77470000
14709 2583310 26.78340000
14710 2583320 26.79990000
14711 2583330 26.81410000
14712 2583340 26.82290000
14713 2583350 26.83270000
14714 2583360 26.85500000
14715 2583370 26.88570000
14716 2583380 26.91420000
14717 2583390 26.93970000
14718 2583400 26.96040000
14719 2583410 26.97680000
14720 2583420 26.98750000
14721 2583430 26.99190000
14722 2583440 26.98870000
14723 2583450 26.98080000
14724 2583460 26.96970000
14725 2583470 26.95660000
14726 2583480 26.94100000
14727 2583490 26.92320000
14728 2583500 26.90260000
14729 2583510 26.87880000
14730 2583520 26.85200000
14731 2583530 26.82550000
14732 2583540 26.80140000
14733 2583550 26.78160000
14734 2583560 26.76690000
14735 2583570 26.75680000
14736 2583580 26.74860000
14737 2583590 26.73830000
14738 2583600 26.72390000
14739 2583610 26.70590000
14740 2583620 26.71220000
14741 2583630 26.71970000
14742 2583640 26.72600000
14743 2583650 26.72900000
14744 2583660 26.72830000
14745 2583670 26.72340000
14746 2583680 26.71380000
14747 2583690 26.69920000
14748 2583700 26.68100000
14749 2583710 26.69540000
14750 2583720 26.72670000
14751 2583730 26.75430000
14752 2583740 26.77560000
14753 2583750 26.78800000
14754 2583760 26.79100000
14755 2583770 26.78570000
14756 2583780 26.77470000
14757 2583790 26.76030000
14758 2583800 26.74450000
14759 2583810 26.72770000
14760 2583820 26.71470000
14761 2583830 26.71870000
14762 2583840 26.72230000
14763 2583850 26.74240000
14764 2583860 26.77970000
14765 2583870 26.80510000
14766 2583880 26.81540000
14767 2583890 26.81000000
14768 2583900 26.79310000
14769 2583910 26.80050000
14770 2583920 26.81690000
14771 2583930 26.82400000
14772 2583940 26.82210000
14773 2583950 26.81260000
14774 2583960 26.81080000
14775 2583970 26.81770000
14776 2583980 26.81330000
14777 2583990 26.79800000
14778 2584000 26.77500000
14779 2584010 26.78020000
14780 2584020 26.80570000
14781 2584030 26.82330000
14782 2584040 26.83190000
14783 2584050 26.83090000
14784 2584060 26.81950000
14785 2584070 26.79760000
14786 2584080 26.79130000
14787 2584090 26.79080000
14788 2584100 26.78290000
14789 2584110 26.76700000
14790 2584120 26.77600000
14791 2584130 26.78450000
14792 2584140 26.78410000
14793 2584150 26.77760000
14794 2584160 26.76720000
14795 2584170 26.75660000
14796 2584180 26.76010000
14797 2584190 26.76440000
14798 2584200 26.76210000
14799 2584210 26.75010000
14800 2584220 26.72760000
14801 2584230 26.71780000
14802 2584240 26.72650000
14803 2584250 26.73760000
14804 2584260 26.74950000
14805 2584270 26.76140000
14806 2584280 26.77180000
14807 2584290 26.78090000
14808 2584300 26.78930000
14809 2584310 26.79900000
14810 2584320 26.80830000
14811 2584330 26.81380000
14812 2584340 26.81050000
14813 2584350 26.79620000
14814 2584360 26.77140000
14815 2584370 26.73970000
14816 2584380 26.73100000
14817 2584390 26.74160000
14818 2584400 26.74210000
14819 2584410 26.74870000
14820 2584420 26.75300000
14821 2584430 26.77640000
14822 2584440 26.81270000
14823 2584450 26.83890000
14824 2584460 26.85390000
14825 2584470 26.85950000
14826 2584480 26.85620000
14827 2584490 26.84770000
14828 2584500 26.83470000
14829 2584510 26.82010000
14830 2584520 26.80470000
14831 2584530 26.78680000
14832 2584540 26.76690000
14833 2584550 26.75280000
14834 2584560 26.74110000
14835 2584570 26.74090000
14836 2584580 26.76240000
14837 2584590 26.77480000
14838 2584600 26.77790000
14839 2584610 26.77180000
14840 2584620 26.76890000
14841 2584630 26.76780000
14842 2584640 26.76280000
14843 2584650 26.78980000
14844 2584660 26.82340000
14845 2584670 26.84310000
14846 2584680 26.84400000
14847 2584690 26.82490000
14848 2584700 26.82590000
14849 2584710 26.84590000
14850 2584720 26.85590000
14851 2584730 26.85620000
14852 2584740 26.85240000
14853 2584750 26.84870000
14854 2584760 26.84420000
14855 2584770 26.84050000
14856 2584780 26.83870000
14857 2584790 26.83980000
14858 2584800 26.84210000
14859 2584810 26.84280000
14860 2584820 26.83900000
14861 2584830 26.82620000
14862 2584840 26.80250000
14863 2584850 26.76890000
14864 2584860 26.73650000
14865 2584870 26.72540000
14866 2584880 26.71530000
14867 2584890 26.71000000
14868 2584900 26.70170000
14869 2584910 26.72430000
14870 2584920 26.74670000
14871 2584930 26.75360000
14872 2584940 26.74990000
14873 2584950 26.77280000
14874 2584960 26.79280000
14875 2584970 26.80500000
14876 2584980 26.80900000
14877 2584990 26.80840000
14878 2585000 26.81590000
14879 2585010 26.81370000
14880 2585020 26.80370000
14881 2585030 26.79110000
14882 2585040 26.79290000
14883 2585050 26.79610000
14884 2585060 26.79890000
14885 2585070 26.79850000
14886 2585080 26.79420000
14887 2585090 26.78720000
14888 2585100 26.77920000
14889 2585110 26.77240000
14890 2585120 26.79610000
14891 2585130 26.81440000
14892 2585140 26.82930000
14893 2585150 26.84250000
14894 2585160 26.85470000
14895 2585170 26.86610000
14896 2585180 26.87510000
14897 2585190 26.88160000
14898 2585200 26.88440000
14899 2585210 26.88360000
14900 2585220 26.87850000
14901 2585230 26.86910000
14902 2585240 26.85500000
14903 2585250 26.83730000
14904 2585260 26.81730000
14905 2585270 26.79440000
14906 2585280 26.76870000
14907 2585290 26.73880000
14908 2585300 26.70490000
14909 2585310 26.66810000
14910 2585320 26.65520000
14911 2585330 26.66690000
14912 2585340 26.67090000
14913 2585350 26.67500000
14914 2585360 26.69380000
14915 2585370 26.72640000
14916 2585380 26.75740000
14917 2585390 26.78150000
14918 2585400 26.79610000
14919 2585410 26.79930000
14920 2585420 26.79180000
14921 2585430 26.77370000
14922 2585440 26.74940000
14923 2585450 26.72310000
14924 2585460 26.71940000
14925 2585470 26.72630000
14926 2585480 26.72640000
14927 2585490 26.72090000
14928 2585500 26.71970000
14929 2585510 26.72120000
14930 2585520 26.74710000
14931 2585530 26.76910000
14932 2585540 26.78620000
14933 2585550 26.79740000
14934 2585560 26.80200000
14935 2585570 26.80050000
14936 2585580 26.79530000
14937 2585590 26.78910000
14938 2585600 26.80540000
14939 2585610 26.81970000
14940 2585620 26.82580000
14941 2585630 26.82520000
14942 2585640 26.81950000
14943 2585650 26.81110000
14944 2585660 26.80080000
14945 2585670 26.78910000
14946 2585680 26.77670000
14947 2585690 26.78220000
14948 2585700 26.79810000
14949 2585710 26.80550000
14950 2585720 26.80410000
14951 2585730 26.79510000
14952 2585740 26.78160000
14953 2585750 26.76620000
14954 2585760 26.76580000
14955 2585770 26.79540000
14956 2585780 26.82020000
14957 2585790 26.85350000
14958 2585800 26.88090000
14959 2585810 26.89450000
14960 2585820 26.89110000
14961 2585830 26.87240000
14962 2585840 26.84510000
14963 2585850 26.81540000
14964 2585860 26.78830000
14965 2585870 26.76400000
14966 2585880 26.74200000
14967 2585890 26.75450000
14968 2585900 26.76880000
14969 2585910 26.77670000
14970 2585920 26.77860000
14971 2585930 26.77410000
14972 2585940 26.76270000
14973 2585950 26.80380000
14974 2585960 26.83660000
14975 2585970 26.85850000
14976 2585980 26.86900000
14977 2585990 26.86940000
14978 2586000 26.86040000
14979 2586010 26.84420000
14980 2586020 26.82110000
14981 2586030 26.79360000
14982 2586040 26.76410000
14983 2586050 26.76100000
14984 2586060 26.77250000
14985 2586070 26.77460000
14986 2586080 26.76600000
14987 2586090 26.74540000
14988 2586100 26.73980000
14989 2586110 26.77070000
14990 2586120 26.79860000
14991 2586130 26.82130000
14992 2586140 26.83800000
14993 2586150 26.84820000
14994 2586160 26.85040000
14995 2586170 26.84490000
14996 2586180 26.83450000
14997 2586190 26.82020000
14998 2586200 26.80370000
14999 2586210 26.78840000
15000 2586220 26.77580000
15001 2586230 26.76570000
15002 2586240 26.75900000
15003 2586250 26.75550000
15004 2586260 26.75360000
15005 2586270 26.76690000
15006 2586280 26.78800000
15007 2586290 26.80100000
15008 2586300 26.80320000
15009 2586310 26.79450000
15010 2586320 26.77800000
15011 2586330 26.75780000
15012 2586340 26.75080000
15013 2586350 26.75010000
15014 2586360 26.75000000
15015 2586370 26.74000000
15016 2586380 26.71870000
15017 2586390 26.68680000
15018 2586400 26.68070000
15019 2586410 26.68420000
15020 2586420 26.68810000
15021 2586430 26.69120000
15022 2586440 26.69340000
15023 2586450 26.70220000
15024 2586460 26.72170000
15025 2586470 26.73000000
15026 2586480 26.72560000
15027 2586490 26.70880000
15028 2586500 26.68180000
15029 2586510 26.64810000
15030 2586520 26.65210000
15031 2586530 26.66660000
15032 2586540 26.68830000
15033 2586550 26.70270000
15034 2586560 26.70940000
15035 2586570 26.70780000
15036 2586580 26.69900000
15037 2586590 26.69190000
15038 2586600 26.69870000
15039 2586610 26.70640000
15040 2586620 26.71560000
15041 2586630 26.72590000
15042 2586640 26.73500000
15043 2586650 26.74090000
15044 2586660 26.74060000
15045 2586670 26.73240000
15046 2586680 26.74380000
15047 2586690 26.75860000
15048 2586700 26.76970000
15049 2586710 26.77360000
15050 2586720 26.76970000
15051 2586730 26.75850000
15052 2586740 26.74080000
15053 2586750 26.77450000
15054 2586760 26.81470000
15055 2586770 26.84530000
15056 2586780 26.86000000
15057 2586790 26.85920000
15058 2586800 26.84540000
15059 2586810 26.82510000
15060 2586820 26.80160000
15061 2586830 26.77880000
15062 2586840 26.76430000
15063 2586850 26.75090000
15064 2586860 26.76430000
15065 2586870 26.78010000
15066 2586880 26.79220000
15067 2586890 26.80160000
15068 2586900 26.80890000
15069 2586910 26.81350000
15070 2586920 26.81380000
15071 2586930 26.80860000
15072 2586940 26.79720000
15073 2586950 26.77910000
15074 2586960 26.76900000
15075 2586970 26.77040000
15076 2586980 26.76210000
15077 2586990 26.74510000
15078 2587000 26.74600000
15079 2587010 26.76880000
15080 2587020 26.78720000
15081 2587030 26.79790000
15082 2587040 26.80000000
15083 2587050 26.79290000
15084 2587060 26.77790000
15085 2587070 26.75700000
15086 2587080 26.74240000
15087 2587090 26.75310000
15088 2587100 26.75300000
15089 2587110 26.73970000
15090 2587120 26.71650000
15091 2587130 26.73130000
15092 2587140 26.75330000
15093 2587150 26.77010000
15094 2587160 26.78300000
15095 2587170 26.79360000
15096 2587180 26.80260000
15097 2587190 26.80870000
15098 2587200 26.80880000
15099 2587210 26.79890000
15100 2587220 26.77500000
15101 2587230 26.80870000
15102 2587240 26.84200000
15103 2587250 26.86590000
15104 2587260 26.88060000
15105 2587270 26.88730000
15106 2587280 26.88860000
15107 2587290 26.88570000
15108 2587300 26.87970000
15109 2587310 26.88070000
15110 2587320 26.89010000
15111 2587330 26.89760000
15112 2587340 26.90030000
15113 2587350 26.89580000
15114 2587360 26.88360000
15115 2587370 26.86390000
15116 2587380 26.83950000
15117 2587390 26.81280000
15118 2587400 26.78710000
15119 2587410 26.77000000
15120 2587420 26.77100000
15121 2587430 26.76160000
15122 2587440 26.74210000
15123 2587450 26.72600000
15124 2587460 26.74250000
15125 2587470 26.75580000
15126 2587480 26.76620000
15127 2587490 26.77360000
15128 2587500 26.77790000
15129 2587510 26.77770000
15130 2587520 26.77220000
15131 2587530 26.76010000
15132 2587540 26.74170000
15133 2587550 26.72820000
15134 2587560 26.72130000
15135 2587570 26.71470000
15136 2587580 26.73100000
15137 2587590 26.74160000
15138 2587600 26.74800000
15139 2587610 26.76600000
15140 2587620 26.78600000
15141 2587630 26.79800000
15142 2587640 26.80030000
15143 2587650 26.79350000
15144 2587660 26.78080000
15145 2587670 26.76340000
15146 2587680 26.74350000
15147 2587690 26.72210000
15148 2587700 26.71390000
15149 2587710 26.71930000
15150 2587720 26.72190000
15151 2587730 26.72390000
15152 2587740 26.72580000
15153 2587750 26.72720000
15154 2587760 26.72740000
15155 2587770 26.73190000
15156 2587780 26.73820000
15157 2587790 26.74230000
15158 2587800 26.74430000
15159 2587810 26.74570000
15160 2587820 26.74630000
15161 2587830 26.74620000
15162 2587840 26.74350000
15163 2587850 26.73630000
15164 2587860 26.72610000
15165 2587870 26.73290000
15166 2587880 26.74490000
15167 2587890 26.75630000
15168 2587900 26.76350000
15169 2587910 26.76360000
15170 2587920 26.75640000
15171 2587930 26.74270000
15172 2587940 26.73700000
15173 2587950 26.73120000
15174 2587960 26.72390000
15175 2587970 26.71680000
15176 2587980 26.71190000
15177 2587990 26.71990000
15178 2588000 26.72800000
15179 2588010 26.72450000
15180 2588020 26.71750000
15181 2588030 26.70980000
15182 2588040 26.69580000
15183 2588050 26.67560000
15184 2588060 26.65620000
15185 2588070 26.66790000
15186 2588080 26.70250000
15187 2588090 26.73440000
15188 2588100 26.76280000
15189 2588110 26.78700000
15190 2588120 26.80530000
15191 2588130 26.81570000
15192 2588140 26.81700000
15193 2588150 26.80810000
15194 2588160 26.78950000
15195 2588170 26.76600000
15196 2588180 26.76700000
15197 2588190 26.76340000
15198 2588200 26.75870000
15199 2588210 26.75510000
15200 2588220 26.75440000
15201 2588230 26.75650000
15202 2588240 26.76040000
15203 2588250 26.76520000
15204 2588260 26.77010000
15205 2588270 26.77490000
15206 2588280 26.77640000
15207 2588290 26.77630000
15208 2588300 26.78980000
15209 2588310 26.79620000
15210 2588320 26.79640000
15211 2588330 26.78950000
15212 2588340 26.77680000
15213 2588350 26.75850000
15214 2588360 26.73570000
15215 2588370 26.73640000
15216 2588380 26.73230000
15217 2588390 26.71940000
15218 2588400 26.71110000
15219 2588410 26.70710000
15220 2588420 26.69420000
15221 2588430 26.69700000
15222 2588440 26.69870000
15223 2588450 26.69640000
15224 2588460 26.70040000
15225 2588470 26.70030000
15226 2588480 26.69660000
15227 2588490 26.69850000
15228 2588500 26.71010000
15229 2588510 26.74030000
15230 2588520 26.77000000
15231 2588530 26.79650000
15232 2588540 26.81630000
15233 2588550 26.82730000
15234 2588560 26.82960000
15235 2588570 26.82590000
15236 2588580 26.81760000
15237 2588590 26.80690000
15238 2588600 26.79530000
15239 2588610 26.78360000
15240 2588620 26.81810000
15241 2588630 26.84710000
15242 2588640 26.86540000
15243 2588650 26.87160000
15244 2588660 26.86690000
15245 2588670 26.85480000
15246 2588680 26.84010000
15247 2588690 26.82630000
15248 2588700 26.81730000
15249 2588710 26.82210000
15250 2588720 26.82470000
15251 2588730 26.82350000
15252 2588740 26.81820000
15253 2588750 26.80820000
15254 2588760 26.79340000
15255 2588770 26.77320000
15256 2588780 26.75020000
15257 2588790 26.72810000
15258 2588800 26.71100000
15259 2588810 26.71530000
15260 2588820 26.72890000
15261 2588830 26.73670000
15262 2588840 26.74010000
15263 2588850 26.73860000
15264 2588860 26.73270000
15265 2588870 26.75910000
15266 2588880 26.79420000
15267 2588890 26.82530000
15268 2588900 26.85080000
15269 2588910 26.86970000
15270 2588920 26.88080000
15271 2588930 26.88510000
15272 2588940 26.88210000
15273 2588950 26.87270000
15274 2588960 26.85800000
15275 2588970 26.84010000
15276 2588980 26.82000000
15277 2588990 26.79900000
15278 2589000 26.77670000
15279 2589010 26.75350000
15280 2589020 26.73620000
15281 2589030 26.73490000
15282 2589040 26.73000000
15283 2589050 26.72200000
15284 2589060 26.72160000
15285 2589070 26.72560000
15286 2589080 26.73950000
15287 2589090 26.75270000
15288 2589100 26.74980000
15289 2589110 26.73720000
15290 2589120 26.73240000
15291 2589130 26.72960000
15292 2589140 26.72730000
15293 2589150 26.71460000
15294 2589160 26.71610000
15295 2589170 26.71020000
15296 2589180 26.69680000
15297 2589190 26.68940000
15298 2589200 26.70310000
15299 2589210 26.72950000
15300 2589220 26.75480000
15301 2589230 26.77560000
15302 2589240 26.78850000
15303 2589250 26.79220000
15304 2589260 26.78910000
15305 2589270 26.78380000
15306 2589280 26.78060000
15307 2589290 26.78030000
15308 2589300 26.78300000
15309 2589310 26.78710000
15310 2589320 26.79020000
15311 2589330 26.79040000
15312 2589340 26.78850000
15313 2589350 26.78540000
15314 2589360 26.78140000
15315 2589370 26.77670000
15316 2589380 26.77250000
15317 2589390 26.77010000
15318 2589400 26.77080000
15319 2589410 26.77520000
15320 2589420 26.78130000
15321 2589430 26.78430000
15322 2589440 26.77810000
15323 2589450 26.76080000
15324 2589460 26.73360000
15325 2589470 26.71070000
15326 2589480 26.70180000
15327 2589490 26.72690000
15328 2589500 26.75280000
15329 2589510 26.77520000
15330 2589520 26.79320000
15331 2589530 26.80340000
15332 2589540 26.80370000
15333 2589550 26.79450000
15334 2589560 26.77780000
15335 2589570 26.77030000
15336 2589580 26.76850000
15337 2589590 26.76000000
15338 2589600 26.77100000
15339 2589610 26.80070000
15340 2589620 26.82550000
15341 2589630 26.84370000
15342 2589640 26.85550000
15343 2589650 26.86090000
15344 2589660 26.86110000
15345 2589670 26.85720000
15346 2589680 26.85010000
15347 2589690 26.84170000
15348 2589700 26.83290000
15349 2589710 26.82670000
15350 2589720 26.82360000
15351 2589730 26.82320000
15352 2589740 26.82150000
15353 2589750 26.81500000
15354 2589760 26.80000000
15355 2589770 26.77570000
15356 2589780 26.78360000
15357 2589790 26.79320000
15358 2589800 26.79720000
15359 2589810 26.79490000
15360 2589820 26.78570000
15361 2589830 26.77750000
15362 2589840 26.77280000
15363 2589850 26.76730000
15364 2589860 26.76180000
15365 2589870 26.77680000
15366 2589880 26.78710000
15367 2589890 26.79070000
15368 2589900 26.78620000
15369 2589910 26.77450000
15370 2589920 26.75630000
15371 2589930 26.73330000
15372 2589940 26.73090000
15373 2589950 26.74180000
15374 2589960 26.75310000
15375 2589970 26.76430000
15376 2589980 26.77430000
15377 2589990 26.79380000
15378 2590000 26.81220000
15379 2590010 26.82730000
15380 2590020 26.83880000
15381 2590030 26.84510000
15382 2590040 26.84550000
15383 2590050 26.83960000
15384 2590060 26.82780000
15385 2590070 26.80890000
15386 2590080 26.79340000
15387 2590090 26.78980000
15388 2590100 26.77770000
15389 2590110 26.76020000
15390 2590120 26.76190000
15391 2590130 26.79130000
15392 2590140 26.81560000
15393 2590150 26.83120000
15394 2590160 26.83610000
15395 2590170 26.82960000
15396 2590180 26.81430000
15397 2590190 26.79270000
15398 2590200 26.76760000
15399 2590210 26.74630000
15400 2590220 26.74770000
15401 2590230 26.74130000
15402 2590240 26.74530000
15403 2590250 26.75290000
15404 2590260 26.74820000
15405 2590270 26.74260000
15406 2590280 26.75380000
15407 2590290 26.76530000
15408 2590300 26.76600000
15409 2590310 26.77390000
15410 2590320 26.78480000
15411 2590330 26.79600000
15412 2590340 26.80240000
15413 2590350 26.80640000
15414 2590360 26.81280000
15415 2590370 26.81200000
15416 2590380 26.80610000
15417 2590390 26.81540000
15418 2590400 26.82110000
15419 2590410 26.82190000
15420 2590420 26.81760000
15421 2590430 26.80840000
15422 2590440 26.79520000
15423 2590450 26.77680000
15424 2590460 26.75300000
15425 2590470 26.75240000
15426 2590480 26.77630000
15427 2590490 26.79880000
15428 2590500 26.82070000
15429 2590510 26.84060000
15430 2590520 26.85670000
15431 2590530 26.87780000
15432 2590540 26.90520000
15433 2590550 26.92150000
15434 2590560 26.92280000
15435 2590570 26.90600000
15436 2590580 26.87280000
15437 2590590 26.82610000
15438 2590600 26.80020000
15439 2590610 26.77040000
15440 2590620 26.75930000
15441 2590630 26.74350000
15442 2590640 26.73400000
15443 2590650 26.73800000
15444 2590660 26.73270000
15445 2590670 26.72560000
15446 2590680 26.72790000
15447 2590690 26.73070000
15448 2590700 26.73490000
15449 2590710 26.74590000
15450 2590720 26.76020000
15451 2590730 26.76030000
15452 2590740 26.75970000
15453 2590750 26.76200000
15454 2590760 26.76100000
15455 2590770 26.75750000
15456 2590780 26.75170000
15457 2590790 26.74460000
15458 2590800 26.73430000
15459 2590810 26.72960000
15460 2590820 26.73100000
15461 2590830 26.72680000
15462 2590840 26.72370000
15463 2590850 26.74280000
15464 2590860 26.75570000
15465 2590870 26.76240000
15466 2590880 26.76350000
15467 2590890 26.76000000
15468 2590900 26.75300000
15469 2590910 26.74210000
15470 2590920 26.72880000
15471 2590930 26.71470000
15472 2590940 26.70360000
15473 2590950 26.69550000
15474 2590960 26.69040000
15475 2590970 26.68610000
15476 2590980 26.68930000
15477 2590990 26.70140000
15478 2591000 26.71630000
15479 2591010 26.72500000
15480 2591020 26.73630000
15481 2591030 26.74920000
15482 2591040 26.75400000
15483 2591050 26.74980000
15484 2591060 26.73740000
15485 2591070 26.73960000
15486 2591080 26.74840000
15487 2591090 26.75340000
15488 2591100 26.75390000
15489 2591110 26.75510000
15490 2591120 26.74860000
15491 2591130 26.73460000
15492 2591140 26.71380000
15493 2591150 26.71830000
15494 2591160 26.74370000
15495 2591170 26.76650000
15496 2591180 26.80950000
15497 2591190 26.85260000
15498 2591200 26.89070000
15499 2591210 26.92090000
15500 2591220 26.94030000
15501 2591230 26.94810000
15502 2591240 26.94560000
15503 2591250 26.93630000
15504 2591260 26.92540000
15505 2591270 26.91690000
15506 2591280 26.91350000
15507 2591290 26.91590000
15508 2591300 26.92270000
15509 2591310 26.93160000
15510 2591320 26.94010000
15511 2591330 26.94710000
15512 2591340 26.95050000
15513 2591350 26.94730000
15514 2591360 26.93590000
15515 2591370 26.91520000
15516 2591380 26.88640000
15517 2591390 26.86350000
15518 2591400 26.86360000
15519 2591410 26.85830000
15520 2591420 26.84600000
15521 2591430 26.82660000
15522 2591440 26.80000000
15523 2591450 26.76870000
15524 2591460 26.74290000
15525 2591470 26.73830000
15526 2591480 26.73140000
15527 2591490 26.75460000
15528 2591500 26.76850000
15529 2591510 26.77340000
15530 2591520 26.77250000
15531 2591530 26.76650000
15532 2591540 26.77210000
15533 2591550 26.78400000
15534 2591560 26.78950000
15535 2591570 26.79100000
15536 2591580 26.78830000
15537 2591590 26.79340000
15538 2591600 26.81510000
15539 2591610 26.83170000
15540 2591620 26.84250000
15541 2591630 26.84920000
15542 2591640 26.85280000
15543 2591650 26.85510000
15544 2591660 26.85700000
15545 2591670 26.85910000
15546 2591680 26.86140000
15547 2591690 26.86190000
15548 2591700 26.85930000
15549 2591710 26.85200000
15550 2591720 26.84020000
15551 2591730 26.82400000
15552 2591740 26.80490000
15553 2591750 26.78300000
15554 2591760 26.76480000
15555 2591770 26.75570000
15556 2591780 26.73870000
15557 2591790 26.73970000
15558 2591800 26.76120000
15559 2591810 26.76340000
15560 2591820 26.74910000
15561 2591830 26.76200000
15562 2591840 26.80920000
15563 2591850 26.84760000
15564 2591860 26.87530000
15565 2591870 26.89160000
15566 2591880 26.89690000
15567 2591890 26.89200000
15568 2591900 26.87960000
15569 2591910 26.86210000
15570 2591920 26.84250000
15571 2591930 26.82260000
15572 2591940 26.80390000
15573 2591950 26.78550000
15574 2591960 26.77060000
15575 2591970 26.79700000
15576 2591980 26.82400000
15577 2591990 26.84750000
15578 2592000 26.86370000
15579 2592010 26.86820000
15580 2592020 26.85810000
15581 2592030 26.83670000
15582 2592040 26.80880000
15583 2592050 26.77990000
15584 2592060 26.77290000
15585 2592070 26.80430000
15586 2592080 26.83010000
15587 2592090 26.84630000
15588 2592100 26.84980000
15589 2592110 26.84080000
15590 2592120 26.82050000
15591 2592130 26.79300000
15592 2592140 26.78110000
15593 2592150 26.78460000
15594 2592160 26.78570000
15595 2592170 26.78890000
15596 2592180 26.79760000
15597 2592190 26.81420000
15598 2592200 26.83740000
15599 2592210 26.86400000
15600 2592220 26.88840000
15601 2592230 26.90460000
15602 2592240 26.90970000
15603 2592250 26.90240000
15604 2592260 26.88440000
15605 2592270 26.85850000
15606 2592280 26.82740000
15607 2592290 26.79290000
15608 2592300 26.78510000
15609 2592310 26.79320000
15610 2592320 26.79870000
15611 2592330 26.80150000
15612 2592340 26.80030000
15613 2592350 26.79640000
15614 2592360 26.79010000
15615 2592370 26.78100000
15616 2592380 26.76960000
15617 2592390 26.75440000
15618 2592400 26.73540000
15619 2592410 26.73820000
15620 2592420 26.75350000
15621 2592430 26.76850000
15622 2592440 26.78420000
15623 2592450 26.79950000
15624 2592460 26.81250000
15625 2592470 26.82000000
15626 2592480 26.81950000
15627 2592490 26.81130000
15628 2592500 26.79550000
15629 2592510 26.77550000
15630 2592520 26.75290000
15631 2592530 26.72920000
15632 2592540 26.72410000
15633 2592550 26.72960000
15634 2592560 26.74080000
15635 2592570 26.75640000
15636 2592580 26.77500000
15637 2592590 26.79370000
15638 2592600 26.81070000
15639 2592610 26.82390000
15640 2592620 26.83300000
15641 2592630 26.83870000
15642 2592640 26.84130000
15643 2592650 26.84300000
15644 2592660 26.84280000
15645 2592670 26.84110000
15646 2592680 26.83700000
15647 2592690 26.82890000
15648 2592700 26.81790000
15649 2592710 26.80360000
15650 2592720 26.78870000
15651 2592730 26.77240000
15652 2592740 26.79870000
15653 2592750 26.83340000
15654 2592760 26.85580000
15655 2592770 26.86830000
15656 2592780 26.87370000
15657 2592790 26.87570000
15658 2592800 26.87670000
15659 2592810 26.87780000
15660 2592820 26.87960000
15661 2592830 26.88270000
15662 2592840 26.88800000
15663 2592850 26.89460000
15664 2592860 26.89910000
15665 2592870 26.89530000
15666 2592880 26.87650000
15667 2592890 26.83990000
15668 2592900 26.78850000
15669 2592910 26.76520000
15670 2592920 26.78230000
15671 2592930 26.79560000
15672 2592940 26.80460000
15673 2592950 26.81040000
15674 2592960 26.81260000
15675 2592970 26.81050000
15676 2592980 26.80300000
15677 2592990 26.78860000
15678 2593000 26.76780000
15679 2593010 26.74380000
15680 2593020 26.72070000
15681 2593030 26.70150000
15682 2593040 26.70940000
15683 2593050 26.73760000
15684 2593060 26.75340000
15685 2593070 26.75770000
15686 2593080 26.75300000
15687 2593090 26.74250000
15688 2593100 26.73070000
15689 2593110 26.73760000
15690 2593120 26.74290000
15691 2593130 26.74000000
15692 2593140 26.73250000
15693 2593150 26.72230000
15694 2593160 26.71040000
15695 2593170 26.72180000
15696 2593180 26.73310000
15697 2593190 26.74050000
15698 2593200 26.74380000
15699 2593210 26.73930000
15700 2593220 26.74540000
15701 2593230 26.74060000
15702 2593240 26.74010000
15703 2593250 26.75280000
15704 2593260 26.76450000
15705 2593270 26.77560000
15706 2593280 26.78770000
15707 2593290 26.79910000
15708 2593300 26.80750000
15709 2593310 26.81100000
15710 2593320 26.80870000
15711 2593330 26.80090000
15712 2593340 26.78960000
15713 2593350 26.77770000
15714 2593360 26.76670000
15715 2593370 26.76830000
15716 2593380 26.80530000
15717 2593390 26.82740000
15718 2593400 26.83370000
15719 2593410 26.82790000
15720 2593420 26.81380000
15721 2593430 26.79330000
15722 2593440 26.76650000
15723 2593450 26.74850000
15724 2593460 26.76890000
15725 2593470 26.78200000
15726 2593480 26.78750000
15727 2593490 26.80310000
15728 2593500 26.82830000
15729 2593510 26.84960000
15730 2593520 26.86460000
15731 2593530 26.87280000
15732 2593540 26.87530000
15733 2593550 26.87430000
15734 2593560 26.87250000
15735 2593570 26.87060000
15736 2593580 26.86840000
15737 2593590 26.86430000
15738 2593600 26.85780000
15739 2593610 26.84620000
15740 2593620 26.82830000
15741 2593630 26.80500000
15742 2593640 26.77630000
15743 2593650 26.74360000
15744 2593660 26.70770000
15745 2593670 26.68880000
15746 2593680 26.68010000
15747 2593690 26.69270000
15748 2593700 26.70550000
15749 2593710 26.71680000
15750 2593720 26.74460000
15751 2593730 26.76810000
15752 2593740 26.78500000
15753 2593750 26.79340000
15754 2593760 26.79270000
15755 2593770 26.78320000
15756 2593780 26.77020000
15757 2593790 26.78170000
15758 2593800 26.79210000
15759 2593810 26.79950000
15760 2593820 26.80260000
15761 2593830 26.80100000
15762 2593840 26.79600000
15763 2593850 26.79040000
15764 2593860 26.79350000
15765 2593870 26.79870000
15766 2593880 26.79630000
15767 2593890 26.78730000
15768 2593900 26.80580000
15769 2593910 26.82090000
15770 2593920 26.83110000
15771 2593930 26.83680000
15772 2593940 26.83590000
15773 2593950 26.82820000
15774 2593960 26.81190000
15775 2593970 26.80220000
15776 2593980 26.82310000
15777 2593990 26.83150000
15778 2594000 26.82710000
15779 2594010 26.81220000
15780 2594020 26.79220000
15781 2594030 26.77110000
15782 2594040 26.75050000
15783 2594050 26.75420000
15784 2594060 26.77200000
15785 2594070 26.78390000
15786 2594080 26.78930000
15787 2594090 26.78770000
15788 2594100 26.78020000
15789 2594110 26.76880000
15790 2594120 26.75560000
15791 2594130 26.74240000
15792 2594140 26.74510000
15793 2594150 26.74930000
15794 2594160 26.74300000
15795 2594170 26.72620000
15796 2594180 26.71860000
15797 2594190 26.72670000
15798 2594200 26.73110000
15799 2594210 26.72850000
15800 2594220 26.72360000
15801 2594230 26.71680000
15802 2594240 26.70570000
15803 2594250 26.69120000
15804 2594260 26.69460000
15805 2594270 26.71880000
15806 2594280 26.73770000
15807 2594290 26.75500000
15808 2594300 26.76230000
15809 2594310 26.75670000
15810 2594320 26.74000000
15811 2594330 26.72090000
15812 2594340 26.70720000
15813 2594350 26.73060000
15814 2594360 26.75240000
15815 2594370 26.76620000
15816 2594380 26.76880000
15817 2594390 26.76000000
15818 2594400 26.74200000
15819 2594410 26.74560000
15820 2594420 26.76210000
15821 2594430 26.77000000
15822 2594440 26.76940000
15823 2594450 26.76060000
15824 2594460 26.74650000
15825 2594470 26.76000000
15826 2594480 26.77140000
15827 2594490 26.77230000
15828 2594500 26.76310000
15829 2594510 26.74470000
15830 2594520 26.73280000
15831 2594530 26.73090000
15832 2594540 26.72420000
15833 2594550 26.71350000
15834 2594560 26.71200000
15835 2594570 26.70690000
15836 2594580 26.71630000
15837 2594590 26.72180000
15838 2594600 26.71950000
15839 2594610 26.70650000
15840 2594620 26.68270000
15841 2594630 26.67030000
15842 2594640 26.66660000
15843 2594650 26.66380000
15844 2594660 26.66730000
15845 2594670 26.68550000
15846 2594680 26.70730000
15847 2594690 26.72620000
15848 2594700 26.74100000
15849 2594710 26.75110000
15850 2594720 26.75730000
15851 2594730 26.76090000
15852 2594740 26.76370000
15853 2594750 26.76550000
15854 2594760 26.76550000
15855 2594770 26.76280000
15856 2594780 26.75730000
15857 2594790 26.75040000
15858 2594800 26.75370000
15859 2594810 26.75920000
15860 2594820 26.76650000
15861 2594830 26.79070000
15862 2594840 26.81540000
15863 2594850 26.83560000
15864 2594860 26.84630000
15865 2594870 26.84510000
15866 2594880 26.83310000
15867 2594890 26.81400000
15868 2594900 26.80820000
15869 2594910 26.81300000
15870 2594920 26.81260000
15871 2594930 26.80470000
15872 2594940 26.78870000
15873 2594950 26.76620000
15874 2594960 26.73840000
15875 2594970 26.71120000
15876 2594980 26.70670000
15877 2594990 26.71260000
15878 2595000 26.71920000
15879 2595010 26.73030000
15880 2595020 26.74590000
15881 2595030 26.76460000
15882 2595040 26.77560000
15883 2595050 26.77530000
15884 2595060 26.76280000
15885 2595070 26.73790000
15886 2595080 26.71730000
15887 2595090 26.72970000
15888 2595100 26.73530000
15889 2595110 26.73500000
15890 2595120 26.73150000
15891 2595130 26.73330000
15892 2595140 26.74460000
15893 2595150 26.75910000
15894 2595160 26.77560000
15895 2595170 26.79130000
15896 2595180 26.80280000
15897 2595190 26.82770000
15898 2595200 26.85000000
15899 2595210 26.86720000
15900 2595220 26.87670000
15901 2595230 26.87540000
15902 2595240 26.86160000
15903 2595250 26.83650000
15904 2595260 26.80390000
15905 2595270 26.76820000
15906 2595280 26.73400000
15907 2595290 26.71460000
15908 2595300 26.73010000
15909 2595310 26.74370000
15910 2595320 26.75420000
15911 2595330 26.76150000
15912 2595340 26.76120000
15913 2595350 26.75510000
15914 2595360 26.74690000
15915 2595370 26.73950000
15916 2595380 26.73530000
15917 2595390 26.73680000
15918 2595400 26.74220000
15919 2595410 26.75040000
15920 2595420 26.75770000
15921 2595430 26.76050000
15922 2595440 26.75470000
15923 2595450 26.74020000
15924 2595460 26.71940000
15925 2595470 26.73180000
15926 2595480 26.74180000
15927 2595490 26.74410000
15928 2595500 26.73530000
15929 2595510 26.72500000
15930 2595520 26.72990000
15931 2595530 26.73010000
15932 2595540 26.72330000
15933 2595550 26.71510000
15934 2595560 26.71870000
15935 2595570 26.71560000
15936 2595580 26.71260000
15937 2595590 26.71750000
15938 2595600 26.72040000
15939 2595610 26.72270000
15940 2595620 26.72450000
15941 2595630 26.72610000
15942 2595640 26.72590000
15943 2595650 26.72240000
15944 2595660 26.71310000
15945 2595670 26.71970000
15946 2595680 26.74170000
15947 2595690 26.75440000
15948 2595700 26.75360000
15949 2595710 26.75430000
15950 2595720 26.77700000
15951 2595730 26.78560000
15952 2595740 26.78680000
15953 2595750 26.79940000
15954 2595760 26.80990000
15955 2595770 26.81790000
15956 2595780 26.82320000
15957 2595790 26.82660000
15958 2595800 26.82710000
15959 2595810 26.82280000
15960 2595820 26.81020000
15961 2595830 26.78780000
15962 2595840 26.75690000
15963 2595850 26.72240000
15964 2595860 26.72430000
15965 2595870 26.73010000
15966 2595880 26.72600000
15967 2595890 26.73500000
15968 2595900 26.74760000
15969 2595910 26.75460000
15970 2595920 26.75420000
15971 2595930 26.75720000
15972 2595940 26.76660000
15973 2595950 26.76930000
15974 2595960 26.76550000
15975 2595970 26.75600000
15976 2595980 26.74130000
15977 2595990 26.72290000
15978 2596000 26.71020000
15979 2596010 26.70100000
15980 2596020 26.71470000
15981 2596030 26.73090000
15982 2596040 26.75160000
15983 2596050 26.77560000
15984 2596060 26.79950000
15985 2596070 26.81790000
15986 2596080 26.82990000
15987 2596090 26.83880000
15988 2596100 26.84670000
15989 2596110 26.84980000
15990 2596120 26.84470000
15991 2596130 26.83080000
15992 2596140 26.80950000
15993 2596150 26.79650000
15994 2596160 26.80230000
15995 2596170 26.80190000
15996 2596180 26.79750000
15997 2596190 26.79190000
15998 2596200 26.78730000
15999 2596210 26.78600000
16000 2596220 26.78690000
16001 2596230 26.78680000
16002 2596240 26.77930000
16003 2596250 26.76030000
16004 2596260 26.75970000
16005 2596270 26.77270000
16006 2596280 26.78000000
16007 2596290 26.78010000
16008 2596300 26.77460000
16009 2596310 26.76630000
16010 2596320 26.75830000
16011 2596330 26.75290000
16012 2596340 26.75290000
16013 2596350 26.76010000
16014 2596360 26.77400000
16015 2596370 26.79210000
16016 2596380 26.81050000
16017 2596390 26.82450000
16018 2596400 26.82740000
16019 2596410 26.81410000
16020 2596420 26.78270000
16021 2596430 26.75910000
16022 2596440 26.75190000
16023 2596450 26.74230000
16024 2596460 26.75460000
16025 2596470 26.79270000
16026 2596480 26.81280000
16027 2596490 26.81760000
16028 2596500 26.81230000
16029 2596510 26.80130000
16030 2596520 26.79490000
16031 2596530 26.80600000
16032 2596540 26.80640000
16033 2596550 26.82110000
16034 2596560 26.83620000
16035 2596570 26.84420000
16036 2596580 26.84500000
16037 2596590 26.83830000
16038 2596600 26.82350000
16039 2596610 26.80220000
16040 2596620 26.77630000
16041 2596630 26.74840000
16042 2596640 26.74480000
16043 2596650 26.74540000
16044 2596660 26.75000000
16045 2596670 26.75780000
16046 2596680 26.76850000
16047 2596690 26.77980000
16048 2596700 26.79030000
16049 2596710 26.79710000
16050 2596720 26.79860000
16051 2596730 26.79200000
16052 2596740 26.78480000
16053 2596750 26.80360000
16054 2596760 26.81820000
16055 2596770 26.82950000
16056 2596780 26.83640000
16057 2596790 26.83630000
16058 2596800 26.82650000
16059 2596810 26.80750000
16060 2596820 26.78320000
16061 2596830 26.77210000
16062 2596840 26.76330000
16063 2596850 26.75650000
16064 2596860 26.75090000
16065 2596870 26.76690000
16066 2596880 26.78490000
16067 2596890 26.79940000
16068 2596900 26.81040000
16069 2596910 26.81740000
16070 2596920 26.81860000
16071 2596930 26.81410000
16072 2596940 26.82120000
16073 2596950 26.83690000
16074 2596960 26.84400000
16075 2596970 26.84190000
16076 2596980 26.83280000
16077 2596990 26.82020000
16078 2597000 26.80770000
16079 2597010 26.79780000
16080 2597020 26.79060000
16081 2597030 26.78490000
16082 2597040 26.80720000
16083 2597050 26.85530000
16084 2597060 26.89730000
16085 2597070 26.93040000
16086 2597080 26.95110000
16087 2597090 26.95790000
16088 2597100 26.95150000
16089 2597110 26.93390000
16090 2597120 26.90740000
16091 2597130 26.87480000
16092 2597140 26.83960000
16093 2597150 26.80360000
16094 2597160 26.78530000
16095 2597170 26.78330000
16096 2597180 26.77400000
16097 2597190 26.75800000
16098 2597200 26.76380000
16099 2597210 26.78620000
16100 2597220 26.80300000
16101 2597230 26.81540000
16102 2597240 26.82290000
16103 2597250 26.82570000
16104 2597260 26.82450000
16105 2597270 26.82110000
16106 2597280 26.81620000
16107 2597290 26.81090000
16108 2597300 26.80670000
16109 2597310 26.80380000
16110 2597320 26.80100000
16111 2597330 26.79680000
16112 2597340 26.79020000
16113 2597350 26.78060000
16114 2597360 26.76690000
16115 2597370 26.80170000
16116 2597380 26.83220000
16117 2597390 26.85140000
16118 2597400 26.85970000
16119 2597410 26.85820000
16120 2597420 26.84740000
16121 2597430 26.82780000
16122 2597440 26.82160000
16123 2597450 26.81430000
16124 2597460 26.80550000
16125 2597470 26.79510000
16126 2597480 26.78770000
16127 2597490 26.77920000
16128 2597500 26.77180000
16129 2597510 26.76650000
16130 2597520 26.77110000
16131 2597530 26.78050000
16132 2597540 26.78280000
16133 2597550 26.77660000
16134 2597560 26.79790000
16135 2597570 26.81700000
16136 2597580 26.82870000
16137 2597590 26.83320000
16138 2597600 26.83070000
16139 2597610 26.82260000
16140 2597620 26.81090000
16141 2597630 26.79830000
16142 2597640 26.78790000
16143 2597650 26.78080000
16144 2597660 26.79920000
16145 2597670 26.81260000
16146 2597680 26.81220000
16147 2597690 26.80160000
16148 2597700 26.78590000
16149 2597710 26.76760000
16150 2597720 26.78330000
16151 2597730 26.79040000
16152 2597740 26.78720000
16153 2597750 26.77120000
16154 2597760 26.80400000
16155 2597770 26.82440000
16156 2597780 26.82930000
16157 2597790 26.81950000
16158 2597800 26.80000000
16159 2597810 26.77510000
16160 2597820 26.77720000
16161 2597830 26.79390000
16162 2597840 26.80960000
16163 2597850 26.82500000
16164 2597860 26.83970000
16165 2597870 26.85100000
16166 2597880 26.85800000
16167 2597890 26.85860000
16168 2597900 26.85080000
16169 2597910 26.83480000
16170 2597920 26.81300000
16171 2597930 26.78820000
16172 2597940 26.77540000
16173 2597950 26.78700000
16174 2597960 26.79200000
16175 2597970 26.79000000
16176 2597980 26.78380000
16177 2597990 26.79080000
16178 2598000 26.78990000
16179 2598010 26.77970000
16180 2598020 26.77770000
16181 2598030 26.79910000
16182 2598040 26.81220000
16183 2598050 26.82030000
16184 2598060 26.82990000
16185 2598070 26.82810000
16186 2598080 26.81750000
16187 2598090 26.84820000
16188 2598100 26.86650000
16189 2598110 26.87050000
16190 2598120 26.86190000
16191 2598130 26.84390000
16192 2598140 26.82040000
16193 2598150 26.79490000
16194 2598160 26.76930000
16195 2598170 26.76340000
16196 2598180 26.77200000
16197 2598190 26.77010000
16198 2598200 26.76800000
16199 2598210 26.79340000
16200 2598220 26.80940000
16201 2598230 26.81250000
16202 2598240 26.80230000
16203 2598250 26.81630000
16204 2598260 26.83420000
16205 2598270 26.84640000
16206 2598280 26.84860000
16207 2598290 26.83760000
16208 2598300 26.82240000
16209 2598310 26.80230000
16210 2598320 26.77290000
16211 2598330 26.73670000
16212 2598340 26.72380000
16213 2598350 26.72430000
16214 2598360 26.71870000
16215 2598370 26.72110000
16216 2598380 26.73540000
16217 2598390 26.74540000
16218 2598400 26.75260000
16219 2598410 26.75720000
16220 2598420 26.75940000
16221 2598430 26.75830000
16222 2598440 26.75210000
16223 2598450 26.73890000
16224 2598460 26.73670000
16225 2598470 26.75010000
16226 2598480 26.76210000
16227 2598490 26.77050000
16228 2598500 26.77290000
16229 2598510 26.76960000
16230 2598520 26.76110000
16231 2598530 26.77150000
16232 2598540 26.78140000
16233 2598550 26.78090000
16234 2598560 26.76890000
16235 2598570 26.77140000
16236 2598580 26.76490000
16237 2598590 26.75010000
16238 2598600 26.75710000
16239 2598610 26.77340000
16240 2598620 26.79280000
16241 2598630 26.81940000
16242 2598640 26.83370000
16243 2598650 26.83130000
16244 2598660 26.81440000
16245 2598670 26.81470000
16246 2598680 26.81310000
16247 2598690 26.80980000
16248 2598700 26.80530000
16249 2598710 26.79860000
16250 2598720 26.78860000
16251 2598730 26.77880000
16252 2598740 26.80360000
16253 2598750 26.83040000
16254 2598760 26.85430000
16255 2598770 26.87110000
16256 2598780 26.87730000
16257 2598790 26.87150000
16258 2598800 26.85520000
16259 2598810 26.83090000
16260 2598820 26.80120000
16261 2598830 26.77220000
16262 2598840 26.77400000
16263 2598850 26.77050000
16264 2598860 26.77980000
16265 2598870 26.77930000
16266 2598880 26.76970000
16267 2598890 26.75330000
16268 2598900 26.76870000
16269 2598910 26.79520000
16270 2598920 26.80800000
16271 2598930 26.80530000
16272 2598940 26.78710000
16273 2598950 26.75540000
16274 2598960 26.71470000
16275 2598970 26.72750000
16276 2598980 26.74170000
16277 2598990 26.75460000
16278 2599000 26.76400000
16279 2599010 26.76990000
16280 2599020 26.77070000
16281 2599030 26.76540000
16282 2599040 26.75410000
16283 2599050 26.74020000
16284 2599060 26.72970000
16285 2599070 26.71070000
16286 2599080 26.70380000
16287 2599090 26.71670000
16288 2599100 26.72110000
16289 2599110 26.71840000
16290 2599120 26.71070000
16291 2599130 26.70490000
16292 2599140 26.71470000
16293 2599150 26.72280000
16294 2599160 26.72080000
16295 2599170 26.71190000
16296 2599180 26.70030000
16297 2599190 26.69720000
16298 2599200 26.70600000
16299 2599210 26.71450000
16300 2599220 26.72270000
16301 2599230 26.73010000
16302 2599240 26.73460000
16303 2599250 26.74480000
16304 2599260 26.75960000
16305 2599270 26.77240000
16306 2599280 26.78140000
16307 2599290 26.78360000
16308 2599300 26.77660000
16309 2599310 26.76040000
16310 2599320 26.74120000
16311 2599330 26.76440000
16312 2599340 26.78090000
16313 2599350 26.79050000
16314 2599360 26.79300000
16315 2599370 26.78980000
16316 2599380 26.78270000
16317 2599390 26.78630000
16318 2599400 26.79930000
16319 2599410 26.80330000
16320 2599420 26.79830000
16321 2599430 26.78780000
16322 2599440 26.77440000
16323 2599450 26.75970000
16324 2599460 26.74410000
16325 2599470 26.75840000
16326 2599480 26.77250000
16327 2599490 26.78560000
16328 2599500 26.79610000
16329 2599510 26.80110000
16330 2599520 26.79770000
16331 2599530 26.78710000
16332 2599540 26.77260000
16333 2599550 26.75820000
16334 2599560 26.74690000
16335 2599570 26.74010000
16336 2599580 26.73580000
16337 2599590 26.75040000
16338 2599600 26.76980000
16339 2599610 26.78370000
16340 2599620 26.78960000
16341 2599630 26.78640000
16342 2599640 26.77520000
16343 2599650 26.76030000
16344 2599660 26.74600000
16345 2599670 26.73520000
16346 2599680 26.72940000
16347 2599690 26.74850000
16348 2599700 26.75990000
16349 2599710 26.76380000
16350 2599720 26.76180000
16351 2599730 26.75310000
16352 2599740 26.73770000
16353 2599750 26.73330000
16354 2599760 26.73220000
16355 2599770 26.73120000
16356 2599780 26.72950000
16357 2599790 26.72980000
16358 2599800 26.74130000
16359 2599810 26.73840000
16360 2599820 26.72170000
16361 2599830 26.71980000
16362 2599840 26.73700000
16363 2599850 26.74970000
16364 2599860 26.77290000
16365 2599870 26.79790000
16366 2599880 26.81350000
16367 2599890 26.83560000
16368 2599900 26.85300000
16369 2599910 26.86340000
16370 2599920 26.86330000
16371 2599930 26.85140000
16372 2599940 26.83150000
16373 2599950 26.81910000
16374 2599960 26.81710000
16375 2599970 26.81470000
16376 2599980 26.81130000
16377 2599990 26.80660000
16378 2600000 26.80230000
16379 2600010 26.79940000
16380 2600020 26.79910000
16381 2600030 26.80210000
16382 2600040 26.80930000
16383 2600050 26.82080000
16384 2600060 26.83620000
16385 2600070 26.85420000
16386 2600080 26.87240000
16387 2600090 26.88670000
16388 2600100 26.89220000
16389 2600110 26.88670000
16390 2600120 26.86870000
16391 2600130 26.83940000
16392 2600140 26.80160000
16393 2600150 26.76010000
16394 2600160 26.74570000
16395 2600170 26.76510000
16396 2600180 26.77940000
16397 2600190 26.78900000
16398 2600200 26.79470000
16399 2600210 26.79650000
16400 2600220 26.79350000
16401 2600230 26.78680000
16402 2600240 26.77750000
16403 2600250 26.76570000
16404 2600260 26.75120000
16405 2600270 26.73790000
16406 2600280 26.75730000
16407 2600290 26.77810000
16408 2600300 26.79720000
16409 2600310 26.81200000
16410 2600320 26.82000000
16411 2600330 26.81970000
16412 2600340 26.80900000
16413 2600350 26.78780000
16414 2600360 26.75670000
16415 2600370 26.75730000
16416 2600380 26.76790000
16417 2600390 26.76870000
16418 2600400 26.76120000
16419 2600410 26.74940000
16420 2600420 26.75140000
16421 2600430 26.74850000
16422 2600440 26.74070000
16423 2600450 26.72890000
16424 2600460 26.73840000
16425 2600470 26.75570000
16426 2600480 26.77440000
16427 2600490 26.79080000
16428 2600500 26.80480000
16429 2600510 26.81380000
16430 2600520 26.81730000
16431 2600530 26.81840000
16432 2600540 26.81770000
16433 2600550 26.81130000
16434 2600560 26.79730000
16435 2600570 26.77630000
16436 2600580 26.75220000
16437 2600590 26.73740000
16438 2600600 26.76020000
16439 2600610 26.77560000
16440 2600620 26.77880000
16441 2600630 26.77410000
16442 2600640 26.76750000
16443 2600650 26.76070000
16444 2600660 26.76560000
16445 2600670 26.76230000
16446 2600680 26.75370000
16447 2600690 26.77220000
16448 2600700 26.78850000
16449 2600710 26.79400000
16450 2600720 26.80500000
16451 2600730 26.81700000
16452 2600740 26.82440000
16453 2600750 26.82550000
16454 2600760 26.81960000
16455 2600770 26.80870000
16456 2600780 26.79480000
16457 2600790 26.77780000
16458 2600800 26.75750000
16459 2600810 26.73300000
16460 2600820 26.71920000
16461 2600830 26.71520000
16462 2600840 26.71270000
16463 2600850 26.71110000
16464 2600860 26.70150000
16465 2600870 26.69630000
16466 2600880 26.71230000
16467 2600890 26.72520000
16468 2600900 26.73520000
16469 2600910 26.74260000
16470 2600920 26.74830000
16471 2600930 26.75160000
16472 2600940 26.75150000
16473 2600950 26.74760000
16474 2600960 26.74130000
16475 2600970 26.73520000
16476 2600980 26.73220000
16477 2600990 26.73360000
16478 2601000 26.73870000
16479 2601010 26.74600000
16480 2601020 26.75100000
16481 2601030 26.74900000
16482 2601040 26.74640000
16483 2601050 26.76140000
16484 2601060 26.77710000
16485 2601070 26.79240000
16486 2601080 26.80590000
16487 2601090 26.81480000
16488 2601100 26.81770000
16489 2601110 26.81340000
16490 2601120 26.80230000
16491 2601130 26.78380000
16492 2601140 26.80570000
16493 2601150 26.83130000
16494 2601160 26.85150000
16495 2601170 26.86150000
16496 2601180 26.85760000
16497 2601190 26.85300000
16498 2601200 26.86140000
16499 2601210 26.85980000
16500 2601220 26.84530000
16501 2601230 26.81680000
16502 2601240 26.78890000
16503 2601250 26.78750000
16504 2601260 26.77850000
16505 2601270 26.78370000
16506 2601280 26.79540000
16507 2601290 26.80320000
16508 2601300 26.80500000
16509 2601310 26.80020000
16510 2601320 26.78990000
16511 2601330 26.77470000
16512 2601340 26.75610000
16513 2601350 26.73520000
16514 2601360 26.71430000
16515 2601370 26.71360000
16516 2601380 26.71050000
16517 2601390 26.70160000
16518 2601400 26.69140000
16519 2601410 26.71490000
16520 2601420 26.73440000
16521 2601430 26.75560000
16522 2601440 26.77090000
16523 2601450 26.77280000
16524 2601460 26.76060000
16525 2601470 26.73560000
16526 2601480 26.71920000
16527 2601490 26.75960000
16528 2601500 26.79660000
16529 2601510 26.82710000
16530 2601520 26.84980000
16531 2601530 26.86440000
16532 2601540 26.87230000
16533 2601550 26.87500000
16534 2601560 26.87380000
16535 2601570 26.86820000
16536 2601580 26.85730000
16537 2601590 26.86810000
16538 2601600 26.87740000
16539 2601610 26.88120000
16540 2601620 26.87710000
16541 2601630 26.88540000
16542 2601640 26.88890000
16543 2601650 26.88550000
16544 2601660 26.87950000
16545 2601670 26.87470000
16546 2601680 26.87150000
16547 2601690 26.86780000
16548 2601700 26.86290000
16549 2601710 26.85440000
16550 2601720 26.84150000
16551 2601730 26.82480000
16552 2601740 26.80640000
16553 2601750 26.78840000
16554 2601760 26.76960000
16555 2601770 26.75080000
16556 2601780 26.73100000
16557 2601790 26.70740000
16558 2601800 26.71250000
16559 2601810 26.72390000
16560 2601820 26.73330000
16561 2601830 26.73980000
16562 2601840 26.74320000
16563 2601850 26.74260000
16564 2601860 26.73770000
16565 2601870 26.72830000
16566 2601880 26.71450000
16567 2601890 26.70720000
16568 2601900 26.69770000
16569 2601910 26.70970000
16570 2601920 26.71000000
16571 2601930 26.71170000
16572 2601940 26.72200000
16573 2601950 26.72740000
16574 2601960 26.72680000
16575 2601970 26.71880000
16576 2601980 26.71610000
16577 2601990 26.71850000
16578 2602000 26.72060000
16579 2602010 26.72290000
16580 2602020 26.71890000
16581 2602030 26.71750000
16582 2602040 26.72710000
16583 2602050 26.73170000
16584 2602060 26.73230000
16585 2602070 26.72890000
16586 2602080 26.73720000
16587 2602090 26.74080000
16588 2602100 26.74290000
16589 2602110 26.74110000
16590 2602120 26.76000000
16591 2602130 26.79180000
16592 2602140 26.81340000
16593 2602150 26.82510000
16594 2602160 26.82920000
16595 2602170 26.82780000
16596 2602180 26.82330000
16597 2602190 26.81820000
16598 2602200 26.81490000
16599 2602210 26.81580000
16600 2602220 26.82050000
16601 2602230 26.82810000
16602 2602240 26.83670000
16603 2602250 26.84380000
16604 2602260 26.84620000
16605 2602270 26.84010000
16606 2602280 26.82420000
16607 2602290 26.82920000
16608 2602300 26.82390000
16609 2602310 26.81300000
16610 2602320 26.79930000
16611 2602330 26.78490000
16612 2602340 26.77250000
16613 2602350 26.76260000
16614 2602360 26.76260000
16615 2602370 26.78440000
16616 2602380 26.80030000
16617 2602390 26.80710000
16618 2602400 26.80270000
16619 2602410 26.78720000
16620 2602420 26.76380000
16621 2602430 26.76300000
16622 2602440 26.76990000
16623 2602450 26.78040000
16624 2602460 26.78230000
16625 2602470 26.77660000
16626 2602480 26.76380000
16627 2602490 26.75570000
16628 2602500 26.75160000
16629 2602510 26.74730000
16630 2602520 26.74220000
16631 2602530 26.73610000
16632 2602540 26.72710000
16633 2602550 26.73700000
16634 2602560 26.75230000
16635 2602570 26.75590000
16636 2602580 26.74610000
16637 2602590 26.72450000
16638 2602600 26.72560000
16639 2602610 26.74300000
16640 2602620 26.75320000
16641 2602630 26.75530000
16642 2602640 26.74980000
16643 2602650 26.73700000
16644 2602660 26.72550000
16645 2602670 26.73600000
16646 2602680 26.76290000
16647 2602690 26.78540000
16648 2602700 26.80160000
16649 2602710 26.81150000
16650 2602720 26.81250000
16651 2602730 26.80290000
16652 2602740 26.78640000
16653 2602750 26.76500000
16654 2602760 26.77310000
16655 2602770 26.78700000
16656 2602780 26.79240000
16657 2602790 26.78680000
16658 2602800 26.77030000
16659 2602810 26.74530000
16660 2602820 26.73320000
16661 2602830 26.76160000
16662 2602840 26.77960000
16663 2602850 26.78410000
16664 2602860 26.78240000
16665 2602870 26.79420000
16666 2602880 26.80650000
16667 2602890 26.82970000
16668 2602900 26.84460000
16669 2602910 26.85260000
16670 2602920 26.85580000
16671 2602930 26.85500000
16672 2602940 26.85370000
16673 2602950 26.85360000
16674 2602960 26.85420000
16675 2602970 26.85660000
16676 2602980 26.85860000
16677 2602990 26.85880000
16678 2603000 26.85260000
16679 2603010 26.83900000
16680 2603020 26.81740000
16681 2603030 26.78990000
16682 2603040 26.75870000
16683 2603050 26.72740000
16684 2603060 26.69840000
16685 2603070 26.70450000
16686 2603080 26.71390000
16687 2603090 26.72070000
16688 2603100 26.72550000
16689 2603110 26.72770000
16690 2603120 26.72720000
16691 2603130 26.72860000
16692 2603140 26.72950000
16693 2603150 26.74240000
16694 2603160 26.75890000
16695 2603170 26.78400000
16696 2603180 26.80820000
16697 2603190 26.82750000
16698 2603200 26.83830000
16699 2603210 26.83900000
16700 2603220 26.82950000
16701 2603230 26.81500000
16702 2603240 26.80430000
16703 2603250 26.79400000
16704 2603260 26.77450000
16705 2603270 26.76520000
16706 2603280 26.75530000
16707 2603290 26.75080000
16708 2603300 26.74940000
16709 2603310 26.77240000
16710 2603320 26.79720000
16711 2603330 26.82140000
16712 2603340 26.86040000
16713 2603350 26.88310000
16714 2603360 26.88960000
16715 2603370 26.88350000
16716 2603380 26.87100000
16717 2603390 26.85630000
16718 2603400 26.84180000
16719 2603410 26.82630000
16720 2603420 26.80920000
16721 2603430 26.79110000
16722 2603440 26.77480000
16723 2603450 26.78730000
16724 2603460 26.81880000
16725 2603470 26.84700000
16726 2603480 26.86850000
16727 2603490 26.88040000
16728 2603500 26.88040000
16729 2603510 26.86800000
16730 2603520 26.84410000
16731 2603530 26.81240000
16732 2603540 26.77650000
16733 2603550 26.73970000
16734 2603560 26.71640000
16735 2603570 26.71010000
16736 2603580 26.72420000
16737 2603590 26.73010000
16738 2603600 26.72870000
16739 2603610 26.72050000
16740 2603620 26.73970000
16741 2603630 26.74470000
16742 2603640 26.73170000
16743 2603650 26.73710000
16744 2603660 26.74170000
16745 2603670 26.74050000
16746 2603680 26.73550000
16747 2603690 26.72770000
16748 2603700 26.71760000
16749 2603710 26.70730000
16750 2603720 26.70910000
16751 2603730 26.71350000
16752 2603740 26.71480000
16753 2603750 26.71130000
16754 2603760 26.70130000
16755 2603770 26.68470000
16756 2603780 26.68760000
16757 2603790 26.68940000
16758 2603800 26.70660000
16759 2603810 26.72750000
16760 2603820 26.74500000
16761 2603830 26.75900000
16762 2603840 26.76930000
16763 2603850 26.77660000
16764 2603860 26.78100000
16765 2603870 26.78170000
16766 2603880 26.77710000
16767 2603890 26.76580000
16768 2603900 26.75830000
16769 2603910 26.76670000
16770 2603920 26.77540000
16771 2603930 26.78040000
16772 2603940 26.78120000
16773 2603950 26.77760000
16774 2603960 26.77110000
16775 2603970 26.76500000
16776 2603980 26.76020000
16777 2603990 26.75470000
16778 2604000 26.74760000
16779 2604010 26.73790000
16780 2604020 26.72580000
16781 2604030 26.71130000
16782 2604040 26.69490000
16783 2604050 26.67840000
16784 2604060 26.68240000
16785 2604070 26.68830000
16786 2604080 26.69360000
16787 2604090 26.70340000
16788 2604100 26.71680000
16789 2604110 26.72680000
16790 2604120 26.73690000
16791 2604130 26.74790000
16792 2604140 26.74920000
16793 2604150 26.75720000
16794 2604160 26.77220000
16795 2604170 26.78530000
16796 2604180 26.79640000
16797 2604190 26.80600000
16798 2604200 26.81460000
16799 2604210 26.82290000
16800 2604220 26.83100000
16801 2604230 26.83860000
16802 2604240 26.84470000
16803 2604250 26.84800000
16804 2604260 26.84730000
16805 2604270 26.84230000
16806 2604280 26.83450000
16807 2604290 26.82540000
16808 2604300 26.81710000
16809 2604310 26.81130000
16810 2604320 26.80870000
16811 2604330 26.81550000
16812 2604340 26.82300000
16813 2604350 26.82370000
16814 2604360 26.81350000
16815 2604370 26.80480000
16816 2604380 26.79670000
16817 2604390 26.78300000
16818 2604400 26.76290000
16819 2604410 26.75220000
16820 2604420 26.75400000
16821 2604430 26.74650000
16822 2604440 26.74340000
16823 2604450 26.74300000
16824 2604460 26.74420000
16825 2604470 26.74710000
16826 2604480 26.76670000
16827 2604490 26.77630000
16828 2604500 26.77510000
16829 2604510 26.77710000
16830 2604520 26.78310000
16831 2604530 26.78660000
16832 2604540 26.78900000
16833 2604550 26.78990000
16834 2604560 26.78840000
16835 2604570 26.78190000
16836 2604580 26.76980000
16837 2604590 26.78920000
16838 2604600 26.80950000
16839 2604610 26.82650000
16840 2604620 26.83390000
16841 2604630 26.83300000
16842 2604640 26.82550000
16843 2604650 26.81200000
16844 2604660 26.79500000
16845 2604670 26.77650000
16846 2604680 26.76140000
16847 2604690 26.75120000
16848 2604700 26.74550000
16849 2604710 26.74240000
16850 2604720 26.74010000
16851 2604730 26.73600000
16852 2604740 26.72850000
16853 2604750 26.74040000
16854 2604760 26.75620000
16855 2604770 26.77110000
16856 2604780 26.78460000
16857 2604790 26.79540000
16858 2604800 26.80470000
16859 2604810 26.81320000
16860 2604820 26.81830000
16861 2604830 26.81890000
16862 2604840 26.81300000
16863 2604850 26.79920000
16864 2604860 26.77820000
16865 2604870 26.75220000
16866 2604880 26.73260000
16867 2604890 26.73290000
16868 2604900 26.75370000
16869 2604910 26.77770000
16870 2604920 26.79730000
16871 2604930 26.81220000
16872 2604940 26.82410000
16873 2604950 26.83470000
16874 2604960 26.84360000
16875 2604970 26.86040000
16876 2604980 26.86540000
16877 2604990 26.86020000
16878 2605000 26.84780000
16879 2605010 26.83280000
16880 2605020 26.81870000
16881 2605030 26.80880000
16882 2605040 26.80290000
16883 2605050 26.79860000
16884 2605060 26.80270000
16885 2605070 26.81960000
16886 2605080 26.82470000
16887 2605090 26.81730000
16888 2605100 26.80150000
16889 2605110 26.80020000
16890 2605120 26.78580000
16891 2605130 26.76080000
16892 2605140 26.75230000
16893 2605150 26.75240000
16894 2605160 26.75360000
16895 2605170 26.75420000
16896 2605180 26.75300000
16897 2605190 26.76850000
16898 2605200 26.78640000
16899 2605210 26.79810000
16900 2605220 26.80430000
16901 2605230 26.80500000
16902 2605240 26.80150000
16903 2605250 26.79710000
16904 2605260 26.79340000
16905 2605270 26.79120000
16906 2605280 26.79070000
16907 2605290 26.79060000
16908 2605300 26.78670000
16909 2605310 26.77810000
16910 2605320 26.79080000
16911 2605330 26.79900000
16912 2605340 26.79860000
16913 2605350 26.79130000
16914 2605360 26.78010000
16915 2605370 26.76550000
16916 2605380 26.75940000
16917 2605390 26.75430000
16918 2605400 26.76360000
16919 2605410 26.76680000
16920 2605420 26.76380000
16921 2605430 26.76540000
16922 2605440 26.75950000
16923 2605450 26.74610000
16924 2605460 26.73960000
16925 2605470 26.75560000
16926 2605480 26.76950000
16927 2605490 26.78130000
16928 2605500 26.79030000
16929 2605510 26.79490000
16930 2605520 26.79330000
16931 2605530 26.78500000
16932 2605540 26.77080000
16933 2605550 26.79210000
16934 2605560 26.81960000
16935 2605570 26.84300000
16936 2605580 26.86120000
16937 2605590 26.87380000
16938 2605600 26.88260000
16939 2605610 26.88880000
16940 2605620 26.89340000
16941 2605630 26.89660000
16942 2605640 26.89690000
16943 2605650 26.89430000
16944 2605660 26.88970000
16945 2605670 26.88600000
16946 2605680 26.88590000
16947 2605690 26.88940000
16948 2605700 26.89410000
16949 2605710 26.89510000
16950 2605720 26.88600000
16951 2605730 26.90120000
16952 2605740 26.91350000
16953 2605750 26.91420000
16954 2605760 26.90360000
16955 2605770 26.88470000
16956 2605780 26.86170000
16957 2605790 26.83790000
16958 2605800 26.81430000
16959 2605810 26.78980000
16960 2605820 26.76280000
16961 2605830 26.73170000
16962 2605840 26.72560000
16963 2605850 26.74290000
16964 2605860 26.73860000
16965 2605870 26.71630000
16966 2605880 26.71310000
16967 2605890 26.72830000
16968 2605900 26.74050000
16969 2605910 26.75210000
16970 2605920 26.76300000
16971 2605930 26.77330000
16972 2605940 26.78300000
16973 2605950 26.79050000
16974 2605960 26.79450000
16975 2605970 26.79300000
16976 2605980 26.78460000
16977 2605990 26.79370000
16978 2606000 26.81600000
16979 2606010 26.82710000
16980 2606020 26.83060000
16981 2606030 26.83180000
16982 2606040 26.83630000
16983 2606050 26.84500000
16984 2606060 26.85740000
16985 2606070 26.87020000
16986 2606080 26.87950000
16987 2606090 26.88380000
16988 2606100 26.88080000
16989 2606110 26.87070000
16990 2606120 26.85600000
16991 2606130 26.84170000
16992 2606140 26.83370000
16993 2606150 26.82520000
16994 2606160 26.81530000
16995 2606170 26.81160000
16996 2606180 26.80850000
16997 2606190 26.79840000
16998 2606200 26.81950000
16999 2606210 26.85300000
17000 2606220 26.87690000
17001 2606230 26.88600000
17002 2606240 26.87610000
17003 2606250 26.84920000
17004 2606260 26.81010000
17005 2606270 26.77600000
17006 2606280 26.78350000
17007 2606290 26.78220000
17008 2606300 26.77320000
17009 2606310 26.76180000
17010 2606320 26.75210000
17011 2606330 26.74810000
17012 2606340 26.74930000
17013 2606350 26.75310000
17014 2606360 26.75580000
17015 2606370 26.75330000
17016 2606380 26.75370000
17017 2606390 26.77350000
17018 2606400 26.78300000
17019 2606410 26.78200000
17020 2606420 26.77170000
17021 2606430 26.75410000
17022 2606440 26.74290000
17023 2606450 26.75910000
17024 2606460 26.76960000
17025 2606470 26.77340000
17026 2606480 26.77080000
17027 2606490 26.77050000
17028 2606500 26.78610000
17029 2606510 26.79160000
17030 2606520 26.78600000
17031 2606530 26.76940000
17032 2606540 26.74270000
17033 2606550 26.74150000
17034 2606560 26.74370000
17035 2606570 26.74430000
17036 2606580 26.76710000
17037 2606590 26.79970000
17038 2606600 26.82620000
17039 2606610 26.84470000
17040 2606620 26.85390000
17041 2606630 26.85380000
17042 2606640 26.84510000
17043 2606650 26.82930000
17044 2606660 26.80900000
17045 2606670 26.78530000
17046 2606680 26.75900000
17047 2606690 26.72960000
17048 2606700 26.73440000
17049 2606710 26.73930000
17050 2606720 26.74420000
17051 2606730 26.75040000
17052 2606740 26.75820000
17053 2606750 26.76640000
17054 2606760 26.77460000
17055 2606770 26.78230000
17056 2606780 26.79010000
17057 2606790 26.79730000
17058 2606800 26.80370000
17059 2606810 26.80790000
17060 2606820 26.80700000
17061 2606830 26.79730000
17062 2606840 26.77680000
17063 2606850 26.78360000
17064 2606860 26.78450000
17065 2606870 26.79050000
17066 2606880 26.79460000
17067 2606890 26.78470000
17068 2606900 26.76390000
17069 2606910 26.73700000
17070 2606920 26.70970000
17071 2606930 26.71300000
17072 2606940 26.71990000
17073 2606950 26.72830000
17074 2606960 26.73450000
17075 2606970 26.73580000
17076 2606980 26.73150000
17077 2606990 26.72890000
17078 2607000 26.73920000
17079 2607010 26.74450000
17080 2607020 26.74770000
17081 2607030 26.75060000
17082 2607040 26.77450000
17083 2607050 26.80140000
17084 2607060 26.82520000
17085 2607070 26.84460000
17086 2607080 26.85880000
17087 2607090 26.86690000
17088 2607100 26.86840000
17089 2607110 26.86410000
17090 2607120 26.85630000
17091 2607130 26.84810000
17092 2607140 26.84240000
17093 2607150 26.84130000
17094 2607160 26.84460000
17095 2607170 26.85000000
17096 2607180 26.85570000
17097 2607190 26.86010000
17098 2607200 26.86280000
17099 2607210 26.86420000
17100 2607220 26.86560000
17101 2607230 26.86630000
17102 2607240 26.86520000
17103 2607250 26.85880000
17104 2607260 26.84470000
17105 2607270 26.82130000
17106 2607280 26.79250000
17107 2607290 26.80160000
17108 2607300 26.80640000
17109 2607310 26.80540000
17110 2607320 26.79970000
17111 2607330 26.78960000
17112 2607340 26.77570000
17113 2607350 26.75720000
17114 2607360 26.73690000
17115 2607370 26.75060000
17116 2607380 26.75770000
17117 2607390 26.75670000
17118 2607400 26.74770000
17119 2607410 26.73270000
17120 2607420 26.71290000
17121 2607430 26.69150000
17122 2607440 26.67040000
17123 2607450 26.67060000
17124 2607460 26.66850000
17125 2607470 26.66520000
17126 2607480 26.66590000
17127 2607490 26.68180000
17128 2607500 26.70400000
17129 2607510 26.72310000
17130 2607520 26.73560000
17131 2607530 26.74200000
17132 2607540 26.74880000
17133 2607550 26.74790000
17134 2607560 26.74580000
17135 2607570 26.75250000
17136 2607580 26.75410000
17137 2607590 26.76460000
17138 2607600 26.79410000
17139 2607610 26.81710000
17140 2607620 26.83580000
17141 2607630 26.85140000
17142 2607640 26.86140000
17143 2607650 26.86320000
17144 2607660 26.85450000
17145 2607670 26.83590000
17146 2607680 26.84680000
17147 2607690 26.85390000
17148 2607700 26.85110000
17149 2607710 26.85750000
17150 2607720 26.86550000
17151 2607730 26.86870000
17152 2607740 26.86610000
17153 2607750 26.85990000
17154 2607760 26.85120000
17155 2607770 26.84080000
17156 2607780 26.82720000
17157 2607790 26.80890000
17158 2607800 26.79280000
17159 2607810 26.79380000
17160 2607820 26.79370000
17161 2607830 26.78790000
17162 2607840 26.77810000
17163 2607850 26.76580000
17164 2607860 26.75420000
17165 2607870 26.74470000
17166 2607880 26.73810000
17167 2607890 26.73390000
17168 2607900 26.72930000
17169 2607910 26.72220000
17170 2607920 26.71250000
17171 2607930 26.69820000
17172 2607940 26.68850000
17173 2607950 26.70590000
17174 2607960 26.72180000
17175 2607970 26.73550000
17176 2607980 26.74540000
17177 2607990 26.75010000
17178 2608000 26.74820000
17179 2608010 26.73910000
17180 2608020 26.72320000
17181 2608030 26.70150000
17182 2608040 26.68210000
17183 2608050 26.69570000
17184 2608060 26.70730000
17185 2608070 26.71610000
17186 2608080 26.73890000
17187 2608090 26.76710000
17188 2608100 26.78920000
17189 2608110 26.80470000
17190 2608120 26.81500000
17191 2608130 26.82150000
17192 2608140 26.82470000
17193 2608150 26.82290000
17194 2608160 26.81520000
17195 2608170 26.80130000
17196 2608180 26.78220000
17197 2608190 26.75980000
17198 2608200 26.74960000
17199 2608210 26.74910000
17200 2608220 26.75930000
17201 2608230 26.76150000
17202 2608240 26.76280000
17203 2608250 26.77640000
17204 2608260 26.78520000
17205 2608270 26.78930000
17206 2608280 26.78890000
17207 2608290 26.78490000
17208 2608300 26.77890000
17209 2608310 26.77220000
17210 2608320 26.76560000
17211 2608330 26.75880000
17212 2608340 26.74980000
17213 2608350 26.73610000
17214 2608360 26.73310000
17215 2608370 26.73780000
17216 2608380 26.73230000
17217 2608390 26.71940000
17218 2608400 26.71410000
17219 2608410 26.70320000
17220 2608420 26.68990000
17221 2608430 26.69610000
17222 2608440 26.70880000
17223 2608450 26.71470000
17224 2608460 26.71540000
17225 2608470 26.72850000
17226 2608480 26.74630000
17227 2608490 26.75810000
17228 2608500 26.76110000
17229 2608510 26.75410000
17230 2608520 26.73750000
17231 2608530 26.72290000
17232 2608540 26.71930000
17233 2608550 26.72050000
17234 2608560 26.71930000
17235 2608570 26.75010000
17236 2608580 26.77980000
17237 2608590 26.80000000
17238 2608600 26.81010000
17239 2608610 26.81120000
17240 2608620 26.80510000
17241 2608630 26.79430000
17242 2608640 26.77870000
17243 2608650 26.75870000
17244 2608660 26.76580000
17245 2608670 26.79400000
17246 2608680 26.81210000
17247 2608690 26.81870000
17248 2608700 26.81600000
17249 2608710 26.80800000
17250 2608720 26.79790000
17251 2608730 26.78870000
17252 2608740 26.78110000
17253 2608750 26.77350000
17254 2608760 26.76470000
17255 2608770 26.77880000
17256 2608780 26.79840000
17257 2608790 26.81370000
17258 2608800 26.82230000
17259 2608810 26.82080000
17260 2608820 26.80690000
17261 2608830 26.78650000
17262 2608840 26.79150000
17263 2608850 26.79420000
17264 2608860 26.79460000
17265 2608870 26.79210000
17266 2608880 26.78510000
17267 2608890 26.77190000
17268 2608900 26.75550000
17269 2608910 26.74880000
17270 2608920 26.76090000
17271 2608930 26.77350000
17272 2608940 26.78150000
17273 2608950 26.78370000
17274 2608960 26.77930000
17275 2608970 26.78010000
17276 2608980 26.78470000
17277 2608990 26.78810000
17278 2609000 26.79130000
17279 2609010 26.79510000
17280 2609020 26.79910000
17281 2609030 26.80250000
17282 2609040 26.80270000
17283 2609050 26.79680000
17284 2609060 26.78280000
17285 2609070 26.80620000
17286 2609080 26.84770000
17287 2609090 26.87870000
17288 2609100 26.89510000
17289 2609110 26.89620000
17290 2609120 26.88320000
17291 2609130 26.85960000
17292 2609140 26.82970000
17293 2609150 26.79890000
17294 2609160 26.77420000
17295 2609170 26.75850000
17296 2609180 26.75190000
17297 2609190 26.75340000
17298 2609200 26.75730000
17299 2609210 26.75560000
17300 2609220 26.79150000
17301 2609230 26.82290000
17302 2609240 26.83880000
17303 2609250 26.83780000
17304 2609260 26.82160000
17305 2609270 26.79440000
17306 2609280 26.76200000
17307 2609290 26.72930000
17308 2609300 26.74260000
17309 2609310 26.75960000
17310 2609320 26.76890000
17311 2609330 26.78820000
17312 2609340 26.80220000
17313 2609350 26.80790000
17314 2609360 26.80230000
17315 2609370 26.78520000
17316 2609380 26.75930000
17317 2609390 26.73020000
17318 2609400 26.70440000
17319 2609410 26.70940000
17320 2609420 26.72800000
17321 2609430 26.74220000
17322 2609440 26.75030000
17323 2609450 26.75080000
17324 2609460 26.74370000
17325 2609470 26.73080000
17326 2609480 26.71490000
17327 2609490 26.70000000
17328 2609500 26.70830000
17329 2609510 26.72220000
17330 2609520 26.72750000
17331 2609530 26.72270000
17332 2609540 26.70970000
17333 2609550 26.69240000
17334 2609560 26.69340000
17335 2609570 26.69610000
17336 2609580 26.68430000
17337 2609590 26.67010000
17338 2609600 26.67500000
17339 2609610 26.68230000
17340 2609620 26.69600000
17341 2609630 26.70370000
17342 2609640 26.70530000
17343 2609650 26.70160000
17344 2609660 26.71630000
17345 2609670 26.75170000
17346 2609680 26.77970000
17347 2609690 26.79640000
17348 2609700 26.79940000
17349 2609710 26.78810000
17350 2609720 26.76570000
17351 2609730 26.75930000
17352 2609740 26.76440000
17353 2609750 26.76030000
17354 2609760 26.76590000
17355 2609770 26.78520000
17356 2609780 26.80230000
17357 2609790 26.81400000
17358 2609800 26.81520000
17359 2609810 26.80600000
17360 2609820 26.78610000
17361 2609830 26.75820000
17362 2609840 26.73080000
17363 2609850 26.72400000
17364 2609860 26.73140000
17365 2609870 26.74600000
17366 2609880 26.75180000
17367 2609890 26.74450000
17368 2609900 26.73330000
17369 2609910 26.74050000
17370 2609920 26.74510000
17371 2609930 26.74650000
17372 2609940 26.74420000
17373 2609950 26.73800000
17374 2609960 26.72950000
17375 2609970 26.74400000
17376 2609980 26.76910000
17377 2609990 26.78480000
17378 2610000 26.79040000
17379 2610010 26.78660000
17380 2610020 26.77430000
17381 2610030 26.75390000
17382 2610040 26.74090000
17383 2610050 26.73040000
17384 2610060 26.71520000
17385 2610070 26.69590000
17386 2610080 26.67460000
17387 2610090 26.71050000
17388 2610100 26.74020000
17389 2610110 26.76270000
17390 2610120 26.77650000
17391 2610130 26.78060000
17392 2610140 26.77520000
17393 2610150 26.76180000
17394 2610160 26.74340000
17395 2610170 26.74460000
17396 2610180 26.76390000
17397 2610190 26.78180000
17398 2610200 26.80130000
17399 2610210 26.82490000
17400 2610220 26.85400000
17401 2610230 26.88540000
17402 2610240 26.91480000
17403 2610250 26.93580000
17404 2610260 26.94340000
17405 2610270 26.93580000
17406 2610280 26.91650000
17407 2610290 26.88980000
17408 2610300 26.85900000
17409 2610310 26.82570000
17410 2610320 26.79050000
17411 2610330 26.75460000
17412 2610340 26.72010000
17413 2610350 26.72300000
17414 2610360 26.73150000
17415 2610370 26.72530000
17416 2610380 26.70670000
17417 2610390 26.71730000
17418 2610400 26.73510000
17419 2610410 26.74780000
17420 2610420 26.75510000
17421 2610430 26.75670000
17422 2610440 26.75280000
17423 2610450 26.75540000
17424 2610460 26.76770000
17425 2610470 26.77750000
17426 2610480 26.78490000
17427 2610490 26.78920000
17428 2610500 26.78970000
17429 2610510 26.78840000
17430 2610520 26.78530000
17431 2610530 26.78160000
17432 2610540 26.77670000
17433 2610550 26.76790000
17434 2610560 26.79370000
17435 2610570 26.82940000
17436 2610580 26.85050000
17437 2610590 26.85810000
17438 2610600 26.85470000
17439 2610610 26.84570000
17440 2610620 26.83390000
17441 2610630 26.82140000
17442 2610640 26.80930000
17443 2610650 26.79860000
17444 2610660 26.79090000
17445 2610670 26.78580000
17446 2610680 26.78440000
17447 2610690 26.78460000
17448 2610700 26.78560000
17449 2610710 26.78420000
17450 2610720 26.77810000
17451 2610730 26.76870000
17452 2610740 26.79230000
17453 2610750 26.81130000
17454 2610760 26.82730000
17455 2610770 26.84110000
17456 2610780 26.85510000
17457 2610790 26.87020000
17458 2610800 26.88680000
17459 2610810 26.90190000
17460 2610820 26.91160000
17461 2610830 26.91270000
17462 2610840 26.90330000
17463 2610850 26.88310000
17464 2610860 26.85280000
17465 2610870 26.81450000
17466 2610880 26.76970000
17467 2610890 26.77970000
17468 2610900 26.78110000
17469 2610910 26.77390000
17470 2610920 26.77410000
17471 2610930 26.76830000
17472 2610940 26.77800000
17473 2610950 26.80430000
17474 2610960 26.82250000
17475 2610970 26.83230000
17476 2610980 26.83380000
17477 2610990 26.82690000
17478 2611000 26.81400000
17479 2611010 26.79770000
17480 2611020 26.77860000
17481 2611030 26.76300000
17482 2611040 26.75620000
17483 2611050 26.74450000
17484 2611060 26.76810000
17485 2611070 26.78230000
17486 2611080 26.78920000
17487 2611090 26.79170000
17488 2611100 26.79380000
17489 2611110 26.79790000
17490 2611120 26.80560000
17491 2611130 26.83220000
17492 2611140 26.87220000
17493 2611150 26.89920000
17494 2611160 26.91580000
17495 2611170 26.92500000
17496 2611180 26.93060000
17497 2611190 26.93550000
17498 2611200 26.93970000
17499 2611210 26.94480000
17500 2611220 26.95060000
17501 2611230 26.95480000
17502 2611240 26.95700000
17503 2611250 26.95410000
17504 2611260 26.94250000
17505 2611270 26.92100000
17506 2611280 26.88980000
17507 2611290 26.89380000
17508 2611300 26.90080000
17509 2611310 26.90570000
17510 2611320 26.90930000
17511 2611330 26.91070000
17512 2611340 26.90690000
17513 2611350 26.89490000
17514 2611360 26.87180000
17515 2611370 26.83830000
17516 2611380 26.79720000
17517 2611390 26.75120000
17518 2611400 26.73370000
17519 2611410 26.74500000
17520 2611420 26.75890000
17521 2611430 26.77800000
17522 2611440 26.79570000
17523 2611450 26.80970000
17524 2611460 26.81650000
17525 2611470 26.81300000
17526 2611480 26.79790000
17527 2611490 26.77730000
17528 2611500 26.76200000
17529 2611510 26.74360000
17530 2611520 26.75040000
17531 2611530 26.75940000
17532 2611540 26.75510000
17533 2611550 26.74210000
17534 2611560 26.72540000
17535 2611570 26.70950000
17536 2611580 26.69530000
17537 2611590 26.71540000
17538 2611600 26.73360000
17539 2611610 26.73460000
17540 2611620 26.71850000
17541 2611630 26.71650000
17542 2611640 26.72810000
17543 2611650 26.74100000
17544 2611660 26.76060000
17545 2611670 26.79460000
17546 2611680 26.82370000
17547 2611690 26.84440000
17548 2611700 26.85500000
17549 2611710 26.85620000
17550 2611720 26.84910000
17551 2611730 26.83530000
17552 2611740 26.81650000
17553 2611750 26.80250000
17554 2611760 26.81050000
17555 2611770 26.81680000
17556 2611780 26.81660000
17557 2611790 26.80530000
17558 2611800 26.77970000
17559 2611810 26.77990000
17560 2611820 26.78910000
17561 2611830 26.78840000
17562 2611840 26.79190000
17563 2611850 26.78390000
17564 2611860 26.76680000
17565 2611870 26.74220000
17566 2611880 26.71910000
17567 2611890 26.71980000
17568 2611900 26.70810000
17569 2611910 26.73190000
17570 2611920 26.75810000
17571 2611930 26.78230000
17572 2611940 26.79950000
17573 2611950 26.80560000
17574 2611960 26.79770000
17575 2611970 26.77550000
17576 2611980 26.75080000
17577 2611990 26.76520000
17578 2612000 26.78170000
17579 2612010 26.79910000
17580 2612020 26.81620000
17581 2612030 26.83030000
17582 2612040 26.83940000
17583 2612050 26.84300000
17584 2612060 26.84010000
17585 2612070 26.82940000
17586 2612080 26.80940000
17587 2612090 26.78080000
17588 2612100 26.76240000
17589 2612110 26.79350000
17590 2612120 26.82180000
17591 2612130 26.84340000
17592 2612140 26.85500000
17593 2612150 26.85400000
17594 2612160 26.83990000
17595 2612170 26.81520000
17596 2612180 26.78190000
17597 2612190 26.76280000
17598 2612200 26.75850000
17599 2612210 26.75160000
17600 2612220 26.74450000
17601 2612230 26.73950000
17602 2612240 26.73650000
17603 2612250 26.73680000
17604 2612260 26.74130000
17605 2612270 26.74660000
17606 2612280 26.75140000
17607 2612290 26.75370000
17608 2612300 26.75530000
17609 2612310 26.75650000
17610 2612320 26.75790000
17611 2612330 26.75820000
17612 2612340 26.75480000
17613 2612350 26.74440000
17614 2612360 26.72670000
17615 2612370 26.71490000
17616 2612380 26.73020000
17617 2612390 26.73750000
17618 2612400 26.73850000
17619 2612410 26.73400000
17620 2612420 26.72640000
17621 2612430 26.71590000
17622 2612440 26.70600000
17623 2612450 26.71590000
17624 2612460 26.72030000
17625 2612470 26.71980000
17626 2612480 26.71500000
17627 2612490 26.70780000
17628 2612500 26.69810000
17629 2612510 26.68620000
17630 2612520 26.68990000
17631 2612530 26.70680000
17632 2612540 26.72260000
17633 2612550 26.73510000
17634 2612560 26.74180000
17635 2612570 26.75030000
17636 2612580 26.75890000
17637 2612590 26.75810000
17638 2612600 26.74700000
17639 2612610 26.72510000
17640 2612620 26.70970000
17641 2612630 26.73530000
17642 2612640 26.75840000
17643 2612650 26.78550000
17644 2612660 26.80750000
17645 2612670 26.82270000
17646 2612680 26.82950000
17647 2612690 26.82720000
17648 2612700 26.81580000
17649 2612710 26.79680000
17650 2612720 26.77400000
17651 2612730 26.75010000
17652 2612740 26.72870000
17653 2612750 26.70980000
17654 2612760 26.69260000
17655 2612770 26.69620000
17656 2612780 26.70670000
17657 2612790 26.70820000
17658 2612800 26.70590000
17659 2612810 26.72840000
17660 2612820 26.73980000
17661 2612830 26.73820000
17662 2612840 26.72440000
17663 2612850 26.70650000
17664 2612860 26.69970000
17665 2612870 26.68580000
17666 2612880 26.70110000
17667 2612890 26.71350000
17668 2612900 26.72100000
17669 2612910 26.73160000
17670 2612920 26.74830000
17671 2612930 26.75250000
17672 2612940 26.74480000
17673 2612950 26.75580000
17674 2612960 26.77250000
17675 2612970 26.78920000
17676 2612980 26.80320000
17677 2612990 26.81410000
17678 2613000 26.82210000
17679 2613010 26.82800000
17680 2613020 26.83040000
17681 2613030 26.82710000
17682 2613040 26.81740000
17683 2613050 26.79970000
17684 2613060 26.77630000
17685 2613070 26.74940000
17686 2613080 26.75460000
17687 2613090 26.76420000
17688 2613100 26.77200000
17689 2613110 26.77500000
17690 2613120 26.76820000
17691 2613130 26.78890000
17692 2613140 26.80380000
17693 2613150 26.81270000
17694 2613160 26.81720000
17695 2613170 26.81910000
17696 2613180 26.81880000
17697 2613190 26.81590000
17698 2613200 26.81020000
17699 2613210 26.79990000
17700 2613220 26.78410000
17701 2613230 26.76190000
17702 2613240 26.73330000
17703 2613250 26.72260000
17704 2613260 26.75090000
17705 2613270 26.76920000
17706 2613280 26.77400000
17707 2613290 26.76890000
17708 2613300 26.76330000
17709 2613310 26.76960000
17710 2613320 26.76570000
17711 2613330 26.75320000
17712 2613340 26.73510000
17713 2613350 26.73730000
17714 2613360 26.74390000
17715 2613370 26.75030000
17716 2613380 26.75690000
17717 2613390 26.76460000
17718 2613400 26.77380000
17719 2613410 26.78370000
17720 2613420 26.79450000
17721 2613430 26.80640000
17722 2613440 26.81780000
17723 2613450 26.82730000
17724 2613460 26.83420000
17725 2613470 26.83770000
17726 2613480 26.83590000
17727 2613490 26.83200000
17728 2613500 26.84500000
17729 2613510 26.83540000
17730 2613520 26.80890000
17731 2613530 26.77410000
17732 2613540 26.76300000
17733 2613550 26.75390000
17734 2613560 26.74370000
17735 2613570 26.73190000
17736 2613580 26.73140000
17737 2613590 26.76460000
17738 2613600 26.78830000
17739 2613610 26.80020000
17740 2613620 26.79950000
17741 2613630 26.78810000
17742 2613640 26.76950000
17743 2613650 26.74740000
17744 2613660 26.72500000
17745 2613670 26.70440000
17746 2613680 26.71780000
17747 2613690 26.74570000
17748 2613700 26.76430000
17749 2613710 26.77080000
17750 2613720 26.76400000
17751 2613730 26.74430000
17752 2613740 26.73280000
17753 2613750 26.73780000
17754 2613760 26.73900000
17755 2613770 26.73630000
17756 2613780 26.72830000
17757 2613790 26.75650000
17758 2613800 26.77620000
17759 2613810 26.78710000
17760 2613820 26.78870000
17761 2613830 26.78230000
17762 2613840 26.80650000
17763 2613850 26.83100000
17764 2613860 26.84780000
17765 2613870 26.85630000
17766 2613880 26.85800000
17767 2613890 26.85390000
17768 2613900 26.84530000
17769 2613910 26.83290000
17770 2613920 26.81840000
17771 2613930 26.80300000
17772 2613940 26.78720000
17773 2613950 26.77140000
17774 2613960 26.75670000
17775 2613970 26.74560000
17776 2613980 26.74130000
17777 2613990 26.74810000
17778 2614000 26.75450000
17779 2614010 26.75980000
17780 2614020 26.76240000
17781 2614030 26.76040000
17782 2614040 26.77190000
17783 2614050 26.79080000
17784 2614060 26.80710000
17785 2614070 26.81980000
17786 2614080 26.82840000
17787 2614090 26.83100000
17788 2614100 26.82720000
17789 2614110 26.81670000
17790 2614120 26.80080000
17791 2614130 26.78710000
17792 2614140 26.82260000
17793 2614150 26.84800000
17794 2614160 26.85850000
17795 2614170 26.85260000
17796 2614180 26.83380000
17797 2614190 26.80780000
17798 2614200 26.78040000
17799 2614210 26.75410000
17800 2614220 26.73000000
17801 2614230 26.72910000
17802 2614240 26.73150000
17803 2614250 26.75850000
17804 2614260 26.77290000
17805 2614270 26.77460000
17806 2614280 26.76560000
17807 2614290 26.75400000
17808 2614300 26.75090000
17809 2614310 26.73920000
17810 2614320 26.72720000
17811 2614330 26.73500000
17812 2614340 26.74040000
17813 2614350 26.74620000
17814 2614360 26.76940000
17815 2614370 26.79060000
17816 2614380 26.80750000
17817 2614390 26.81790000
17818 2614400 26.82000000
17819 2614410 26.81300000
17820 2614420 26.79760000
17821 2614430 26.77570000
17822 2614440 26.76150000
17823 2614450 26.76670000
17824 2614460 26.77340000
17825 2614470 26.78060000
17826 2614480 26.78490000
17827 2614490 26.78470000
17828 2614500 26.79340000
17829 2614510 26.79160000
17830 2614520 26.77700000
17831 2614530 26.75010000
17832 2614540 26.75540000
17833 2614550 26.76910000
17834 2614560 26.77900000
17835 2614570 26.79930000
17836 2614580 26.82230000
17837 2614590 26.84270000
17838 2614600 26.85770000
17839 2614610 26.86350000
17840 2614620 26.85840000
17841 2614630 26.84190000
17842 2614640 26.81760000
17843 2614650 26.78920000
17844 2614660 26.76170000
17845 2614670 26.75660000
17846 2614680 26.77980000
17847 2614690 26.78430000
17848 2614700 26.76990000
17849 2614710 26.74040000
17850 2614720 26.73520000
17851 2614730 26.73640000
17852 2614740 26.72730000
17853 2614750 26.70850000
17854 2614760 26.71050000
17855 2614770 26.70180000
17856 2614780 26.70450000
17857 2614790 26.71620000
17858 2614800 26.71990000
17859 2614810 26.71250000
17860 2614820 26.70710000
17861 2614830 26.69930000
17862 2614840 26.69150000
17863 2614850 26.69030000
17864 2614860 26.68550000
17865 2614870 26.69800000
17866 2614880 26.70910000
17867 2614890 26.71660000
17868 2614900 26.72830000
17869 2614910 26.74410000
17870 2614920 26.75280000
17871 2614930 26.75470000
17872 2614940 26.75260000
17873 2614950 26.74950000
17874 2614960 26.74870000
17875 2614970 26.76600000
17876 2614980 26.79030000
17877 2614990 26.81400000
17878 2615000 26.83940000
17879 2615010 26.86570000
17880 2615020 26.88990000
17881 2615030 26.90650000
17882 2615040 26.91160000
17883 2615050 26.90450000
17884 2615060 26.88690000
17885 2615070 26.86230000
17886 2615080 26.83980000
17887 2615090 26.84370000
17888 2615100 26.84160000
17889 2615110 26.82200000
17890 2615120 26.78970000
17891 2615130 26.76370000
17892 2615140 26.75910000
17893 2615150 26.76070000
17894 2615160 26.76600000
17895 2615170 26.77080000
17896 2615180 26.77190000
17897 2615190 26.76730000
17898 2615200 26.75590000
17899 2615210 26.76050000
17900 2615220 26.79040000
17901 2615230 26.81460000
17902 2615240 26.82840000
17903 2615250 26.83160000
17904 2615260 26.82470000
17905 2615270 26.81000000
17906 2615280 26.78890000
17907 2615290 26.76310000
17908 2615300 26.76470000
17909 2615310 26.76100000
17910 2615320 26.75380000
17911 2615330 26.74540000
17912 2615340 26.74670000
17913 2615350 26.74850000
17914 2615360 26.74660000
17915 2615370 26.74290000
17916 2615380 26.73910000
17917 2615390 26.74510000
17918 2615400 26.76440000
17919 2615410 26.77630000
17920 2615420 26.78180000
17921 2615430 26.78400000
17922 2615440 26.78540000
17923 2615450 26.78690000
17924 2615460 26.78960000
17925 2615470 26.79190000
17926 2615480 26.79110000
17927 2615490 26.78330000
17928 2615500 26.76890000
17929 2615510 26.74800000
17930 2615520 26.72710000
17931 2615530 26.73260000
17932 2615540 26.72780000
17933 2615550 26.71540000
17934 2615560 26.72770000
17935 2615570 26.74130000
17936 2615580 26.75590000
17937 2615590 26.76950000
17938 2615600 26.77900000
17939 2615610 26.78160000
17940 2615620 26.77570000
17941 2615630 26.76090000
17942 2615640 26.73740000
17943 2615650 26.70610000
17944 2615660 26.70450000
17945 2615670 26.72060000
17946 2615680 26.73730000
17947 2615690 26.74850000
17948 2615700 26.74950000
17949 2615710 26.73740000
17950 2615720 26.72060000
17951 2615730 26.70570000
17952 2615740 26.69760000
17953 2615750 26.72140000
17954 2615760 26.73760000
17955 2615770 26.74410000
17956 2615780 26.73840000
17957 2615790 26.72030000
17958 2615800 26.71240000
17959 2615810 26.73260000
17960 2615820 26.74590000
17961 2615830 26.75180000
17962 2615840 26.75080000
17963 2615850 26.74270000
17964 2615860 26.74090000
17965 2615870 26.73960000
17966 2615880 26.73560000
17967 2615890 26.74490000
17968 2615900 26.74960000
17969 2615910 26.75010000
17970 2615920 26.74470000
17971 2615930 26.73380000
17972 2615940 26.72050000
17973 2615950 26.72220000
17974 2615960 26.71430000
17975 2615970 26.70550000
17976 2615980 26.70520000
17977 2615990 26.69840000
17978 2616000 26.68500000
17979 2616010 26.66500000
17980 2616020 26.67080000
17981 2616030 26.67960000
17982 2616040 26.68590000
17983 2616050 26.69420000
17984 2616060 26.73390000
17985 2616070 26.76610000
17986 2616080 26.78810000
17987 2616090 26.79750000
17988 2616100 26.79610000
17989 2616110 26.78700000
17990 2616120 26.77440000
17991 2616130 26.76110000
17992 2616140 26.75940000
17993 2616150 26.77170000
17994 2616160 26.78230000
17995 2616170 26.78770000
17996 2616180 26.78750000
17997 2616190 26.78260000
17998 2616200 26.78170000
17999 2616210 26.79660000
18000 2616220 26.83370000
18001 2616230 26.85690000
18002 2616240 26.86600000
18003 2616250 26.86410000
18004 2616260 26.85490000
18005 2616270 26.84260000
18006 2616280 26.82860000
18007 2616290 26.81410000
18008 2616300 26.79980000
18009 2616310 26.78730000
18010 2616320 26.77700000
18011 2616330 26.76720000
18012 2616340 26.75420000
18013 2616350 26.73690000
18014 2616360 26.73130000
18015 2616370 26.73440000
18016 2616380 26.73800000
18017 2616390 26.73280000
18018 2616400 26.72170000
18019 2616410 26.70730000
18020 2616420 26.69090000
18021 2616430 26.70720000
18022 2616440 26.71770000
18023 2616450 26.72350000
18024 2616460 26.72580000
18025 2616470 26.72810000
18026 2616480 26.77810000
18027 2616490 26.81390000
18028 2616500 26.83350000
18029 2616510 26.83970000
18030 2616520 26.83770000
18031 2616530 26.83270000
18032 2616540 26.82750000
18033 2616550 26.82170000
18034 2616560 26.81500000
18035 2616570 26.80660000
18036 2616580 26.79550000
18037 2616590 26.78070000
18038 2616600 26.76350000
18039 2616610 26.74540000
18040 2616620 26.72810000
18041 2616630 26.75150000
18042 2616640 26.80890000
18043 2616650 26.86240000
18044 2616660 26.90460000
18045 2616670 26.93120000
18046 2616680 26.94070000
18047 2616690 26.93560000
18048 2616700 26.92000000
18049 2616710 26.89940000
18050 2616720 26.87890000
18051 2616730 26.86120000
18052 2616740 26.84720000
18053 2616750 26.83650000
18054 2616760 26.82790000
18055 2616770 26.82040000
18056 2616780 26.81360000
18057 2616790 26.80760000
18058 2616800 26.80280000
18059 2616810 26.79760000
18060 2616820 26.79240000
18061 2616830 26.78810000
18062 2616840 26.77890000
18063 2616850 26.80550000
18064 2616860 26.82820000
18065 2616870 26.83910000
18066 2616880 26.83420000
18067 2616890 26.81230000
18068 2616900 26.78760000
18069 2616910 26.80190000
18070 2616920 26.80300000
18071 2616930 26.78940000
18072 2616940 26.76460000
18073 2616950 26.73120000
18074 2616960 26.69350000
18075 2616970 26.69140000
18076 2616980 26.69780000
18077 2616990 26.69710000
18078 2617000 26.69150000
18079 2617010 26.69650000
18080 2617020 26.68850000
18081 2617030 26.67330000
18082 2617040 26.67760000
18083 2617050 26.67820000
18084 2617060 26.72300000
18085 2617070 26.77420000
18086 2617080 26.81850000
18087 2617090 26.85280000
18088 2617100 26.87410000
18089 2617110 26.88070000
18090 2617120 26.87290000
18091 2617130 26.85360000
18092 2617140 26.82710000
18093 2617150 26.79740000
18094 2617160 26.76860000
18095 2617170 26.74620000
18096 2617180 26.74060000
18097 2617190 26.73410000
18098 2617200 26.72850000
18099 2617210 26.72530000
18100 2617220 26.72530000
18101 2617230 26.72930000
18102 2617240 26.73640000
18103 2617250 26.74600000
18104 2617260 26.75560000
18105 2617270 26.76820000
18106 2617280 26.80440000
18107 2617290 26.83320000
18108 2617300 26.85120000
18109 2617310 26.85660000
18110 2617320 26.84970000
18111 2617330 26.83330000
18112 2617340 26.81140000
18113 2617350 26.78510000
18114 2617360 26.76150000
18115 2617370 26.76920000
18116 2617380 26.77100000
18117 2617390 26.76420000
18118 2617400 26.74860000
18119 2617410 26.76410000
18120 2617420 26.78420000
18121 2617430 26.79920000
18122 2617440 26.80670000
18123 2617450 26.80760000
18124 2617460 26.80290000
18125 2617470 26.79500000
18126 2617480 26.78430000
18127 2617490 26.77250000
18128 2617500 26.76090000
18129 2617510 26.75730000
18130 2617520 26.76410000
18131 2617530 26.76090000
18132 2617540 26.75550000
18133 2617550 26.74600000
18134 2617560 26.73200000
18135 2617570 26.72340000
18136 2617580 26.72090000
18137 2617590 26.71680000
18138 2617600 26.72630000
18139 2617610 26.74650000
18140 2617620 26.75440000
18141 2617630 26.74780000
18142 2617640 26.72650000
18143 2617650 26.73690000
18144 2617660 26.75060000
18145 2617670 26.75600000
18146 2617680 26.75580000
18147 2617690 26.75100000
18148 2617700 26.74140000
18149 2617710 26.75620000
18150 2617720 26.77890000
18151 2617730 26.79540000
18152 2617740 26.80420000
18153 2617750 26.80110000
18154 2617760 26.78550000
18155 2617770 26.75780000
18156 2617780 26.75400000
18157 2617790 26.76800000
18158 2617800 26.76930000
18159 2617810 26.75770000
18160 2617820 26.74690000
18161 2617830 26.75150000
18162 2617840 26.75300000
18163 2617850 26.74850000
18164 2617860 26.73620000
18165 2617870 26.71570000
18166 2617880 26.69620000
18167 2617890 26.71280000
18168 2617900 26.73450000
18169 2617910 26.75180000
18170 2617920 26.76410000
18171 2617930 26.77160000
18172 2617940 26.78990000
18173 2617950 26.81210000
18174 2617960 26.83320000
18175 2617970 26.85340000
18176 2617980 26.87140000
18177 2617990 26.88690000
18178 2618000 26.89690000
18179 2618010 26.90070000
18180 2618020 26.89570000
18181 2618030 26.88130000
18182 2618040 26.85850000
18183 2618050 26.82950000
18184 2618060 26.84310000
18185 2618070 26.86330000
18186 2618080 26.87770000
18187 2618090 26.88360000
18188 2618100 26.87990000
18189 2618110 26.86640000
18190 2618120 26.84510000
18191 2618130 26.81980000
18192 2618140 26.79540000
18193 2618150 26.77410000
18194 2618160 26.75820000
18195 2618170 26.75130000
18196 2618180 26.74600000
18197 2618190 26.74060000
18198 2618200 26.73980000
18199 2618210 26.74540000
18200 2618220 26.75480000
18201 2618230 26.76530000
18202 2618240 26.77530000
18203 2618250 26.78200000
18204 2618260 26.78340000
18205 2618270 26.77630000
18206 2618280 26.76080000
18207 2618290 26.73900000
18208 2618300 26.71460000
18209 2618310 26.72140000
18210 2618320 26.74030000
18211 2618330 26.74460000
18212 2618340 26.73710000
18213 2618350 26.76710000
18214 2618360 26.79700000
18215 2618370 26.81930000
18216 2618380 26.83340000
18217 2618390 26.83810000
18218 2618400 26.83290000
18219 2618410 26.81970000
18220 2618420 26.80050000
18221 2618430 26.77830000
18222 2618440 26.77530000
18223 2618450 26.77280000
18224 2618460 26.76800000
18225 2618470 26.76090000
18226 2618480 26.75220000
18227 2618490 26.74350000
18228 2618500 26.73460000
18229 2618510 26.72970000
18230 2618520 26.75770000
18231 2618530 26.78270000
18232 2618540 26.80210000
18233 2618550 26.81510000
18234 2618560 26.81950000
18235 2618570 26.81410000
18236 2618580 26.79690000
18237 2618590 26.77700000
18238 2618600 26.77460000
18239 2618610 26.76390000
18240 2618620 26.74820000
18241 2618630 26.76480000
18242 2618640 26.77530000
18243 2618650 26.77890000
18244 2618660 26.77550000
18245 2618670 26.76350000
18246 2618680 26.78210000
18247 2618690 26.79920000
18248 2618700 26.81200000
18249 2618710 26.82030000
18250 2618720 26.82100000
18251 2618730 26.81130000
18252 2618740 26.79040000
18253 2618750 26.76290000
18254 2618760 26.75440000
18255 2618770 26.75610000
18256 2618780 26.74800000
18257 2618790 26.72820000
18258 2618800 26.70150000
18259 2618810 26.72980000
18260 2618820 26.75400000
18261 2618830 26.77210000
18262 2618840 26.78360000
18263 2618850 26.78950000
18264 2618860 26.79180000
18265 2618870 26.79330000
18266 2618880 26.79640000
18267 2618890 26.80160000
18268 2618900 26.80810000
18269 2618910 26.81310000
18270 2618920 26.81390000
18271 2618930 26.80690000
18272 2618940 26.78980000
18273 2618950 26.76210000
18274 2618960 26.74890000
18275 2618970 26.76790000
18276 2618980 26.77630000
18277 2618990 26.77520000
18278 2619000 26.76790000
18279 2619010 26.75760000
18280 2619020 26.74480000
18281 2619030 26.72940000
18282 2619040 26.71560000
18283 2619050 26.72700000
18284 2619060 26.74190000
18285 2619070 26.75120000
18286 2619080 26.75300000
18287 2619090 26.74550000
18288 2619100 26.75860000
18289 2619110 26.77980000
18290 2619120 26.79090000
18291 2619130 26.79180000
18292 2619140 26.78350000
18293 2619150 26.76870000
18294 2619160 26.75520000
18295 2619170 26.75770000
18296 2619180 26.75140000
18297 2619190 26.74620000
18298 2619200 26.74370000
18299 2619210 26.76460000
18300 2619220 26.77240000
18301 2619230 26.77210000
18302 2619240 26.76870000
18303 2619250 26.77260000
18304 2619260 26.79440000
18305 2619270 26.80970000
18306 2619280 26.81340000
18307 2619290 26.80180000
18308 2619300 26.77520000
18309 2619310 26.75020000
18310 2619320 26.73170000
18311 2619330 26.71440000
18312 2619340 26.71570000
18313 2619350 26.71500000
18314 2619360 26.71240000
18315 2619370 26.70610000
18316 2619380 26.72100000
18317 2619390 26.74200000
18318 2619400 26.75590000
18319 2619410 26.76310000
18320 2619420 26.76330000
18321 2619430 26.75580000
18322 2619440 26.74580000
18323 2619450 26.77120000
18324 2619460 26.79430000
18325 2619470 26.81320000
18326 2619480 26.82750000
18327 2619490 26.83750000
18328 2619500 26.84380000
18329 2619510 26.84660000
18330 2619520 26.84440000
18331 2619530 26.83610000
18332 2619540 26.82200000
18333 2619550 26.80320000
18334 2619560 26.78040000
18335 2619570 26.75540000
18336 2619580 26.74100000
18337 2619590 26.75310000
18338 2619600 26.77410000
18339 2619610 26.79130000
18340 2619620 26.80140000
18341 2619630 26.80280000
18342 2619640 26.79380000
18343 2619650 26.77470000
18344 2619660 26.78040000
18345 2619670 26.78780000
18346 2619680 26.78870000
18347 2619690 26.78220000
18348 2619700 26.76820000
18349 2619710 26.74700000
18350 2619720 26.74870000
18351 2619730 26.76160000
18352 2619740 26.79350000
18353 2619750 26.82140000
18354 2619760 26.84160000
18355 2619770 26.85170000
18356 2619780 26.85080000
18357 2619790 26.84110000
18358 2619800 26.82510000
18359 2619810 26.80530000
18360 2619820 26.78380000
18361 2619830 26.76140000
18362 2619840 26.73830000
18363 2619850 26.74830000
18364 2619860 26.75880000
18365 2619870 26.76610000
18366 2619880 26.77850000
18367 2619890 26.80180000
18368 2619900 26.80770000
18369 2619910 26.79620000
18370 2619920 26.77330000
18371 2619930 26.75320000
18372 2619940 26.74170000
18373 2619950 26.72680000
18374 2619960 26.71770000
18375 2619970 26.71280000
18376 2619980 26.71140000
18377 2619990 26.71090000
18378 2620000 26.71040000
18379 2620010 26.71420000
18380 2620020 26.71690000
18381 2620030 26.71690000
18382 2620040 26.72200000
18383 2620050 26.72570000
18384 2620060 26.72490000
18385 2620070 26.73110000
18386 2620080 26.75070000
18387 2620090 26.75710000
18388 2620100 26.75060000
18389 2620110 26.73360000
18390 2620120 26.73110000
18391 2620130 26.72840000
18392 2620140 26.72050000
18393 2620150 26.72430000
18394 2620160 26.74090000
18395 2620170 26.77170000
18396 2620180 26.79650000
18397 2620190 26.81300000
18398 2620200 26.82000000
18399 2620210 26.81610000
18400 2620220 26.80120000
18401 2620230 26.77540000
18402 2620240 26.74190000
18403 2620250 26.71920000
18404 2620260 26.73790000
18405 2620270 26.75130000
18406 2620280 26.76010000
18407 2620290 26.76780000
18408 2620300 26.77800000
18409 2620310 26.78330000
18410 2620320 26.78340000
18411 2620330 26.77980000
18412 2620340 26.77770000
18413 2620350 26.77630000
18414 2620360 26.76730000
18415 2620370 26.74960000
18416 2620380 26.73920000
18417 2620390 26.72850000
18418 2620400 26.71720000
18419 2620410 26.71310000
18420 2620420 26.73460000
18421 2620430 26.75450000
18422 2620440 26.77050000
18423 2620450 26.77820000
18424 2620460 26.77420000
18425 2620470 26.76350000
18426 2620480 26.78470000
18427 2620490 26.79920000
18428 2620500 26.80600000
18429 2620510 26.80510000
18430 2620520 26.79740000
18431 2620530 26.78420000
18432 2620540 26.79900000
18433 2620550 26.81580000
18434 2620560 26.81900000
18435 2620570 26.81160000
18436 2620580 26.79850000
18437 2620590 26.78380000
18438 2620600 26.77050000
18439 2620610 26.76100000
18440 2620620 26.76530000
18441 2620630 26.76670000
18442 2620640 26.77330000
18443 2620650 26.78600000
18444 2620660 26.80090000
18445 2620670 26.81680000
18446 2620680 26.83100000
18447 2620690 26.84070000
18448 2620700 26.84460000
18449 2620710 26.85580000
18450 2620720 26.86510000
18451 2620730 26.86760000
18452 2620740 26.86110000
18453 2620750 26.84480000
18454 2620760 26.82060000
18455 2620770 26.79320000
18456 2620780 26.78890000
18457 2620790 26.78360000
18458 2620800 26.77690000
18459 2620810 26.76960000
18460 2620820 26.76300000
18461 2620830 26.77960000
18462 2620840 26.79210000
18463 2620850 26.80220000
18464 2620860 26.80960000
18465 2620870 26.81410000
18466 2620880 26.81630000
18467 2620890 26.81760000
18468 2620900 26.81890000
18469 2620910 26.82010000
18470 2620920 26.82130000
18471 2620930 26.82140000
18472 2620940 26.81780000
18473 2620950 26.80760000
18474 2620960 26.78900000
18475 2620970 26.76040000
18476 2620980 26.72260000
18477 2620990 26.74110000
18478 2621000 26.76140000
18479 2621010 26.77950000
18480 2621020 26.79390000
18481 2621030 26.80210000
18482 2621040 26.80270000
18483 2621050 26.79420000
18484 2621060 26.77670000
18485 2621070 26.75130000
18486 2621080 26.73500000
18487 2621090 26.73910000
18488 2621100 26.74940000
18489 2621110 26.77980000
18490 2621120 26.79730000
18491 2621130 26.79980000
18492 2621140 26.78820000
18493 2621150 26.76510000
18494 2621160 26.73440000
18495 2621170 26.70750000
18496 2621180 26.71360000
18497 2621190 26.72610000
18498 2621200 26.74240000
18499 2621210 26.75830000
18500 2621220 26.77250000
18501 2621230 26.78290000
18502 2621240 26.78940000
18503 2621250 26.79120000
18504 2621260 26.78940000
18505 2621270 26.79220000
18506 2621280 26.78710000
18507 2621290 26.77660000
18508 2621300 26.76410000
18509 2621310 26.75240000
18510 2621320 26.76800000
18511 2621330 26.78790000
18512 2621340 26.80470000
18513 2621350 26.81550000
18514 2621360 26.81620000
18515 2621370 26.80340000
18516 2621380 26.77520000
18517 2621390 26.77870000
18518 2621400 26.80000000
18519 2621410 26.81430000
18520 2621420 26.81980000
18521 2621430 26.81320000
18522 2621440 26.81340000
18523 2621450 26.83340000
18524 2621460 26.85120000
18525 2621470 26.86350000
18526 2621480 26.87030000
18527 2621490 26.87180000
18528 2621500 26.86930000
18529 2621510 26.86160000
18530 2621520 26.84850000
18531 2621530 26.83050000
18532 2621540 26.80960000
18533 2621550 26.78700000
18534 2621560 26.76620000
18535 2621570 26.76290000
18536 2621580 26.75720000
18537 2621590 26.74510000
18538 2621600 26.73070000
18539 2621610 26.74540000
18540 2621620 26.74300000
18541 2621630 26.72610000
18542 2621640 26.70590000
18543 2621650 26.70400000
18544 2621660 26.70320000
18545 2621670 26.70500000
18546 2621680 26.71000000
18547 2621690 26.71700000
18548 2621700 26.72330000
18549 2621710 26.72630000
18550 2621720 26.72400000
18551 2621730 26.71630000
18552 2621740 26.70730000
18553 2621750 26.70480000
18554 2621760 26.69940000
18555 2621770 26.69670000
18556 2621780 26.70300000
18557 2621790 26.70380000
18558 2621800 26.69860000
18559 2621810 26.68980000
18560 2621820 26.68520000
18561 2621830 26.68980000
18562 2621840 26.69690000
18563 2621850 26.71500000
18564 2621860 26.73190000
18565 2621870 26.74490000
18566 2621880 26.75320000
18567 2621890 26.75520000
18568 2621900 26.77450000
18569 2621910 26.79130000
18570 2621920 26.80190000
18571 2621930 26.80900000
18572 2621940 26.81300000
18573 2621950 26.81500000
18574 2621960 26.81460000
18575 2621970 26.81210000
18576 2621980 26.80790000
18577 2621990 26.80430000
18578 2622000 26.80160000
18579 2622010 26.80090000
18580 2622020 26.80200000
18581 2622030 26.80440000
18582 2622040 26.80580000
18583 2622050 26.80480000
18584 2622060 26.79950000
18585 2622070 26.78930000
18586 2622080 26.79870000
18587 2622090 26.81500000
18588 2622100 26.81800000
18589 2622110 26.80920000
18590 2622120 26.79190000
18591 2622130 26.76940000
18592 2622140 26.74600000
18593 2622150 26.74080000
18594 2622160 26.74860000
18595 2622170 26.74820000
18596 2622180 26.73760000
18597 2622190 26.73770000
18598 2622200 26.74440000
18599 2622210 26.74430000
18600 2622220 26.74330000
18601 2622230 26.75570000
18602 2622240 26.78620000
18603 2622250 26.80840000
18604 2622260 26.82040000
18605 2622270 26.82210000
18606 2622280 26.81520000
18607 2622290 26.80230000
18608 2622300 26.79090000
18609 2622310 26.79890000
18610 2622320 26.80060000
18611 2622330 26.79560000
18612 2622340 26.78450000
18613 2622350 26.76800000
18614 2622360 26.74640000
18615 2622370 26.72090000
18616 2622380 26.71470000
18617 2622390 26.70810000
18618 2622400 26.72810000
18619 2622410 26.74570000
18620 2622420 26.76080000
18621 2622430 26.77460000
18622 2622440 26.78760000
18623 2622450 26.79820000
18624 2622460 26.80400000
18625 2622470 26.80490000
18626 2622480 26.80020000
18627 2622490 26.79990000
18628 2622500 26.80240000
18629 2622510 26.79840000
18630 2622520 26.78800000
18631 2622530 26.77260000
18632 2622540 26.79000000
18633 2622550 26.79440000
18634 2622560 26.78430000
18635 2622570 26.77690000
18636 2622580 26.79290000
18637 2622590 26.80300000
18638 2622600 26.80730000
18639 2622610 26.80660000
18640 2622620 26.80030000
18641 2622630 26.78740000
18642 2622640 26.78310000
18643 2622650 26.77720000
18644 2622660 26.76680000
18645 2622670 26.75140000
18646 2622680 26.74910000
18647 2622690 26.74460000
18648 2622700 26.74920000
18649 2622710 26.76280000
18650 2622720 26.77040000
18651 2622730 26.77170000
18652 2622740 26.76660000
18653 2622750 26.75720000
18654 2622760 26.74900000
18655 2622770 26.74330000
18656 2622780 26.75230000
18657 2622790 26.75710000
18658 2622800 26.75280000
18659 2622810 26.74010000
18660 2622820 26.72210000
18661 2622830 26.71760000
18662 2622840 26.74380000
18663 2622850 26.76660000
18664 2622860 26.77960000
18665 2622870 26.78310000
18666 2622880 26.78870000
18667 2622890 26.80320000
18668 2622900 26.81830000
18669 2622910 26.83200000
18670 2622920 26.84210000
18671 2622930 26.84740000
18672 2622940 26.84610000
18673 2622950 26.83720000
18674 2622960 26.82200000
18675 2622970 26.80150000
18676 2622980 26.78530000
18677 2622990 26.78800000
18678 2623000 26.78910000
18679 2623010 26.78650000
18680 2623020 26.77610000
18681 2623030 26.75910000
18682 2623040 26.76520000
18683 2623050 26.76200000
18684 2623060 26.76670000
18685 2623070 26.76940000
18686 2623080 26.76140000
18687 2623090 26.76190000
18688 2623100 26.76790000
18689 2623110 26.77440000
18690 2623120 26.77910000
18691 2623130 26.77970000
18692 2623140 26.77310000
18693 2623150 26.75520000
18694 2623160 26.72580000
18695 2623170 26.72550000
18696 2623180 26.75190000
18697 2623190 26.77470000
18698 2623200 26.79120000
18699 2623210 26.79850000
18700 2623220 26.79490000
18701 2623230 26.78220000
18702 2623240 26.76240000
18703 2623250 26.77650000
18704 2623260 26.80240000
18705 2623270 26.81800000
18706 2623280 26.82020000
18707 2623290 26.81010000
18708 2623300 26.79090000
18709 2623310 26.76630000
18710 2623320 26.73950000
18711 2623330 26.71280000
18712 2623340 26.72650000
18713 2623350 26.75160000
18714 2623360 26.77240000
18715 2623370 26.78490000
18716 2623380 26.78810000
18717 2623390 26.78450000
18718 2623400 26.77760000
18719 2623410 26.76790000
18720 2623420 26.75560000
18721 2623430 26.77650000
18722 2623440 26.79240000
18723 2623450 26.80010000
18724 2623460 26.79760000
18725 2623470 26.78500000
18726 2623480 26.76810000
18727 2623490 26.77790000
18728 2623500 26.80850000
18729 2623510 26.83050000
18730 2623520 26.84060000
18731 2623530 26.83710000
18732 2623540 26.82040000
18733 2623550 26.79470000
18734 2623560 26.76510000
18735 2623570 26.76180000
18736 2623580 26.76800000
18737 2623590 26.76630000
18738 2623600 26.76060000
18739 2623610 26.75360000
18740 2623620 26.74620000
18741 2623630 26.73650000
18742 2623640 26.72350000
18743 2623650 26.71230000
18744 2623660 26.70890000
18745 2623670 26.70760000
18746 2623680 26.72010000
18747 2623690 26.72330000
18748 2623700 26.71970000
18749 2623710 26.71200000
18750 2623720 26.71950000
18751 2623730 26.72250000
18752 2623740 26.73590000
18753 2623750 26.74590000
18754 2623760 26.73750000
18755 2623770 26.71660000
18756 2623780 26.72960000
18757 2623790 26.75080000
18758 2623800 26.76820000
18759 2623810 26.77730000
18760 2623820 26.77460000
18761 2623830 26.76000000
18762 2623840 26.73690000
18763 2623850 26.71220000
18764 2623860 26.71390000
18765 2623870 26.70890000
18766 2623880 26.69690000
18767 2623890 26.68570000
18768 2623900 26.68860000
18769 2623910 26.69740000
18770 2623920 26.71550000
18771 2623930 26.73090000
18772 2623940 26.74170000
18773 2623950 26.77430000
18774 2623960 26.80650000
18775 2623970 26.82810000
18776 2623980 26.83450000
18777 2623990 26.82670000
18778 2624000 26.80840000
18779 2624010 26.78470000
18780 2624020 26.76820000
18781 2624030 26.76680000
18782 2624040 26.76820000
18783 2624050 26.77110000
18784 2624060 26.77160000
18785 2624070 26.76660000
18786 2624080 26.75660000
18787 2624090 26.74370000
18788 2624100 26.73000000
18789 2624110 26.72540000
18790 2624120 26.72260000
18791 2624130 26.71680000
18792 2624140 26.70740000
18793 2624150 26.71870000
18794 2624160 26.75050000
18795 2624170 26.77830000
18796 2624180 26.80040000
18797 2624190 26.81730000
18798 2624200 26.82980000
18799 2624210 26.83900000
18800 2624220 26.84570000
18801 2624230 26.85150000
18802 2624240 26.85580000
18803 2624250 26.85660000
18804 2624260 26.85030000
18805 2624270 26.83440000
18806 2624280 26.80730000
18807 2624290 26.77040000
18808 2624300 26.73190000
18809 2624310 26.76250000
18810 2624320 26.78770000
18811 2624330 26.80420000
18812 2624340 26.81120000
18813 2624350 26.81030000
18814 2624360 26.80180000
18815 2624370 26.78600000
18816 2624380 26.76410000
18817 2624390 26.75850000
18818 2624400 26.75330000
18819 2624410 26.74730000
18820 2624420 26.77080000
18821 2624430 26.78620000
18822 2624440 26.79610000
18823 2624450 26.83320000
18824 2624460 26.86380000
18825 2624470 26.88690000
18826 2624480 26.90290000
18827 2624490 26.91350000
18828 2624500 26.91990000
18829 2624510 26.92350000
18830 2624520 26.92460000
18831 2624530 26.92200000
18832 2624540 26.91430000
18833 2624550 26.89860000
18834 2624560 26.87350000
18835 2624570 26.84050000
18836 2624580 26.80210000
18837 2624590 26.76150000
18838 2624600 26.72020000
18839 2624610 26.71850000
18840 2624620 26.73190000
18841 2624630 26.75500000
18842 2624640 26.77310000
18843 2624650 26.78530000
18844 2624660 26.81190000
18845 2624670 26.84050000
18846 2624680 26.86110000
18847 2624690 26.87360000
18848 2624700 26.87830000
18849 2624710 26.87490000
18850 2624720 26.86190000
18851 2624730 26.83900000
18852 2624740 26.80640000
18853 2624750 26.76580000
18854 2624760 26.72030000
18855 2624770 26.69140000
18856 2624780 26.70600000
18857 2624790 26.71530000
18858 2624800 26.71810000
18859 2624810 26.71450000
18860 2624820 26.70300000
18861 2624830 26.70930000
18862 2624840 26.71770000
18863 2624850 26.71530000
18864 2624860 26.72800000
18865 2624870 26.74630000
18866 2624880 26.75790000
18867 2624890 26.76330000
18868 2624900 26.76500000
18869 2624910 26.76390000
18870 2624920 26.76190000
18871 2624930 26.75980000
18872 2624940 26.75790000
18873 2624950 26.75600000
18874 2624960 26.75250000
18875 2624970 26.74670000
18876 2624980 26.73850000
18877 2624990 26.74160000
18878 2625000 26.74800000
18879 2625010 26.76690000
18880 2625020 26.79130000
18881 2625030 26.80220000
18882 2625040 26.79640000
18883 2625050 26.77650000
18884 2625060 26.74730000
18885 2625070 26.73630000
18886 2625080 26.74470000
18887 2625090 26.74210000
18888 2625100 26.73850000
18889 2625110 26.72710000
18890 2625120 26.74060000
18891 2625130 26.75700000
18892 2625140 26.76820000
18893 2625150 26.77090000
18894 2625160 26.76540000
18895 2625170 26.75440000
18896 2625180 26.74160000
18897 2625190 26.74000000
18898 2625200 26.75620000
18899 2625210 26.77210000
18900 2625220 26.78710000
18901 2625230 26.80010000
18902 2625240 26.81080000
18903 2625250 26.82010000
18904 2625260 26.82820000
18905 2625270 26.83430000
18906 2625280 26.83520000
18907 2625290 26.82650000
18908 2625300 26.80560000
18909 2625310 26.77370000
18910 2625320 26.76370000
18911 2625330 26.76320000
18912 2625340 26.76180000
18913 2625350 26.76040000
18914 2625360 26.75960000
18915 2625370 26.75880000
18916 2625380 26.75560000
18917 2625390 26.74580000
18918 2625400 26.72550000
18919 2625410 26.71550000
18920 2625420 26.72780000
18921 2625430 26.73840000
18922 2625440 26.74320000
18923 2625450 26.73860000
18924 2625460 26.72120000
18925 2625470 26.71210000
18926 2625480 26.71860000
18927 2625490 26.71910000
18928 2625500 26.71210000
18929 2625510 26.70780000
18930 2625520 26.71620000
18931 2625530 26.72730000
18932 2625540 26.73890000
18933 2625550 26.74830000
18934 2625560 26.75230000
18935 2625570 26.74880000
18936 2625580 26.74740000
18937 2625590 26.77170000
18938 2625600 26.78140000
18939 2625610 26.78360000
18940 2625620 26.81560000
18941 2625630 26.84680000
18942 2625640 26.87510000
18943 2625650 26.89670000
18944 2625660 26.90750000
18945 2625670 26.90490000
18946 2625680 26.88980000
18947 2625690 26.86530000
18948 2625700 26.83560000
18949 2625710 26.80500000
18950 2625720 26.77610000
18951 2625730 26.74950000
18952 2625740 26.74140000
18953 2625750 26.73350000
18954 2625760 26.72010000
18955 2625770 26.71330000
18956 2625780 26.71270000
18957 2625790 26.73370000
18958 2625800 26.74810000
18959 2625810 26.75560000
18960 2625820 26.75710000
18961 2625830 26.75410000
18962 2625840 26.74830000
18963 2625850 26.74110000
18964 2625860 26.73300000
18965 2625870 26.72480000
18966 2625880 26.71690000
18967 2625890 26.70940000
18968 2625900 26.70070000
18969 2625910 26.69950000
18970 2625920 26.70000000
18971 2625930 26.70600000
18972 2625940 26.71130000
18973 2625950 26.74440000
18974 2625960 26.76720000
18975 2625970 26.77650000
18976 2625980 26.77440000
18977 2625990 26.77860000
18978 2626000 26.79190000
18979 2626010 26.79640000
18980 2626020 26.79020000
18981 2626030 26.77250000
18982 2626040 26.75470000
18983 2626050 26.76980000
18984 2626060 26.78050000
18985 2626070 26.78650000
18986 2626080 26.78780000
18987 2626090 26.78440000
18988 2626100 26.78640000
18989 2626110 26.79050000
18990 2626120 26.79310000
18991 2626130 26.79430000
18992 2626140 26.79310000
18993 2626150 26.78900000
18994 2626160 26.78110000
18995 2626170 26.76870000
18996 2626180 26.75290000
18997 2626190 26.73560000
18998 2626200 26.73110000
18999 2626210 26.76350000
19000 2626220 26.78320000
19001 2626230 26.78670000
19002 2626240 26.77470000
19003 2626250 26.75060000
19004 2626260 26.77560000
19005 2626270 26.79740000
19006 2626280 26.80590000
19007 2626290 26.80270000
19008 2626300 26.79000000
19009 2626310 26.77830000
19010 2626320 26.77890000
19011 2626330 26.77420000
19012 2626340 26.76620000
19013 2626350 26.75750000
19014 2626360 26.75080000
19015 2626370 26.74860000
19016 2626380 26.75860000
19017 2626390 26.78020000
19018 2626400 26.78980000
19019 2626410 26.78420000
19020 2626420 26.76380000
19021 2626430 26.74940000
19022 2626440 26.75040000
19023 2626450 26.76380000
19024 2626460 26.77830000
19025 2626470 26.79020000
19026 2626480 26.79770000
19027 2626490 26.79910000
19028 2626500 26.80290000
19029 2626510 26.81410000
19030 2626520 26.80820000
19031 2626530 26.78860000
19032 2626540 26.79380000
19033 2626550 26.80450000
19034 2626560 26.81210000
19035 2626570 26.81670000
19036 2626580 26.81890000
19037 2626590 26.81880000
19038 2626600 26.81550000
19039 2626610 26.80730000
19040 2626620 26.79390000
19041 2626630 26.77670000
19042 2626640 26.75710000
19043 2626650 26.73540000
19044 2626660 26.71060000
19045 2626670 26.68540000
19046 2626680 26.70300000
19047 2626690 26.72820000
19048 2626700 26.75000000
19049 2626710 26.76530000
19050 2626720 26.77190000
19051 2626730 26.76830000
19052 2626740 26.75670000
19053 2626750 26.74000000
19054 2626760 26.72190000
19055 2626770 26.70430000
19056 2626780 26.68700000
19057 2626790 26.68260000
19058 2626800 26.68790000
19059 2626810 26.68890000
19060 2626820 26.68560000
19061 2626830 26.71330000
19062 2626840 26.73380000
19063 2626850 26.74360000
19064 2626860 26.73970000
19065 2626870 26.72920000
19066 2626880 26.73800000
19067 2626890 26.73760000
19068 2626900 26.72510000
19069 2626910 26.73710000
19070 2626920 26.76310000
19071 2626930 26.78320000
19072 2626940 26.79680000
19073 2626950 26.80210000
19074 2626960 26.79830000
19075 2626970 26.80930000
19076 2626980 26.83420000
19077 2626990 26.84960000
19078 2627000 26.85490000
19079 2627010 26.85270000
19080 2627020 26.84550000
19081 2627030 26.83510000
19082 2627040 26.82060000
19083 2627050 26.80060000
19084 2627060 26.78510000
19085 2627070 26.83410000
19086 2627080 26.87560000
19087 2627090 26.91030000
19088 2627100 26.93700000
19089 2627110 26.95520000
19090 2627120 26.96380000
19091 2627130 26.96270000
19092 2627140 26.95390000
19093 2627150 26.93810000
19094 2627160 26.91730000
19095 2627170 26.89260000
19096 2627180 26.86330000
19097 2627190 26.82980000
19098 2627200 26.79060000
19099 2627210 26.76210000
19100 2627220 26.75420000
19101 2627230 26.76700000
19102 2627240 26.77140000
19103 2627250 26.77550000
19104 2627260 26.78550000
19105 2627270 26.79340000
19106 2627280 26.79800000
19107 2627290 26.79800000
19108 2627300 26.79120000
19109 2627310 26.77600000
19110 2627320 26.75200000
19111 2627330 26.73840000
19112 2627340 26.72930000
19113 2627350 26.74020000
19114 2627360 26.76430000
19115 2627370 26.78090000
19116 2627380 26.78960000
19117 2627390 26.79040000
19118 2627400 26.78380000
19119 2627410 26.77060000
19120 2627420 26.75300000
19121 2627430 26.73350000
19122 2627440 26.71300000
19123 2627450 26.69530000
19124 2627460 26.69570000
19125 2627470 26.72390000
19126 2627480 26.74070000
19127 2627490 26.74790000
19128 2627500 26.74900000
19129 2627510 26.74790000
19130 2627520 26.74720000
19131 2627530 26.74690000
19132 2627540 26.75090000
19133 2627550 26.76550000
19134 2627560 26.77430000
19135 2627570 26.77780000
19136 2627580 26.79410000
19137 2627590 26.79310000
19138 2627600 26.79680000
19139 2627610 26.82270000
19140 2627620 26.84550000
19141 2627630 26.86160000
19142 2627640 26.86710000
19143 2627650 26.86120000
19144 2627660 26.84350000
19145 2627670 26.81560000
19146 2627680 26.78000000
19147 2627690 26.75520000
19148 2627700 26.75560000
19149 2627710 26.78920000
19150 2627720 26.81600000
19151 2627730 26.83220000
19152 2627740 26.83580000
19153 2627750 26.82680000
19154 2627760 26.80810000
19155 2627770 26.81820000
19156 2627780 26.82530000
19157 2627790 26.85520000
19158 2627800 26.88660000
19159 2627810 26.91540000
19160 2627820 26.93900000
19161 2627830 26.95350000
19162 2627840 26.95730000
19163 2627850 26.94930000
19164 2627860 26.93160000
19165 2627870 26.90610000
19166 2627880 26.87570000
19167 2627890 26.84250000
19168 2627900 26.82940000
19169 2627910 26.82280000
19170 2627920 26.80390000
19171 2627930 26.77850000
19172 2627940 26.75180000
19173 2627950 26.75290000
19174 2627960 26.77920000
19175 2627970 26.80010000
19176 2627980 26.81360000
19177 2627990 26.81930000
19178 2628000 26.81790000
19179 2628010 26.81060000
19180 2628020 26.81210000
19181 2628030 26.81290000
19182 2628040 26.85020000
19183 2628050 26.88190000
19184 2628060 26.90510000
19185 2628070 26.91740000
19186 2628080 26.91700000
19187 2628090 26.90570000
19188 2628100 26.88490000
19189 2628110 26.85760000
19190 2628120 26.82750000
19191 2628130 26.79620000
19192 2628140 26.76670000
19193 2628150 26.74760000
19194 2628160 26.74230000
19195 2628170 26.73520000
19196 2628180 26.73440000
19197 2628190 26.73610000
19198 2628200 26.74490000
19199 2628210 26.77560000
19200 2628220 26.79440000
19201 2628230 26.80070000
19202 2628240 26.79890000
19203 2628250 26.79300000
19204 2628260 26.78550000
19205 2628270 26.77810000
19206 2628280 26.77210000
19207 2628290 26.76720000
19208 2628300 26.76330000
19209 2628310 26.76300000
19210 2628320 26.76870000
19211 2628330 26.77970000
19212 2628340 26.79520000
19213 2628350 26.81190000
19214 2628360 26.82390000
19215 2628370 26.82920000
19216 2628380 26.82680000
19217 2628390 26.81760000
19218 2628400 26.82830000
19219 2628410 26.85270000
19220 2628420 26.86810000
19221 2628430 26.87160000
19222 2628440 26.86520000
19223 2628450 26.85070000
19224 2628460 26.83180000
19225 2628470 26.83040000
19226 2628480 26.82200000
19227 2628490 26.80400000
19228 2628500 26.77880000
19229 2628510 26.76780000
19230 2628520 26.77040000
19231 2628530 26.77610000
19232 2628540 26.78180000
19233 2628550 26.78280000
19234 2628560 26.77670000
19235 2628570 26.76140000
19236 2628580 26.74010000
19237 2628590 26.73830000
19238 2628600 26.73280000
19239 2628610 26.73540000
19240 2628620 26.75540000
19241 2628630 26.76960000
19242 2628640 26.77930000
19243 2628650 26.78680000
19244 2628660 26.79360000
19245 2628670 26.79960000
19246 2628680 26.80490000
19247 2628690 26.81030000
19248 2628700 26.81500000
19249 2628710 26.81650000
19250 2628720 26.81170000
19251 2628730 26.79800000
19252 2628740 26.77270000
19253 2628750 26.77130000
19254 2628760 26.78790000
19255 2628770 26.80070000
19256 2628780 26.80650000
19257 2628790 26.80270000
19258 2628800 26.78950000
19259 2628810 26.76900000
19260 2628820 26.74310000
19261 2628830 26.73670000
19262 2628840 26.73060000
19263 2628850 26.71930000
19264 2628860 26.70560000
19265 2628870 26.74010000
19266 2628880 26.77710000
19267 2628890 26.81580000
19268 2628900 26.85500000
19269 2628910 26.89120000
19270 2628920 26.92000000
19271 2628930 26.93640000
19272 2628940 26.93770000
19273 2628950 26.92460000
19274 2628960 26.90310000
19275 2628970 26.87780000
19276 2628980 26.85220000
19277 2628990 26.82670000
19278 2629000 26.80090000
19279 2629010 26.77450000
19280 2629020 26.77030000
19281 2629030 26.78500000
19282 2629040 26.79560000
19283 2629050 26.79870000
19284 2629060 26.79350000
19285 2629070 26.78070000
19286 2629080 26.76700000
19287 2629090 26.77310000
19288 2629100 26.77110000
19289 2629110 26.78180000
19290 2629120 26.78500000
19291 2629130 26.77970000
19292 2629140 26.77000000
19293 2629150 26.75880000
19294 2629160 26.74950000
19295 2629170 26.74320000
19296 2629180 26.75200000
19297 2629190 26.77220000
19298 2629200 26.79800000
19299 2629210 26.82670000
19300 2629220 26.85360000
19301 2629230 26.87460000
19302 2629240 26.88630000
19303 2629250 26.88770000
19304 2629260 26.87890000
19305 2629270 26.86160000
19306 2629280 26.83840000
19307 2629290 26.85140000
19308 2629300 26.85770000
19309 2629310 26.85530000
19310 2629320 26.84530000
19311 2629330 26.82810000
19312 2629340 26.80390000
19313 2629350 26.77340000
19314 2629360 26.73900000
19315 2629370 26.70600000
19316 2629380 26.70860000
19317 2629390 26.71950000
19318 2629400 26.72830000
19319 2629410 26.73490000
19320 2629420 26.73840000
19321 2629430 26.73850000
19322 2629440 26.73790000
19323 2629450 26.73660000
19324 2629460 26.72350000
19325 2629470 26.74740000
19326 2629480 26.76220000
19327 2629490 26.76490000
19328 2629500 26.75460000
19329 2629510 26.73470000
19330 2629520 26.74500000
19331 2629530 26.75360000
19332 2629540 26.76520000
19333 2629550 26.79130000
19334 2629560 26.81370000
19335 2629570 26.83000000
19336 2629580 26.83740000
19337 2629590 26.83390000
19338 2629600 26.81940000
19339 2629610 26.79640000
19340 2629620 26.76810000
19341 2629630 26.77430000
19342 2629640 26.77560000
19343 2629650 26.77160000
19344 2629660 26.78640000
19345 2629670 26.80610000
19346 2629680 26.82740000
19347 2629690 26.84400000
19348 2629700 26.84960000
19349 2629710 26.84040000
19350 2629720 26.81730000
19351 2629730 26.78580000
19352 2629740 26.75200000
19353 2629750 26.72120000
19354 2629760 26.69800000
19355 2629770 26.68470000
19356 2629780 26.68010000
19357 2629790 26.68030000
19358 2629800 26.68040000
19359 2629810 26.67720000
19360 2629820 26.66850000
19361 2629830 26.67160000
19362 2629840 26.67740000
19363 2629850 26.70710000
19364 2629860 26.73460000
19365 2629870 26.75850000
19366 2629880 26.77680000
19367 2629890 26.78860000
19368 2629900 26.79650000
19369 2629910 26.80370000
19370 2629920 26.81170000
19371 2629930 26.81940000
19372 2629940 26.82400000
19373 2629950 26.82380000
19374 2629960 26.81600000
19375 2629970 26.80870000
19376 2629980 26.83480000
19377 2629990 26.84340000
19378 2630000 26.86530000
19379 2630010 26.87930000
19380 2630020 26.88200000
19381 2630030 26.87230000
19382 2630040 26.85360000
19383 2630050 26.83090000
19384 2630060 26.84100000
19385 2630070 26.85070000
19386 2630080 26.85820000
19387 2630090 26.86020000
19388 2630100 26.85400000
19389 2630110 26.84110000
19390 2630120 26.82530000
19391 2630130 26.80860000
19392 2630140 26.79240000
19393 2630150 26.78950000
19394 2630160 26.79780000
19395 2630170 26.80610000
19396 2630180 26.81300000
19397 2630190 26.81690000
19398 2630200 26.81590000
19399 2630210 26.80770000
19400 2630220 26.79920000
19401 2630230 26.79960000
19402 2630240 26.80340000
19403 2630250 26.80200000
19404 2630260 26.79600000
19405 2630270 26.78630000
19406 2630280 26.77350000
19407 2630290 26.76300000
19408 2630300 26.75970000
19409 2630310 26.76540000
19410 2630320 26.76400000
19411 2630330 26.75430000
19412 2630340 26.73680000
19413 2630350 26.71210000
19414 2630360 26.70850000
19415 2630370 26.71700000
19416 2630380 26.71940000
19417 2630390 26.71750000
19418 2630400 26.71280000
19419 2630410 26.70600000
19420 2630420 26.69680000
19421 2630430 26.68430000
19422 2630440 26.68480000
19423 2630450 26.69720000
19424 2630460 26.71640000
19425 2630470 26.73020000
19426 2630480 26.73810000
19427 2630490 26.74020000
19428 2630500 26.73590000
19429 2630510 26.72530000
19430 2630520 26.71040000
19431 2630530 26.72160000
19432 2630540 26.73660000
19433 2630550 26.76290000
19434 2630560 26.79280000
19435 2630570 26.81100000
19436 2630580 26.81460000
19437 2630590 26.80540000
19438 2630600 26.78780000
19439 2630610 26.76740000
19440 2630620 26.76020000
19441 2630630 26.76580000
19442 2630640 26.77150000
19443 2630650 26.77910000
19444 2630660 26.78790000
19445 2630670 26.79710000
19446 2630680 26.80440000
19447 2630690 26.80790000
19448 2630700 26.80530000
19449 2630710 26.79590000
19450 2630720 26.77980000
19451 2630730 26.75810000
19452 2630740 26.73190000
19453 2630750 26.73910000
19454 2630760 26.77430000
19455 2630770 26.80330000
19456 2630780 26.82660000
19457 2630790 26.84280000
19458 2630800 26.85090000
19459 2630810 26.84990000
19460 2630820 26.84050000
19461 2630830 26.82250000
19462 2630840 26.80630000
19463 2630850 26.79960000
19464 2630860 26.78870000
19465 2630870 26.77570000
19466 2630880 26.78890000
19467 2630890 26.83270000
19468 2630900 26.87110000
19469 2630910 26.89950000
19470 2630920 26.91310000
19471 2630930 26.90950000
19472 2630940 26.89010000
19473 2630950 26.85900000
19474 2630960 26.82210000
19475 2630970 26.78350000
19476 2630980 26.78390000
19477 2630990 26.79760000
19478 2631000 26.81640000
19479 2631010 26.83220000
19480 2631020 26.84290000
19481 2631030 26.84800000
19482 2631040 26.84820000
19483 2631050 26.84390000
19484 2631060 26.83680000
19485 2631070 26.82820000
19486 2631080 26.81970000
19487 2631090 26.81110000
19488 2631100 26.81010000
19489 2631110 26.81750000
19490 2631120 26.82580000
19491 2631130 26.83200000
19492 2631140 26.83290000
19493 2631150 26.82630000
19494 2631160 26.81260000
19495 2631170 26.79320000
19496 2631180 26.77360000
19497 2631190 26.77410000
19498 2631200 26.78180000
19499 2631210 26.79090000
19500 2631220 26.79950000
19501 2631230 26.80470000
19502 2631240 26.80390000
19503 2631250 26.79660000
19504 2631260 26.78450000
19505 2631270 26.77030000
19506 2631280 26.75530000
19507 2631290 26.73960000
19508 2631300 26.72170000
19509 2631310 26.70840000
19510 2631320 26.69140000
19511 2631330 26.69440000
19512 2631340 26.71010000
19513 2631350 26.72870000
19514 2631360 26.73270000
19515 2631370 26.72400000
19516 2631380 26.73800000
19517 2631390 26.75750000
19518 2631400 26.77560000
19519 2631410 26.78870000
19520 2631420 26.79300000
19521 2631430 26.78770000
19522 2631440 26.77390000
19523 2631450 26.75280000
19524 2631460 26.73830000
19525 2631470 26.74470000
19526 2631480 26.74810000
19527 2631490 26.74990000
19528 2631500 26.76220000
19529 2631510 26.77710000
19530 2631520 26.78680000
19531 2631530 26.79090000
19532 2631540 26.79460000
19533 2631550 26.79680000
19534 2631560 26.79190000
19535 2631570 26.77870000
19536 2631580 26.76430000
19537 2631590 26.75150000
19538 2631600 26.73630000
19539 2631610 26.72760000
19540 2631620 26.72650000
19541 2631630 26.72600000
19542 2631640 26.72180000
19543 2631650 26.71770000
19544 2631660 26.71940000
19545 2631670 26.72170000
19546 2631680 26.72720000
19547 2631690 26.73560000
19548 2631700 26.74720000
19549 2631710 26.76060000
19550 2631720 26.77280000
19551 2631730 26.78290000
19552 2631740 26.78930000
19553 2631750 26.82130000
19554 2631760 26.84390000
19555 2631770 26.85250000
19556 2631780 26.84410000
19557 2631790 26.81750000
19558 2631800 26.77510000
19559 2631810 26.72150000
19560 2631820 26.69850000
19561 2631830 26.69280000
19562 2631840 26.69150000
19563 2631850 26.69390000
19564 2631860 26.71930000
19565 2631870 26.74220000
19566 2631880 26.75960000
19567 2631890 26.76840000
19568 2631900 26.76650000
19569 2631910 26.75450000
19570 2631920 26.74950000
19571 2631930 26.76170000
19572 2631940 26.76680000
19573 2631950 26.76330000
19574 2631960 26.76610000
19575 2631970 26.78020000
19576 2631980 26.78760000
19577 2631990 26.78430000
19578 2632000 26.77620000
19579 2632010 26.78710000
19580 2632020 26.79120000
19581 2632030 26.79120000
19582 2632040 26.79800000
19583 2632050 26.80020000
19584 2632060 26.79850000
19585 2632070 26.80390000
19586 2632080 26.80650000
19587 2632090 26.79570000
19588 2632100 26.78310000
19589 2632110 26.79760000
19590 2632120 26.80750000
19591 2632130 26.81300000
19592 2632140 26.81340000
19593 2632150 26.81030000
19594 2632160 26.80270000
19595 2632170 26.78950000
19596 2632180 26.76820000
19597 2632190 26.73800000
19598 2632200 26.74870000
19599 2632210 26.76370000
19600 2632220 26.77220000
19601 2632230 26.77350000
19602 2632240 26.76720000
19603 2632250 26.75390000
19604 2632260 26.73400000
19605 2632270 26.72190000
19606 2632280 26.72140000
19607 2632290 26.71480000
19608 2632300 26.70870000
19609 2632310 26.71660000
19610 2632320 26.71310000
19611 2632330 26.70030000
19612 2632340 26.70440000
19613 2632350 26.70920000
19614 2632360 26.70620000
19615 2632370 26.69480000
19616 2632380 26.69430000
19617 2632390 26.70660000
19618 2632400 26.72060000
19619 2632410 26.73610000
19620 2632420 26.75250000
19621 2632430 26.76970000
19622 2632440 26.78740000
19623 2632450 26.80440000
19624 2632460 26.81730000
19625 2632470 26.82250000
19626 2632480 26.81680000
19627 2632490 26.79800000
19628 2632500 26.76560000
19629 2632510 26.77370000
19630 2632520 26.78220000
19631 2632530 26.78430000
19632 2632540 26.77820000
19633 2632550 26.76470000
19634 2632560 26.76790000
19635 2632570 26.77140000
19636 2632580 26.77410000
19637 2632590 26.78740000
19638 2632600 26.79880000
19639 2632610 26.80370000
19640 2632620 26.81450000
19641 2632630 26.82830000
19642 2632640 26.83610000
19643 2632650 26.83900000
19644 2632660 26.83660000
19645 2632670 26.82990000
19646 2632680 26.81860000
19647 2632690 26.81930000
19648 2632700 26.82420000
19649 2632710 26.82130000
19650 2632720 26.81290000
19651 2632730 26.80170000
19652 2632740 26.79130000
19653 2632750 26.78260000
19654 2632760 26.77450000
19655 2632770 26.76330000
19656 2632780 26.74650000
19657 2632790 26.78280000
19658 2632800 26.80640000
19659 2632810 26.81480000
19660 2632820 26.80870000
19661 2632830 26.79070000
19662 2632840 26.76410000
19663 2632850 26.73050000
19664 2632860 26.72750000
19665 2632870 26.74450000
19666 2632880 26.75400000
19667 2632890 26.75860000
19668 2632900 26.76170000
19669 2632910 26.76440000
19670 2632920 26.76670000
19671 2632930 26.76960000
19672 2632940 26.77250000
19673 2632950 26.77350000
19674 2632960 26.77030000
19675 2632970 26.76530000
19676 2632980 26.77300000
19677 2632990 26.77630000
19678 2633000 26.77250000
19679 2633010 26.76110000
19680 2633020 26.75300000
19681 2633030 26.80000000
19682 2633040 26.84170000
19683 2633050 26.87300000
19684 2633060 26.89040000
19685 2633070 26.89180000
19686 2633080 26.87700000
19687 2633090 26.85020000
19688 2633100 26.81490000
19689 2633110 26.80760000
19690 2633120 26.80990000
19691 2633130 26.80530000
19692 2633140 26.79390000
19693 2633150 26.77790000
19694 2633160 26.78760000
19695 2633170 26.79880000
19696 2633180 26.80150000
19697 2633190 26.79530000
19698 2633200 26.78070000
19699 2633210 26.75860000
19700 2633220 26.73110000
19701 2633230 26.72470000
19702 2633240 26.71990000
19703 2633250 26.70620000
19704 2633260 26.71080000
19705 2633270 26.72060000
19706 2633280 26.74080000
19707 2633290 26.75750000
19708 2633300 26.76680000
19709 2633310 26.76560000
19710 2633320 26.75330000
19711 2633330 26.75510000
19712 2633340 26.76450000
19713 2633350 26.76180000
19714 2633360 26.76200000
19715 2633370 26.77750000
19716 2633380 26.78930000
19717 2633390 26.79480000
19718 2633400 26.79230000
19719 2633410 26.78090000
19720 2633420 26.77110000
19721 2633430 26.79770000
19722 2633440 26.81470000
19723 2633450 26.81850000
19724 2633460 26.80900000
19725 2633470 26.81430000
19726 2633480 26.81130000
19727 2633490 26.79770000
19728 2633500 26.77350000
19729 2633510 26.74070000
19730 2633520 26.73330000
19731 2633530 26.73320000
19732 2633540 26.72630000
19733 2633550 26.72380000
19734 2633560 26.72430000
19735 2633570 26.71210000
19736 2633580 26.70110000
19737 2633590 26.71450000
19738 2633600 26.73190000
19739 2633610 26.75150000
19740 2633620 26.76950000
19741 2633630 26.77970000
19742 2633640 26.77840000
19743 2633650 26.78320000
19744 2633660 26.79010000
19745 2633670 26.78660000
19746 2633680 26.77220000
19747 2633690 26.74880000
19748 2633700 26.72040000
19749 2633710 26.72890000
19750 2633720 26.72780000
19751 2633730 26.74510000
19752 2633740 26.77710000
19753 2633750 26.80080000
19754 2633760 26.81790000
19755 2633770 26.82800000
19756 2633780 26.83170000
19757 2633790 26.82760000
19758 2633800 26.81530000
19759 2633810 26.79400000
19760 2633820 26.76480000
19761 2633830 26.72960000
19762 2633840 26.72270000
19763 2633850 26.72360000
19764 2633860 26.73210000
19765 2633870 26.73920000
19766 2633880 26.74330000
19767 2633890 26.74900000
19768 2633900 26.76430000
19769 2633910 26.77760000
19770 2633920 26.78880000
19771 2633930 26.79710000
19772 2633940 26.80190000
19773 2633950 26.80150000
19774 2633960 26.79500000
19775 2633970 26.78190000
19776 2633980 26.76290000
19777 2633990 26.75040000
19778 2634000 26.74090000
19779 2634010 26.73880000
19780 2634020 26.74290000
19781 2634030 26.76150000
19782 2634040 26.78330000
19783 2634050 26.81060000
19784 2634060 26.84140000
19785 2634070 26.86980000
19786 2634080 26.88860000
19787 2634090 26.89150000
19788 2634100 26.87650000
19789 2634110 26.84830000
19790 2634120 26.81480000
19791 2634130 26.79290000
19792 2634140 26.79730000
19793 2634150 26.79290000
19794 2634160 26.78080000
19795 2634170 26.76310000
19796 2634180 26.74250000
19797 2634190 26.72120000
19798 2634200 26.70680000
19799 2634210 26.69960000
19800 2634220 26.69030000
19801 2634230 26.68400000
19802 2634240 26.69610000
19803 2634250 26.69920000
19804 2634260 26.69890000
19805 2634270 26.69950000
19806 2634280 26.69510000
19807 2634290 26.70610000
19808 2634300 26.72310000
19809 2634310 26.73880000
19810 2634320 26.75210000
19811 2634330 26.76230000
19812 2634340 26.76970000
19813 2634350 26.77550000
19814 2634360 26.78080000
19815 2634370 26.78470000
19816 2634380 26.78440000
19817 2634390 26.78030000
19818 2634400 26.77050000
19819 2634410 26.75520000
19820 2634420 26.73580000
19821 2634430 26.72240000
19822 2634440 26.72820000
19823 2634450 26.73110000
19824 2634460 26.72860000
19825 2634470 26.72080000
19826 2634480 26.70740000
19827 2634490 26.72220000
19828 2634500 26.74690000
19829 2634510 26.76220000
19830 2634520 26.76490000
19831 2634530 26.75360000
19832 2634540 26.73900000
19833 2634550 26.75220000
19834 2634560 26.76470000
19835 2634570 26.77510000
19836 2634580 26.78180000
19837 2634590 26.78380000
19838 2634600 26.78030000
19839 2634610 26.77140000
19840 2634620 26.75790000
19841 2634630 26.74090000
19842 2634640 26.73730000
19843 2634650 26.74350000
19844 2634660 26.76710000
19845 2634670 26.79310000
19846 2634680 26.81620000
19847 2634690 26.83430000
19848 2634700 26.84630000
19849 2634710 26.85060000
19850 2634720 26.84560000
19851 2634730 26.82930000
19852 2634740 26.80260000
19853 2634750 26.76820000
19854 2634760 26.73100000
19855 2634770 26.73090000
19856 2634780 26.75270000
19857 2634790 26.76610000
19858 2634800 26.77110000
19859 2634810 26.77290000
19860 2634820 26.78090000
19861 2634830 26.78600000
19862 2634840 26.78770000
19863 2634850 26.78570000
19864 2634860 26.78080000
19865 2634870 26.77440000
19866 2634880 26.76600000
19867 2634890 26.75300000
19868 2634900 26.74480000
19869 2634910 26.74250000
19870 2634920 26.74520000
19871 2634930 26.75020000
19872 2634940 26.75540000
19873 2634950 26.75690000
19874 2634960 26.75860000
19875 2634970 26.77450000
19876 2634980 26.78030000
19877 2634990 26.77590000
19878 2635000 26.76750000
19879 2635010 26.77190000
19880 2635020 26.77750000
19881 2635030 26.77290000
19882 2635040 26.75460000
19883 2635050 26.72280000
19884 2635060 26.71020000
19885 2635070 26.71260000
19886 2635080 26.70920000
19887 2635090 26.70440000
19888 2635100 26.71110000
19889 2635110 26.72310000
19890 2635120 26.74020000
19891 2635130 26.73580000
19892 2635140 26.70680000
19893 2635150 26.71480000
19894 2635160 26.72810000
19895 2635170 26.74230000
19896 2635180 26.75500000
19897 2635190 26.76440000
19898 2635200 26.76730000
19899 2635210 26.76350000
19900 2635220 26.75840000
19901 2635230 26.74840000
19902 2635240 26.72770000
19903 2635250 26.70980000
19904 2635260 26.70670000
19905 2635270 26.71050000
19906 2635280 26.71040000
19907 2635290 26.73830000
19908 2635300 26.76060000
19909 2635310 26.77480000
19910 2635320 26.78270000
19911 2635330 26.78630000
19912 2635340 26.78750000
19913 2635350 26.78730000
19914 2635360 26.79640000
19915 2635370 26.81900000
19916 2635380 26.83810000
19917 2635390 26.85320000
19918 2635400 26.86310000
19919 2635410 26.86530000
19920 2635420 26.85700000
19921 2635430 26.83800000
19922 2635440 26.82020000
19923 2635450 26.82900000
19924 2635460 26.83380000
19925 2635470 26.83530000
19926 2635480 26.83440000
19927 2635490 26.83080000
19928 2635500 26.82360000
19929 2635510 26.81280000
19930 2635520 26.79890000
19931 2635530 26.78350000
19932 2635540 26.76700000
19933 2635550 26.74910000
19934 2635560 26.75370000
19935 2635570 26.76380000
19936 2635580 26.76830000
19937 2635590 26.76950000
19938 2635600 26.77040000
19939 2635610 26.77420000
19940 2635620 26.78050000
19941 2635630 26.78770000
19942 2635640 26.79340000
19943 2635650 26.79530000
19944 2635660 26.79370000
19945 2635670 26.78970000
19946 2635680 26.78540000
19947 2635690 26.78180000
19948 2635700 26.77860000
19949 2635710 26.77550000
19950 2635720 26.77150000
19951 2635730 26.76620000
19952 2635740 26.75900000
19953 2635750 26.76570000
19954 2635760 26.78940000
19955 2635770 26.80560000
19956 2635780 26.81200000
19957 2635790 26.80700000
19958 2635800 26.79010000
19959 2635810 26.76350000
19960 2635820 26.73370000
19961 2635830 26.74210000
19962 2635840 26.74890000
19963 2635850 26.75250000
19964 2635860 26.75270000
19965 2635870 26.74940000
19966 2635880 26.74250000
19967 2635890 26.76040000
19968 2635900 26.77770000
19969 2635910 26.79130000
19970 2635920 26.79900000
19971 2635930 26.79950000
19972 2635940 26.79260000
19973 2635950 26.77740000
19974 2635960 26.75510000
19975 2635970 26.72670000
19976 2635980 26.69840000
19977 2635990 26.67960000
19978 2636000 26.69280000
19979 2636010 26.69510000
19980 2636020 26.69110000
19981 2636030 26.68530000
19982 2636040 26.69050000
19983 2636050 26.71430000
19984 2636060 26.72900000
19985 2636070 26.74110000
19986 2636080 26.75980000
19987 2636090 26.77400000
19988 2636100 26.78720000
19989 2636110 26.81820000
19990 2636120 26.84270000
19991 2636130 26.86020000
19992 2636140 26.87140000
19993 2636150 26.87640000
19994 2636160 26.87570000
19995 2636170 26.86920000
19996 2636180 26.85530000
19997 2636190 26.83520000
19998 2636200 26.81200000
19999 2636210 26.78810000
20000 2636220 26.76540000
