# frequency_cm^-1 signal
0.000000000000000000e+00 -4.003385908420575845e-02
1.516889924762702568e+00 -4.073125067136938032e-02
3.033779849525405137e+00 -4.280356720608962523e-02
4.550669774288108371e+00 -4.619218662041441048e-02
6.067559699050810273e+00 -5.080252719815357698e-02
7.584449623813513064e+00 -5.650854540990996738e-02
9.101339548576216743e+00 -6.315867399275672256e-02
1.061822947333891776e+01 -7.058286566579394239e-02
1.213511939810162055e+01 -7.860034561717205159e-02
1.365200932286432511e+01 -8.702763635324137215e-02
1.516889924762702613e+01 -9.568640424963614777e-02
1.668578917238972892e+01 -1.044106894250159401e-01
1.820267909715243349e+01 -1.130531191438801097e-01
1.971956902191513450e+01 -1.214897681003006269e-01
2.123645894667783551e+01 -1.296234134008628913e-01
2.275334887144054008e+01 -1.373850332262444296e-01
2.427023879620324109e+01 -1.447335101879137220e-01
2.578712872096594566e+01 -1.516536165779671652e-01
2.730401864572865023e+01 -1.581524717502605371e-01
2.882090857049135124e+01 -1.642547643515294142e-01
3.033779849525405226e+01 -1.699971169576235952e-01
3.185468842001675682e+01 -1.754220315923650242e-01
3.337157834477945784e+01 -1.805718866271538992e-01
3.488846826954215885e+01 -1.854834553897851679e-01
3.640535819430486697e+01 -1.901833831950073272e-01
3.792224811906756798e+01 -1.946849934424173256e-01
3.943913804383026900e+01 -1.989866982292555209e-01
4.095602796859297001e+01 -2.030721701578477867e-01
4.247291789335567103e+01 -2.069122972262314730e-01
4.398980781811837204e+01 -2.104688009915128000e-01
4.550669774288108016e+01 -2.136992597089794332e-01
4.702358766764378117e+01 -2.165631533231094918e-01
4.854047759240648219e+01 -2.190284460430610425e-01
5.005736751716919031e+01 -2.210781536038775863e-01
5.157425744193189132e+01 -2.227163130974750271e-01
5.309114736669459944e+01 -2.239727877904093001e-01
5.460803729145730046e+01 -2.249063989161566024e-01
5.612492721621999436e+01 -2.256059789915403346e-01
5.764181714098270248e+01 -2.261890813328285565e-01
5.915870706574540350e+01 -2.267982495367981410e-01
6.067559699050810451e+01 -2.275949374375468848e-01
6.219248691527081263e+01 -2.287513611372272160e-01
6.370937684003351364e+01 -2.304407457174443286e-01
6.522626676479622176e+01 -2.328265856798797384e-01
6.674315668955891567e+01 -2.360516565913153009e-01
6.826004661432160958e+01 -2.402275845017049771e-01
6.977693653908431770e+01 -2.454257912700693878e-01
7.129382646384702582e+01 -2.516705837058740292e-01
7.281071638860973394e+01 -2.589350426299292796e-01
7.432760631337242785e+01 -2.671401995100255444e-01
7.584449623813513597e+01 -2.761577727670104232e-01
7.736138616289784409e+01 -2.858164868376098511e-01
7.887827608766053800e+01 -2.959117315893298183e-01
8.039516601242323190e+01 -3.062180568700689220e-01
8.191205593718594002e+01 -3.165037568460380979e-01
8.342894586194864814e+01 -3.265466007083832611e-01
8.494583578671134205e+01 -3.361496275424651903e-01
8.646272571147405017e+01 -3.451558573224216553e-01
8.797961563623674408e+01 -3.534607860047599415e-01
8.949650556099945220e+01 -3.610216337368569728e-01
9.101339548576216032e+01 -3.678624982349342765e-01
9.253028541052485423e+01 -3.740748210835441734e-01
9.404717533528756235e+01 -3.798128878209289794e-01
9.556406526005027047e+01 -3.852844329135687307e-01
9.708095518481296438e+01 -3.907367840398591197e-01
9.859784510957567250e+01 -3.964393303125079426e-01
1.001147350343383806e+02 -4.026634097113679922e-01
1.016316249591010887e+02 -4.096609572961048551e-01
1.031485148838637826e+02 -4.176434165491720307e-01
1.046654048086264908e+02 -4.267624756241510386e-01
1.061822947333891989e+02 -4.370941392415911841e-01
1.076991846581518928e+02 -4.486274840765864802e-01
1.092160745829146009e+02 -4.612591774311500803e-01
1.107329645076772806e+02 -4.747944804460237922e-01
1.122498544324399887e+02 -4.889550299422937285e-01
1.137667443572026968e+02 -5.033932249294009731e-01
1.152836342819654050e+02 -5.177125666815181049e-01
1.168005242067280989e+02 -5.314928487830425929e-01
1.183174141314908070e+02 -5.443186989132295928e-01
1.198343040562535151e+02 -5.558096677111317163e-01
1.213511939810162090e+02 -5.656498669649282496e-01
1.228680839057789171e+02 -5.736150975427104504e-01
1.243849738305416253e+02 -5.795954861451938500e-01
1.259018637553043192e+02 -5.836118686771556430e-01
1.274187536800670273e+02 -5.858245064447245021e-01
1.289356436048297212e+02 -5.865331796563376665e-01
1.304525335295924435e+02 -5.861682426725267625e-01
1.319694234543551374e+02 -5.852728123982702257e-01
1.334863133791178313e+02 -5.844768561660536044e-01
1.350032033038805253e+02 -5.844645078408037264e-01
1.365200932286432192e+02 -5.859364313414578973e-01
1.380369831534059415e+02 -5.895694340054804528e-01
1.395538730781686354e+02 -5.959757795218397769e-01
1.410707630029313577e+02 -6.056647415888924968e-01
1.425876529276940516e+02 -6.190088654140819546e-01
1.441045428524567455e+02 -6.362171662510252013e-01
1.456214327772194679e+02 -6.573171052215462939e-01
1.471383227019821618e+02 -6.821466660922802516e-01
1.486552126267448557e+02 -7.103572449215291851e-01
1.501721025515075780e+02 -7.414273969282962895e-01
1.516889924762702719e+02 -7.746868051807024314e-01
1.532058824010329658e+02 -8.093491886396446677e-01
1.547227723257956882e+02 -8.445522957725344337e-01
1.562396622505583821e+02 -8.794026725865990990e-01
1.577565521753210760e+02 -9.130225812326658863e-01
1.592734421000837699e+02 -9.445962983543452207e-01
1.607903320248464638e+02 -9.734130510263313552e-01
1.623072219496091861e+02 -9.989040505357995592e-01
1.638241118743718800e+02 -1.020671446827407181e+00
1.653410017991345740e+02 -1.038507524856945974e+00
1.668578917238972963e+02 -1.052403065095491863e+00
1.683747816486600186e+02 -1.062544454075610378e+00
1.698916715734226841e+02 -1.069299813431648483e+00
1.714085614981853780e+02 -1.073195072854856047e+00
1.729254514229481003e+02 -1.074881501586040233e+00
1.744423413477107943e+02 -1.075096697548018954e+00
1.759592312724734882e+02 -1.074621383724295498e+00
1.774761211972362105e+02 -1.074234558268837292e+00
1.789930111219989044e+02 -1.074669579218601179e+00
1.805099010467615983e+02 -1.076573638882539097e+00
1.820267909715243206e+02 -1.080472810052004906e+00
1.835436808962870145e+02 -1.086744448725536882e+00
1.850605708210497085e+02 -1.095598246367657014e+00
1.865774607458124308e+02 -1.107066674442894971e+00
1.880943506705751247e+02 -1.121004993311495168e+00
1.896112405953378186e+02 -1.137100444556880641e+00
1.911281305201005409e+02 -1.154889745514436017e+00
1.926450204448632348e+02 -1.173783586906128606e+00
1.941619103696259288e+02 -1.193096521476833205e+00
1.956788002943886511e+02 -1.212080437182094350e+00
1.971956902191513450e+02 -1.229959737368938377e+00
1.987125801439140389e+02 -1.245966397991395525e+00
2.002294700686767612e+02 -1.259373225401023477e+00
2.017463599934394551e+02 -1.269523878008456563e+00
2.032632499182021775e+02 -1.275858516582773827e+00
2.047801398429648714e+02 -1.277934283943533034e+00
2.062970297677275653e+02 -1.275440157816212006e+00
2.078139196924902876e+02 -1.268206045169764096e+00
2.093308096172529815e+02 -1.256206270945090298e+00
2.108476995420156754e+02 -1.239557842812722743e+00
2.123645894667783978e+02 -1.218514037172319320e+00
2.138814793915410917e+02 -1.193453947727918019e+00
2.153983693163037856e+02 -1.164868671077990747e+00
2.169152592410665079e+02 -1.133344784141033568e+00
2.184321491658292018e+02 -1.099545710646122831e+00
2.199490390905918673e+02 -1.064191495774163387e+00
2.214659290153545612e+02 -1.028037427429675743e+00
2.229828189401172835e+02 -9.918518762847807757e-01
2.244997088648799775e+02 -9.563936881729938611e-01
2.260165987896426714e+02 -9.223894603790474545e-01
2.275334887144053937e+02 -8.905110708484367255e-01
2.290503786391680876e+02 -8.613539030767796145e-01
2.305672685639308099e+02 -8.354163101549780812e-01
2.320841584886935038e+02 -8.130809746676121996e-01
2.336010484134561977e+02 -7.945989285994421447e-01
2.351179383382189201e+02 -7.800770788860228455e-01
2.366348282629816140e+02 -7.694701197316538011e-01
2.381517181877443079e+02 -7.625776847183666218e-01
2.396686081125070302e+02 -7.590474869931093105e-01
2.411854980372697241e+02 -7.583850077353602170e-01
2.427023879620324180e+02 -7.599700226004281189e-01
2.442192778867951404e+02 -7.630799121198189594e-01
2.457361678115578343e+02 -7.669193025425247168e-01
2.472530577363205282e+02 -7.706551530989943499e-01
2.487699476610832505e+02 -7.734559747210286718e-01
2.502868375858459444e+02 -7.745334679827036162e-01
2.518037275106086383e+02 -7.731845394589267340e-01
2.533206174353713607e+02 -7.688314288042606970e-01
2.548375073601340546e+02 -7.610575816032109087e-01
2.563543972848967769e+02 -7.496369556682426216e-01
2.578712872096594424e+02 -7.345546612010026566e-01
2.593881771344221647e+02 -7.160172067578434163e-01
2.609050670591848871e+02 -6.944511396567107919e-01
2.624219569839475525e+02 -6.704895056624893268e-01
2.639388469087102749e+02 -6.449462719928565901e-01
2.654557368334729972e+02 -6.187796147193795893e-01
2.669726267582356627e+02 -5.930457156033628330e-01
2.684895166829983282e+02 -5.688453912524499279e-01
2.700064066077610505e+02 -5.472664379281685365e-01
2.715232965325237728e+02 -5.293249728288564881e-01
2.730401864572864383e+02 -5.159092511317457941e-01
2.745570763820491607e+02 -5.077294140431644065e-01
2.760739663068118830e+02 -5.052763680883954889e-01
2.775908562315746053e+02 -5.087925176557872575e-01
2.791077461563372708e+02 -5.182563955709068582e-01
2.806246360810999931e+02 -5.333823996738279449e-01
2.821415260058627155e+02 -5.536358994351934237e-01
2.836584159306253810e+02 -5.782629876056133433e-01
2.851753058553881033e+02 -6.063331851673495754e-01
2.866921957801508256e+02 -6.367925314954248073e-01
2.882090857049134911e+02 -6.685237693464396447e-01
2.897259756296762134e+02 -7.004098206457503029e-01
2.912428655544389358e+02 -7.313964851940050194e-01
2.927597554792016012e+02 -7.605503047079933410e-01
2.942766454039643236e+02 -7.871078243342107816e-01
2.957935353287270459e+02 -8.105130382584793125e-01
2.973104252534897114e+02 -8.304405912213880248e-01
2.988273151782524337e+02 -8.468032722005522928e-01
3.003442051030151561e+02 -8.597434147783040714e-01
3.018610950277778215e+02 -8.696089357720662161e-01
3.033779849525405439e+02 -8.769158202988176498e-01
3.048948748773032662e+02 -8.822998197724948310e-01
3.064117648020659317e+02 -8.864608987926673178e-01
3.079286547268286540e+02 -8.901044894014461528e-01
3.094455446515913764e+02 -8.938838457264756121e-01
3.109624345763540418e+02 -8.983477179210300756e-01
3.124793245011167642e+02 -9.038971831448204819e-01
3.139962144258794865e+02 -9.107548072112543469e-01
3.155131043506421520e+02 -9.189484086983878974e-01
3.170299942754048175e+02 -9.283106211553955323e-01
3.185468842001675398e+02 -9.384942756526568619e-01
3.200637741249302621e+02 -9.490024406937380697e-01
3.215806640496929276e+02 -9.592308468640646790e-01
3.230975539744556499e+02 -9.685194725767651835e-01
3.246144438992183723e+02 -9.762093473175328384e-01
3.261313338239810378e+02 -9.817001961643622154e-01
3.276482237487437601e+02 -9.845044397746650633e-01
3.291651136735064824e+02 -9.842932896837629508e-01
3.306820035982691479e+02 -9.809312270753751672e-01
3.321988935230318702e+02 -9.744959874215445295e-01
3.337157834477945926e+02 -9.652822350193814849e-01
3.352326733725572581e+02 -9.537883242232501058e-01
3.367495632973200372e+02 -9.406868195387824150e-01
3.382664532220827027e+02 -9.267806902998856344e-01
3.397833431468453682e+02 -9.129482140700356796e-01
3.413002330716080905e+02 -9.000805309269213073e-01
3.428171229963707560e+02 -8.890164176518678962e-01
3.443340129211335352e+02 -8.804791457747114247e-01
3.458509028458962007e+02 -8.750202236659584409e-01
3.473677927706589230e+02 -8.729743999916469432e-01
3.488846826954215885e+02 -8.744295501241001745e-01
3.504015726201843108e+02 -8.792140298918370567e-01
3.519184625449469763e+02 -8.869028352987113895e-01
3.534353524697097555e+02 -8.968425419229553164e-01
3.549522423944724210e+02 -9.081936129936304392e-01
3.564691323192351433e+02 -9.199873627437734624e-01
3.579860222439978088e+02 -9.311937388544513361e-01
3.595029121687605311e+02 -9.407952298454621554e-01
3.610198020935231966e+02 -9.478616768058001352e-01
3.625366920182859758e+02 -9.516206168657683762e-01
3.640535819430486413e+02 -9.515180241287409801e-01
3.655704718678113636e+02 -9.472649296343910175e-01
3.670873617925740291e+02 -9.388663545859473603e-01
3.686042517173367514e+02 -9.266302145741389662e-01
3.701211416420994169e+02 -9.111552602926650257e-01
3.716380315668621961e+02 -8.932986112741386764e-01
3.731549214916248616e+02 -8.741249054060362678e-01
3.746718114163875839e+02 -8.548404211675946218e-01
3.761887013411502494e+02 -8.367166331722365458e-01
3.777055912659129717e+02 -8.210084523165590564e-01
3.792224811906756372e+02 -8.088728195488890105e-01
3.807393711154384164e+02 -8.012933338189287547e-01
3.822562610402010819e+02 -7.990161965647821773e-01
3.837731509649638042e+02 -8.025019735898591966e-01
3.852900408897264697e+02 -8.118965651363876379e-01
3.868069308144891920e+02 -8.270234155787590247e-01
3.883238207392518575e+02 -8.473974833991801958e-01
3.898407106640145230e+02 -8.722599395691723601e-01
3.913576005887773022e+02 -9.006310813562867779e-01
3.928744905135399677e+02 -9.313776473904854525e-01
3.943913804383026900e+02 -9.632896942775347471e-01
3.959082703630653555e+02 -9.951615209502867598e-01
3.974251602878280778e+02 -1.025870854511747199e+00
3.989420502125908001e+02 -1.054450661319553006e+00
4.004589401373535225e+02 -1.080148509162714987e+00
4.019758300621161879e+02 -1.102469339795490555e+00
4.034927199868789103e+02 -1.121198747461432221e+00
4.050096099116415758e+02 -1.136405307399686260e+00
4.065264998364043549e+02 -1.148422051770096930e+00
4.080433897611670204e+02 -1.157808733991171346e+00
4.095602796859297428e+02 -1.165297941627131850e+00
4.110771696106924082e+02 -1.171729307113159591e+00
4.125940595354551306e+02 -1.177976936032978150e+00
4.141109494602177961e+02 -1.184875659115571134e+00
4.156278393849805752e+02 -1.193151779784750399e+00
4.171447293097432407e+02 -1.203363628432438492e+00
4.186616192345059630e+02 -1.215856473841129715e+00
4.201785091592686285e+02 -1.230735237546894512e+00
4.216953990840313509e+02 -1.247857090468038166e+00
4.232122890087940164e+02 -1.266844484721437514e+00
4.247291789335567955e+02 -1.287117601414524914e+00
4.262460688583194610e+02 -1.307943695379754745e+00
4.277629587830821833e+02 -1.328499503400566217e+00
4.292798487078448488e+02 -1.347941853143112878e+00
4.307967386326075712e+02 -1.365480944536357599e+00
4.323136285573702366e+02 -1.380450525651333082e+00
4.338305184821330158e+02 -1.392369372288865259e+00
4.353474084068956813e+02 -1.400989093012238618e+00
4.368642983316584036e+02 -1.406324275938591439e+00
4.383811882564210691e+02 -1.408662298156727832e+00
4.398980781811837346e+02 -1.408551637577857285e+00
4.414149681059464569e+02 -1.406769148242270839e+00
4.429318580307091224e+02 -1.404268363234443706e+00
4.444487479554719016e+02 -1.402112354682137463e+00
4.459656378802345671e+02 -1.401395897646013466e+00
4.474825278049972894e+02 -1.403162561607074199e+00
4.489994177297599549e+02 -1.408322821970042327e+00
4.505163076545226772e+02 -1.417579306564008768e+00
4.520331975792853427e+02 -1.431364863323069558e+00
4.535500875040481219e+02 -1.449798283222097028e+00
4.550669774288107874e+02 -1.472661296519192087e+00
4.565838673535735097e+02 -1.499398966897125263e+00
4.581007572783361752e+02 -1.529143944509552711e+00
4.596176472030988975e+02 -1.560763325544620495e+00
4.611345371278616199e+02 -1.592925227259261778e+00
4.626514270526243422e+02 -1.624180743145783090e+00
4.641683169773870077e+02 -1.653055798912419716e+00
4.656852069021497300e+02 -1.678146670747410862e+00
4.672020968269123955e+02 -1.698212609630861403e+00
4.687189867516751747e+02 -1.712259164072962747e+00
4.702358766764378402e+02 -1.719606399608827996e+00
4.717527666012005625e+02 -1.719937234495689582e+00
4.732696565259632280e+02 -1.713322475009273482e+00
4.747865464507259503e+02 -1.700220743286288583e+00
4.763034363754886158e+02 -1.681453230731634552e+00
4.778203263002513950e+02 -1.658154956058900398e+00
4.793372162250140605e+02 -1.631705834110991127e+00
4.808541061497767828e+02 -1.603646253444358072e+00
4.823709960745394483e+02 -1.575582918103899388e+00
4.838878859993021706e+02 -1.549091357215238940e+00
4.854047759240648361e+02 -1.525621699816054999e+00
4.869216658488275016e+02 -1.506414039486342782e+00
4.884385557735902808e+02 -1.492428995276247949e+00
4.899554456983529462e+02 -1.484297965681951936e+00
4.914723356231156686e+02 -1.482296152556211055e+00
4.929892255478783341e+02 -1.486339805462361774e+00
4.945061154726410564e+02 -1.496007422102525908e+00
4.960230053974037219e+02 -1.510582960854711665e+00
4.975398953221665010e+02 -1.529117597659903627e+00
4.990567852469291665e+02 -1.550505300011552068e+00
5.005736751716918889e+02 -1.573566584261577583e+00
5.020905650964545544e+02 -1.597134331305899657e+00
5.036074550212172767e+02 -1.620135491770559488e+00
5.051243449459799422e+02 -1.641662914151729602e+00
5.066412348707427213e+02 -1.661032344541001127e+00
5.081581247955053868e+02 -1.677820811313064375e+00
5.096750147202681092e+02 -1.691884034152530081e+00
5.111919046450307746e+02 -1.703352077325400948e+00
5.127087945697935538e+02 -1.712604084956700579e+00
5.142256844945561625e+02 -1.720224472241142832e+00
5.157425744193188848e+02 -1.726944288894799451e+00
5.172594643440816071e+02 -1.733572522766756441e+00
5.187763542688443295e+02 -1.740922797515845222e+00
5.202932441936070518e+02 -1.749741191252567329e+00
5.218101341183697741e+02 -1.760640746474090745e+00
5.233270240431323828e+02 -1.774047670716066394e+00
5.248439139678951051e+02 -1.790163287826953331e+00
5.263608038926578274e+02 -1.808944564277353173e+00
5.278776938174205497e+02 -1.830104597484316864e+00
5.293945837421832721e+02 -1.853132922124987481e+00
5.309114736669459944e+02 -1.877333980449314321e+00
5.324283635917086031e+02 -1.901880726045702463e+00
5.339452535164713254e+02 -1.925879189203020925e+00
5.354621434412340477e+02 -1.948439009793799359e+00
5.369790333659966564e+02 -1.968744500234994588e+00
5.384959232907594924e+02 -1.986120767948237997e+00
5.400128132155221010e+02 -2.000089804671441485e+00
5.415297031402848233e+02 -2.010412209330722177e+00
5.430465930650475457e+02 -2.017111294186833881e+00
5.445634829898102680e+02 -2.020477649089257532e+00
5.460803729145728767e+02 -2.021053706726979371e+00
5.475972628393357127e+02 -2.019599353320060242e+00
5.491141527640983213e+02 -2.017041052653880673e+00
5.506310426888610436e+02 -2.014408191187869956e+00
5.521479326136237660e+02 -2.012761316452279736e+00
5.536648225383864883e+02 -2.013117558867551171e+00
5.551817124631492106e+02 -2.016378752944598229e+00
5.566986023879119330e+02 -2.023267590955986073e+00
5.582154923126745416e+02 -2.034276564091146433e+00
5.597323822374372639e+02 -2.049633515316664933e+00
5.612492721621999863e+02 -2.069286412978867506e+00
5.627661620869627086e+02 -2.092908543707127311e+00
5.642830520117254309e+02 -2.119923820726270947e+00
5.657999419364881533e+02 -2.149550419251232469e+00
5.673168318612507619e+02 -2.180859592849110129e+00
5.688337217860134842e+02 -2.212845392896128693e+00
5.703506117107762066e+02 -2.244500190471112600e+00
5.718675016355389289e+02 -2.274890446729962878e+00
5.733843915603016512e+02 -2.303227127753201486e+00
5.749012814850643736e+02 -2.328925517651073029e+00
5.764181714098269822e+02 -2.351649924509911393e+00
5.779350613345897045e+02 -2.371339845126188450e+00
5.794519512593524269e+02 -2.388215480164152638e+00
5.809688411841151492e+02 -2.402761976859360882e+00
5.824857311088778715e+02 -2.415693315642867933e+00
5.840026210336404802e+02 -2.427898240133651075e+00
5.855195109584032025e+02 -2.440371950816154989e+00
5.870364008831659248e+02 -2.454138346811589155e+00
5.885532908079286472e+02 -2.470168331024436448e+00
5.900701807326912558e+02 -2.489300038663081249e+00
5.915870706574540918e+02 -2.512166781949883188e+00
5.931039605822167005e+02 -2.539138027949232601e+00
5.946208505069794228e+02 -2.570277873699522875e+00
5.961377404317421451e+02 -2.605324311431292283e+00
5.976546303565048674e+02 -2.643691166993029640e+00
5.991715202812674761e+02 -2.684493043636247300e+00
6.006884102060303121e+02 -2.726592017735109064e+00
6.022053001307929208e+02 -2.768663321866686289e+00
6.037221900555556431e+02 -2.809275917778051745e+00
6.052390799803183654e+02 -2.846982798598876929e+00
6.067559699050810877e+02 -2.880415139136813796e+00
6.082728598298436964e+02 -2.908374084660201753e+00
6.097897497546065324e+02 -2.929914054945356838e+00
6.113066396793691410e+02 -2.944411936139021524e+00
6.128235296041318634e+02 -2.951617405172534347e+00
6.143404195288945857e+02 -2.951680821902877838e+00
6.158573094536573080e+02 -2.945156553618462514e+00
6.173741993784200304e+02 -2.932981170223239342e+00
6.188910893031827527e+02 -2.916427562395369488e+00
6.204079792279453613e+02 -2.897037583329709065e+00
6.219248691527080837e+02 -2.876537196356732551e+00
6.234417590774708060e+02 -2.856739236500995371e+00
6.249586490022335283e+02 -2.839439692091291434e+00
6.264755389269962507e+02 -2.826313833079101556e+00
6.279924288517589730e+02 -2.818818531027324159e+00
6.295093187765215816e+02 -2.818106733425156385e+00
6.310262087012843040e+02 -2.824959299606036200e+00
6.325430986260470263e+02 -2.839738328384556532e+00
6.340599885508096349e+02 -2.862364779941836801e+00
6.355768784755724710e+02 -2.892321702955191753e+00
6.370937684003350796e+02 -2.928682818239682017e+00
6.386106583250978019e+02 -2.970164680929295642e+00
6.401275482498605243e+02 -3.015199239673970411e+00
6.416444381746232466e+02 -3.062022419125900896e+00
6.431613280993858552e+02 -3.108773441945687388e+00
6.446782180241486913e+02 -3.153599030405775494e+00
6.461951079489112999e+02 -3.194756415152586904e+00
6.477119978736740222e+02 -3.230709236159853059e+00
6.492288877984367446e+02 -3.260210931442937721e+00
6.507457777231994669e+02 -3.282371034138138022e+00
6.522626676479620755e+02 -3.296700880830530700e+00
6.537795575727249116e+02 -3.303136501694675431e+00
6.552964474974875202e+02 -3.302037834563919194e+00
6.568133374222502425e+02 -3.294164794640932037e+00
6.583302273470129649e+02 -3.280632054589153856e+00
6.598471172717756872e+02 -3.262845568066089275e+00
6.613640071965382958e+02 -3.242424836410656042e+00
6.628808971213011318e+02 -3.221115621226394499e+00
6.643977870460637405e+02 -3.200698210836567359e+00
6.659146769708264628e+02 -3.182896441181414460e+00
6.674315668955891852e+02 -3.169292456445351736e+00
6.689484568203519075e+02 -3.161251694948253199e+00
6.704653467451145161e+02 -3.159861841551458550e+00
6.719822366698773521e+02 -3.165888552425028646e+00
6.734991265946400745e+02 -3.179749694573613894e+00
6.750160165194026831e+02 -3.201508719501867439e+00
6.765329064441654054e+02 -3.230886677258807627e+00
6.780497963689280141e+02 -3.267291339914559334e+00
6.795666862936907364e+02 -3.309861001070077968e+00
6.810835762184535724e+02 -3.357519798429505986e+00
6.826004661432161811e+02 -3.409040904769901292e+00
6.841173560679789034e+02 -3.463113669066390621e+00
6.856342459927415121e+02 -3.518410768950283707e+00
6.871511359175043481e+02 -3.573651647980829349e+00
6.886680258422670704e+02 -3.627658932582784157e+00
6.901849157670296790e+02 -3.679405118509524009e+00
6.917018056917924014e+02 -3.728047540996793252e+00
6.932186956165551237e+02 -3.772950446274686342e+00
6.947355855413178460e+02 -3.813693812296548913e+00
6.962524754660804547e+02 -3.850069371855051159e+00
6.977693653908431770e+02 -3.882065024191787117e+00
6.992862553156060130e+02 -3.909839441073185817e+00
7.008031452403686217e+02 -3.933689148386474432e+00
7.023200351651313440e+02 -3.954010673379527940e+00
7.038369250898939526e+02 -3.971260480782167868e+00
7.053538150146567887e+02 -3.985915379585095231e+00
7.068707049394195110e+02 -3.998435878268081112e+00
7.083875948641821196e+02 -4.009234621194689652e+00
7.099044847889448420e+02 -4.018651581736493839e+00
7.114213747137075643e+02 -4.026937152853324875e+00
7.129382646384702866e+02 -4.034243700712872638e+00
7.144551545632328953e+02 -4.040625569360952518e+00
7.159720444879956176e+02 -4.046046980453144926e+00
7.174889344127584536e+02 -4.050396793611126256e+00
7.190058243375210623e+02 -4.053508706255843030e+00
7.205227142622837846e+02 -4.055185195852136104e+00
7.220396041870463932e+02 -4.055223353495742700e+00
7.235564941118092293e+02 -4.053440728594763343e+00
7.250733840365719516e+02 -4.049699395002353874e+00
7.265902739613345602e+02 -4.043926647097435989e+00
7.281071638860972826e+02 -4.036131021689511655e+00
7.296240538108598912e+02 -4.026412695382311391e+00
7.311409437356227272e+02 -4.014967701436495950e+00
7.326578336603853359e+02 -4.002085818408636086e+00
7.341747235851480582e+02 -3.988142378773803731e+00
7.356916135099107805e+02 -3.973584605528146962e+00
7.372085034346735029e+02 -3.958913388274111878e+00
7.387253933594362252e+02 -3.944661642145171232e+00
7.402422832841988338e+02 -3.931370543239089077e+00
7.417591732089615562e+02 -3.919564998903700026e+00
7.432760631337243922e+02 -3.909729691870392543e+00
7.447929530584870008e+02 -3.902286940723524111e+00
7.463098429832497231e+02 -3.897577456863786427e+00
7.478267329080123318e+02 -3.895844864735598101e+00
7.493436228327751678e+02 -3.897224604626533750e+00
7.508605127575378901e+02 -3.901737573716076657e+00
7.523774026823004988e+02 -3.909288598794064207e+00
7.538942926070632211e+02 -3.919669589179611169e+00
7.554111825318259434e+02 -3.932567004287960799e+00
7.569280724565886658e+02 -3.947573097134896791e+00
7.584449623813512744e+02 -3.964200269160947698e+00
7.599618523061139967e+02 -3.981897795463487988e+00
7.614787422308768328e+02 -4.000070151389238049e+00
7.629956321556394414e+02 -4.018096186618063115e+00
7.645125220804021637e+02 -4.035348443799033902e+00
7.660294120051647724e+02 -4.051211996052903608e+00
7.675463019299276084e+02 -4.065102270894954017e+00
7.690631918546903307e+02 -4.076481427100061339e+00
7.705800817794529394e+02 -4.084872946477022815e+00
7.720969717042156617e+02 -4.089874186997688454e+00
7.736138616289783840e+02 -4.091166712204802103e+00
7.751307515537411064e+02 -4.088524262036049350e+00
7.766476414785037150e+02 -4.081818262741824910e+00
7.781645314032664373e+02 -4.071020791693284124e+00
7.796814213280290460e+02 -4.056204922036885208e+00
7.811983112527918820e+02 -4.037542379343214805e+00
7.827152011775546043e+02 -4.015298455304535885e+00
7.842320911023172130e+02 -3.989824149599700664e+00
7.857489810270799353e+02 -3.961545556533297763e+00
7.872658709518427713e+02 -3.930950582200078980e+00
7.887827608766053800e+02 -3.898573172226497352e+00
7.902996508013681023e+02 -3.864975347903421010e+00
7.918165407261307109e+02 -3.830727484677334704e+00
7.933334306508935470e+02 -3.796387413204774575e+00
7.948503205756561556e+02 -3.762479068413082217e+00
7.963672105004188779e+02 -3.729471543155139290e+00
7.978841004251816003e+02 -3.697759506005665386e+00
7.994009903499443226e+02 -3.667646003634510432e+00
8.009178802747070449e+02 -3.639328674612762882e+00
8.024347701994696536e+02 -3.612890343832280138e+00
8.039516601242323759e+02 -3.588294839239712708e+00
8.054685500489952119e+02 -3.565388674436019478e+00
8.069854399737578206e+02 -3.543908976450606207e+00
8.085023298985205429e+02 -3.523497717894309211e+00
8.100192198232831515e+02 -3.503721952373631598e+00
8.115361097480459875e+02 -3.484099371884122220e+00
8.130529996728087099e+02 -3.464128128877600243e+00
8.145698895975713185e+02 -3.443319519914961546e+00
8.160867795223340408e+02 -3.421231838712086137e+00
8.176036694470967632e+02 -3.397503498795888532e+00
8.191205593718594855e+02 -3.371883421175191131e+00
8.206374492966220942e+02 -3.344256696244115368e+00
8.221543392213848165e+02 -3.314663670429562004e+00
8.236712291461476525e+02 -3.283310877564983521e+00
8.251881190709102611e+02 -3.250572624508714981e+00
8.267050089956729835e+02 -3.216982533163246671e+00
8.282218989204355921e+02 -3.183214911571274897e+00
8.297387888451983144e+02 -3.150056442917947841e+00
8.312556787699611505e+02 -3.118369305596575991e+00
8.327725686947237591e+02 -3.089047429617759910e+00
8.342894586194864814e+02 -3.062968113898420608e+00
8.358063485442490901e+02 -3.040941637218562477e+00
8.373232384690119261e+02 -3.023661760043664160e+00
8.388401283937745347e+02 -3.011660109996926238e+00
8.403570183185372571e+02 -3.005267355531321627e+00
8.418739082432998657e+02 -3.004583796819526587e+00
8.433907981680627017e+02 -3.009461548896869232e+00
8.449076880928254241e+02 -3.019499880805798231e+00
8.464245780175880327e+02 -3.034054538469987072e+00
8.479414679423507550e+02 -3.052261060548847826e+00
8.494583578671135911e+02 -3.073071245112317662e+00
8.509752477918761997e+02 -3.095301094335500824e+00
8.524921377166389220e+02 -3.117687808951187911e+00
8.540090276414015307e+02 -3.138952775368496706e+00
8.555259175661643667e+02 -3.157867031074838238e+00
8.570428074909269753e+02 -3.173315443279968395e+00
8.585596974156896977e+02 -3.184355814312200383e+00
8.600765873404524200e+02 -3.190269343167604799e+00
8.615934772652151423e+02 -3.190599318527983286e+00
8.631103671899778647e+02 -3.185175571776225567e+00
8.646272571147404733e+02 -3.174123042007543027e+00
8.661441470395031956e+02 -3.157853749516530861e+00
8.676610369642660316e+02 -3.137042481291059559e+00
8.691779268890286403e+02 -3.112587497743493081e+00
8.706948168137913626e+02 -3.085558509044463715e+00
8.722117067385539713e+02 -3.057134979864482016e+00
8.737285966633168073e+02 -3.028538448289610052e+00
8.752454865880795296e+02 -3.000962944570513269e+00
8.767623765128421383e+02 -2.975507738954130232e+00
8.782792664376048606e+02 -2.953116522484901640e+00
8.797961563623674692e+02 -2.934526735416902898e+00
8.813130462871303052e+02 -2.920232127466134919e+00
8.828299362118929139e+02 -2.910460801633951267e+00
8.843468261366556362e+02 -2.905170011753654080e+00
8.858637160614182449e+02 -2.904057916755474977e+00
8.873806059861810809e+02 -2.906591411704526173e+00
8.888974959109438032e+02 -2.912048128338390551e+00
8.904143858357064119e+02 -2.919569794258406681e+00
8.919312757604691342e+02 -2.928223420317028758e+00
8.934481656852319702e+02 -2.937066298185939228e+00
8.949650556099945788e+02 -2.945210567191334228e+00
8.964819455347573012e+02 -2.951883166062436281e+00
8.979988354595199098e+02 -2.956477317146392281e+00
8.995157253842827458e+02 -2.958592275095746071e+00
9.010326153090453545e+02 -2.958058869058657780e+00
9.025495052338080768e+02 -2.954949322581767124e+00
9.040663951585706855e+02 -2.949570883666480015e+00
9.055832850833335215e+02 -2.942443867423999659e+00
9.071001750080962438e+02 -2.934265733061402592e+00
9.086170649328588524e+02 -2.925863716847764362e+00
9.101339548576215748e+02 -2.918139263226667168e+00
9.116508447823844108e+02 -2.912007990127190471e+00
9.131677347071470194e+02 -2.908339160607752660e+00
9.146846246319097418e+02 -2.907898598247930622e+00
9.162015145566723504e+02 -2.911298684173957874e+00
9.177184044814351864e+02 -2.918958533697817437e+00
9.192352944061977951e+02 -2.931076711276840108e+00
9.207521843309605174e+02 -2.947617958394445736e+00
9.222690742557232397e+02 -2.968314444066915136e+00
9.237859641804858484e+02 -2.992681070870514937e+00
9.253028541052486844e+02 -3.020043449356270671e+00
9.268197440300112930e+02 -3.049576354036994452e+00
9.283366339547740154e+02 -3.080349848661250611e+00
9.298535238795366240e+02 -3.111379857594796849e+00
9.313704138042994600e+02 -3.141679787879095187e+00
9.328873037290621824e+02 -3.170309879133765829e+00
9.344041936538247910e+02 -3.196421264029791764e+00
9.359210835785875133e+02 -3.219292231726267772e+00
9.374379735033503493e+02 -3.238354856988892472e+00
9.389548634281129580e+02 -3.253210934112538588e+00
9.404717533528756803e+02 -3.263636975808363871e+00
9.419886432776382890e+02 -3.269578839332939690e+00
9.435055332024011250e+02 -3.271137264547423484e+00
9.450224231271637336e+02 -3.268546197913750895e+00
9.465393130519264560e+02 -3.262146190707756244e+00
9.480562029766890646e+02 -3.252355371556252983e+00
9.495730929014519006e+02 -3.239640491917568532e+00
9.510899828262146229e+02 -3.224490334669394720e+00
9.526068727509772316e+02 -3.207393383439654855e+00
9.541237626757399539e+02 -3.188821111205558001e+00
9.556406526005027899e+02 -3.169217609976047179e+00
9.571575425252653986e+02 -3.148995605543392529e+00
9.586744324500281209e+02 -3.128538241726975588e+00
9.601913223747907296e+02 -3.108205434712482340e+00
9.617082122995535656e+02 -3.088343140902766404e+00
9.632251022243161742e+02 -3.069293591289768752e+00
9.647419921490788965e+02 -3.051404447814239695e+00
9.662588820738415052e+02 -3.035034942316970685e+00
9.677757719986043412e+02 -3.020557359126542885e+00
9.692926619233670635e+02 -3.008352693961351410e+00
9.708095518481296722e+02 -2.998799925594425542e+00
9.723264417728923945e+02 -2.992259021658738138e+00
9.738433316976550032e+02 -2.989048507158928558e+00
9.753602216224178392e+02 -2.989419091573101817e+00
9.768771115471805615e+02 -2.993525417535004784e+00
9.783940014719431701e+02 -3.001398407377708466e+00
9.799108913967058925e+02 -3.012920900925146750e+00
9.814277813214686148e+02 -3.027809271380396794e+00
9.829446712462313371e+02 -3.045603466005926574e+00
9.844615611709940595e+02 -3.065667453265412234e+00
9.859784510957566681e+02 -3.087201395451607322e+00
9.874953410205195041e+02 -3.109266049653365283e+00
9.890122309452821128e+02 -3.130818988135607217e+00
9.905291208700448351e+02 -3.150761289406099230e+00
9.920460107948074437e+02 -3.167992455683732445e+00
9.935629007195702798e+02 -3.181470532635410908e+00
9.950797906443330021e+02 -3.190273808267896971e+00
9.965966805690956107e+02 -3.193660103423154428e+00
9.981135704938583331e+02 -3.191119574224130506e+00
9.996304604186211691e+02 -3.182417145666105007e+00
1.001147350343383778e+03 -3.167621182860106632e+00
1.002664240268146500e+03 -3.147115758246751938e+00
1.004181130192909109e+03 -3.121594845194236356e+00
1.005698020117671945e+03 -3.092037899061338191e+00
1.007214910042434553e+03 -3.059667500948347829e+00
1.008731799967197276e+03 -3.025890953679609918e+00
1.010248689891959884e+03 -2.992228848449926648e+00
1.011765579816722720e+03 -2.960234582265831804e+00
1.013282469741485443e+03 -2.931409528912843232e+00
1.014799359666248051e+03 -2.907118993005218144e+00
1.016316249591010774e+03 -2.888514170648253998e+00
1.017833139515773610e+03 -2.876465086907360025e+00
1.019350029440536218e+03 -2.871508889225774297e+00
1.020866919365298941e+03 -2.873816980534642074e+00
1.022383809290061549e+03 -2.883183331214939749e+00
1.023900699214824272e+03 -2.899034988684284553e+00
1.025417589139587108e+03 -2.920464393884648402e+00
1.026934479064349716e+03 -2.946281709426299855e+00
1.028451368989112325e+03 -2.975084059576637685e+00
1.029968258913874934e+03 -3.005337466910537714e+00
1.031485148838637770e+03 -3.035466421481974209e+00
1.033002038763400606e+03 -3.063945495550687959e+00
1.034518928688163214e+03 -3.089387258121356616e+00
1.036035818612925823e+03 -3.110620962160137282e+00
1.037552708537688659e+03 -3.126757061016007366e+00
1.039069598462451268e+03 -3.137233522015336007e+00
1.040586488387214104e+03 -3.141841084655355054e+00
1.042103378311976712e+03 -3.140725980089449809e+00
1.043620268236739548e+03 -3.134370096360815872e+00
1.045137158161502157e+03 -3.123550041939721744e+00
1.046654048086264766e+03 -3.109277930283650626e+00
1.048170938011027602e+03 -3.092727888739776887e+00
1.049687827935790210e+03 -3.075153207437034464e+00
1.051204717860553046e+03 -3.057799627460028535e+00
1.052721607785315655e+03 -3.041820484541323033e+00
1.054238497710078263e+03 -3.028199261661919550e+00
1.055755387634841099e+03 -3.017684573948460347e+00
1.057272277559603708e+03 -3.010741749484971308e+00
1.058789167484366544e+03 -3.007524039566055851e+00
1.060306057409129153e+03 -3.007865168835430314e+00
1.061822947333891989e+03 -3.011293509493729204e+00
1.063339837258654597e+03 -3.017066730417235831e+00
1.064856727183417206e+03 -3.024224427388028325e+00
1.066373617108180042e+03 -3.031655073661905675e+00
1.067890507032942651e+03 -3.038172716962381337e+00
1.069407396957705487e+03 -3.042598248023904439e+00
1.070924286882468095e+03 -3.043839813760244262e+00
1.072441176807230704e+03 -3.040967057921534877e+00
1.073958066731993313e+03 -3.033274332236021387e+00
1.075474956656756149e+03 -3.020328796709445207e+00
1.076991846581518985e+03 -3.002000363535893612e+00
1.078508736506281593e+03 -2.978471662917414164e+00
1.080025626431044202e+03 -2.950227537457107196e+00
1.081542516355807038e+03 -2.918024915450275980e+00
1.083059406280569647e+03 -2.882845183514257226e+00
1.084576296205332483e+03 -2.845832293082953601e+00
1.086093186130095091e+03 -2.808220722619266141e+00
1.087610076054857927e+03 -2.771258023507866763e+00
1.089126965979620536e+03 -2.736126967607410698e+00
1.090643855904383145e+03 -2.703872275000312353e+00
1.092160745829145753e+03 -2.675336540156053378e+00
1.093677635753908589e+03 -2.651109322986201722e+00
1.095194525678671425e+03 -2.631492476038173045e+00
1.096711415603434034e+03 -2.616483703121840421e+00
1.098228305528196643e+03 -2.605779161099561758e+00
1.099745195452959479e+03 -2.598794703768229741e+00
1.101262085377722087e+03 -2.594704203065801185e+00
1.102778975302484923e+03 -2.592492341426164693e+00
1.104295865227247532e+03 -2.591018413365731021e+00
1.105812755152010368e+03 -2.589087054046324443e+00
1.107329645076772977e+03 -2.585521460887385548e+00
1.108846535001535585e+03 -2.579234606452814660e+00
1.110363424926298421e+03 -2.569294153467024611e+00
1.111880314851061030e+03 -2.554977254904645001e+00
1.113397204775823866e+03 -2.535812116921096759e+00
1.114914094700586475e+03 -2.511604070417798873e+00
1.116430984625349083e+03 -2.482444879560109285e+00
1.117947874550111692e+03 -2.448705048780905447e+00
1.119464764474874528e+03 -2.411009909029214526e+00
1.120981654399637364e+03 -2.370201207814748745e+00
1.122498544324399973e+03 -2.327286741453076679e+00
1.124015434249162581e+03 -2.283381207368395227e+00
1.125532324173925417e+03 -2.239641887247024954e+00
1.127049214098688026e+03 -2.197202979902901809e+00
1.128566104023450862e+03 -2.157112381804221268e+00
1.130082993948213471e+03 -2.120274473007694560e+00
1.131599883872976307e+03 -2.087402028972376034e+00
1.133116773797738915e+03 -2.058979777156904056e+00
1.134633663722501524e+03 -2.035241392275302985e+00
1.136150553647264132e+03 -2.016160921647397686e+00
1.137667443572026968e+03 -2.001458800520847348e+00
1.139184333496789804e+03 -1.990621804178046794e+00
1.140701223421552413e+03 -1.982935533331943612e+00
1.142218113346315022e+03 -1.977527380363685916e+00
1.143735003271077858e+03 -1.973417407500152265e+00
1.145251893195840466e+03 -1.969574206492520130e+00
1.146768783120603302e+03 -1.964972615772774045e+00
1.148285673045365911e+03 -1.958650148981010419e+00
1.149802562970128747e+03 -1.949759132652026272e+00
1.151319452894891356e+03 -1.937611847000021870e+00
1.152836342819653964e+03 -1.921716391430730031e+00
1.154353232744416573e+03 -1.901801529399949731e+00
1.155870122669179409e+03 -1.877829375364410858e+00
1.157387012593942245e+03 -1.849995437406579235e+00
1.158903902518704854e+03 -1.818716189576847331e+00
1.160420792443467462e+03 -1.784604985856175441e+00
1.161937682368230298e+03 -1.748437712871754091e+00
1.163454572292992907e+03 -1.711110084428889566e+00
1.164971462217755743e+03 -1.673588885189747799e+00
1.166488352142518352e+03 -1.636859756109362296e+00
1.168005242067280960e+03 -1.601874268768703757e+00
1.169522131992043796e+03 -1.569499053646427944e+00
1.171039021916806405e+03 -1.540469628780322120e+00
1.172555911841569241e+03 -1.515351326281154876e+00
1.174072801766331850e+03 -1.494509346591471388e+00
1.175589691691094686e+03 -1.478089501351259383e+00
1.177106581615857294e+03 -1.466010657069952705e+00
1.178623471540619903e+03 -1.457969289263800761e+00
1.180140361465382512e+03 -1.453455929016115977e+00
1.181657251390145348e+03 -1.451782661600676816e+00
1.183174141314908184e+03 -1.452120250963170989e+00
1.184691031239670792e+03 -1.453542944707488571e+00
1.186207921164433401e+03 -1.455078589671368272e+00
1.187724811089196237e+03 -1.455761382270517101e+00
1.189241701013958846e+03 -1.454684409384511046e+00
1.190758590938721682e+03 -1.451049117011281586e+00
1.192275480863484290e+03 -1.444208980098544481e+00
1.193792370788247126e+03 -1.433704934571496947e+00
1.195309260713009735e+03 -1.419290559885671543e+00
1.196826150637772344e+03 -1.400945547479036879e+00
1.198343040562534952e+03 -1.378876629786111918e+00
1.199859930487297788e+03 -1.353505842189434150e+00
1.201376820412060624e+03 -1.325446707943717550e+00
1.202893710336823233e+03 -1.295469632649370428e+00
1.204410600261585842e+03 -1.264458428977186522e+00
1.205927490186348678e+03 -1.233360425042468123e+00
1.207444380111111286e+03 -1.203133006881690115e+00
1.208961270035874122e+03 -1.174689679829433286e+00
1.210478159960636731e+03 -1.148848787309150854e+00
1.211995049885399567e+03 -1.126287891375543193e+00
1.213511939810162175e+03 -1.107506501551174916e+00
1.215028829734924784e+03 -1.092799353044497934e+00
1.216545719659687393e+03 -1.082241809347161077e+00
1.218062609584450229e+03 -1.075688234189926096e+00
1.219579499509213065e+03 -1.072783388174348262e+00
1.221096389433975673e+03 -1.072986105266351409e+00
1.222613279358738282e+03 -1.075603744679606955e+00
1.224130169283500891e+03 -1.079835243848591864e+00
1.225647059208263727e+03 -1.084820062612006142e+00
1.227163949133026563e+03 -1.089689943759323931e+00
1.228680839057789171e+03 -1.093620246389113593e+00
1.230197728982551780e+03 -1.095877649043830671e+00
1.231714618907314616e+03 -1.095861268430185831e+00
1.233231508832077225e+03 -1.093134681751556592e+00
1.234748398756840061e+03 -1.087446948017715354e+00
1.236265288681602669e+03 -1.078741456332405368e+00
1.237782178606365505e+03 -1.067152238266425579e+00
1.239299068531128114e+03 -1.052988212447676819e+00
1.240815958455890723e+03 -1.036706625889546096e+00
1.242332848380653331e+03 -1.018877663738181116e+00
1.243849738305416167e+03 -1.000142768278936334e+00
1.245366628230179003e+03 -9.811695997836112904e-01
1.246883518154941612e+03 -9.626067589339576402e-01
1.248400408079704221e+03 -9.450413602635573396e-01
1.249917298004467057e+03 -9.289623008187262165e-01
1.251434187929229665e+03 -9.147316258566113856e-01
1.252951077853992501e+03 -9.025657858221635133e-01
1.254467967778755110e+03 -8.925278499497277807e-01
1.255984857703517946e+03 -8.845309443100212166e-01
1.257501747628280555e+03 -8.783523736878726673e-01
1.259018637553043163e+03 -8.736571258810129637e-01
1.260535527477805772e+03 -8.700287989452935022e-01
1.262052417402568608e+03 -8.670054841339490670e-01
1.263569307327331444e+03 -8.641178162668328167e-01
1.265086197252094053e+03 -8.609262916757584039e-01
1.266603087176856661e+03 -8.570550588055719787e-01
1.268119977101619270e+03 -8.522196989751589236e-01
1.269636867026382106e+03 -8.462470101837971104e-01
1.271153756951144942e+03 -8.390854469491210166e-01
1.272670646875907551e+03 -8.308056048910595903e-01
1.274187536800670159e+03 -8.215909138658220590e-01
1.275704426725432995e+03 -8.117194587151770335e-01
1.277221316650195604e+03 -8.015385245046977580e-01
1.278738206574958213e+03 -7.914340118195674068e-01
1.280255096499721049e+03 -7.817972455317916403e-01
1.281771986424483885e+03 -7.729918788597915924e-01
1.283288876349246493e+03 -7.653235602996795173e-01
1.284805766274009102e+03 -7.590147873421548841e-01
1.286322656198771710e+03 -7.541869372600109589e-01
1.287839546123534546e+03 -7.508508758972253228e-01
1.289356436048297383e+03 -7.489068467235633353e-01
1.290873325973059991e+03 -7.481535894620557903e-01
1.292390215897822600e+03 -7.483058897369959661e-01
1.293907105822585436e+03 -7.490190775659018030e-01
1.295423995747348044e+03 -7.499184274038450670e-01
1.296940885672110880e+03 -7.506310109862124325e-01
1.298457775596873489e+03 -7.508173488416959307e-01
1.299974665521636325e+03 -7.502002141792533108e-01
1.301491555446398934e+03 -7.485881642644874878e-01
1.303008445371161542e+03 -7.458917928924517771e-01
1.304525335295924151e+03 -7.421312809532601973e-01
1.306042225220686987e+03 -7.374345249376659250e-01
1.307559115145449823e+03 -7.320258903319801780e-01
1.309076005070212432e+03 -7.262064074974303729e-01
1.310592894994975040e+03 -7.203269403459492404e-01
1.312109784919737649e+03 -7.147564555080774262e-01
1.313626674844500485e+03 -7.098479529530298260e-01
1.315143564769263321e+03 -7.059048519050289405e-01
1.316660454694025930e+03 -7.031506376287781634e-01
1.318177344618788538e+03 -7.017043617076670348e-01
1.319694234543551374e+03 -7.015641649714777772e-01
1.321211124468313983e+03 -7.026003891379396515e-01
1.322728014393076592e+03 -7.045591058681583974e-01
1.324244904317839428e+03 -7.070760766935457742e-01
1.325761794242602264e+03 -7.097003272728737988e-01
1.327278684167364872e+03 -7.119257396555525030e-01
1.328795574092127481e+03 -7.132283984249698783e-01
1.330312464016890090e+03 -7.131069244774184135e-01
1.331829353941652926e+03 -7.111227351364981519e-01
1.333346243866415762e+03 -7.069371070299228510e-01
1.334863133791178370e+03 -7.003420965812392485e-01
1.336380023715940979e+03 -6.912827814333527554e-01
1.337896913640703815e+03 -6.798688960526424463e-01
1.339413803565466424e+03 -6.663747017421093322e-01
1.340930693490229032e+03 -6.512267983596486953e-01
1.342447583414991868e+03 -6.349804869967774490e-01
1.343964473339754704e+03 -6.182861612637700066e-01
1.345481363264517313e+03 -6.018479731802486299e-01
1.346998253189280149e+03 -5.863776286426580775e-01
1.348515143114042758e+03 -5.725465694259944671e-01
1.350032033038805366e+03 -5.609399615369113912e-01
1.351548922963568202e+03 -5.520158193473868602e-01
1.353065812888330811e+03 -5.460722563720267209e-01
1.354582702813093420e+03 -5.432252907623432714e-01
1.356099592737856028e+03 -5.433988876569392223e-01
1.357616482662618864e+03 -5.463280465591168200e-01
1.359133372587381473e+03 -5.515748048794701930e-01
1.360650262512144309e+03 -5.585560985511930365e-01
1.362167152436907145e+03 -5.665815666404181439e-01
1.363684042361669754e+03 -5.748986728329138485e-01
1.365200932286432362e+03 -5.827419956728436823e-01
1.366717822211194971e+03 -5.893832498874875814e-01
1.368234712135957807e+03 -5.941785639017019838e-01
1.369751602060720415e+03 -5.966097554344760301e-01
1.371268491985483024e+03 -5.963168003653127602e-01
1.372785381910246088e+03 -5.931193445368875272e-01
1.374302271835008696e+03 -5.870259134685323898e-01
1.375819161759771305e+03 -5.782303696459780706e-01
1.377336051684534141e+03 -5.670960833688044600e-01
1.378852941609296749e+03 -5.541291522633281508e-01
1.380369831534059358e+03 -5.399427619416529156e-01
1.381886721458821967e+03 -5.252153705485662627e-01
1.383403611383584803e+03 -5.106457811368138033e-01
1.384920501308347639e+03 -4.969083125396054346e-01
1.386437391233110247e+03 -4.846111846169062765e-01
1.387954281157873083e+03 -4.742609091092800933e-01
1.389471171082635692e+03 -4.662349521203538183e-01
1.390988061007398301e+03 -4.607642528644925739e-01
1.392504950932160909e+03 -4.579264016103960500e-01
1.394021840856923745e+03 -4.576494604839976832e-01
1.395538730781686354e+03 -4.597256185804405870e-01
1.397055620706449190e+03 -4.638331689900018207e-01
1.398572510631212026e+03 -4.695647330344124848e-01
1.400089400555974635e+03 -4.764592771083151490e-01
1.401606290480737243e+03 -4.840352954789476914e-01
1.403123180405499852e+03 -4.918225764005552669e-01
1.404640070330262688e+03 -4.993902194357084934e-01
1.406156960255025297e+03 -5.063690027423580764e-01
1.407673850179787905e+03 -5.124667697586821058e-01
1.409190740104550741e+03 -5.174761638689792109e-01
1.410707630029313577e+03 -5.212747295081485710e-01
1.412224519954076186e+03 -5.238180594565717829e-01
1.413741409878839022e+03 -5.251272449089894323e-01
1.415258299803601631e+03 -5.252723294642830387e-01
1.416775189728364239e+03 -5.243537447009450903e-01
1.418292079653126848e+03 -5.224837926557690526e-01
1.419808969577889684e+03 -5.197701351057070207e-01
1.421325859502652293e+03 -5.163029637298174324e-01
1.422842749427415129e+03 -5.121470873597305795e-01
1.424359639352177965e+03 -5.073396241707717191e-01
1.425876529276940573e+03 -5.018933789539251622e-01
1.427393419201703182e+03 -4.958053748119600757e-01
1.428910309126465791e+03 -4.890694512646434067e-01
1.430427199051228627e+03 -4.816913886836448055e-01
1.431944088975991235e+03 -4.737047148534858088e-01
1.433460978900753844e+03 -4.651852229293145791e-01
1.434977868825516907e+03 -4.562622951190636877e-01
1.436494758750279516e+03 -4.471253800013821889e-01
1.438011648675042125e+03 -4.380243934950002749e-01
1.439528538599804961e+03 -4.292633687054397962e-01
1.441045428524567569e+03 -4.211873202536143834e-01
1.442562318449330178e+03 -4.141629577718047850e-01
1.444079208374092786e+03 -4.085545208216223023e-01
1.445596098298855622e+03 -4.046965547553614817e-01
1.447112988223618459e+03 -4.028658517685808071e-01
1.448629878148381067e+03 -4.032550025481523304e-01
1.450146768073143903e+03 -4.059500154634434477e-01
1.451663657997906512e+03 -4.109142536950469715e-01
1.453180547922669120e+03 -4.179805262497284790e-01
1.454697437847431729e+03 -4.268525749302125583e-01
1.456214327772194565e+03 -4.371164707389785242e-01
1.457731217696957174e+03 -4.482616274877261886e-01
1.459248107621719782e+03 -4.597103234584445364e-01
1.460764997546482846e+03 -4.708538626744158684e-01
1.462281887471245454e+03 -4.810928717829128232e-01
1.463798777396008063e+03 -4.898787744405230793e-01
1.465315667320770672e+03 -4.967532567190516835e-01
1.466832557245533508e+03 -5.013825612421441980e-01
1.468349447170296116e+03 -5.035837311951646411e-01
1.469866337095058725e+03 -5.033404534662513363e-01
1.471383227019821561e+03 -5.008068878297780024e-01
1.472900116944584397e+03 -4.962987629006465617e-01
1.474417006869347006e+03 -4.902720018720807538e-01
1.475933896794109842e+03 -4.832901349564766580e-01
1.477450786718872450e+03 -4.759826810255299856e-01
1.478967676643635059e+03 -4.689974615647543033e-01
1.480484566568397668e+03 -4.629503787259749981e-01
1.482001456493160504e+03 -4.583764942919130725e-01
1.483518346417923112e+03 -4.556862559341064434e-01
1.485035236342685948e+03 -4.551304223378634939e-01
1.486552126267448784e+03 -4.567766548556886352e-01
1.488069016192211393e+03 -4.604999091306131165e-01
1.489585906116974002e+03 -4.659877353635721864e-01
1.491102796041736610e+03 -4.727604570021624597e-01
1.492619685966499446e+03 -4.802050319442139337e-01
1.494136575891262055e+03 -4.876202994124247403e-01
1.495653465816024664e+03 -4.942703679824679841e-01
1.497170355740787727e+03 -4.994421842194691208e-01
1.498687245665550336e+03 -5.025028987907986799e-01
1.500204135590312944e+03 -5.029525577206968023e-01
1.501721025515075780e+03 -5.004679051006593049e-01
1.503237915439838389e+03 -4.949336773859426275e-01
1.504754805364600998e+03 -4.864586590142090938e-01
1.506271695289363606e+03 -4.753748909852301141e-01
1.507788585214126442e+03 -4.622196951787706509e-01
1.509305475138889051e+03 -4.477015011116975973e-01
1.510822365063651887e+03 -4.326517360617661012e-01
1.512339254988414723e+03 -4.179661634676097304e-01
1.513856144913177332e+03 -4.045399375985701540e-01
1.515373034837939940e+03 -3.932012112347896826e-01
1.516889924762702549e+03 -3.846483373685055662e-01
1.518406814687465385e+03 -3.793955232500912933e-01
1.519923704612227993e+03 -3.777312328784222517e-01
1.521440594536990602e+03 -3.796927295284012738e-01
1.522957484461753666e+03 -3.850589677788732734e-01
1.524474374386516274e+03 -3.933626721953701333e-01
1.525991264311278883e+03 -4.039209810671794965e-01
1.527508154236041491e+03 -4.158826005398311709e-01
1.529025044160804327e+03 -4.282881190078148825e-01
1.530541934085566936e+03 -4.401390765844367947e-01
1.532058824010329545e+03 -4.504706554447860389e-01
1.533575713935092381e+03 -4.584225152216520049e-01
1.535092603859855217e+03 -4.633023754003613992e-01
1.536609493784617825e+03 -4.646374434461376657e-01
1.538126383709380661e+03 -4.622096700644291456e-01
1.539643273634143270e+03 -4.560720177472367132e-01
1.541160163558905879e+03 -4.465443657261894961e-01
1.542677053483668487e+03 -4.341892343744853666e-01
1.544193943408431323e+03 -4.197690746350477009e-01
1.545710833333193932e+03 -4.041883110811980706e-01
1.547227723257956768e+03 -3.884245364098992126e-01
1.548744613182719604e+03 -3.734541330796495306e-01
1.550261503107482213e+03 -3.601780717624740724e-01
1.551778393032244821e+03 -3.493536644303845140e-01
1.553295282957007430e+03 -3.415376249188211699e-01
1.554812172881770266e+03 -3.370449399466335927e-01
1.556329062806532875e+03 -3.359268408853011145e-01
1.557845952731295483e+03 -3.379696824989024129e-01
1.559362842656058092e+03 -3.427148934246008194e-01
1.560879732580821155e+03 -3.494984922089732216e-01
1.562396622505583764e+03 -3.575070941083240417e-01
1.563913512430346600e+03 -3.658459930675092564e-01
1.565430402355109209e+03 -3.736138993980486211e-01
1.566947292279871817e+03 -3.799783305447592130e-01
1.568464182204634426e+03 -3.842455416184313299e-01
1.569981072129397262e+03 -3.859192589978434618e-01
1.571497962054159871e+03 -3.847433207412402911e-01
1.573014851978922707e+03 -3.807245711365163099e-01
1.574531741903685543e+03 -3.741339099257826040e-01
1.576048631828448151e+03 -3.654851400754099422e-01
1.577565521753210760e+03 -3.554930550529164512e-01
1.579082411677973369e+03 -3.450139147012331597e-01
1.580599301602736205e+03 -3.349729401120890571e-01
1.582116191527498813e+03 -3.262845903870802977e-01
1.583633081452261422e+03 -3.197720715921874568e-01
1.585149971377024485e+03 -3.160927081083425572e-01
1.586666861301787094e+03 -3.156754557943280970e-01
1.588183751226549703e+03 -3.186759735192805643e-01
1.589700641151312311e+03 -3.249533543010351133e-01
1.591217531076075147e+03 -3.340709461029708893e-01
1.592734421000837756e+03 -3.453217918847116263e-01
1.594251310925600364e+03 -3.577772358776664108e-01
1.595768200850363201e+03 -3.703553346358211540e-01
1.597285090775126037e+03 -3.819040306613680769e-01
1.598801980699888645e+03 -3.912927317281061912e-01
1.600318870624651481e+03 -3.975051025856616849e-01
1.601835760549414090e+03 -3.997255941236053101e-01
1.603352650474176698e+03 -3.974125426475266232e-01
1.604869540398939307e+03 -3.903515572483261531e-01
1.606386430323702143e+03 -3.786843191647800144e-01
1.607903320248464752e+03 -3.629097442304382026e-01
1.609420210173227360e+03 -3.438565734459375633e-01
1.610937100097990424e+03 -3.226286975472218987e-01
1.612453990022753032e+03 -3.005267158919276427e-01
1.613970879947515641e+03 -2.789512046803016565e-01
1.615487769872278250e+03 -2.592947644686529607e-01
1.617004659797041086e+03 -2.428309982351580798e-01
1.618521549721803694e+03 -2.306090420737126889e-01
1.620038439646566303e+03 -2.233620793829415307e-01
1.621555329571328912e+03 -2.214374148702679679e-01
1.623072219496091975e+03 -2.247542168419462694e-01
1.624589109420854584e+03 -2.327930536703770037e-01
1.626105999345617420e+03 -2.446189935190886400e-01
1.627622889270380028e+03 -2.589374778333402016e-01
1.629139779195142637e+03 -2.741796106138920108e-01
1.630656669119905246e+03 -2.886111239863700662e-01
1.632173559044668082e+03 -3.004572730577160788e-01
1.633690448969430690e+03 -3.080344421321273285e-01
1.635207338894193526e+03 -3.098784354027958043e-01
1.636724228818956362e+03 -3.048593560821670767e-01
1.638241118743718971e+03 -2.922736720730535476e-01
1.639758008668481580e+03 -2.719054900403119479e-01
1.641274898593244188e+03 -2.440511237481801099e-01
1.642791788518007024e+03 -2.095036074328939235e-01
1.644308678442769633e+03 -1.694966910435470597e-01
1.645825568367532242e+03 -1.256108540686712016e-01
1.647342458292295305e+03 -7.964676851117066803e-02
1.648859348217057914e+03 -3.347421324923070124e-02
1.650376238141820522e+03 1.113350466250474444e-02
1.651893128066583131e+03 5.266819252852997929e-02
1.653410017991345967e+03 9.004646898505661023e-02
1.654926907916108576e+03 1.227487765544938852e-01
1.656443797840871184e+03 1.509270877568442693e-01
1.657960687765634020e+03 1.754725792591947664e-01
1.659477577690396629e+03 1.980371000741756871e-01
1.660994467615159465e+03 2.210052921870904463e-01
1.662511357539922301e+03 2.474175237851616860e-01
1.664028247464684910e+03 2.808471330456311366e-01
1.665545137389447518e+03 3.252386157659351018e-01
1.667062027314210127e+03 3.847160970773048083e-01
1.668578917238972963e+03 4.633735094765460971e-01
1.670095807163735572e+03 5.650592039008373035e-01
1.671612697088498180e+03 6.931681506620384070e-01
1.673129587013261244e+03 8.504544090312943228e-01
1.674646476938023852e+03 1.038875190458622644e+00
1.676163366862786461e+03 1.259475707195564897e+00
1.677680256787549069e+03 1.512321239050303578e+00
1.679197146712311906e+03 1.796479665824117999e+00
1.680714036637074514e+03 2.110054332790786802e+00
1.682230926561837123e+03 2.450263786907620478e+00
1.683747816486599731e+03 2.813561883958400678e+00
1.685264706411362795e+03 3.195789241304495931e+00
1.686781596336125403e+03 3.592345178767939906e+00
1.688298486260888239e+03 3.998368280745497216e+00
1.689815376185650848e+03 4.408913593439880430e+00
1.691332266110413457e+03 4.819115242499648843e+00
1.692849156035176065e+03 5.224324851545224746e+00
1.694366045959938901e+03 5.620218431856367047e+00
1.695882935884701510e+03 6.002867216059547317e+00
1.697399825809464346e+03 6.368771003145067056e+00
1.698916715734227182e+03 6.714855725452123281e+00
1.700433605658989791e+03 7.038439893490582300e+00
1.701950495583752399e+03 7.337177089822752407e+00
1.703467385508515008e+03 7.608983569845085171e+00
1.704984275433277844e+03 7.851961134700031764e+00
1.706501165358040453e+03 8.064325679448245410e+00
1.708018055282803061e+03 8.244351165340123799e+00
1.709534945207565670e+03 8.390337265643072584e+00
1.711051835132328733e+03 8.500606703836592004e+00
1.712568725057091342e+03 8.573535513456381096e+00
1.714085614981853951e+03 8.607616318650048726e+00
1.715602504906616787e+03 8.601551511297536479e+00
1.717119394831379395e+03 8.554370142817637301e+00
1.718636284756142004e+03 8.465559706040137300e+00
1.720153174680904840e+03 8.335201976080613306e+00
1.721670064605667449e+03 8.164100884813429104e+00
1.723186954530430285e+03 7.953890137548333072e+00
1.724703844455193121e+03 7.707108989887867523e+00
1.726220734379955729e+03 7.427236260677799073e+00
1.727737624304718338e+03 7.118675163795498584e+00
1.729254514229480947e+03 6.786684731153691530e+00
1.730771404154243783e+03 6.437257250692720589e+00
1.732288294079006391e+03 6.076944996055249959e+00
1.733805184003769000e+03 5.712643298491297372e+00
1.735322073928532063e+03 5.351340425957067382e+00
1.736838963853294672e+03 4.999847529986177541e+00
1.738355853778057281e+03 4.664523878830818759e+00
1.739872743702819889e+03 4.351013553835062275e+00
1.741389633627582725e+03 4.064009653021643409e+00
1.742906523552345334e+03 3.807060806840238953e+00
1.744423413477107943e+03 3.582432530729006359e+00
1.745940303401870551e+03 3.391032757979038248e+00
1.747457193326633615e+03 3.232407021022821958e+00
1.748974083251396223e+03 3.104804438360552865e+00
1.750490973176159059e+03 3.005311210422794588e+00
1.752007863100921668e+03 2.930044036407341235e+00
1.753524753025684277e+03 2.874392032504962113e+00
1.755041642950446885e+03 2.833292626939959646e+00
1.756558532875209721e+03 2.801524746662855225e+00
1.758075422799972330e+03 2.774001547108052357e+00
1.759592312724734938e+03 2.746045046786302901e+00
1.761109202649498002e+03 2.713626307402300153e+00
1.762626092574260610e+03 2.673557160801371069e+00
1.764142982499023219e+03 2.623622763889324361e+00
1.765659872423785828e+03 2.562648235163506705e+00
1.767176762348548664e+03 2.490497017057059725e+00
1.768693652273311272e+03 2.408003113868586453e+00
1.770210542198073881e+03 2.316843665631332705e+00
1.771727432122836490e+03 2.219362138948687502e+00
1.773244322047599553e+03 2.118355487603801546e+00
1.774761211972362162e+03 2.016840753814073572e+00
1.776278101897124770e+03 1.917817608935859397e+00
1.777794991821887606e+03 1.824043211520940400e+00
1.779311881746650215e+03 1.737834513529563196e+00
1.780828771671412824e+03 1.660910874007546889e+00
1.782345661596175660e+03 1.594286716689162553e+00
1.783862551520938268e+03 1.538220225148512421e+00
1.785379441445701104e+03 1.492219978889052889e+00
1.786896331370463940e+03 1.455107290082491733e+00
1.788413221295226549e+03 1.425128097575401043e+00
1.789930111219989158e+03 1.400104885305548663e+00
1.791447001144751766e+03 1.377616449071398241e+00
1.792963891069514602e+03 1.355191614710286263e+00
1.794480780994277211e+03 1.330502319572995251e+00
1.795997670919039820e+03 1.301541839628074460e+00
1.797514560843802428e+03 1.266775331625455969e+00
1.799031450768565492e+03 1.225252145934341508e+00
1.800548340693328100e+03 1.176672370273419199e+00
1.802065230618090709e+03 1.121403557755477065e+00
1.803582120542853545e+03 1.060447312889684301e+00
1.805099010467616154e+03 9.953590825461176017e-01
1.806615900392378762e+03 9.281278593403797794e-01
1.808132790317141371e+03 8.610253135042273964e-01
1.809649680241904207e+03 7.964359312867970164e-01
1.811166570166667043e+03 7.366809162161493951e-01
1.812683460091429879e+03 6.838488339467382326e-01
1.814200350016192488e+03 6.396452526997711274e-01
1.815717239940955096e+03 6.052720200422687657e-01
1.817234129865717705e+03 5.813444570198788020e-01
1.818751019790480541e+03 5.678518291492402614e-01
1.820267909715243150e+03 5.641631951955328184e-01
1.821784799640005758e+03 5.690773845454047963e-01
1.823301689564768822e+03 5.809126602362395531e-01
1.824818579489531430e+03 5.976288192350631689e-01
1.826335469414294039e+03 6.169722634279025675e-01
1.827852359339056648e+03 6.366330960049426668e-01
1.829369249263819484e+03 6.544026530494970739e-01
1.830886139188582092e+03 6.683201002149055103e-01
1.832403029113344701e+03 6.767977757908197889e-01
1.833919919038107309e+03 6.787167495939627759e-01
1.835436808962870373e+03 6.734864444754818935e-01
1.836953698887632981e+03 6.610649454092102362e-01
1.838470588812395590e+03 6.419395855954975749e-01
1.839987478737158426e+03 6.170703256625054145e-01
1.841504368661921035e+03 5.878011140801973067e-01
1.843021258586683643e+03 5.557466409519227213e-01
1.844538148511446479e+03 5.226635175078832019e-01
1.846055038436209088e+03 4.903158224317686331e-01
1.847571928360971697e+03 4.603451017211430130e-01
1.849088818285734760e+03 4.341542976259127329e-01
1.850605708210497369e+03 4.128137775977018809e-01
1.852122598135259977e+03 3.969957502509054992e-01
1.853639488060022586e+03 3.869410474504431097e-01
1.855156377984785422e+03 3.824597038255894699e-01
1.856673267909548031e+03 3.829641754327747227e-01
1.858190157834310639e+03 3.875316049514165861e-01
1.859707047759073248e+03 3.949894425882013449e-01
1.861223937683836311e+03 4.040171211425004349e-01
1.862740827608598920e+03 4.132554713451694894e-01
1.864257717533361529e+03 4.214152124311386083e-01
1.865774607458124365e+03 4.273761738502600549e-01
1.867291497382886973e+03 4.302698563014468736e-01
1.868808387307649582e+03 4.295394356527580948e-01
1.870325277232412191e+03 4.249732238132280515e-01
1.871842167157175027e+03 4.167097691992295849e-01
1.873359057081937863e+03 4.052150326408235359e-01
1.874875947006700699e+03 3.912342362623816294e-01
1.876392836931463307e+03 3.757228878653277593e-01
1.877909726856225916e+03 3.597629899599291692e-01
1.879426616780988525e+03 3.444714431476809113e-01
1.880943506705751361e+03 3.309080820020357527e-01
1.882460396630513969e+03 3.199906178184981909e-01
1.883977286555276578e+03 3.124230330560666125e-01
1.885494176480039641e+03 3.086427469926786848e-01
1.887011066404802250e+03 3.087902583298375858e-01
1.888527956329564859e+03 3.127031035937726799e-01
1.890044846254327467e+03 3.199340025656407516e-01
1.891561736179090303e+03 3.297911507252260788e-01
1.893078626103852912e+03 3.413969132196946754e-01
1.894595516028615521e+03 3.537598053099767492e-01
1.896112405953378129e+03 3.658537116123735111e-01
1.897629295878140965e+03 3.766978652221907309e-01
1.899146185802903801e+03 3.854312015365400912e-01
1.900663075727666410e+03 3.913753018183738219e-01
1.902179965652429246e+03 3.940811900078448615e-01
1.903696855577191855e+03 3.933566502771573825e-01
1.905213745501954463e+03 3.892723731356014794e-01
1.906730635426717299e+03 3.821469787481074354e-01
1.908247525351479908e+03 3.725126662624527740e-01
1.909764415276242516e+03 3.610647619051043922e-01
1.911281305201005580e+03 3.485996674707236287e-01
1.912798195125768189e+03 3.359465513729028574e-01
1.914315085050530797e+03 3.238985161424094983e-01
1.915831974975293406e+03 3.131488956770430154e-01
1.917348864900056242e+03 3.042377974993374368e-01
1.918865754824818850e+03 2.975130611290711102e-01
1.920382644749581459e+03 2.931085366499689426e-01
1.921899534674344068e+03 2.909411055800786294e-01
1.923416424599107131e+03 2.907262928735164786e-01
1.924933314523869740e+03 2.920107834633924315e-01
1.926450204448632348e+03 2.942187834696401438e-01
1.927967094373395184e+03 2.967080644772435716e-01
1.929483984298157793e+03 2.988307851388665171e-01
1.931000874222920402e+03 2.999938537124262616e-01
1.932517764147683010e+03 2.997136997651881352e-01
1.934034654072445846e+03 2.976608493954478463e-01
1.935551543997208682e+03 2.936905981809514454e-01
1.937068433921971518e+03 2.878572721443463100e-01
1.938585323846734127e+03 2.804109586383826125e-01
1.940102213771496736e+03 2.717770606961688595e-01
1.941619103696259344e+03 2.625204592216930921e-01
1.943135993621022180e+03 2.532973410259853897e-01
1.944652883545784789e+03 2.447987645532894441e-01
1.946169773470547398e+03 2.376907085345345561e-01
1.947686663395310006e+03 2.325556293332553814e-01
1.949203553320073070e+03 2.298404202028635213e-01
1.950720443244835678e+03 2.298151334069743756e-01
1.952237333169598287e+03 2.325459397253832605e-01
1.953754223094361123e+03 2.378846331178281204e-01
1.955271113019123732e+03 2.454756372029472944e-01
1.956788002943886340e+03 2.547800449225341435e-01
1.958304892868648949e+03 2.651148387649231997e-01
1.959821782793411785e+03 2.757042076428097288e-01
1.961338672718174621e+03 2.857388964345789484e-01
1.962855562642937230e+03 2.944388730224949402e-01
1.964372452567700066e+03 3.011143262719186420e-01
1.965889342492462674e+03 3.052201369385581509e-01
1.967406232417225283e+03 3.063994799774615307e-01
1.968923122341988119e+03 3.045130782143419812e-01
1.970440012266750728e+03 2.996517635700929327e-01
1.971956902191513336e+03 2.921313212307506402e-01
1.973473792116276400e+03 2.824699885120977583e-01
1.974990682041039008e+03 2.713503423604622933e-01
1.976507571965801617e+03 2.595685295462065167e-01
1.978024461890564226e+03 2.479747757158990984e-01
1.979541351815327062e+03 2.374097771818554081e-01
1.981058241740089670e+03 2.286418817327584563e-01
1.982575131664852279e+03 2.223098802772365545e-01
1.984092021589614887e+03 2.188757690555742930e-01
1.985608911514377951e+03 2.185910416123199307e-01
1.987125801439140560e+03 2.214789963793774019e-01
1.988642691363903168e+03 2.273342863348564724e-01
1.990159581288666004e+03 2.357395925671869064e-01
1.991676471213428613e+03 2.460979803794137721e-01
1.993193361138191221e+03 2.576782988817484799e-01
1.994710251062953830e+03 2.696700060320988968e-01
1.996227140987716666e+03 2.812431157954027872e-01
1.997744030912479275e+03 2.916086235118517944e-01
1.999260920837242338e+03 3.000747928679985410e-01
2.000777810762004947e+03 3.060950768091065810e-01
2.002294700686767555e+03 3.093041604235318709e-01
2.003811590611530164e+03 3.095395957810684884e-01
2.005328480536293000e+03 3.068476658988918415e-01
2.006845370461055609e+03 3.014733725541116072e-01
2.008362260385818217e+03 2.938356895179734529e-01
2.009879150310580826e+03 2.844903598846075798e-01
2.011396040235343889e+03 2.740834543160197700e-01
2.012912930160106498e+03 2.632995739494707332e-01
2.014429820084869107e+03 2.528089276758759829e-01
2.015946710009631943e+03 2.432175150612792547e-01
2.017463599934394551e+03 2.350243078314729339e-01
2.018980489859157160e+03 2.285886763410722167e-01
2.020497379783919769e+03 2.241104090345877597e-01
2.022014269708682605e+03 2.216235985082342652e-01
2.023531159633445441e+03 2.210045067194024160e-01
2.025048049558208049e+03 2.219923695460790936e-01
2.026564939482970885e+03 2.242210509529193041e-01
2.028081829407733494e+03 2.272585938982642495e-01
2.029598719332496103e+03 2.306511072356550451e-01
2.031115609257258939e+03 2.339671222322422528e-01
2.032632499182021547e+03 2.368385709097476366e-01
2.034149389106784156e+03 2.389948765523278451e-01
2.035666279031547219e+03 2.402872737193129382e-01
2.037183168956309828e+03 2.407013368942125531e-01
2.038700058881072437e+03 2.403567206417079327e-01
2.040216948805835045e+03 2.394942142316126565e-01
2.041733838730597881e+03 2.384512988181378690e-01
2.043250728655360490e+03 2.376283758878890984e-01
2.044767618580123099e+03 2.374486312985422121e-01
2.046284508504885707e+03 2.383150448465044535e-01
2.047801398429648543e+03 2.405683066964279804e-01
2.049318288354411379e+03 2.444493391946930272e-01
2.050835178279174215e+03 2.500697513553272744e-01
2.052352068203936597e+03 2.573929046222800388e-01
2.053868958128699433e+03 2.662273959260036404e-01
2.055385848053462269e+03 2.762337392614120368e-01
2.056902737978224650e+03 2.869439339823625645e-01
2.058419627902987486e+03 2.977925361152929939e-01
2.059936517827749867e+03 3.081568857778693160e-01
2.061453407752513158e+03 3.174033678523334179e-01
2.062970297677275539e+03 3.249360577418369256e-01
2.064487187602038375e+03 3.302438723091495887e-01
2.066004077526801211e+03 3.329424271575203154e-01
2.067520967451563592e+03 3.328071891819163741e-01
2.069037857376326428e+03 3.297951769826166779e-01
2.070554747301089265e+03 3.240533482853077407e-01
2.072071637225851646e+03 3.159128520660076656e-01
2.073588527150614482e+03 3.058694306111695016e-01
2.075105417075377318e+03 2.945513447889868686e-01
2.076622307000140154e+03 2.826771775782123131e-01
2.078139196924902535e+03 2.710066682378665659e-01
2.079656086849665371e+03 2.602882791201541202e-01
2.081172976774428207e+03 2.512074556436150741e-01
2.082689866699190588e+03 2.443394872808329898e-01
2.084206756623953424e+03 2.401105183465481185e-01
2.085723646548716260e+03 2.387696210509531736e-01
2.087240536473479096e+03 2.403739808287155000e-01
2.088757426398241478e+03 2.447882242891487869e-01
2.090274316323004314e+03 2.516978244087774153e-01
2.091791206247767150e+03 2.606354326596158621e-01
2.093308096172529531e+03 2.710179992370443935e-01
2.094824986097292367e+03 2.821917279467957007e-01
2.096341876022055203e+03 2.934813349354290501e-01
2.097858765946817584e+03 3.042397844070140467e-01
2.099375655871580420e+03 3.138946812463896952e-01
2.100892545796343256e+03 3.219878073438227073e-01
2.102409435721106092e+03 3.282048688105819734e-01
2.103926325645868474e+03 3.323933270225257197e-01
2.105443215570631310e+03 3.345671517481290658e-01
2.106960105495394146e+03 3.348983814811484216e-01
2.108476995420156527e+03 3.336964205480621448e-01
2.109993885344919363e+03 3.313769614628909177e-01
2.111510775269682199e+03 3.284232186955256538e-01
2.113027665194445035e+03 3.253427343237567659e-01
2.114544555119207416e+03 3.226233231446152261e-01
2.116061445043970252e+03 3.206917426738847832e-01
2.117578334968733088e+03 3.198784033823850459e-01
2.119095224893495470e+03 3.203909009227843829e-01
2.120612114818258306e+03 3.222984003815975718e-01
2.122129004743020687e+03 3.255279953096432144e-01
2.123645894667783978e+03 3.298731760131197732e-01
2.125162784592546359e+03 3.350135528182541789e-01
2.126679674517309195e+03 3.405440706337036216e-01
2.128196564442072031e+03 3.460111939536658632e-01
2.129713454366834412e+03 3.509529964172790617e-01
2.131230344291597248e+03 3.549397984814337548e-01
2.132747234216360084e+03 3.576119820619390599e-01
2.134264124141122466e+03 3.587118710282722334e-01
2.135781014065885302e+03 3.581070778134722299e-01
2.137297903990648138e+03 3.558034355216081468e-01
2.138814793915410974e+03 3.519465016374958011e-01
2.140331683840173355e+03 3.468115620728377535e-01
2.141848573764936191e+03 3.407830054717954082e-01
2.143365463689699027e+03 3.343248007660277188e-01
2.144882353614461408e+03 3.279445261291619174e-01
2.146399243539224244e+03 3.221539074756054610e-01
2.147916133463986625e+03 3.174290893308631678e-01
2.149433023388749916e+03 3.141738603952608511e-01
2.150949913313512297e+03 3.126887923262299807e-01
2.152466803238275133e+03 3.131487465578038920e-01
2.153983693163037969e+03 3.155905031953130657e-01
2.155500583087800351e+03 3.199114268482604606e-01
2.157017473012563187e+03 3.258791763390286311e-01
2.158534362937326023e+03 3.331515634033417883e-01
2.160051252862088404e+03 3.413048436956797604e-01
2.161568142786851240e+03 3.498680485613195890e-01
2.163085032711614076e+03 3.583604926390746570e-01
2.164601922636376912e+03 3.663293580845100039e-01
2.166118812561139293e+03 3.733842788775311172e-01
2.167635702485902129e+03 3.792261249111278931e-01
2.169152592410664965e+03 3.836676911147248736e-01
2.170669482335427347e+03 3.866446887442387403e-01
2.172186372260190183e+03 3.882162560105469340e-01
2.173703262184953019e+03 3.885550849386838479e-01
2.175220152109715855e+03 3.879281276238593090e-01
2.176737042034478236e+03 3.866696261355919706e-01
2.178253931959241072e+03 3.851488417685116628e-01
2.179770821884003908e+03 3.837352892789008818e-01
2.181287711808766289e+03 3.827644751363994402e-01
2.182804601733529125e+03 3.825070802921798907e-01
2.184321491658291507e+03 3.831442230533390059e-01
2.185838381583054343e+03 3.847509123015876997e-01
2.187355271507817179e+03 3.872890996821844456e-01
2.188872161432580015e+03 3.906109202604095554e-01
2.190389051357342851e+03 3.944718429415755012e-01
2.191905941282105232e+03 3.985526071581898533e-01
2.193422831206868068e+03 4.024880714751214450e-01
2.194939721131630904e+03 4.059005056015522195e-01
2.196456611056393285e+03 4.084344696133289654e-01
2.197973500981156121e+03 4.097902756811523939e-01
2.199490390905918957e+03 4.097531311695202239e-01
2.201007280830681793e+03 4.082154096318360015e-01
2.202524170755444175e+03 4.051900597377356417e-01
2.204041060680207011e+03 4.008138953330761534e-01
2.205557950604969847e+03 3.953403522795653213e-01
2.207074840529732228e+03 3.891221798538408438e-01
2.208591730454495064e+03 3.825853832040220226e-01
2.210108620379257445e+03 3.761964780752323767e-01
2.211625510304020736e+03 3.704256974698449389e-01
2.213142400228783117e+03 3.657091533333773903e-01
2.214659290153545953e+03 3.624130735258828673e-01
2.216176180078308789e+03 3.608030941909628475e-01
2.217693070003071171e+03 3.610212002560171940e-01
2.219209959927834007e+03 3.630723026661310526e-01
2.220726849852596843e+03 3.668216685119777831e-01
2.222243739777359224e+03 3.720035419599276305e-01
2.223760629702122060e+03 3.782403813157784178e-01
2.225277519626884896e+03 3.850712653026737708e-01
2.226794409551647732e+03 3.919872614207627892e-01
2.228311299476410113e+03 3.984709639739459908e-01
2.229828189401172949e+03 4.040370478901658680e-01
2.231345079325935785e+03 4.082705776625851213e-01
2.232861969250698166e+03 4.108599687852833582e-01
2.234378859175461002e+03 4.116219105643484366e-01
2.235895749100223384e+03 4.105161920371386275e-01
2.237412639024986674e+03 4.076491766120122762e-01
2.238929528949749056e+03 4.032655814557396523e-01
2.240446418874511892e+03 3.977291611331653098e-01
2.241963308799274728e+03 3.914937950353672425e-01
2.243480198724037109e+03 3.850672613910028907e-01
2.244997088648799945e+03 3.789705829722628816e-01
2.246513978573562326e+03 3.736962012297880831e-01
2.248030868498325162e+03 3.696683452871648012e-01
2.249547758423087998e+03 3.672087998956667376e-01
2.251064648347850834e+03 3.665108540316490138e-01
2.252581538272613670e+03 3.676235624068047159e-01
2.254098428197376052e+03 3.704476274018152493e-01
2.255615318122138888e+03 3.747432749058534629e-01
2.257132208046901724e+03 3.801495294528948743e-01
2.258649097971664105e+03 3.862133701560765964e-01
2.260165987896426941e+03 3.924264442414568954e-01
2.261682877821189777e+03 3.982663950913640227e-01
2.263199767745952613e+03 4.032394775192761904e-01
2.264716657670714994e+03 4.069210165035037630e-01
2.266233547595477830e+03 4.089904272311261635e-01
2.267750437520240666e+03 4.092579419858746181e-01
2.269267327445003048e+03 4.076808495029433654e-01
2.270784217369765884e+03 4.043678923213120946e-01
2.272301107294528265e+03 3.995714200570030239e-01
2.273817997219291556e+03 3.936678847257439329e-01
2.275334887144053937e+03 3.871282084266074452e-01
2.276851777068816773e+03 3.804803773191074434e-01
2.278368666993579609e+03 3.742672518503612489e-01
2.279885556918341990e+03 3.690029795472481999e-01
2.281402446843104826e+03 3.651315205447956402e-01
2.282919336767867662e+03 3.629906364957204423e-01
2.284436226692630044e+03 3.627842626253191538e-01
2.285953116617392880e+03 3.645655144972974049e-01
2.287470006542155716e+03 3.682317289002155491e-01
2.288986896466918552e+03 3.735319705740321461e-01
2.290503786391680933e+03 3.800864312640785947e-01
2.292020676316443769e+03 3.874161860889112075e-01
2.293537566241206605e+03 3.949809324181369763e-01
2.295054456165968986e+03 4.022216867334824641e-01
2.296571346090731822e+03 4.086050084537295457e-01
2.298088236015494203e+03 4.136651900534392134e-01
2.299605125940257494e+03 4.170410112676097847e-01
2.301122015865019875e+03 4.185040896948094002e-01
2.302638905789782712e+03 4.179765362082956126e-01
2.304155795714545548e+03 4.155364870725170579e-01
2.305672685639307929e+03 4.114110659793868141e-01
2.307189575564070765e+03 4.059573490182192268e-01
2.308706465488833146e+03 3.996328811468612408e-01
2.310223355413595982e+03 3.929581446314426296e-01
2.311740245338358818e+03 3.864740385364829889e-01
2.313257135263121654e+03 3.806978395085458544e-01
2.314774025187884490e+03 3.760812435562934097e-01
2.316290915112646871e+03 3.729739248137016183e-01
2.317807805037409707e+03 3.715956027009448270e-01
2.319324694962172543e+03 3.720189186765048839e-01
2.320841584886934925e+03 3.741645432304604446e-01
2.322358474811697761e+03 3.778089339381827116e-01
2.323875364736460597e+03 3.826041273145259769e-01
2.325392254661223433e+03 3.881079553843290730e-01
2.326909144585985814e+03 3.938222134331395563e-01
2.328426034510748650e+03 3.992356394490924609e-01
2.329942924435511486e+03 4.038681536249795201e-01
2.331459814360273867e+03 4.073126828875038297e-01
2.332976704285036703e+03 4.092710723694910069e-01
2.334493594209799085e+03 4.095810502744701154e-01
2.336010484134561921e+03 4.082319284727867204e-01
2.337527374059324757e+03 4.053676315436856581e-01
2.339044263984087593e+03 4.012766788337017720e-01
2.340561153908850429e+03 3.963698141388509733e-01
2.342078043833612810e+03 3.911469989440235495e-01
2.343594933758375646e+03 3.861563743116835923e-01
2.345111823683138482e+03 3.819484802687769798e-01
2.346628713607900863e+03 3.790294428777766234e-01
2.348145603532663699e+03 3.778169620045870314e-01
2.349662493457426535e+03 3.786027449947597101e-01
2.351179383382189371e+03 3.815245460124410681e-01
2.352696273306951753e+03 3.865502248436169519e-01
2.354213163231714589e+03 3.934752909960692602e-01
2.355730053156477425e+03 4.019343241389765620e-01
2.357246943081239806e+03 4.114255462442241162e-01
2.358763833006002642e+03 4.213467540014189106e-01
2.360280722930765023e+03 4.310398885839268890e-01
2.361797612855528314e+03 4.398407996757421334e-01
2.363314502780290695e+03 4.471303112917953126e-01
2.364831392705053531e+03 4.523825563407573580e-01
2.366348282629816367e+03 4.552067284478463205e-01
2.367865172554578749e+03 4.553788907761856519e-01
2.369382062479341585e+03 4.528612449674329632e-01
2.370898952404103966e+03 4.478072392699301574e-01
2.372415842328866802e+03 4.405520064184034745e-01
2.373932732253629638e+03 4.315887805475909222e-01
2.375449622178392474e+03 4.215330557833273373e-01
2.376966512103155310e+03 4.110772277562292909e-01
2.378483402027917691e+03 4.009392241127617273e-01
2.380000291952680527e+03 3.918091189421555320e-01
2.381517181877443363e+03 3.842978985656780866e-01
2.383034071802205744e+03 3.788923872463278997e-01
2.384550961726968580e+03 3.759198625279122630e-01
2.386067851651730962e+03 3.755251283069856449e-01
2.387584741576494253e+03 3.776618294458217173e-01
2.389101631501256634e+03 3.820986629355633823e-01
2.390618521426019470e+03 3.884399573977252995e-01
2.392135411350782306e+03 3.961589498371532736e-01
2.393652301275544687e+03 4.046410778656536200e-01
2.395169191200307523e+03 4.132338085933681127e-01
2.396686081125069904e+03 4.212990065704771969e-01
2.398202971049832740e+03 4.282636448706956256e-01
2.399719860974595576e+03 4.336648022399057223e-01
2.401236750899358412e+03 4.371853546437572957e-01
2.402753640824121248e+03 4.386775246024359753e-01
2.404270530748883630e+03 4.381724359699712967e-01
2.405787420673646466e+03 4.358749561797568006e-01
2.407304310598409302e+03 4.321443009617259579e-01
2.408821200523171683e+03 4.274620316720869617e-01
2.410338090447934519e+03 4.223900989955432506e-01
2.411854980372697355e+03 4.175223956160999395e-01
2.413371870297460191e+03 4.134338084264309598e-01
2.414888760222222572e+03 4.106309644882686349e-01
2.416405650146985408e+03 4.095087270169041060e-01
2.417922540071748244e+03 4.103160286090874465e-01
2.419439429996510626e+03 4.131338662016622587e-01
2.420956319921273462e+03 4.178672873045957692e-01
2.422473209846035843e+03 4.242520504839636386e-01
2.423990099770799134e+03 4.318754381038703016e-01
2.425506989695561515e+03 4.402095342925358423e-01
2.427023879620324351e+03 4.486542514013943661e-01
2.428540769545087187e+03 4.565865786106154678e-01
2.430057659469849568e+03 4.634120038789684703e-01
2.431574549394612404e+03 4.686138690079001967e-01
2.433091439319374786e+03 4.717965741498543197e-01
2.434608329244137622e+03 4.727190411752374422e-01
2.436125219168900458e+03 4.713156358257701850e-01
2.437642109093663294e+03 4.677027728519773109e-01
2.439158999018426130e+03 4.621706031901275380e-01
2.440675888943188511e+03 4.551604117164485541e-01
2.442192778867951347e+03 4.472295372589457640e-01
2.443709668792714183e+03 4.390066656302143988e-01
2.445226558717476564e+03 4.311411550309367513e-01
2.446743448642239400e+03 4.242505632733532539e-01
2.448260338567001781e+03 4.188707140479072666e-01
2.449777228491765072e+03 4.154124489808255216e-01
2.451294118416527454e+03 4.141286770015306651e-01
2.452811008341290290e+03 4.150944945741291692e-01
2.454327898266053126e+03 4.182020769430657148e-01
2.455844788190815507e+03 4.231708189317462954e-01
2.457361678115578343e+03 4.295719341604327668e-01
2.458878568040340724e+03 4.368655087351976385e-01
2.460395457965103560e+03 4.444469505944749210e-01
2.461912347889866396e+03 4.516989676832761091e-01
2.463429237814629232e+03 4.580447162289248419e-01
2.464946127739392068e+03 4.629976283666813464e-01
2.466463017664154449e+03 4.662036705859661234e-01
2.467979907588917285e+03 4.674723844665195638e-01
2.469496797513680121e+03 4.667939726736545780e-01
2.471013687438442503e+03 4.643408436099113468e-01
2.472530577363205339e+03 4.604533243109890095e-01
2.474047467287968175e+03 4.556105868264263559e-01
2.475564357212731011e+03 4.503890976276487823e-01
2.477081247137493392e+03 4.454119863022395487e-01
2.478598137062256228e+03 4.412935460855124670e-01
2.480115026987019064e+03 4.385835530312887642e-01
2.481631916911781445e+03 4.377161786107399144e-01
2.483148806836544281e+03 4.389679594253368400e-01
2.484665696761306663e+03 4.424285975697844764e-01
2.486182586686069499e+03 4.479873476884106420e-01
2.487699476610832335e+03 4.553364814775613389e-01
2.489216366535595171e+03 4.639919085234802676e-01
2.490733256460358007e+03 4.733295888162882270e-01
2.492250146385120388e+03 4.826350163409744987e-01
2.493767036309883224e+03 4.911618987735564268e-01
2.495283926234645605e+03 4.981953046774426630e-01
2.496800816159408441e+03 5.031140727149213676e-01
2.498317706084171277e+03 5.054472235104257027e-01
2.499834596008934113e+03 5.049194961434122497e-01
2.501351485933696949e+03 5.014819244438641910e-01
2.502868375858459331e+03 4.953245156973984376e-01
2.504385265783222167e+03 4.868695083249163780e-01
2.505902155707985003e+03 4.767452544416613258e-01
2.507419045632747384e+03 4.657423720426790981e-01
2.508935935557510220e+03 4.547553093183333006e-01
2.510452825482272601e+03 4.447137355574404260e-01
2.511969715407035892e+03 4.365091106700136336e-01
2.513486605331798273e+03 4.309223052527850761e-01
2.515003495256561109e+03 4.285581945211998089e-01
2.516520385181323945e+03 4.297927187429135820e-01
2.518037275106086327e+03 4.347370154047277557e-01
2.519554165030849163e+03 4.432219472143317240e-01
2.521071054955611544e+03 4.548047713429285710e-01
2.522587944880374380e+03 4.687979411949107500e-01
2.524104834805137216e+03 4.843182411380771990e-01
2.525621724729900052e+03 5.003527713589565051e-01
2.527138614654662888e+03 5.158368626918257149e-01
2.528655504579425269e+03 5.297379310353784732e-01
2.530172394504188105e+03 5.411386716076727055e-01
2.531689284428950941e+03 5.493129031776786686e-01
2.533206174353713322e+03 5.537878191643488268e-01
2.534723064278476159e+03 5.543873607911949941e-01
2.536239954203238540e+03 5.512528303244904615e-01
2.537756844128001831e+03 5.448386057515448577e-01
2.539273734052764212e+03 5.358827686550812208e-01
2.540790623977527048e+03 5.253544619190838594e-01
2.542307513902289884e+03 5.143816934032713339e-01
2.543824403827052265e+03 5.041649414299399501e-01
2.545341293751815101e+03 4.958831613536282545e-01
2.546858183676577482e+03 4.905995323590626733e-01
2.548375073601340318e+03 4.891744510341979879e-01
2.549891963526103154e+03 4.921928488486525533e-01
2.551408853450865990e+03 4.999119074346491387e-01
2.552925743375628826e+03 5.122337378900899685e-01
2.554442633300391208e+03 5.287056892403758646e-01
2.555959523225154044e+03 5.485488012901466037e-01
2.557476413149916425e+03 5.707126855409665467e-01
2.558993303074679261e+03 5.939529814519974860e-01
2.560510192999442097e+03 6.169256665530442607e-01
2.562027082924204933e+03 6.382910520584388347e-01
2.563543972848967769e+03 6.568193940830552302e-01
2.565060862773730150e+03 6.714897764337626196e-01
2.566577752698492986e+03 6.815743077195827171e-01
2.568094642623255822e+03 6.867007044667547966e-01
2.569611532548018204e+03 6.868879326379917494e-01
2.571128422472781040e+03 6.825516350187554870e-01
2.572645312397543421e+03 6.744784254115731015e-01
2.574162202322306257e+03 6.637705997557370452e-01
2.575679092247069093e+03 6.517652037583112623e-01
2.577195982171831929e+03 6.399335136633202969e-01
2.578712872096594765e+03 6.297686568156166675e-01
2.580229762021357146e+03 6.226701795513942539e-01
2.581746651946119982e+03 6.198347639589514291e-01
2.583263541870882364e+03 6.221619576072003888e-01
2.584780431795645200e+03 6.301827245761512097e-01
2.586297321720408036e+03 6.440169230229718655e-01
2.587814211645170872e+03 6.633635883938967526e-01
2.589331101569933708e+03 6.875253210446866659e-01
2.590847991494696089e+03 7.154653431656230467e-01
2.592364881419458925e+03 7.458931197451531547e-01
2.593881771344221761e+03 7.773720485679505021e-01
2.595398661268984142e+03 8.084408137881753387e-01
2.596915551193746978e+03 8.377387311442330287e-01
2.598432441118509360e+03 8.641249069785631454e-01
2.599949331043272650e+03 8.867813459561272316e-01
2.601466220968035032e+03 9.052912672676831640e-01
2.602983110892797868e+03 9.196857541504623867e-01
2.604500000817560704e+03 9.304543333952881579e-01
2.606016890742323085e+03 9.385179745715384048e-01
2.607533780667085921e+03 9.451660887493235075e-01
2.609050670591848302e+03 9.519621475348628570e-01
2.610567560516611138e+03 9.606252865758767578e-01
2.612084450441373974e+03 9.728974717238781933e-01
2.613601340366136810e+03 9.904072951284187409e-01
2.615118230290899646e+03 1.014542089595604546e+00
2.616635120215662027e+03 1.046339724867504151e+00
2.618152010140424863e+03 1.086410174786233140e+00
2.619668900065187245e+03 1.134894791197042840e+00
2.621185789989950081e+03 1.191468332971007849e+00
2.622702679914712917e+03 1.255385383978248282e+00
2.624219569839475298e+03 1.325569108314745392e+00
2.625736459764238589e+03 1.400736620830504320e+00
2.627253349689000970e+03 1.479551890889243548e+00
2.628770239613763806e+03 1.560794327956837702e+00
2.630287129538526642e+03 1.643529263107064153e+00
2.631804019463289023e+03 1.727265628078699322e+00
2.633320909388051859e+03 1.812086357137580261e+00
2.634837799312814241e+03 1.898738426269238166e+00
2.636354689237577077e+03 1.988671939228907615e+00
2.637871579162339913e+03 2.084021122947179006e+00
2.639388469087102749e+03 2.187524278582627879e+00
2.640905359011865585e+03 2.302384357355877320e+00
2.642422248936627966e+03 2.432076555930774653e+00
2.643939138861390802e+03 2.580113797887976901e+00
2.645456028786153183e+03 2.749784835123046278e+00
2.646972918710916019e+03 2.943882647851458145e+00
2.648489808635678855e+03 3.164442584094238065e+00
2.650006698560441691e+03 3.412510077963597066e+00
2.651523588485204527e+03 3.687956734921690405e+00
2.653040478409966909e+03 3.989361090292665057e+00
2.654557368334729745e+03 4.313966560119309790e+00
2.656074258259492581e+03 4.657724237072256912e+00
2.657591148184254962e+03 5.015422551710201127e+00
2.659108038109017798e+03 5.380899800792139587e+00
2.660624928033780179e+03 5.747329560197589338e+00
2.662141817958543470e+03 6.107563482196038507e+00
2.663658707883305851e+03 6.454511337267420323e+00
2.665175597808068687e+03 6.781534760899414316e+00
2.666692487732831523e+03 7.082829289183452559e+00
2.668209377657593905e+03 7.353769096297527952e+00
2.669726267582356741e+03 7.591190448211500019e+00
2.671243157507119122e+03 7.793593201895721911e+00
2.672760047431881958e+03 7.961244526274183997e+00
2.674276937356644794e+03 8.096175104983862170e+00
2.675793827281407630e+03 8.202065011370056169e+00
2.677310717206170466e+03 8.284023763149583885e+00
2.678827607130932847e+03 8.348276269391558202e+00
2.680344497055695683e+03 8.401772973478523809e+00
2.681861386980458064e+03 8.451748001588317294e+00
2.683378276905220901e+03 8.505253141489605540e+00
2.684895166829983737e+03 8.568697690970868308e+00
2.686412056754746118e+03 8.647424438039289285e+00
2.687928946679509409e+03 8.745350209976843203e+00
2.689445836604271790e+03 8.864695640528548637e+00
2.690962726529034626e+03 9.005823276840194680e+00
2.692479616453797462e+03 9.167196227750844528e+00
2.693996506378560298e+03 9.345461692510520280e+00
2.695513396303322679e+03 9.535655426323211614e+00
2.697030286228085515e+03 9.731515055926369229e+00
2.698547176152847896e+03 9.925882713115777634e+00
2.700064066077610732e+03 1.011117122502122356e+01
2.701580956002373114e+03 1.027986352868263253e+01
2.703097845927136404e+03 1.042501239738970398e+01
2.704614735851898786e+03 1.054070717787017841e+01
2.706131625776661622e+03 1.062247609304563056e+01
2.707648515701424458e+03 1.066759666351812719e+01
2.709165405626186839e+03 1.067529269288905169e+01
2.710682295550949675e+03 1.064680366577786330e+01
2.712199185475712056e+03 1.058532083411848568e+01
2.713716075400475347e+03 1.049579315367062549e+01
2.715232965325237728e+03 1.038461497923922039e+01
2.716749855250000564e+03 1.025921543928476076e+01
2.718266745174762946e+03 1.012757613976135573e+01
2.719783635099525782e+03 9.997708828440231343e+00
2.721300525024288618e+03 9.877127536424470833e+00
2.722817414949050999e+03 9.772350295840976031e+00
2.724334304873814290e+03 9.688463760598278185e+00
2.725851194798576671e+03 9.628780039603386243e+00
2.727368084723339507e+03 9.594609051246230536e+00
2.728884974648101888e+03 9.585162122436308607e+00
2.730401864572864724e+03 9.597593892079963496e+00
2.731918754497627560e+03 9.627180419093415153e+00
2.733435644422389942e+03 9.667622355032698067e+00
2.734952534347153232e+03 9.711453729918179789e+00
2.736469424271915614e+03 9.750529876462142198e+00
2.737986314196678450e+03 9.776562754909939201e+00
2.739503204121440831e+03 9.781668790692931381e+00
2.741020094046203667e+03 9.758893509090805551e+00
2.742536983970966048e+03 9.702678796518608095e+00
2.744053873895728884e+03 9.609242427527075137e+00
2.745570763820492175e+03 9.476845307931151652e+00
2.747087653745254556e+03 9.305929301046552027e+00
2.748604543670017392e+03 9.099117022401333799e+00
2.750121433594779774e+03 8.861074033123580662e+00
2.751638323519542610e+03 8.598242825779870202e+00
2.753155213444304991e+03 8.318466280352039277e+00
2.754672103369068282e+03 8.030525323948989325e+00
2.756188993293831118e+03 7.743620894512286412e+00
2.757705883218593499e+03 7.466833642832716222e+00
2.759222773143356335e+03 7.208595905616883570e+00
2.760739663068118716e+03 6.976209295018995782e+00
2.762256552992881552e+03 6.775437881752157665e+00
2.763773442917643933e+03 6.610201650541005947e+00
2.765290332842407224e+03 6.482388056645627117e+00
2.766807222767169606e+03 6.391791589003704921e+00
2.768324112691932442e+03 6.336182793988575312e+00
2.769841002616695278e+03 6.311499806833013260e+00
2.771357892541457659e+03 6.312147637013225676e+00
2.772874782466220495e+03 6.331383771267375948e+00
2.774391672390982876e+03 6.361763521395213949e+00
2.775908562315746167e+03 6.395615269464054897e+00
2.777425452240508548e+03 6.425514534496678642e+00
2.778942342165271384e+03 6.444726643679707045e+00
2.780459232090033765e+03 6.447590636281850252e+00
2.781976122014796601e+03 6.429821625088436576e+00
2.783493011939559437e+03 6.388714838706558652e+00
2.785009901864321819e+03 6.323241530465338656e+00
2.786526791789085109e+03 6.234034371101724759e+00
2.788043681713847491e+03 6.123267326959624057e+00
2.789560571638610327e+03 5.994441861882154221e+00
2.791077461563372708e+03 5.852097137494898682e+00
2.792594351488135544e+03 5.701466350956971851e+00
2.794111241412898380e+03 5.548104173093848956e+00
2.795628131337660761e+03 5.397511284917680285e+00
2.797145021262424052e+03 5.254781236504441289e+00
2.798661911187186433e+03 5.124292374942654327e+00
2.800178801111949269e+03 5.009463629410698005e+00
2.801695691036711651e+03 4.912587820759358515e+00
2.803212580961474487e+03 4.834750272388944836e+00
2.804729470886236868e+03 4.775834274144190594e+00
2.806246360810999704e+03 4.734608838316525237e+00
2.807763250735762995e+03 4.708888613121083644e+00
2.809280140660525376e+03 4.695751160527408707e+00
2.810797030585288212e+03 4.691793362779437260e+00
2.812313920510050593e+03 4.693406700984136926e+00
2.813830810434813429e+03 4.697050648156033681e+00
2.815347700359575811e+03 4.699504424965549987e+00
2.816864590284339101e+03 4.698079758433529207e+00
2.818381480209101483e+03 4.690780845130508858e+00
2.819898370133864319e+03 4.676402156328834714e+00
2.821415260058627155e+03 4.654559683657521596e+00
2.822932149983389536e+03 4.625656332849282570e+00
2.824449039908152372e+03 4.590787053011551322e+00
2.825965929832914753e+03 4.551593589855175814e+00
2.827482819757678044e+03 4.510082175996943832e+00
2.828999709682440425e+03 4.468419794774185050e+00
2.830516599607203261e+03 4.428725737859462441e+00
2.832033489531966097e+03 4.392874977958165950e+00
2.833550379456728479e+03 4.362328448045698970e+00
2.835067269381491315e+03 4.338002799106893015e+00
2.836584159306253696e+03 4.320188816783920416e+00
2.838101049231016987e+03 4.308523689829907077e+00
2.839617939155779368e+03 4.302018052618569399e+00
2.841134829080542204e+03 4.299134495744666218e+00
2.842651719005304585e+03 4.297910366986988251e+00
2.844168608930067421e+03 4.296114449216411835e+00
2.845685498854830257e+03 4.291424727674068684e+00
2.847202388779592638e+03 4.281613102425360751e+00
2.848719278704355929e+03 4.264722639469657572e+00
2.850236168629118310e+03 4.239223779741678300e+00
2.851753058553881147e+03 4.204137752393208416e+00
2.853269948478643528e+03 4.159118108505015066e+00
2.854786838403406364e+03 4.104484586345717112e+00
2.856303728328169200e+03 4.041207180937638199e+00
2.857820618252931581e+03 3.970842039450324545e+00
2.859337508177694872e+03 3.895424360391225527e+00
2.860854398102457253e+03 3.817326580031217276e+00
2.862371288027220089e+03 3.739092564671941510e+00
2.863888177951982470e+03 3.663260127486651196e+00
2.865405067876745306e+03 3.592184854389399273e+00
2.866921957801507688e+03 3.527877926452595236e+00
2.868438847726270524e+03 3.471869409964111863e+00
2.869955737651033814e+03 3.425106458911100660e+00
2.871472627575796196e+03 3.387893204827055804e+00
2.872989517500559032e+03 3.359876004895976820e+00
2.874506407425321413e+03 3.340074416851395611e+00
2.876023297350084249e+03 3.326955012911738230e+00
2.877540187274846630e+03 3.318542169450521051e+00
2.879057077199609921e+03 3.312557482352709748e+00
2.880573967124372302e+03 3.306577626907882372e+00
2.882090857049135138e+03 3.298199420199228626e+00
2.883607746973897974e+03 3.285200608613622730e+00
2.885124636898660356e+03 3.265685487102838902e+00
2.886641526823423192e+03 3.238205794641517254e+00
2.888158416748185573e+03 3.201849303692996251e+00
2.889675306672948864e+03 3.156290969690878079e+00
2.891192196597711245e+03 3.101804239497560900e+00
2.892709086522474081e+03 3.039232930947388223e+00
2.894225976447236917e+03 2.969926785341553632e+00
2.895742866371999298e+03 2.895646173439698767e+00
2.897259756296762134e+03 2.818443344520078941e+00
2.898776646221524516e+03 2.740528928649320406e+00
2.900293536146287806e+03 2.664133062696406817e+00
2.901810426071050188e+03 2.591370489785391307e+00
2.903327315995813024e+03 2.524118309084467882e+00
2.904844205920575405e+03 2.463913803621622378e+00
2.906361095845338241e+03 2.411878062640512965e+00
2.907877985770101077e+03 2.368669085192725898e+00
2.909394875694863458e+03 2.334465863621040693e+00
2.910911765619626749e+03 2.308982764201310989e+00
2.912428655544389130e+03 2.291511504346680717e+00
2.913945545469151966e+03 2.280986308924341621e+00
2.915462435393914348e+03 2.276066521049999292e+00
2.916979325318677184e+03 2.275230118164973447e+00
2.918496215243439565e+03 2.276871275648458592e+00
2.920013105168202401e+03 2.279395320795766455e+00
2.921529995092965692e+03 2.281305084992108156e+00
2.923046885017728073e+03 2.281273714014962817e+00
2.924563774942490909e+03 2.278200333203891148e+00
2.926080664867253290e+03 2.271246467379739897e+00
2.927597554792016126e+03 2.259852660509765965e+00
2.929114444716778507e+03 2.243736206812553480e+00
2.930631334641541343e+03 2.222872186076929601e+00
2.932148224566304634e+03 2.197461005171114312e+00
2.933665114491067015e+03 2.167886325449832619e+00
2.935182004415829851e+03 2.134667572446400818e+00
2.936698894340592233e+03 2.098411181071971665e+00
2.938215784265355069e+03 2.059764356798694518e+00
2.939732674190117450e+03 2.019374486282252246e+00
2.941249564114880741e+03 1.977856484065283249e+00
2.942766454039643122e+03 1.935769401884521734e+00
2.944283343964405958e+03 1.893602644343256536e+00
2.945800233889168794e+03 1.851771216314501256e+00
2.947317123813931175e+03 1.810618649589898599e+00
2.948834013738694011e+03 1.770425678387933299e+00
2.950350903663456393e+03 1.731422393731045117e+00
2.951867793588219683e+03 1.693801520380560310e+00
2.953384683512982065e+03 1.657730618386635824e+00
2.954901573437744901e+03 1.623361384011288155e+00
2.956418463362507737e+03 1.590834763325611245e+00
2.957935353287270118e+03 1.560281234611023526e+00
2.959452243212032954e+03 1.531816294214610519e+00
2.960969133136795335e+03 1.505531825527678169e+00
2.962486023061558626e+03 1.481484578769668436e+00
2.964002912986321007e+03 1.459683388039191287e+00
2.965519802911083843e+03 1.440076965123550545e+00
2.967036692835846225e+03 1.422544118948455560e+00
2.968553582760609061e+03 1.406888057225829325e+00
2.970070472685371897e+03 1.392836053950560427e+00
2.971587362610134278e+03 1.380045250933608525e+00
2.973104252534897569e+03 1.368114754684288226e+00
2.974621142459659950e+03 1.356603551050461487e+00
2.976138032384422786e+03 1.345053151164328664e+00
2.977654922309185167e+03 1.333013362481689779e+00
2.979171812233948003e+03 1.320069198719269199e+00
2.980688702158710385e+03 1.305866740019429928e+00
2.982205592083473221e+03 1.290135751125925934e+00
2.983722482008236511e+03 1.272707063961799223e+00
2.985239371932998893e+03 1.253523116527159420e+00
2.986756261857761729e+03 1.232640580166688204e+00
2.988273151782524110e+03 1.210224655483091993e+00
2.989790041707286946e+03 1.186535316911488946e+00
2.991306931632049327e+03 1.161906475571197639e+00
2.992823821556812163e+03 1.136719648200076538e+00
2.994340711481575454e+03 1.111374211258119971e+00
2.995857601406337835e+03 1.086256638849558032e+00
2.997374491331100671e+03 1.061711240803418832e+00
2.998891381255863053e+03 1.038014820285274142e+00
3.000408271180625889e+03 1.015357364475658386e+00
3.001925161105388270e+03 9.938303911106660671e-01
3.003442051030151561e+03 9.734239382198303092e-01
3.004958940954913942e+03 9.540324572474440101e-01
3.006475830879676778e+03 9.354691123073638481e-01
3.007992720804439614e+03 9.174872651541213786e-01
3.009509610729201995e+03 8.998072987611737128e-01
3.011026500653964831e+03 8.821464567066882312e-01
3.012543390578727212e+03 8.642490930256470083e-01
3.014060280503490503e+03 8.459146638902602655e-01
3.015577170428252884e+03 8.270209561437201762e-01
3.017094060353015720e+03 8.075404268824288856e-01
3.018610950277778102e+03 7.875480931649269101e-01
3.020127840202540938e+03 7.672201157631650670e-01
3.021644730127303774e+03 7.468230076733526346e-01
3.023161620052066155e+03 7.266942014284061280e-01
3.024678509976829446e+03 7.072154616436644448e-01
3.026195399901591827e+03 6.887812668405479677e-01
3.027712289826354663e+03 6.717647525701558875e-01
3.029229179751117044e+03 6.564840649732526234e-01
3.030746069675879880e+03 6.431719961121651341e-01
3.032262959600642716e+03 6.319515549530168030e-01
3.033779849525405098e+03 6.228196858828839444e-01
3.035296739450168388e+03 6.156407140002757572e-01
3.036813629374930770e+03 6.101503231163192265e-01
3.038330519299693606e+03 6.059700205572482457e-01
3.039847409224455987e+03 6.026311816620579798e-01
3.041364299149218823e+03 5.996069669669655822e-01
3.042881189073981204e+03 5.963497327584573737e-01
3.044398078998744040e+03 5.923310674400098508e-01
3.045914968923507331e+03 5.870813239548653417e-01
3.047431858848269712e+03 5.802255062410945907e-01
3.048948748773032548e+03 5.715126091221504057e-01
3.050465638697794930e+03 5.608359893159069465e-01
3.051982528622557766e+03 5.482430241632321177e-01
3.053499418547320147e+03 5.339331414535506415e-01
3.055016308472082983e+03 5.182442131856301870e-01
3.056533198396846274e+03 5.016282258788276049e-01
3.058050088321608655e+03 4.846179963934524326e-01
3.059566978246371491e+03 4.677874259498253084e-01
3.061083868171133872e+03 4.517083171593253565e-01
3.062600758095896708e+03 4.369070754039384163e-01
3.064117648020659090e+03 4.238246514574273704e-01
3.065634537945422380e+03 4.127828522341024930e-01
3.067151427870184762e+03 4.039596676253534580e-01
3.068668317794947598e+03 3.973755701934247875e-01
3.070185207719710434e+03 3.928918948481750495e-01
3.071702097644472815e+03 3.902214642645361331e-01
3.073218987569235651e+03 3.889506670581145409e-01
3.074735877493998032e+03 3.885712956729303613e-01
3.076252767418761323e+03 3.885196812153927093e-01
3.077769657343523704e+03 3.882200846285471241e-01
3.079286547268286540e+03 3.871289640937222720e-01
3.080803437193048921e+03 3.847766649869925337e-01
3.082320327117811757e+03 3.808032776215453108e-01
3.083837217042574594e+03 3.749858642189117797e-01
3.085354106967336975e+03 3.672549344038121277e-01
3.086870996892100266e+03 3.576988946305381112e-01
3.088387886816862647e+03 3.465561444581404249e-01
3.089904776741625483e+03 3.341954664548165699e-01
3.091421666666387864e+03 3.210862794817194721e-01
3.092938556591150700e+03 3.077611238874695121e-01
3.094455446515913536e+03 2.947733582428238019e-01
3.095972336440675917e+03 2.826534220421560439e-01
3.097489226365439208e+03 2.718671274427976736e-01
3.099006116290201589e+03 2.627792769178429189e-01
3.100523006214964425e+03 2.556254758488333279e-01
3.102039896139726807e+03 2.504943536051779107e-01
3.103556786064489643e+03 2.473215757076549504e-01
3.105073675989252024e+03 2.458960894019452115e-01
3.106590565914014860e+03 2.458780702420987341e-01
3.108107455838778151e+03 2.468271057236918753e-01
3.109624345763540532e+03 2.482383377975027616e-01
3.111141235688303368e+03 2.495836540712458862e-01
3.112658125613065749e+03 2.503546179805792860e-01
3.114175015537828585e+03 2.501036929572011958e-01
3.115691905462590967e+03 2.484804553455408904e-01
3.117208795387353803e+03 2.452598942991491837e-01
3.118725685312116184e+03 2.403605318721577511e-01
3.120242575236879475e+03 2.338509123005827750e-01
3.121759465161642311e+03 2.259439409217616490e-01
3.123276355086404692e+03 2.169795259684608735e-01
3.124793245011167528e+03 2.073969129703129577e-01
3.126310134935929909e+03 1.976989269750917266e-01
3.127827024860693200e+03 1.884109864037621096e-01
3.129343914785455581e+03 1.800381723263421163e-01
3.130860804710218417e+03 1.730237947780702279e-01
3.132377694634981253e+03 1.677127808204288695e-01
3.133894584559743635e+03 1.643228266906999746e-01
3.135411474484506471e+03 1.629256390408488908e-01
3.136928364409268852e+03 1.634397871348504672e-01
3.138445254334032143e+03 1.656357629526398756e-01
3.139962144258794524e+03 1.691528731389557449e-01
3.141479034183557360e+03 1.735266431637143003e-01
3.142995924108319741e+03 1.782245751032777714e-01
3.144512814033082577e+03 1.826874329450277890e-01
3.146029703957845413e+03 1.863727864365792852e-01
3.147546593882607795e+03 1.887973615291343166e-01
3.149063483807371085e+03 1.895748369895931540e-01
3.150580373732133467e+03 1.884460855165842608e-01
3.152097263656896303e+03 1.852994551653316946e-01
3.153614153581658684e+03 1.801794755560437444e-01
3.155131043506421520e+03 1.732832905042958060e-01
3.156647933431183901e+03 1.649450914659012501e-01
3.158164823355946737e+03 1.556097772345158559e-01
3.159681713280710028e+03 1.457979191265590668e-01
3.161198603205472409e+03 1.360647996569006590e-01
3.162715493130235245e+03 1.269567618203421844e-01
3.164232383054997626e+03 1.189683184004069194e-01
3.165749272979760462e+03 1.125034095031678394e-01
3.167266162904522844e+03 1.078438667701513698e-01
3.168783052829285680e+03 1.051275707907355639e-01
3.170299942754048971e+03 1.043380196488554457e-01
3.171816832678811352e+03 1.053061224112516459e-01
3.173333722603574188e+03 1.077240635064769525e-01
3.174850612528336569e+03 1.111701291527685126e-01
3.176367502453099405e+03 1.151425209466456351e-01
3.177884392377861786e+03 1.190994729719136169e-01
3.179401282302624622e+03 1.225024933170290042e-01
3.180918172227387004e+03 1.248593076904975369e-01
3.182435062152150294e+03 1.257631108273985221e-01
3.183951952076913130e+03 1.249250279734106517e-01
3.185468842001675512e+03 1.221972300047853982e-01
3.186985731926438348e+03 1.175848884137563194e-01
3.188502621851200729e+03 1.112460412794591541e-01
3.190019511775964020e+03 1.034793980994796886e-01
3.191536401700726401e+03 9.470106405171591080e-02
3.193053291625489237e+03 8.541203743339055576e-02
3.194570181550252073e+03 7.615905868430726533e-02
3.196087071475014454e+03 6.749190846836133906e-02
3.197603961399777290e+03 5.992052511451672475e-02
3.199120851324539672e+03 5.387531728313512541e-02
3.200637741249302962e+03 4.967378625205037812e-02
3.202154631174065344e+03 4.749606512047904738e-02
3.203671521098828180e+03 4.737127035356551025e-02
3.205188411023590561e+03 4.917570142716241877e-02
3.206705300948353397e+03 5.264298545027960158e-02
3.208222190873116233e+03 5.738532021245602854e-02
3.209739080797878614e+03 6.292409594860266797e-02
3.211255970722641905e+03 6.872744226362705044e-02
3.212772860647404286e+03 7.425170987665498379e-02
3.214289750572167122e+03 7.898359906476848380e-02
3.215806640496929504e+03 8.247961072437924590e-02
3.217323530421692340e+03 8.439972375981859287e-02
3.218840420346454721e+03 8.453267501229017045e-02
3.220357310271217557e+03 8.281089671725304358e-02
3.221874200195980848e+03 7.931399679838341266e-02
3.223391090120743229e+03 7.426058256630255205e-02
3.224907980045506065e+03 6.798915544314899917e-02
3.226424869970268446e+03 6.092966933907449645e-02
3.227941759895031282e+03 5.356807961273669927e-02
3.229458649819793663e+03 4.640675515162340226e-02
3.230975539744556499e+03 3.992394024469791969e-02
3.232492429669319790e+03 3.453551142865755874e-02
3.234009319594082172e+03 3.056207368428192142e-02
3.235526209518845008e+03 2.820399726320946612e-02
3.237043099443607389e+03 2.752634734764726823e-02
3.238559989368370225e+03 2.845485632727979067e-02
3.240076879293132606e+03 3.078319743846380172e-02
3.241593769217895442e+03 3.419091044455797174e-02
3.243110659142657823e+03 3.827047766832532283e-02
3.244627549067421114e+03 4.256132005957734277e-02
3.246144438992183950e+03 4.658793602461380745e-02
3.247661328916946331e+03 4.989908367325066735e-02
3.249178218841709167e+03 5.210483503657856869e-02
3.250695108766471549e+03 5.290851366600234085e-02
3.252211998691234839e+03 5.213094939567712582e-02
3.253728888615997221e+03 4.972511134325252602e-02
3.255245778540760057e+03 4.577996151562952615e-02
3.256762668465522438e+03 4.051324354433415154e-02
3.258279558390285274e+03 3.425381384298114423e-02
3.259796448315048110e+03 2.741496412223655421e-02
3.261313338239810491e+03 2.046090725431384816e-02
3.262830228164573782e+03 1.386914515806274457e-02
3.264347118089336163e+03 8.091764166065811698e-03
3.265864008014098999e+03 3.518784464994405455e-03
3.267380897938861381e+03 4.465196642603794881e-04
3.268897787863624217e+03 -9.465054498826758634e-04
3.270414677788387053e+03 -6.141431434246255204e-04
3.271931567713149434e+03 1.353451993003284073e-03
3.273448457637912725e+03 4.736869996155551599e-03
3.274965347562675106e+03 9.204890743134840417e-03
3.276482237487437942e+03 1.434091766406865240e-02
3.277999127412200323e+03 1.967626889454407793e-02
3.279516017336963159e+03 2.472764577286875806e-02
3.281032907261725541e+03 2.903576565995544950e-02
3.282549797186488377e+03 3.220205566853726054e-02
3.284066687111251667e+03 3.392046295061511979e-02
3.285583577036014049e+03 3.400183258965942118e-02
3.287100466960776885e+03 3.238890380334136232e-02
3.288617356885539266e+03 2.916073065583245361e-02
3.290134246810302102e+03 2.452618393264496127e-02
3.291651136735064483e+03 1.880706782791231185e-02
3.293168026659827319e+03 1.241221817293199775e-02
3.294684916584590610e+03 5.804671249192456563e-03
3.296201806509352991e+03 -5.354540934841620211e-04
3.297718696434115827e+03 -6.149377514806644504e-03
3.299235586358878209e+03 -1.063629719696925630e-02
3.300752476283641045e+03 -1.368531159887684430e-02
3.302269366208403426e+03 -1.510006855788933317e-02
3.303786256133166262e+03 -1.481417486483793851e-02
3.305303146057928643e+03 -1.289614425633256109e-02
3.306820035982691934e+03 -9.543503880322408775e-03
3.308336925907454770e+03 -5.066550937783885662e-03
3.309853815832217151e+03 1.369176786651286968e-04
3.311370705756979987e+03 5.613856082086162054e-03
3.312887595681742368e+03 1.089259524461159458e-02
3.314404485606505659e+03 1.552089037600391623e-02
3.315921375531268041e+03 1.910232561824355690e-02
3.317438265456030877e+03 2.132814781566810119e-02
3.318955155380793258e+03 2.200197249009484823e-02
3.320472045305556094e+03 2.105538186537746562e-02
3.321988935230318930e+03 1.855317030646652307e-02
3.323505825155081311e+03 1.468782759076116273e-02
3.325022715079844602e+03 9.763717777058528516e-03
3.326539605004606983e+03 4.172241284813619881e-03
3.328056494929369819e+03 -1.640006597614716236e-03
3.329573384854132200e+03 -7.207504519986657893e-03
3.331090274778895036e+03 -1.208356969629893231e-02
3.332607164703657872e+03 -1.587656790917455971e-02
3.334124054628420254e+03 -1.828164528803219446e-02
3.335640944553183544e+03 -1.910542058702380599e-02
