# frequency_cm^-1 signal
0.000000000000000000e+00 -5.769985175194259241e+00
1.516889924762702568e+00 -5.508963009815865952e+00
3.033779849525405137e+00 -4.748452323679631881e+00
4.550669774288108371e+00 -3.554208837761796858e+00
6.067559699050810273e+00 -2.029613216312715185e+00
7.584449623813513064e+00 -3.069000024227859225e-01
9.101339548576216743e+00 1.464074225670368268e+00
1.061822947333891776e+01 3.128581169390880046e+00
1.213511939810162055e+01 4.540218719270200154e+00
1.365200932286432511e+01 5.573446203617173467e+00
1.516889924762702613e+01 6.134399913022806849e+00
1.668578917238972892e+01 6.169073310239230779e+00
1.820267909715243349e+01 5.668164474090680471e+00
1.971956902191513450e+01 4.668170143821997797e+00
2.123645894667783551e+01 3.248618345109441474e+00
2.275334887144054008e+01 1.525654099870255243e+00
2.427023879620324109e+01 -3.575016158992995186e-01
2.578712872096594566e+01 -2.242436126743967417e+00
2.730401864572865023e+01 -3.968789883728839563e+00
2.882090857049135124e+01 -5.387761114474667323e+00
3.033779849525405226e+01 -6.374742502253332610e+00
3.185468842001675682e+01 -6.840028667388790673e+00
3.337157834477945784e+01 -6.736688229874660649e+00
3.488846826954215885e+01 -6.064925167600041966e+00
3.640535819430486697e+01 -4.872542224870259453e+00
3.792224811906756798e+01 -3.251440663258832409e+00
3.943913804383026900e+01 -1.330419223194443834e+00
4.095602796859297001e+01 7.351563559000697801e-01
4.247291789335567103e+01 2.775979106379665939e+00
4.398980781811837204e+01 4.622692528485820240e+00
4.550669774288108016e+01 6.119907644149360948e+00
4.702358766764378117e+01 7.139187219979415744e+00
4.854047759240648219e+01 7.589916830542923876e+00
5.005736751716919031e+01 7.427149819205645542e+00
5.157425744193189132e+01 6.655756779723694727e+00
5.309114736669459944e+01 5.330510256764077859e+00
5.460803729145730046e+01 3.552067544796089216e+00
5.612492721621999436e+01 1.459151603011349607e+00
5.764181714098270248e+01 -7.824554789429641888e-01
5.915870706574540350e+01 -2.993226271360248880e+00
6.067559699050810451e+01 -4.994433821576651056e+00
6.219248691527081263e+01 -6.622746317641031055e+00
6.370937684003351364e+01 -7.743675853400262099e+00
6.522626676479622176e+01 -8.262772815931958448e+00
6.674315668955891567e+01 -8.133634953257574907e+00
6.826004661432160958e+01 -7.362054925999293786e+00
6.977693653908431770e+01 -6.005941656019783359e+00
7.129382646384702582e+01 -4.170993875327801526e+00
7.281071638860973394e+01 -2.002451067845421040e+00
7.432760631337242785e+01 3.264308289153564635e-01
7.584449623813513597e+01 2.628260470888477141e+00
7.736138616289784409e+01 4.716632728028589128e+00
7.887827608766053800e+01 6.421266961261630435e+00
8.039516601242323190e+01 7.601929479756206476e+00
8.191205593718594002e+01 8.159999524023056949e+00
8.342894586194864814e+01 8.046723344631342201e+00
8.494583578671134205e+01 7.267464955066226473e+00
8.646272571147405017e+01 5.881583830638145827e+00
8.797961563623674408e+01 3.997923313181822813e+00
8.949650556099945220e+01 1.766250170316701062e+00
9.101339548576216032e+01 -6.346833329351225794e-01
9.253028541052485423e+01 -3.011505377458302490e+00
9.404717533528756235e+01 -5.171866598009460247e+00
9.556406526005027047e+01 -6.940096165156874441e+00
9.708095518481296438e+01 -8.171601715299368962e+00
9.859784510957567250e+01 -8.764837619665042823e+00
1.001147350343383806e+02 -8.669856552869990907e+00
1.016316249591010887e+02 -7.892730551419376184e+00
1.031485148838637826e+02 -6.495458142645812671e+00
1.046654048086264908e+02 -4.591337194617583606e+00
1.061822947333891989e+02 -2.336149654487080340e+00
1.076991846581518928e+02 8.415532112626086803e-02
1.092160745829146009e+02 2.468306809762105924e+00
1.107329645076772806e+02 4.615903761678199047e+00
1.122498544324399887e+02 6.343655522618201203e+00
1.137667443572026968e+02 7.500363075338717600e+00
1.152836342819654050e+02 7.979427349816450743e+00
1.168005242067280989e+02 7.727863629777870891e+00
1.183174141314908070e+02 6.751076771057444859e+00
1.198343040562535151e+02 5.112988748843140918e+00
1.213511939810162090e+02 2.931481073791667225e+00
1.228680839057789171e+02 3.694901294743918041e-01
1.243849738305416253e+02 -2.377556694798659276e+00
1.259018637553043192e+02 -5.096980267565257350e+00
1.274187536800670273e+02 -7.575562455174103427e+00
1.289356436048297212e+02 -9.616407863469911277e+00
1.304525335295924435e+02 -1.105461320194158148e+01
1.319694234543551374e+02 -1.177049325911846012e+01
1.334863133791178313e+02 -1.169930312468694211e+01
1.350032033038805253e+02 -1.083667215663053796e+01
1.365200932286432192e+02 -9.239304339081300554e+00
1.380369831534059415e+02 -7.020875062555822055e+00
1.395538730781686354e+02 -4.343435991530911977e+00
1.410707630029313577e+02 -1.404997036945647260e+00
1.425876529276940516e+02 1.575741087196830037e+00
1.441045428524567455e+02 4.376303064569952994e+00
1.456214327772194679e+02 6.787671587478855351e+00
1.471383227019821618e+02 8.630478392901153484e+00
1.486552126267448557e+02 9.768878211197133510e+00
1.501721025515075780e+02 1.012101409269410190e+01
1.516889924762702719e+02 9.665253319778162933e+00
1.532058824010329658e+02 8.441708931771628954e+00
1.547227723257956882e+02 6.548935897816505758e+00
1.562396622505583821e+02 4.136073243466658056e+00
1.577565521753210760e+02 1.391063415116403190e+00
1.592734421000837699e+02 -1.474110873668654786e+00
1.607903320248464638e+02 -4.239998719055662946e+00
1.623072219496091861e+02 -6.696749173464217719e+00
1.638241118743718800e+02 -8.660328339196462721e+00
1.653410017991345740e+02 -9.986611456637282558e+00
1.668578917238972963e+02 -1.058225046237928879e+01
1.683747816486600186e+02 -1.041147888313488323e+01
1.698916715734226841e+02 -9.498343044221863707e+00
1.714085614981853780e+02 -7.924214949713923595e+00
1.729254514229481003e+02 -5.820818307091553123e+00
1.744423413477107943e+02 -3.359354813040399179e+00
1.759592312724734882e+02 -7.366245372963305948e-01
1.774761211972362105e+02 1.840732364555285328e+00
1.789930111219989044e+02 4.172603706527359790e+00
1.805099010467615983e+02 6.081075165926209891e+00
1.820267909715243206e+02 7.424160294868669574e+00
1.835436808962870145e+02 8.106514457483996239e+00
1.850605708210497085e+02 8.086307430384474415e+00
1.865774607458124308e+02 7.377744977068180887e+00
1.880943506705751247e+02 6.049084034687052025e+00
1.896112405953378186e+02 4.216350336383644759e+00
1.911281305201005409e+02 2.033311786707117097e+00
1.926450204448632348e+02 -3.214420815312795110e-01
1.941619103696259288e+02 -2.659238498509999715e+00
1.956788002943886511e+02 -4.796665011672172518e+00
1.971956902191513450e+02 -6.570268533952565271e+00
1.987125801439140389e+02 -7.849425187595297615e+00
2.002294700686767612e+02 -8.546357162896503823e+00
2.017463599934394551e+02 -8.622515865392896828e+00
2.032632499182021775e+02 -8.090855367905417594e+00
2.047801398429648714e+02 -7.013861235159680518e+00
2.062970297677275653e+02 -5.497548938682129460e+00
2.078139196924902876e+02 -3.681974616716728654e+00
2.093308096172529815e+02 -1.729082005248934628e+00
2.108476995420156754e+02 1.910798224138902102e-01
2.123645894667783978e+02 1.914609596206303888e+00
2.138814793915410917e+02 3.297292618399507269e+00
2.153983693163037856e+02 4.226311257265940036e+00
2.169152592410665079e+02 4.629176315674321529e+00
2.184321491658292018e+02 4.479169047014099014e+00
2.199490390905918673e+02 3.796881285161513464e+00
2.214659290153545612e+02 2.647770793575917825e+00
2.229828189401172835e+02 1.135982862828434081e+00
2.244997088648799775e+02 -6.050004852702638436e-01
2.260165987896426714e+02 -2.424061379509663272e+00
2.275334887144053937e+02 -4.165484736951225564e+00
2.290503786391680876e+02 -5.682218756446353325e+00
2.305672685639308099e+02 -6.848232477918496208e+00
2.320841584886935038e+02 -7.568931666347303633e+00
2.336010484134561977e+02 -7.788767556880913823e+00
2.351179383382189201e+02 -7.495418485922757945e+00
2.366348282629816140e+02 -6.720221081202805813e+00
2.381517181877443079e+02 -5.534850184062395151e+00
2.396686081125070302e+02 -4.044567598074993775e+00
2.411854980372697241e+02 -2.378651855086552303e+00
2.427023879620324180e+02 -6.788597000515560476e-01
2.442192778867951404e+02 9.130652735099121786e-01
2.457361678115578343e+02 2.267744373365207178e+00
2.472530577363205282e+02 3.279300609851655057e+00
2.487699476610832505e+02 3.874314963873299433e+00
2.502868375858459444e+02 4.017829473960964570e+00
2.518037275106086383e+02 3.715884086314829027e+00
2.533206174353713607e+02 3.014378208630493106e+00
2.548375073601340546e+02 1.994370218894722990e+00
2.563543972848967769e+02 7.642410739335254721e-01
2.578712872096594424e+02 -5.505753784313142107e-01
2.593881771344221647e+02 -1.819376759585046077e+00
2.609050670591848871e+02 -2.918435921672283051e+00
2.624219569839475525e+02 -3.742603791654309120e+00
2.639388469087102749e+02 -4.215221968286029686e+00
2.654557368334729972e+02 -4.295438991887771785e+00
2.669726267582356627e+02 -3.982247990653529079e+00
2.684895166829983282e+02 -3.314848991689980373e+00
2.700064066077610505e+02 -2.369262369463140949e+00
2.715232965325237728e+02 -1.251453037836026905e+00
2.730401864572864383e+02 -8.753929814884153782e-02
2.745570763820491607e+02 9.880717258775177925e-01
2.760739663068118830e+02 1.845582198401729102e+00
2.775908562315746053e+02 2.372585563927399388e+00
2.791077461563372708e+02 2.485571835020457865e+00
2.806246360810999931e+02 2.139085933785050742e+00
2.821415260058627155e+02 1.331654223982650098e+00
2.836584159306253810e+02 1.078603310417391020e-01
2.851753058553881033e+02 -1.443723657227317991e+00
2.866921957801508256e+02 -3.196687397997346025e+00
2.882090857049134911e+02 -4.996591530589086005e+00
2.897259756296762134e+02 -6.673683087251770729e+00
2.912428655544389358e+02 -8.057491247269009449e+00
2.927597554792016012e+02 -8.992086565008580834e+00
2.942766454039643236e+02 -9.350695619871713049e+00
2.957935353287270459e+02 -9.048381510688439988e+00
2.973104252534897114e+02 -8.051629475086446774e+00
2.988273151782524337e+02 -6.383907597863586858e+00
3.003442051030151561e+02 -4.126587802403934191e+00
3.018610950277778215e+02 -1.414987394171253632e+00
3.033779849525405439e+02 1.570303842127753979e+00
3.048948748773032662e+02 4.616244850617021278e+00
3.064117648020659317e+02 7.493382729113252871e+00
3.079286547268286540e+02 9.973884688577726365e+00
3.094455446515913764e+02 1.185013572060826981e+01
3.109624345763540418e+02 1.295238723103775769e+01
3.124793245011167642e+02 1.316397699268476629e+01
3.139962144258794865e+02 1.243279869243558977e+01
3.155131043506421520e+02 1.077796978835176844e+01
3.170299942754048175e+02 8.291009586556032929e+00
3.185468842001675398e+02 5.131267631448735322e+00
3.200637741249302621e+02 1.515802050250060651e+00
3.215806640496929276e+02 -2.295638433357453323e+00
3.230975539744556499e+02 -6.019463594104774273e+00
3.246144438992183723e+02 -9.369522068718136865e+00
3.261313338239810378e+02 -1.207918413119794643e+01
3.276482237487437601e+02 -1.392249526946295646e+01
3.291651136735064824e+02 -1.473270326546638032e+01
3.306820035982691479e+02 -1.441663275767369257e+01
3.321988935230318702e+02 -1.296367832917400342e+01
3.337157834477945926e+02 -1.044858848840875076e+01
3.352326733725572581e+02 -7.027688186310363072e+00
3.367495632973200372e+02 -2.928699966958432377e+00
3.382664532220827027e+02 1.565166903294910927e+00
3.397833431468453682e+02 6.135724730105849289e+00
3.413002330716080905e+02 1.045339517127018425e+01
3.428171229963707560e+02 1.420208909552593290e+01
3.443340129211335352e+02 1.710345884979856379e+01
3.458509028458962007e+02 1.893862092592091528e+01
3.473677927706589230e+02 1.956561552875956878e+01
3.488846826954215885e+02 1.893117779929990974e+01
3.504015726201843108e+02 1.707582101656586104e+01
3.519184625449469763e+02 1.413174289453076682e+01
3.534353524697097555e+02 1.031362276842573777e+01
3.549522423944724210e+02 5.902936500752939963e+00
3.564691323192351433e+02 1.226933031579914735e+00
3.579860222439978088e+02 -3.366149894005978638e+00
3.595029121687605311e+02 -7.533738606296724427e+00
3.610198020935231966e+02 -1.096538346248295426e+01
3.625366920182859758e+02 -1.340695558206124893e+01
3.640535819430486413e+02 -1.468066454012747180e+01
3.655704718678113636e+02 -1.469928857621145113e+01
3.670873617925740291e+02 -1.347344663151313071e+01
3.686042517173367514e+02 -1.111127649547435858e+01
3.701211416420994169e+02 -7.810474275138330924e+00
3.716380315668621961e+02 -3.843251150094115332e+00
3.731549214916248616e+02 4.646734892490877455e-01
3.746718114163875839e+02 4.759442860068863190e+00
3.761887013411502494e+02 8.686838798772518189e+00
3.777055912659129717e+02 1.192029621823866670e+01
3.792224811906756372e+02 1.418695038140483788e+01
3.807393711154384164e+02 1.528964634178866788e+01
3.822562610402010819e+02 1.512313976653536862e+01
3.837731509649638042e+02 1.368316097294398404e+01
3.852900408897264697e+02 1.106756571044935811e+01
3.868069308144891920e+02 7.469414373175421673e+00
3.883238207392518575e+02 3.162457629384072266e+00
3.898407106640145230e+02 -1.519889291023059474e+00
3.913576005887773022e+02 -6.210477320689384406e+00
3.928744905135399677e+02 -1.053725124417395875e+01
3.943913804383026900e+02 -1.415271985517130382e+01
3.959082703630653555e+02 -1.676174378358138384e+01
3.974251602878280778e+02 -1.814542915739415463e+01
3.989420502125908001e+02 -1.817920414750383884e+01
4.004589401373535225e+02 -1.684359890281120897e+01
4.019758300621161879e+02 -1.422681364516154723e+01
4.034927199868789103e+02 -1.051880112815887891e+01
4.050096099116415758e+02 -5.997258158197797506e+00
4.065264998364043549e+02 -1.006563754078334094e+00
4.080433897611670204e+02 4.068732302179337346e+00
4.095602796859297428e+02 8.833822729014384478e+00
4.110771696106924082e+02 1.291462425536982117e+01
4.125940595354551306e+02 1.598739019824261121e+01
4.141109494602177961e+02 1.780460514687976570e+01
4.156278393849805752e+02 1.821508739662589704e+01
4.171447293097432407e+02 1.717666552590001672e+01
4.186616192345059630e+02 1.476036885878764693e+01
4.201785091592686285e+02 1.114573320042289062e+01
4.216953990840313509e+02 6.607521541022820522e+00
4.232122890087940164e+02 1.494839469348715699e+00
4.247291789335567955e+02 -3.795767082190693920e+00
4.262460688583194610e+02 -8.851157017339078337e+00
4.277629587830821833e+02 -1.327398048367437866e+01
4.292798487078448488e+02 -1.671406505672193177e+01
4.307967386326075712e+02 -1.889632011961160174e+01
4.323136285573702366e+02 -1.964293408433116284e+01
4.338305184821330158e+02 -1.888807286705176836e+01
4.353474084068956813e+02 -1.668386634908972965e+01
4.368642983316584036e+02 -1.319714777991270616e+01
4.383811882564210691e+02 -8.697136352475030918e+00
4.398980781811837346e+02 -3.534968561361439665e+00
4.414149681059464569e+02 1.883367112695963685e+00
4.429318580307091224e+02 7.128606851855837867e+00
4.444487479554719016e+02 1.178184418957768109e+01
4.459656378802345671e+02 1.546758461847718991e+01
4.474825278049972894e+02 1.788361569028625908e+01
4.489994177297599549e+02 1.882531957153606328e+01
4.505163076545226772e+02 1.820247703783624615e+01
4.520331975792853427e+02 1.604719046175829078e+01
4.535500875040481219e+02 1.251224383292199782e+01
4.550669774288107874e+02 7.859966484782736629e+00
4.565838673535735097e+02 2.442415304587892688e+00
4.581007572783361752e+02 -3.325621236378104584e+00
4.596176472030988975e+02 -8.998719544964552952e+00
4.611345371278616199e+02 -1.413552602011681536e+01
4.626514270526243422e+02 -1.833335864092387624e+01
4.641683169773870077e+02 -2.125998485410533689e+01
4.656852069021497300e+02 -2.268006180639617853e+01
4.672020968269123955e+02 -2.247413038940731767e+01
4.687189867516751747e+02 -2.064862837019016695e+01
4.702358766764378402e+02 -1.733608579138730832e+01
4.717527666012005625e+02 -1.278543352205873340e+01
4.732696565259632280e+02 -7.343133198103560133e+00
4.747865464507259503e+02 -1.426562590906166328e+00
4.763034363754886158e+02 4.508292800327439842e+00
4.778203263002513950e+02 1.000233261582754274e+01
4.793372162250140605e+02 1.462924633288326604e+01
4.808541061497767828e+02 1.802901083116060477e+01
4.823709960745394483e+02 1.993633727802530586e+01
4.838878859993021706e+02 2.020180825310732331e+01
4.854047759240648361e+02 1.880401030015343622e+01
4.869216658488275016e+02 1.585166758546804289e+01
4.884385557735902808e+02 1.157556451432019884e+01
4.899554456983529462e+02 6.310847755636339151e+00
4.914723356231156686e+02 4.710579859533495783e-01
4.929892255478783341e+02 -5.484101314544222561e+00
4.945061154726410564e+02 -1.108474877566978734e+01
4.960230053974037219e+02 -1.588774802444256196e+01
4.975398953221665010e+02 -1.951166678662748311e+01
4.990567852469291665e+02 -2.166701268781999801e+01
5.005736751716918889e+02 -2.217934657318323843e+01
5.020905650964545544e+02 -2.100342515864068460e+01
5.036074550212172767e+02 -1.822722388347284905e+01
5.051243449459799422e+02 -1.406548348391318548e+01
5.066412348707427213e+02 -8.843247948818911297e+00
5.081581247955053868e+02 -2.970652288197595858e+00
5.096750147202681092e+02 3.089086576150719132e+00
5.111919046450307746e+02 8.855978731499122958e+00
5.127087945697935538e+02 1.387102385336895694e+01
5.142256844945561625e+02 1.773245525172225712e+01
5.157425744193188848e+02 2.012760110436241590e+01
5.172594643440816071e+02 2.085783294462511250e+01
5.187763542688443295e+02 1.985460683583854902e+01
5.202932441936070518e+02 1.718529765723049607e+01
5.218101341183697741e+02 1.304832737595230086e+01
5.233270240431323828e+02 7.757931361493601408e+00
5.248439139678951051e+02 1.719726342557630794e+00
5.263608038926578274e+02 -4.601025277418955284e+00
5.278776938174205497e+02 -1.071597543123336216e+01
5.293945837421832721e+02 -1.615220410516792526e+01
5.309114736669459944e+02 -2.048964985197908462e+01
5.324283635917086031e+02 -2.339449301286385108e+01
5.339452535164713254e+02 -2.464583478782397563e+01
5.354621434412340477e+02 -2.415353369092190050e+01
5.369790333659966564e+02 -2.196575049738581953e+01
5.384959232907594924e+02 -1.826555985399554061e+01
5.400128132155221010e+02 -1.335684809805617590e+01
5.415297031402848233e+02 -7.640564767802032975e+00
5.430465930650475457e+02 -1.583162806079601914e+00
5.445634829898102680e+02 4.320311372279268980e+00
5.460803729145728767e+02 9.585582010877462977e+00
5.475972628393357127e+02 1.377785820834997033e+01
5.491141527640983213e+02 1.654682989332940224e+01
5.506310426888610436e+02 1.765515546754280862e+01
5.521479326136237660e+02 1.699815070240979509e+01
5.536648225383864883e+02 1.461307131901590850e+01
5.551817124631492106e+02 1.067719470118936798e+01
5.566986023879119330e+02 5.494785920529232648e+00
5.582154923126745416e+02 -5.260893126958581245e-01
5.597323822374372639e+02 -6.905136146812146158e+00
5.612492721621999863e+02 -1.312734713051145619e+01
5.627661620869627086e+02 -1.868354229944774048e+01
5.642830520117254309e+02 -2.311075672640815526e+01
5.657999419364881533e+02 -2.602929348804763166e+01
5.673168318612507619e+02 -2.717350428753911729e+01
5.688337217860134842e+02 -2.641383647354612307e+01
5.703506117107762066e+02 -2.376835753881175606e+01
5.718675016355389289e+02 -1.940278444378681044e+01
5.733843915603016512e+02 -1.361894183894920829e+01
5.749012814850643736e+02 -6.832480411052153535e+00
5.764181714098269822e+02 4.584670014755871659e-01
5.779350613345897045e+02 7.711294872507580500e+00
5.794519512593524269e+02 1.438066874300657361e+01
5.809688411841151492e+02 1.996076443007279977e+01
5.824857311088778715e+02 2.402470847279507282e+01
5.840026210336404802e+02 2.625812778638435674e+01
5.855195109584032025e+02 2.648416148704840722e+01
5.870364008831659248e+02 2.467794179087143647e+01
5.885532908079286472e+02 2.096936343148590254e+01
5.900701807326912558e+02 1.563386922795012879e+01
5.915870706574540918e+02 9.071912595671783208e+00
5.931039605822167005e+02 1.778643056765911279e+00
5.946208505069794228e+02 -5.693871201132429505e+00
5.961377404317421451e+02 -1.277897937539681905e+01
5.976546303565048674e+02 -1.893907249656174940e+01
5.991715202812674761e+02 -2.370711393695710711e+01
6.006884102060303121e+02 -2.672284483180094483e+01
6.022053001307929208e+02 -2.776083678356526363e+01
6.037221900555556431e+02 -2.674818933156017309e+01
6.052390799803183654e+02 -2.377046823377236962e+01
6.067559699050810877e+02 -1.906539080800652286e+01
6.082728598298436964e+02 -1.300471571491268818e+01
6.097897497546065324e+02 -6.065712563581245220e+00
6.113066396793691410e+02 1.205600082080903857e+00
6.128235296041318634e+02 8.236614966863475829e+00
6.143404195288945857e+02 1.447243568023025162e+01
6.158573094536573080e+02 1.941888352539052320e+01
6.173741993784200304e+02 2.268087355336890454e+01
6.188910893031827527e+02 2.399317527949076378e+01
6.204079792279453613e+02 2.324116010817576239e+01
6.219248691527080837e+02 2.046991152139049319e+01
6.234417590774708060e+02 1.588097563290089198e+01
6.249586490022335283e+02 9.816988733215508134e+00
6.264755389269962507e+02 2.735360325278553439e+00
6.279924288517589730e+02 -4.826958505954950240e+00
6.295093187765215816e+02 -1.229489714961518843e+01
6.310262087012843040e+02 -1.909967050774595165e+01
6.325430986260470263e+02 -2.472272540203313085e+01
6.340599885508096349e+02 -2.873582004462945605e+01
6.355768784755724710e+02 -3.083412667407899477e+01
6.370937684003350796e+02 -3.085978789492240182e+01
6.386106583250978019e+02 -2.881409778230132446e+01
6.401275482498605243e+02 -2.485736184906872381e+01
6.416444381746232466e+02 -1.929644681221667923e+01
6.431613280993858552e+02 -1.256098724721083393e+01
6.446782180241486913e+02 -5.170097224528952040e+00
6.461951079489112999e+02 2.307827732041995539e+00
6.477119978736740222e+02 9.299096954175377405e+00
6.492288877984367446e+02 1.526908462481495476e+01
6.507457777231994669e+02 1.976352140218768483e+01
6.522626676479620755e+02 2.244351589203505171e+01
6.537795575727249116e+02 2.311159341399757494e+01
6.552964474974875202e+02 2.172673946520600197e+01
6.568133374222502425e+02 1.840729134048040905e+01
6.583302273470129649e+02 1.342146674726464894e+01
6.598471172717756872e+02 7.166279251667885042e+00
6.613640071965382958e+02 1.364921387809672204e-01
6.628808971213011318e+02 -7.113965427018227317e+00
6.643977870460637405e+02 -1.401511323521624419e+01
6.659146769708264628e+02 -2.002521101243278778e+01
6.674315668955891852e+02 -2.467278411032404151e+01
6.689484568203519075e+02 -2.759312380479205018e+01
6.704653467451145161e+02 -2.855643692826488689e+01
6.719822366698773521e+02 -2.748547358773693716e+01
6.734991265946400745e+02 -2.446128366386595943e+01
6.750160165194026831e+02 -1.971667830896704743e+01
6.765329064441654054e+02 -1.361792944825294782e+01
6.780497963689280141e+02 -6.636153700350009288e+00
6.795666862936907364e+02 6.893739561948272199e-01
6.810835762184535724e+02 7.793109095106107276e+00
6.826004661432161811e+02 1.412706403248953713e+01
6.841173560679789034e+02 1.920316361274757355e+01
6.856342459927415121e+02 2.263084629845102569e+01
6.871511359175043481e+02 2.414700518312201183e+01
6.886680258422670704e+02 2.363596779041716545e+01
6.901849157670296790e+02 2.113799538056295546e+01
6.917018056917924014e+02 1.684568046993472734e+01
6.932186956165551237e+02 1.108856497310623013e+01
6.947355855413178460e+02 4.307216994264802423e+00
6.962524754660804547e+02 -2.981179589187874956e+00
6.977693653908431770e+02 -1.022301543716286076e+01
6.992862553156060130e+02 -1.687107893621105248e+01
7.008031452403686217e+02 -2.242667270160111670e+01
7.023200351651313440e+02 -2.647775267148792011e+01
7.038369250898939526e+02 -2.873014305851969397e+01
7.053538150146567887e+02 -2.902943334049271584e+01
7.068707049394195110e+02 -2.737190126227776688e+01
7.083875948641821196e+02 -2.390367008854447306e+01
7.099044847889448420e+02 -1.890823097125037222e+01
7.114213747137075643e+02 -1.278336980664709976e+01
7.129382646384702866e+02 -6.009361229484625255e+00
7.144551545632328953e+02 8.890337737202106405e-01
7.159720444879956176e+02 7.383758014810743120e+00
7.174889344127584536e+02 1.298459321540025613e+01
7.190058243375210623e+02 1.727701849220503405e+01
7.205227142622837846e+02 1.995384457514654741e+01
7.220396041870463932e+02 2.083818028372502695e+01
7.235564941118092293e+02 1.989598165219469550e+01
7.250733840365719516e+02 1.723726236721327965e+01
7.265902739613345602e+02 1.310594119935075241e+01
7.281071638860972826e+02 7.859197033306092983e+00
7.296240538108598912e+02 1.938024506717192397e+00
7.311409437356227272e+02 -4.168631314664499321e+00
7.326578336603853359e+02 -9.963287824535763448e+00
7.341747235851480582e+02 -1.497974566974833621e+01
7.356916135099107805e+02 -1.882016037734502589e+01
7.372085034346735029e+02 -2.118643960936507398e+01
7.387253933594362252e+02 -2.190350278387256466e+01
7.402422832841988338e+02 -2.093259453947770155e+01
7.417591732089615562e+02 -1.837363869229922386e+01
7.432760631337243922e+02 -1.445649167195880125e+01
7.447929530584870008e+02 -9.521834777370612457e+00
7.463098429832497231e+02 -3.993263403383285670e+00
7.478267329080123318e+02 1.657175827576831351e+00
7.493436228327751678e+02 6.947236673283648578e+00
7.508605127575378901e+02 1.142345813247207431e+01
7.523774026823004988e+02 1.469777764705570355e+01
7.538942926070632211e+02 1.647886419883893794e+01
7.554111825318259434e+02 1.659568896508410418e+01
7.569280724565886658e+02 1.501147262364695401e+01
7.584449623813512744e+02 1.182691548075026589e+01
7.599618523061139967e+02 7.272468309820017573e+00
7.614787422308768328e+02 1.690270600233038101e+00
7.629956321556394414e+02 -4.492799882821792323e+00
7.645125220804021637e+02 -1.079882117344235759e+01
7.660294120051647724e+02 -1.673658976261449283e+01
7.675463019299276084e+02 -2.184045938468584325e+01
7.690631918546903307e+02 -2.570718322285472368e+01
7.705800817794529394e+02 -2.802784947283716832e+01
7.720969717042156617e+02 -2.861239232755791662e+01
7.736138616289783840e+02 -2.740475053477368661e+01
7.751307515537411064e+02 -2.448748668202073020e+01
7.766476414785037150e+02 -2.007551344024138729e+01
7.781645314032664373e+02 -1.449943219846480957e+01
7.796814213280290460e+02 -8.179807008795629386e+00
7.811983112527918820e+02 -1.594408165728220972e+00
7.827152011775546043e+02 4.758990762251216644e+00
7.842320911023172130e+02 1.040133395634469160e+01
7.857489810270799353e+02 1.490948071887564019e+01
7.872658709518427713e+02 1.794896404498673803e+01
7.887827608766053800e+02 1.929975097044284027e+01
7.902996508013681023e+02 1.887300151020371075e+01
7.918165407261307109e+02 1.671753538509841519e+01
7.933334306508935470e+02 1.301552771066561220e+01
7.948503205756561556e+02 8.067802160947838530e+00
7.963672105004188779e+02 2.269905994563491625e+00
7.978841004251816003e+02 -3.919128402396865329e+00
7.994009903499443226e+02 -1.001286255321387131e+01
8.009178802747070449e+02 -1.553552662887049607e+01
8.024347701994696536e+02 -2.005909795912846505e+01
8.039516601242323759e+02 -2.323648009814509052e+01
8.054685500489952119e+02 -2.482819592545305909e+01
8.069854399737578206e+02 -2.472052724370659860e+01
8.085023298985205429e+02 -2.293371304263416377e+01
8.100192198232831515e+02 -1.961960496301432499e+01
8.115361097480459875e+02 -1.504900923309763527e+01
8.130529996728087099e+02 -9.589753908303038088e+00
8.145698895975713185e+02 -3.677244975838726226e+00
8.160867795223340408e+02 2.220141940789636337e+00
8.176036694470967632e+02 7.638091292475934324e+00
8.191205593718594855e+02 1.215287688684506051e+01
8.206374492966220942e+02 1.541452065568429752e+01
8.221543392213848165e+02 1.717398819811642241e+01
8.236712291461476525e+02 1.730230863648385053e+01
8.251881190709102611e+02 1.580015079440746106e+01
8.267050089956729835e+02 1.279714498004266687e+01
8.282218989204355921e+02 8.541049630920596769e+00
8.297387888451983144e+02 3.377660746522729074e+00
8.312556787699611505e+02 -2.276913442186594860e+00
8.327725686947237591e+02 -7.969396473291646465e+00
8.342894586194864814e+02 -1.324527364193629708e+01
8.358063485442490901e+02 -1.768466777924966493e+01
8.373232384690119261e+02 -2.093533759204106204e+01
8.388401283937745347e+02 -2.274021442657225123e+01
8.403570183185372571e+02 -2.295733469366227553e+01
8.418739082432998657e+02 -2.157063315144612403e+01
8.433907981680627017e+02 -1.869078812988706773e+01
8.449076880928254241e+02 -1.454609587783076741e+01
8.464245780175880327e+02 -9.464135330845357075e+00
8.479414679423507550e+02 -3.845705006137748239e+00
8.494583578671135911e+02 1.866885975912492057e+00
8.509752477918761997e+02 7.224657223084918201e+00
8.524921377166389220e+02 1.180717776388821783e+01
8.540090276414015307e+02 1.525540302855760544e+01
8.555259175661643667e+02 1.729956447058237501e+01
8.570428074909269753e+02 1.777995008451900105e+01
8.585596974156896977e+02 1.665898372127999849e+01
8.600765873404524200e+02 1.402370271010462766e+01
8.615934772652151423e+02 1.007849172915811486e+01
8.631103671899778647e+02 5.128696030974295716e+00
8.646272571147404733e+02 -4.435512527414650630e-01
8.661441470395031956e+02 -6.209350632431093864e+00
8.676610369642660316e+02 -1.172652314767126924e+01
8.691779268890286403e+02 -1.657392296710091983e+01
8.706948168137913626e+02 -2.038388898960426587e+01
8.722117067385539713e+02 -2.287031315325674541e+01
8.737285966633168073e+02 -2.385016469833004038e+01
8.752454865880795296e+02 -2.325683847503955093e+01
8.767623765128421383e+02 -2.114434871105175162e+01
8.782792664376048606e+02 -1.768211509401380965e+01
8.797961563623674692e+02 -1.314082787911719130e+01
8.813130462871303052e+02 -7.870574560615467341e+00
8.828299362118929139e+02 -2.273007897995364068e+00
8.843468261366556362e+02 3.230212609640534804e+00
8.858637160614182449e+02 8.230200931065196457e+00
8.873806059861810809e+02 1.236226839952275647e+01
8.888974959109438032e+02 1.533354401948895784e+01
8.904143858357064119e+02 1.694466647571210416e+01
8.919312757604691342e+02 1.710391048770333811e+01
8.934481656852319702e+02 1.583272236476621053e+01
8.949650556099945788e+02 1.326232718838492097e+01
8.964819455347573012e+02 9.621777895886845400e+00
8.979988354595199098e+02 5.218488408347660368e+00
8.995157253842827458e+02 4.128758908770783220e-01
9.010326153090453545e+02 -4.410814201478995500e+00
9.025495052338080768e+02 -8.875146863683486487e+00
9.040663951585706855e+02 -1.263915636324474789e+01
9.055832850833335215e+02 -1.542468613680123113e+01
9.071001750080962438e+02 -1.703736032528640010e+01
9.086170649328588524e+02 -1.738058723675730022e+01
9.101339548576215748e+02 -1.646156762340080348e+01
9.116508447823844108e+02 -1.438892936925368815e+01
9.131677347071470194e+02 -1.136228257005094733e+01
9.146846246319097418e+02 -7.654631160934886935e+00
9.162015145566723504e+02 -3.589138193001065069e+00
9.177184044814351864e+02 4.878225217010148107e-01
9.192352944061977951e+02 4.235119090293818722e+00
9.207521843309605174e+02 7.344512380983851507e+00
9.222690742557232397e+02 9.565287872073295006e+00
9.237859641804858484e+02 1.072391742283454263e+01
9.253028541052486844e+02 1.073722008718229759e+01
9.268197440300112930e+02 9.618030337168175237e+00
9.283366339547740154e+02 7.472995988167834724e+00
9.298535238795366240e+02 4.492766726220503770e+00
9.313704138042994600e+02 9.354458580699039905e-01
9.328873037290621824e+02 -2.895286259063157619e+00
9.344041936538247910e+02 -6.675551198066568936e+00
9.359210835785875133e+02 -1.008806151005981633e+01
9.374379735033503493e+02 -1.284813230499405812e+01
9.389548634281129580e+02 -1.472681014735385219e+01
9.404717533528756803e+02 -1.556926579230957408e+01
9.419886432776382890e+02 -1.530699677190238539e+01
9.435055332024011250e+02 -1.396289962981609811e+01
9.450224231271637336e+02 -1.164885728680010857e+01
9.465393130519264560e+02 -8.556096697619976155e+00
9.480562029766890646e+02 -4.939156150085358021e+00
9.495730929014519006e+02 -1.094813193562748976e+00
9.510899828262146229e+02 2.662277590002777306e+00
9.526068727509772316e+02 6.025234339280972407e+00
9.541237626757399539e+02 8.719793398783465932e+00
9.556406526005027899e+02 1.052633987061680543e+01
9.571575425252653986e+02 1.129735617339268394e+01
9.586744324500281209e+02 1.096890672025102731e+01
9.601913223747907296e+02 9.565271320104075770e+00
9.617082122995535656e+02 7.196402828906981242e+00
9.632251022243161742e+02 4.048469762794050908e+00
9.647419921490788965e+02 3.683043616449124813e-01
9.662588820738415052e+02 -3.556934337845119920e+00
9.677757719986043412e+02 -7.423193760891598103e+00
9.692926619233670635e+02 -1.093412967859549312e+01
9.708095518481296722e+02 -1.382486852369009256e+01
9.723264417728923945e+02 -1.588300552015853206e+01
9.738433316976550032e+02 -1.696515376874602765e+01
9.753602216224178392e+02 -1.700773483314264567e+01
9.768771115471805615e+02 -1.603118095359330653e+01
9.783940014719431701e+02 -1.413726301019801390e+01
9.799108913967058925e+02 -1.149982198104322251e+01
9.814277813214686148e+02 -8.349718757685899106e+00
9.829446712462313371e+02 -4.955284078293310301e+00
9.844615611709940595e+02 -1.599909272371781821e+00
9.859784510957566681e+02 1.441359246203421041e+00
9.874953410205195041e+02 3.924290658038150248e+00
9.890122309452821128e+02 5.655165188895718842e+00
9.905291208700448351e+02 6.506095144486994997e+00
9.920460107948074437e+02 6.424743517379676305e+00
9.935629007195702798e+02 5.437682178253439247e+00
9.950797906443330021e+02 3.647161462911298280e+00
9.965966805690956107e+02 1.221608735380664834e+00
9.981135704938583331e+02 -1.619309689046194434e+00
9.996304604186211691e+02 -4.623783422242524921e+00
1.001147350343383778e+03 -7.529492109036801217e+00
1.002664240268146500e+03 -1.008595856848031680e+01
1.004181130192909109e+03 -1.207574948847319618e+01
1.005698020117671945e+03 -1.333275595411328673e+01
1.007214910042434553e+03 -1.375603587449165843e+01
1.008731799967197276e+03 -1.331807516464327179e+01
1.010248689891959884e+03 -1.206679309256772470e+01
1.011765579816722720e+03 -1.012114062191398034e+01
1.013282469741485443e+03 -7.660675533631368772e+00
1.014799359666248051e+03 -4.910000381045095175e+00
1.016316249591010774e+03 -2.119377460517580580e+00
1.017833139515773610e+03 4.568463466235030968e-01
1.019350029440536218e+03 2.582189053647427457e+00
1.020866919365298941e+03 4.058509408976199495e+00
1.022383809290061549e+03 4.743282436799908020e+00
1.023900699214824272e+03 4.562212789179212358e+00
1.025417589139587108e+03 3.516110473370945844e+00
1.026934479064349716e+03 1.681429833015649855e+00
1.028451368989112325e+03 -7.956003940061121549e-01
1.029968258913874934e+03 -3.710793978669356008e+00
1.031485148838637770e+03 -6.818811842132394219e+00
1.033002038763400606e+03 -9.853575933442897394e+00
1.034518928688163214e+03 -1.255060730096182553e+01
1.036035818612925823e+03 -1.466943506896088145e+01
1.037552708537688659e+03 -1.601420733000816909e+01
1.039069598462451268e+03 -1.645077356757854048e+01
1.040586488387214104e+03 -1.591879023596345455e+01
1.042103378311976712e+03 -1.443780386306825747e+01
1.043620268236739548e+03 -1.210675686782996330e+01
1.045137158161502157e+03 -9.096900251174449892e+00
1.046654048086264766e+03 -5.638640420075845761e+00
1.048170938011027602e+03 -2.003350153860898875e+00
1.049687827935790210e+03 1.518405211621563611e+00
1.051204717860553046e+03 4.640470723026636435e+00
1.052721607785315655e+03 7.104615526379406631e+00
1.054238497710078263e+03 8.702032158110737825e+00
1.055755387634841099e+03 9.291046458460249013e+00
1.057272277559603708e+03 8.809559009880342018e+00
1.058789167484366544e+03 7.281157061353173532e+00
1.060306057409129153e+03 4.814342738408813993e+00
1.061822947333891989e+03 1.594878195229462836e+00
1.063339837258654597e+03 -2.128193576117551888e+00
1.064856727183417206e+03 -6.061777548563539675e+00
1.066373617108180042e+03 -9.891698378927916480e+00
1.067890507032942651e+03 -1.330759578805362509e+01
1.069407396957705487e+03 -1.602775701776142014e+01
1.070924286882468095e+03 -1.782189184951015903e+01
1.072441176807230704e+03 -1.853000847520521788e+01
1.073958066731993313e+03 -1.807585041144002957e+01
1.075474956656756149e+03 -1.647378192869868130e+01
1.076991846581518985e+03 -1.382852821687137101e+01
1.078508736506281593e+03 -1.032774533266864481e+01
1.080025626431044202e+03 -6.227968311583054195e+00
1.081542516355807038e+03 -1.835017611383572778e+00
1.083059406280569647e+03 2.519608572828417437e+00
1.084576296205332483e+03 6.504501811647436682e+00
1.086093186130095091e+03 9.814236878981176915e+00
1.087610076054857927e+03 1.219333969995932243e+01
1.089126965979620536e+03 1.345642473290192598e+01
1.090643855904383145e+03 1.350289564744181448e+01
1.092160745829145753e+03 1.232503111786763306e+01
1.093677635753908589e+03 1.000880055305080063e+01
1.095194525678671425e+03 6.727330968128740984e+00
1.096711415603434034e+03 2.727529948160216211e+00
1.098228305528196643e+03 -1.689085927206698479e+00
1.099745195452959479e+03 -6.189846342903323695e+00
1.101262085377722087e+03 -1.043681380302086481e+01
1.102778975302484923e+03 -1.411305496524337144e+01
1.104295865227247532e+03 -1.694721918997107224e+01
1.105812755152010368e+03 -1.873448138559043841e+01
1.107329645076772977e+03 -1.935219591685739360e+01
1.108846535001535585e+03 -1.876902997753242985e+01
1.110363424926298421e+03 -1.704686473085655152e+01
1.111880314851061030e+03 -1.433532911671038512e+01
1.113397204775823866e+03 -1.085941837321432324e+01
1.114914094700586475e+03 -6.901200020726228956e+00
1.116430984625349083e+03 -2.777080214305818640e+00
1.117947874550111692e+03 1.187544656773374729e+00
1.119464764474874528e+03 4.684220625968657181e+00
1.120981654399637364e+03 7.445879732514308458e+00
1.122498544324399973e+03 9.267844517494351564e+00
1.124015434249162581e+03 1.002372291918011271e+01
1.125532324173925417e+03 9.674936227702453095e+00
1.127049214098688026e+03 8.273136367318203455e+00
1.128566104023450862e+03 5.955341513317370605e+00
1.130082993948213471e+03 2.932204870757288973e+00
1.131599883872976307e+03 -5.296167503423324652e-01
1.133116773797738915e+03 -4.129554486962592641e+00
1.134633663722501524e+03 -7.557881995164441591e+00
1.136150553647264132e+03 -1.052112399299672241e+01
1.137667443572026968e+03 -1.276605987245933171e+01
1.139184333496789804e+03 -1.410037967185789398e+01
1.140701223421552413e+03 -1.440832252836992389e+01
1.142218113346315022e+03 -1.366003517282603674e+01
1.143735003271077858e+03 -1.191389722099867754e+01
1.145251893195840466e+03 -9.311629895089765796e+00
1.146768783120603302e+03 -6.066589416545231650e+00
1.148285673045365911e+03 -2.446198490293620242e+00
1.149802562970128747e+03 1.250055506334960320e+00
1.151319452894891356e+03 4.715267178462474895e+00
1.152836342819653964e+03 7.660400765319476335e+00
1.154353232744416573e+03 9.838161448799530362e+00
1.155870122669179409e+03 1.106350580718727628e+01
1.157387012593942245e+03 1.122911706556637768e+01
1.158903902518704854e+03 1.031457661699139194e+01
1.160420792443467462e+03 8.388472142047577407e+00
1.161937682368230298e+03 5.603253577576765565e+00
1.163454572292992907e+03 2.183235176099520114e+00
1.164971462217755743e+03 -1.593302386431021844e+00
1.166488352142518352e+03 -5.416476326763511651e+00
1.168005242067280960e+03 -8.969834327411387420e+00
1.169522131992043796e+03 -1.195603706156503065e+01
1.171039021916806405e+03 -1.412111469306822364e+01
1.172555911841569241e+03 -1.527533107176676630e+01
1.174072801766331850e+03 -1.530895784118938963e+01
1.175589691691094686e+03 -1.420166660555130811e+01
1.177106581615857294e+03 -1.202475820798272466e+01
1.178623471540619903e+03 -8.936023099267700331e+00
1.180140361465382512e+03 -5.167619563939169325e+00
1.181657251390145348e+03 -1.007919552390854179e+00
1.183174141314908184e+03 3.221240294873816801e+00
1.184691031239670792e+03 7.190091515085287099e+00
1.186207921164433401e+03 1.058721106240850141e+01
1.187724811089196237e+03 1.314443814803534494e+01
1.189241701013958846e+03 1.465842954905039974e+01
1.190758590938721682e+03 1.500711675474225615e+01
1.192275480863484290e+03 1.415973272597826416e+01
1.193792370788247126e+03 1.217958813638813709e+01
1.195309260713009735e+03 9.219355832938912698e+00
1.196826150637772344e+03 5.509221570684161406e+00
1.198343040562534952e+03 1.338830809648790199e+00
1.199859930487297788e+03 -2.965540373952343600e+00
1.201376820412060624e+03 -7.066777468086716141e+00
1.202893710336823233e+03 -1.064362978540366100e+01
1.204410600261585842e+03 -1.341619355359104127e+01
1.205927490186348678e+03 -1.516814065838233461e+01
1.207444380111111286e+03 -1.576391493756935169e+01
1.208961270035874122e+03 -1.515951762220732668e+01
1.210478159960636731e+03 -1.340601401065035603e+01
1.211995049885399567e+03 -1.064547400102727615e+01
1.213511939810162175e+03 -7.099663303195028696e+00
1.215028829734924784e+03 -3.052381665510571107e+00
1.216545719659687393e+03 1.173147122082638383e+00
1.218062609584450229e+03 5.240032107121675331e+00
1.219579499509213065e+03 8.824564699685181424e+00
1.221096389433975673e+03 1.164201776123741183e+01
1.222613279358738282e+03 1.346933362484519847e+01
1.224130169283500891e+03 1.416288770121973606e+01
1.225647059208263727e+03 1.366990679148693211e+01
1.227163949133026563e+03 1.203262758237049290e+01
1.228680839057789171e+03 9.384860615157274211e+00
1.230197728982551780e+03 5.941231963578369246e+00
1.231714618907314616e+03 1.979960394805311052e+00
1.233231508832077225e+03 -2.179454927012074439e+00
1.234748398756840061e+03 -6.201853518634059981e+00
1.236265288681602669e+03 -9.763291476025486304e+00
1.237782178606365505e+03 -1.257702857159140031e+01
1.239299068531128114e+03 -1.441654510666188926e+01
1.240815958455890723e+03 -1.513374556301612905e+01
1.242332848380653331e+03 -1.467089006052647271e+01
1.243849738305416167e+03 -1.306529542965802726e+01
1.245366628230179003e+03 -1.044642535357239410e+01
1.246883518154941612e+03 -7.025597370863933655e+00
1.248400408079704221e+03 -3.079124932568516826e+00
1.249917298004467057e+03 1.073762029005278507e+00
1.251434187929229665e+03 5.096456446985786926e+00
1.252951077853992501e+03 8.661934297464641830e+00
1.254467967778755110e+03 1.147898183522567095e+01
1.255984857703517946e+03 1.331559346088673657e+01
1.257501747628280555e+03 1.401766863204299973e+01
1.259018637553043163e+03 1.352151063590405045e+01
1.260535527477805772e+03 1.185912412812600536e+01
1.262052417402568608e+03 9.155882662494382984e+00
1.263569307327331444e+03 5.620746126792815822e+00
1.265086197252094053e+03 1.529802453565285436e+00
1.266603087176856661e+03 -2.795559277830307998e+00
1.268119977101619270e+03 -7.014108724243871329e+00
1.269636867026382106e+03 -1.079184145883097834e+01
1.271153756951144942e+03 -1.382849927706055126e+01
1.272670646875907551e+03 -1.588143278337818565e+01
1.274187536800670159e+03 -1.678490705215584455e+01
1.275704426725432995e+03 -1.646331417234062400e+01
1.277221316650195604e+03 -1.493724186031570511e+01
1.278738206574958213e+03 -1.232191628464407884e+01
1.280255096499721049e+03 -8.818144359500388774e+00
1.281771986424483885e+03 -4.696477579170182715e+00
1.283288876349246493e+03 -2.758583839322811260e-01
1.284805766274009102e+03 4.101551878093886216e+00
1.286322656198771710e+03 8.097361961871660796e+00
1.287839546123534546e+03 1.140361262097048112e+01
1.289356436048297383e+03 1.376699558367757348e+01
1.290873325973059991e+03 1.500871060464678841e+01
1.292390215897822600e+03 1.503839102304733899e+01
1.293907105822585436e+03 1.386100228345776131e+01
1.295423995747348044e+03 1.157617852591767260e+01
1.296940885672110880e+03 8.370064789918483683e+00
1.298457775596873489e+03 4.500328485556853053e+00
1.299974665521636325e+03 2.755460136203098376e-01
1.301491555446398934e+03 -3.969384416808235727e+00
1.303008445371161542e+03 -7.899839986898484767e+00
1.304525335295924151e+03 -1.120796112344257978e+01
1.306042225220686987e+03 -1.363692438419244723e+01
1.307559115145449823e+03 -1.500107637701724528e+01
1.309076005070212432e+03 -1.520033942272215555e+01
1.310592894994975040e+03 -1.422776041974824679e+01
1.312109784919737649e+03 -1.216962409831899805e+01
1.313626674844500485e+03 -9.198146453115752408e+00
1.315143564769263321e+03 -5.557356002207693102e+00
1.316660454694025930e+03 -1.543312331157231876e+00
1.318177344618788538e+03 2.519740062976525863e+00
1.319694234543551374e+03 6.305364971636879368e+00
1.321211124468313983e+03 9.510991603657249271e+00
1.322728014393076592e+03 1.188195412296818887e+01
1.324244904317839428e+03 1.323160019110594732e+01
1.325761794242602264e+03 1.345587587730168266e+01
1.327278684167364872e+03 1.254124164566587041e+01
1.328795574092127481e+03 1.056531189735829734e+01
1.330312464016890090e+03 7.690195408412632716e+00
1.331829353941652926e+03 4.149098953578490345e+00
1.333346243866415762e+03 2.272945334920080662e-01
1.334863133791178370e+03 -3.761001121349749177e+00
1.336380023715940979e+03 -7.497963449930180602e+00
1.337896913640703815e+03 -1.068767058199194153e+01
1.339413803565466424e+03 -1.307973780085172066e+01
1.340930693490229032e+03 -1.448918406016951721e+01
1.342447583414991868e+03 -1.481094804835575651e+01
1.343964473339754704e+03 -1.402790700651412337e+01
1.345481363264517313e+03 -1.221177819103370155e+01
1.346998253189280149e+03 -9.516857933890825905e+00
1.348515143114042758e+03 -6.167130297151146578e+00
1.350032033038805366e+03 -2.437809888046446272e+00
1.351548922963568202e+03 1.367171279571436804e+00
1.353065812888330811e+03 4.939900585454159554e+00
1.354582702813093420e+03 7.993439170783934955e+00
1.356099592737856028e+03 1.028497624913842756e+01
1.357616482662618864e+03 1.163531704236041442e+01
1.359133372587381473e+03 1.194313960487165360e+01
1.360650262512144309e+03 1.119288300428482863e+01
1.362167152436907145e+03 9.455647414723911126e+00
1.363684042361669754e+03 6.883053644836151896e+00
1.365200932286432362e+03 3.694579587183290492e+00
1.366717822211194971e+03 1.594179967139107423e-01
1.368234712135957807e+03 -3.425658610205279953e+00
1.369751602060720415e+03 -6.760619819077842152e+00
1.371268491985483024e+03 -9.566706249556254704e+00
1.372785381910246088e+03 -1.160917283754614360e+01
1.374302271835008696e+03 -1.271640208380796899e+01
1.375819161759771305e+03 -1.279384035484128823e+01
1.377336051684534141e+03 -1.183163265836154743e+01
1.378852941609296749e+03 -9.905344189015105272e+00
1.380369831534059358e+03 -7.169718738082567100e+00
1.381886721458821967e+03 -3.845989258958425694e+00
1.383403611383584803e+03 -2.037787223073303788e-01
1.384920501308347639e+03 3.460932408351830247e+00
1.386437391233110247e+03 6.849977606181880674e+00
1.387954281157873083e+03 9.687347720278548735e+00
1.389471171082635692e+03 1.174172669385669110e+01
1.390988061007398301e+03 1.284538752328811029e+01
1.392504950932160909e+03 1.290791259364046795e+01
1.394021840856923745e+03 1.192362312485156828e+01
1.395538730781686354e+03 9.972113370584160918e+00
1.397055620706449190e+03 7.211845017073405195e+00
1.398572510631212026e+03 3.867320574167560476e+00
1.400089400555974635e+03 2.108758009376249243e-01
1.401606290480737243e+03 -3.459431856597555477e+00
1.403123180405499852e+03 -6.844044610031929210e+00
1.404640070330262688e+03 -9.666269430940497287e+00
1.406156960255025297e+03 -1.169480841038255114e+01
1.407673850179787905e+03 -1.276262377908279788e+01
1.409190740104550741e+03 -1.278060333351064060e+01
1.410707630029313577e+03 -1.174491283293870936e+01
1.412224519954076186e+03 -9.737433190797917248e+00
1.413741409878839022e+03 -6.919240610902056332e+00
1.415258299803601631e+03 -3.517651860563350663e+00
1.416775189728364239e+03 1.921210449262801823e-01
1.418292079653126848e+03 3.909224646087862798e+00
1.419808969577889684e+03 7.331526161219679594e+00
1.421325859502652293e+03 1.018011127021564022e+01
1.422842749427415129e+03 1.222193206283961331e+01
1.424359639352177965e+03 1.328876761046389632e+01
1.425876529276940573e+03 1.329095651670476919e+01
1.427393419201703182e+03 1.222478272254394227e+01
1.428910309126465791e+03 1.017290873659541717e+01
1.430427199051228627e+03 7.297812896326708376e+00
1.431944088975991235e+03 3.828753765731117475e+00
1.433460978900753844e+03 4.330949717552578376e-02
1.434977868825516907e+03 -3.755019572008439166e+00
1.436494758750279516e+03 -7.261336376606498888e+00
1.438011648675042125e+03 -1.019401753227372431e+01
1.439528538599804961e+03 -1.231753151446406847e+01
1.441045428524567569e+03 -1.346155496556168885e+01
1.442562318449330178e+03 -1.353483488449666083e+01
1.444079208374092786e+03 -1.253266781164240840e+01
1.445596098298855622e+03 -1.053738233536242674e+01
1.447112988223618459e+03 -7.711776742013488395e+00
1.448629878148381067e+03 -4.286033722239174004e+00
1.450146768073143903e+03 -5.391626224188621475e-01
1.451663657997906512e+03 3.223536016634562351e+00
1.453180547922669120e+03 6.695165001919074932e+00
1.454697437847431729e+03 9.592088305576435658e+00
1.456214327772194565e+03 1.167694041472261368e+01
1.457731217696957174e+03 1.277792227427457306e+01
1.459248107621719782e+03 1.280281677154333408e+01
1.460764997546482846e+03 1.174658179790796275e+01
1.462281887471245454e+03 9.691897003029362523e+00
1.463798777396008063e+03 6.802609659079845272e+00
1.465315667320770672e+03 3.310599603434218885e+00
1.466832557245533508e+03 -5.028834359427756251e-01
1.468349447170296116e+03 -4.329907907988769011e+00
1.469866337095058725e+03 -7.860743609933488862e+00
1.471383227019821561e+03 -1.080892918868277874e+01
1.472900116944584397e+03 -1.293449512589100081e+01
1.474417006869347006e+03 -1.406345942456941600e+01
1.475933896794109842e+03 -1.410201187046260074e+01
1.477450786718872450e+03 -1.304423008465075107e+01
1.478967676643635059e+03 -1.097269226471358650e+01
1.480484566568397668e+03 -8.051925491826121828e+00
1.482001456493160504e+03 -4.515208417959085452e+00
1.483518346417923112e+03 -6.457861327209126756e-01
1.485035236342685948e+03 3.245990640216446899e+00
1.486552126267448784e+03 6.847757073609380463e+00
1.488069016192211393e+03 9.870427476799719102e+00
1.489585906116974002e+03 1.207164106370571233e+01
1.491102796041736610e+03 1.327545677553090719e+01
1.492619685966499446e+03 1.338669382018771792e+01
1.494136575891262055e+03 1.239874519127775621e+01
1.495653465816024664e+03 1.039421793162690300e+01
1.497170355740787727e+03 7.538333912306310225e+00
1.498687245665550336e+03 4.065611586552283718e+00
1.500204135590312944e+03 2.608950784070708795e-01
1.501721025515075780e+03 -3.563742206473988983e+00
1.503237915439838389e+03 -7.094354017523055944e+00
1.504754805364600998e+03 -1.004068434593430226e+01
1.506271695289363606e+03 -1.215986167970579146e+01
1.507788585214126442e+03 -1.327629497639341238e+01
1.509305475138889051e+03 -1.329614469002181032e+01
1.510822365063651887e+03 -1.221517766397444937e+01
1.512339254988414723e+03 -1.011934799875697522e+01
1.513856144913177332e+03 -7.178034244306019218e+00
1.515373034837939940e+03 -3.630459003287883846e+00
1.516889924762702549e+03 2.336279326879240892e-01
1.518406814687465385e+03 4.097452513266857999e+00
1.519923704612227993e+03 7.643009767830076129e+00
1.521440594536990602e+03 1.057705902003407061e+01
1.522957484461753666e+03 1.265520809326110907e+01
1.524474374386516274e+03 1.370212036122831378e+01
1.525991264311278883e+03 1.362618508226427316e+01
1.527508154236041491e+03 1.242743368088180134e+01
1.529025044160804327e+03 1.019802725562522383e+01
1.530541934085566936e+03 7.115240107561135119e+00
1.532058824010329545e+03 3.427472250234401940e+00
1.533575713935092381e+03 -5.656084522150779392e-01
1.535092603859855217e+03 -4.537212720610454220e+00
1.536609493784617825e+03 -8.159927704686602112e+00
1.538126383709380661e+03 -1.113242874262642879e+01
1.539643273634143270e+03 -1.320423911919475657e+01
1.541160163558905879e+03 -1.419651844961890674e+01
1.542677053483668487e+03 -1.401717079411640654e+01
1.544193943408431323e+03 -1.266901371822420330e+01
1.545710833333193932e+03 -1.025030359379233680e+01
1.547227723257956768e+03 -6.947526285855474271e+00
1.548744613182719604e+03 -3.020986780828853302e+00
1.550261503107482213e+03 1.215684000511989327e+00
1.551778393032244821e+03 5.420489307399359191e+00
1.553295282957007430e+03 9.250507583777833887e+00
1.554812172881770266e+03 1.238961631618340675e+01
1.556329062806532875e+03 1.457426438098072907e+01
1.557845952731295483e+03 1.561520202796826773e+01
1.559362842656058092e+03 1.541339017134137634e+01
1.560879732580821155e+03 1.396876801293311132e+01
1.562396622505583764e+03 1.138112419215385529e+01
1.563913512430346600e+03 7.842946725198622460e+00
1.565430402355109209e+03 3.624770698899514088e+00
1.566947292279871817e+03 -9.458515798385488393e-01
1.568464182204634426e+03 -5.510114316550508207e+00
1.569981072129397262e+03 -9.706422079230765831e+00
1.571497962054159871e+03 -1.319929071949184340e+01
1.573014851978922707e+03 -1.570637308535466126e+01
1.574531741903685543e+03 -1.702143296100152980e+01
1.576048631828448151e+03 -1.703140144426603797e+01
1.577565521753210760e+03 -1.572611185946897550e+01
1.579082411677973369e+03 -1.319988614345956890e+01
1.580599301602736205e+03 -9.644791907141518905e+00
1.582116191527498813e+03 -5.336053761636254222e+00
1.583633081452261422e+03 -6.107320086110430424e-01
1.585149971377024485e+03 4.158674040211442602e+00
1.586666861301787094e+03 8.593625923530805011e+00
1.588183751226549703e+03 1.233962498053427836e+01
1.589700641151312311e+03 1.509457836323380064e+01
1.591217531076075147e+03 1.663318246838579739e+01
1.592734421000837756e+03 1.682535806276239043e+01
1.594251310925600364e+03 1.564723352063744954e+01
1.595768200850363201e+03 1.318375694449764524e+01
1.597285090775126037e+03 9.622678575456228955e+00
1.598801980699888645e+03 5.240329609311026537e+00
1.600318870624651481e+03 3.802779542933035772e-01
1.601835760549414090e+03 -4.573486600901410348e+00
1.603352650474176698e+03 -9.226741764845668214e+00
1.604869540398939307e+03 -1.320622127022493864e+01
1.606386430323702143e+03 -1.618933499113237318e+01
1.607903320248464752e+03 -1.793005631325137017e+01
1.609420210173227360e+03 -1.827890373043810257e+01
1.610937100097990424e+03 -1.719540078216522261e+01
1.612453990022753032e+03 -1.475198590010599986e+01
1.613970879947515641e+03 -1.112901549440798377e+01
1.615487769872278250e+03 -6.601206801341396257e+00
1.617004659797041086e+03 -1.516546049948245933e+00
1.618521549721803694e+03 3.730711502908477861e+00
1.620038439646566303e+03 8.730848086208256476e+00
1.621555329571328912e+03 1.309088393853978616e+01
1.623072219496091975e+03 1.646563769500740548e+01
1.624589109420854584e+03 1.858519060308642068e+01
1.626105999345617420e+03 1.927657097355154292e+01
1.627622889270380028e+03 1.847792125498260063e+01
1.629139779195142637e+03 1.624399506346767197e+01
1.630656669119905246e+03 1.274250971921611608e+01
1.632173559044668082e+03 8.241598132882346661e+00
1.633690448969430690e+03 3.089305703869224207e+00
1.635207338894193526e+03 -2.313292177641753877e+00
1.636724228818956362e+03 -7.543268304268344160e+00
1.638241118743718971e+03 -1.218888789547297513e+01
1.639758008668481580e+03 -1.588193342421720544e+01
1.641274898593244188e+03 -1.832677150381469033e+01
1.642791788518007024e+03 -1.932387001101817248e+01
1.644308678442769633e+03 -1.878590118462528835e+01
1.645825568367532242e+03 -1.674514169946719022e+01
1.647342458292295305e+03 -1.335155879315355065e+01
1.648859348217057914e+03 -8.861699340503040645e+00
1.650376238141820522e+03 -3.619219224988456496e+00
1.651893128066583131e+03 1.971453186497756249e+00
1.653410017991345967e+03 7.476284899460186040e+00
1.654926907916108576e+03 1.246522053183828405e+01
1.656443797840871184e+03 1.654556827899672911e+01
1.657960687765634020e+03 1.939258938862722204e+01
1.659477577690396629e+03 2.077490498470760372e+01
1.660994467615159465e+03 2.057273518457438755e+01
1.662511357539922301e+03 1.878754232555599302e+01
1.664028247464684910e+03 1.554231920088559349e+01
1.665545137389447518e+03 1.107249208954646136e+01
1.667062027314210127e+03 5.708139910865450695e+00
1.668578917238972963e+03 -1.510923324834583248e-01
1.670095807163735572e+03 -6.066438630614785943e+00
1.671612697088498180e+03 -1.159345176949423539e+01
1.673129587013261244e+03 -1.631584254149974100e+01
1.674646476938023852e+03 -1.987709467990988799e+01
1.676163366862786461e+03 -2.200740874611568998e+01
1.677680256787549069e+03 -2.254389635955690707e+01
1.679197146712311906e+03 -2.144247651080601713e+01
1.680714036637074514e+03 -1.878057644102901591e+01
1.682230926561837123e+03 -1.475045947123913770e+01
1.683747816486599731e+03 -9.643734591773295506e+00
1.685264706411362795e+03 -3.828290016902247572e+00
1.686781596336125403e+03 2.280518678833467483e+00
1.688298486260888239e+03 8.252151887747592340e+00
1.689815376185650848e+03 1.367410314363217516e+01
1.691332266110413457e+03 1.818344894244241772e+01
1.692849156035176065e+03 2.149427109711157513e+01
1.694366045959938901e+03 2.341882573398761735e+01
1.695882935884701510e+03 2.388083362870953152e+01
1.697399825809464346e+03 2.291989369925381936e+01
1.698916715734227182e+03 2.068672536310691612e+01
1.700433605658989791e+03 1.742967038897169374e+01
1.701950495583752399e+03 1.347357353350865594e+01
1.703467385508515008e+03 9.192759321347947932e+00
1.704984275433277844e+03 4.980282732821248004e+00
1.706501165358040453e+03 1.215918211306625585e+00
1.708018055282803061e+03 -1.764557994888142467e+00
1.709534945207565670e+03 -3.696349313231852118e+00
1.711051835132328733e+03 -4.406746920121843658e+00
1.712568725057091342e+03 -3.828701592534552667e+00
1.714085614981853951e+03 -2.005801776917441881e+00
1.715602504906616787e+03 9.117118672200286156e-01
1.717119394831379395e+03 4.679549542077444002e+00
1.718636284756142004e+03 8.979560471337656224e+00
1.720153174680904840e+03 1.344587047179049577e+01
1.721670064605667449e+03 1.769486136972713552e+01
1.723186954530430285e+03 2.135658132430193135e+01
1.724703844455193121e+03 2.410506412560581069e+01
1.726220734379955729e+03 2.568512547105001431e+01
1.727737624304718338e+03 2.593348768508095148e+01
1.729254514229480947e+03 2.479253857703028885e+01
1.730771404154243783e+03 2.231561884332077383e+01
1.732288294079006391e+03 1.866340869082621623e+01
1.733805184003769000e+03 1.409169436376326168e+01
1.735322073928532063e+03 8.931482548601154647e+00
1.736838963853294672e+03 3.563040618327991460e+00
1.738355853778057281e+03 -1.614075047019027265e+00
1.739872743702819889e+03 -6.212620248566128822e+00
1.741389633627582725e+03 -9.888380500802014694e+00
1.742906523552345334e+03 -1.236756069989979778e+01
1.744423413477107943e+03 -1.346866580820725545e+01
1.745940303401870551e+03 -1.311712768079318714e+01
1.747457193326633615e+03 -1.135150787019362184e+01
1.748974083251396223e+03 -8.320773769471355052e+00
1.750490973176159059e+03 -4.272852812783422216e+00
1.752007863100921668e+03 4.646394530098267306e-01
1.753524753025684277e+03 5.509981553761816642e+00
1.755041642950446885e+03 1.045722273849190387e+01
1.756558532875209721e+03 1.490799806832118612e+01
1.758075422799972330e+03 1.850277223502009250e+01
1.759592312724734938e+03 2.094904733949216435e+01
1.761109202649498002e+03 2.204430975078931354e+01
1.762626092574260610e+03 2.169190690329112314e+01
1.764142982499023219e+03 1.990860346361152011e+01
1.765659872423785828e+03 1.682322342233780788e+01
1.767176762348548664e+03 1.266648829264459231e+01
1.768693652273311272e+03 7.752856051898991296e+00
1.770210542198073881e+03 2.455795848731143316e+00
1.771727432122836490e+03 -2.821549952621437374e+00
1.773244322047599553e+03 -7.678002817516217604e+00
1.774761211972362162e+03 -1.174579159112632709e+01
1.776278101897124770e+03 -1.471932788607291265e+01
1.777794991821887606e+03 -1.637905183578579482e+01
1.779311881746650215e+03 -1.660847813171747944e+01
1.780828771671412824e+03 -1.540311069846936043e+01
1.782345661596175660e+03 -1.287053711668055023e+01
1.783862551520938268e+03 -9.221710071052244828e+00
1.785379441445701104e+03 -4.754117628880401014e+00
1.786896331370463940e+03 1.718177913969684001e-01
1.788413221295226549e+03 5.161240603724022158e+00
1.789930111219989158e+03 9.816009450863841579e+00
1.791447001144751766e+03 1.376603256469513603e+01
1.792963891069514602e+03 1.669832280296589389e+01
1.794480780994277211e+03 1.838148873184323762e+01
1.795997670919039820e+03 1.868374251842733713e+01
1.797514560843802428e+03 1.758302040554462664e+01
1.799031450768565492e+03 1.516843620110898172e+01
1.800548340693328100e+03 1.163297299046318756e+01
1.802065230618090709e+03 7.258008996359290421e+00
1.803582120542853545e+03 2.390915643582032679e+00
1.805099010467616154e+03 -2.582491128012184500e+00
1.806615900392378762e+03 -7.268464029264990245e+00
1.808132790317141371e+03 -1.129639163588750783e+01
1.809649680241904207e+03 -1.434797170194125115e+01
1.811166570166667043e+03 -1.618219821109408585e+01
1.812683460091429879e+03 -1.665420570844259274e+01
1.814200350016192488e+03 -1.572650368120288888e+01
1.815717239940955096e+03 -1.347173727318726932e+01
1.817234129865717705e+03 -1.006678047889396588e+01
1.818751019790480541e+03 -5.778651119339623499e+00
1.820267909715243150e+03 -9.433794101369448182e-01
1.821784799640005758e+03 4.060486778436970923e+00
1.823301689564768822e+03 8.841640011130875720e+00
1.824818579489531430e+03 1.302668479964173898e+01
1.826335469414294039e+03 1.628930870198146508e+01
1.827852359339056648e+03 1.837566574264137742e+01
1.829369249263819484e+03 1.912399128319342978e+01
1.830886139188582092e+03 1.847692888095637542e+01
1.832403029113344701e+03 1.648562911730721936e+01
1.833919919038107309e+03 1.330533168770857699e+01
1.835436808962870373e+03 9.182813542795184247e+00
1.836953698887632981e+03 4.436724470887969396e+00
1.838470588812395590e+03 -5.676130653049408226e-01
1.839987478737158426e+03 -5.446934295558877537e+00
1.841504368661921035e+03 -9.830018462522097877e+00
1.843021258586683643e+03 -1.338656870422543221e+01
1.844538148511446479e+03 -1.585272171682229825e+01
1.846055038436209088e+03 -1.705120016693796003e+01
1.847571928360971697e+03 -1.690455305392527308e+01
1.849088818285734760e+03 -1.544048206883672592e+01
1.850605708210497369e+03 -1.278888120379263782e+01
1.852122598135259977e+03 -9.170872330237262560e+00
1.853639488060022586e+03 -4.880749231081860096e+00
1.855156377984785422e+03 -2.622969540819033440e-01
1.856673267909548031e+03 4.318611136118803095e+00
1.858190157834310639e+03 8.502953462743537472e+00
1.859707047759073248e+03 1.196674394062446112e+01
1.861223937683836311e+03 1.444623935390390912e+01
1.862740827608598920e+03 1.575819938798797359e+01
1.864257717533361529e+03 1.581363183788496762e+01
1.865774607458124365e+03 1.462398089606747931e+01
1.867291497382886973e+03 1.229932134382640285e+01
1.868808387307649582e+03 9.038757531681486768e+00
1.870325277232412191e+03 5.113842609744208012e+00
1.871842167157175027e+03 8.463817344764367201e-01
1.873359057081937863e+03 -3.417580215891563356e+00
1.874875947006700699e+03 -7.335494613697814970e+00
1.876392836931463307e+03 -1.059555353651117393e+01
1.877909726856225916e+03 -1.294128084269180157e+01
1.879426616780988525e+03 -1.419153287362115989e+01
1.880943506705751361e+03 -1.425434934145778421e+01
1.882460396630513969e+03 -1.313359431386216514e+01
1.883977286555276578e+03 -1.092790794127247089e+01
1.885494176480039641e+03 -7.822105003207134644e+00
1.887011066404802250e+03 -4.071757274728732057e+00
1.888527956329564859e+03 1.776465679656778762e-02
1.890044846254327467e+03 4.116080736236473747e+00
1.891561736179090303e+03 7.894417663847077549e+00
1.893078626103852912e+03 1.105191442801999635e+01
1.894595516028615521e+03 1.333951763668338586e+01
1.896112405953378129e+03 1.457957255562419263e+01
1.897629295878140965e+03 1.467957122466411946e+01
1.899146185802903801e+03 1.363899532445256391e+01
1.900663075727666410e+03 1.154874990641691923e+01
1.902179965652429246e+03 8.583279614761238463e+00
1.903696855577191855e+03 4.986043830889389739e+00
1.905213745501954463e+03 1.049554567048101239e+00
1.906730635426717299e+03 -2.908390935999196181e+00
1.908247525351479908e+03 -6.570355806608252358e+00
1.909764415276242516e+03 -9.644720978965985125e+00
1.911281305201005580e+03 -1.188891506977623713e+01
1.912798195125768189e+03 -1.312856743688831607e+01
1.914315085050530797e+03 -1.327107241271752258e+01
1.915831974975293406e+03 -1.231250929455104703e+01
1.917348864900056242e+03 -1.033740141064357942e+01
1.918865754824818850e+03 -7.511374876853111893e+00
1.920382644749581459e+03 -4.067347047459818121e+00
1.921899534674344068e+03 -2.863905373630207807e-01
1.923416424599107131e+03 3.525160049812418261e+00
1.924933314523869740e+03 7.060498232554135889e+00
1.926450204448632348e+03 1.003702966705624888e+01
1.927967094373395184e+03 1.221896619584755683e+01
1.929483984298157793e+03 1.343602435332183553e+01
1.931000874222920402e+03 1.359674520682763621e+01
1.932517764147683010e+03 1.269539245172890674e+01
1.934034654072445846e+03 1.081190741113290343e+01
1.935551543997208682e+03 8.104960725505128138e+00
1.937068433921971518e+03 4.798695787471918273e+00
1.938585323846734127e+03 1.164263785867507783e+00
1.940102213771496736e+03 -2.502335778990369519e+00
1.941619103696259344e+03 -5.904304939610849345e+00
1.943135993621022180e+03 -8.768039480132836516e+00
1.944652883545784789e+03 -1.086512915097877219e+01
1.946169773470547398e+03 -1.203060076103832543e+01
1.947686663395310006e+03 -1.217594966821576286e+01
1.949203553320073070e+03 -1.129593162236522552e+01
1.950720443244835678e+03 -9.468594347977631998e+00
1.952237333169598287e+03 -6.848575517071424201e+00
1.953754223094361123e+03 -3.654236642951986802e+00
1.955271113019123732e+03 -1.496972343609704881e-01
1.956788002943886340e+03 3.376759366163448739e+00
1.958304892868648949e+03 6.636150120079299164e+00
1.959821782793411785e+03 9.362223971438464076e+00
1.961338672718174621e+03 1.133296842809969185e+01
1.962855562642937230e+03 1.238846074204739445e+01
1.964372452567700066e+03 1.244363462715107538e+01
1.965889342492462674e+03 1.149494883607281892e+01
1.967406232417225283e+03 9.620439573476520678e+00
1.968923122341988119e+03 6.973174433795966465e+00
1.970440012266750728e+03 3.768658013452271582e+00
1.971956902191513336e+03 2.672256616979983290e-01
1.973473792116276400e+03 -3.247137037615646982e+00
1.974990682041039008e+03 -6.489827568716216355e+00
1.976507571965801617e+03 -9.198646932500807338e+00
1.978024461890564226e+03 -1.115494836132467427e+01
1.979541351815327062e+03 -1.220121207355486170e+01
1.981058241740089670e+03 -1.225363729824278813e+01
1.982575131664852279e+03 -1.130874898806161077e+01
1.984092021589614887e+03 -9.443502475247287364e+00
1.985608911514377951e+03 -6.808895409992612002e+00
1.987125801439140560e+03 -3.617620126359380794e+00
1.988642691363903168e+03 -1.267688879131777802e-01
1.990159581288666004e+03 3.382999237916143542e+00
1.991676471213428613e+03 6.630139554144952818e+00
1.993193361138191221e+03 9.354916162709441707e+00
1.994710251062953830e+03 1.134027874986473883e+01
1.996227140987716666e+03 1.242924237710592905e+01
1.997744030912479275e+03 1.253737750261835338e+01
1.999260920837242338e+03 1.165941559845898290e+01
2.000777810762004947e+03 9.869453036541004920e+00
2.002294700686767555e+03 7.314753700195243624e+00
2.003811590611530164e+03 4.203667183829484344e+00
2.005328480536293000e+03 7.886528356771553838e-01
2.006845370461055609e+03 -2.654207784817619320e+00
2.008362260385818217e+03 -5.847547654724999155e+00
2.009879150310580826e+03 -8.535092844255284916e+00
2.011396040235343889e+03 -1.050227662740709533e+01
2.012912930160106498e+03 -1.159342974518987646e+01
2.014429820084869107e+03 -1.172416779471642911e+01
2.015946710009631943e+03 -1.088798768730214661e+01
2.017463599934394551e+03 -9.156554894648014198e+00
2.018980489859157160e+03 -6.673673714750269603e+00
2.020497379783919769e+03 -3.643442770800089825e+00
2.022014269708682605e+03 -3.135662744065010887e-01
2.023531159633445441e+03 3.044819443890624644e+00
2.025048049558208049e+03 6.159166212306894650e+00
2.026564939482970885e+03 8.777597531250968643e+00
2.028081829407733494e+03 1.068927034710275770e+01
2.029598719332496103e+03 1.174137277019002568e+01
2.031115609257258939e+03 1.185139034435990268e+01
2.032632499182021547e+03 1.101365822480969570e+01
2.034149389106784156e+03 9.299679946677366971e+00
2.035666279031547219e+03 6.852197845635876305e+00
2.037183168956309828e+03 3.873504861823775514e+00
2.038700058881072437e+03 6.089517118933756024e-01
2.040216948805835045e+03 -2.673010122876093408e+00
2.041733838730597881e+03 -5.702631505071227735e+00
2.043250728655360490e+03 -8.230750147377952075e+00
2.044767618580123099e+03 -1.004898783536475904e+01
2.046284508504885707e+03 -1.100663041540228448e+01
2.047801398429648543e+03 -1.102283061648786955e+01
2.049318288354411379e+03 -1.009315309972860142e+01
2.050835178279174215e+03 -8.289938999557133315e+00
2.052352068203936597e+03 -5.756466596754760801e+00
2.053868958128699433e+03 -2.695385320418867359e+00
2.055385848053462269e+03 6.476383407980851326e-01
2.056902737978224650e+03 4.003739362274709279e+00
2.058419627902987486e+03 7.102535644006979787e+00
2.059936517827749867e+03 9.693922538975574099e+00
2.061453407752513158e+03 1.156822344947765835e+01
2.062970297677275539e+03 1.257307397398430204e+01
2.064487187602038375e+03 1.262568214459883187e+01
2.066004077526801211e+03 1.171948138703435660e+01
2.067520967451563592e+03 9.924645668885446526e+00
2.069037857376326428e+03 7.382431287486771687e+00
2.070554747301089265e+03 4.293806954200441339e+00
2.072071637225851646e+03 9.032932058204414805e-01
2.073588527150614482e+03 -2.520683230116154139e+00
2.075105417075377318e+03 -5.707335540638942994e+00
2.076622307000140154e+03 -8.405227843058730386e+00
2.078139196924902535e+03 -1.040240450917145765e+01
2.079656086849665371e+03 -1.154332078991782140e+01
2.081172976774428207e+03 -1.174121732894497860e+01
2.082689866699190588e+03 -1.098494966709081844e+01
2.084206756623953424e+03 -9.339731445692178724e+00
2.085723646548716260e+03 -6.941740565029338228e+00
2.087240536473479096e+03 -3.987031490270520617e+00
2.088757426398241478e+03 -7.156544506515011284e-01
2.090274316323004314e+03 2.607733335183078260e+00
2.091791206247767150e+03 5.715198893360867061e+00
2.093308096172529531e+03 8.357087720165583988e+00
2.094824986097292367e+03 1.032206621440491112e+01
2.096341876022055203e+03 1.145404188642903520e+01
2.097858765946817584e+03 1.166460472295382722e+01
2.099375655871580420e+03 1.093999573049959828e+01
2.100892545796343256e+03 9.342050804572849643e+00
2.102409435721106092e+03 7.003053966814592357e+00
2.103926325645868474e+03 4.114924495920154968e+00
2.105443215570631310e+03 9.136180548367615062e-01
2.106960105495394146e+03 -2.339994041862334839e+00
2.108476995420156527e+03 -5.381221587260641925e+00
2.109993885344919363e+03 -7.962925630288429701e+00
2.111510775269682199e+03 -9.875439901228556749e+00
2.113027665194445035e+03 -1.096344063166299065e+01
2.114544555119207416e+03 -1.113841001997895219e+01
2.116061445043970252e+03 -1.038569547084119016e+01
2.117578334968733088e+03 -8.765603468573047508e+00
2.119095224893495470e+03 -6.408448251971422316e+00
2.120612114818258306e+03 -3.503962523366229043e+00
2.122129004743020687e+03 -2.859310193086332941e-01
2.123645894667783978e+03 2.986708585544994854e+00
2.125162784592546359e+03 6.050770073730131315e+00
2.126679674517309195e+03 8.660041507865184229e+00
2.128196564442072031e+03 1.060511617579836496e+01
2.129713454366834412e+03 1.173023569404632482e+01
2.131230344291597248e+03 1.194579203114314758e+01
2.132747234216360084e+03 1.123548660636348551e+01
2.134264124141122466e+03 9.657576241421438112e+00
2.135781014065885302e+03 7.340112730413761000e+00
2.137297903990648138e+03 4.470566676216782831e+00
2.138814793915410974e+03 1.280678044085193479e+00
2.140331683840173355e+03 -1.972240736993294608e+00
2.141848573764936191e+03 -5.026039123814425302e+00
2.143365463689699027e+03 -7.634828054611840109e+00
2.144882353614461408e+03 -9.588745258626556023e+00
2.146399243539224244e+03 -1.073079632713706211e+01
2.147916133463986625e+03 -1.096941908489353423e+01
2.149433023388749916e+03 -1.028576491926267700e+01
2.150949913313512297e+03 -8.735117461453354437e+00
2.152466803238275133e+03 -6.442341903956394944e+00
2.153983693163037969e+03 -3.591739140084325932e+00
2.155500583087800351e+03 -4.121290853461816450e-01
2.157017473012563187e+03 2.841629232644636183e+00
2.158534362937326023e+03 5.909187733611312332e+00
2.160051252862088404e+03 8.545671525273737856e+00
2.161568142786851240e+03 1.054136421860322770e+01
2.163085032711614076e+03 1.173853217174421815e+01
2.164601922636376912e+03 1.204403596480156580e+01
2.166118812561139293e+03 1.143671847393548902e+01
2.167635702485902129e+03 9.968981001699003031e+00
2.169152592410664965e+03 7.762427940748201749e+00
2.170669482335427347e+03 4.997938567071272153e+00
2.172186372260190183e+03 1.900973252129962709e+00
2.173703262184953019e+03 -1.276695462475634590e+00
2.175220152109715855e+03 -4.277349665418642921e+00
2.176737042034478236e+03 -6.858146010512125912e+00
2.178253931959241072e+03 -8.810709277175611476e+00
2.179770821884003908e+03 -9.977920656339076544e+00
2.181287711808766289e+03 -1.026654960775569059e+01
2.182804601733529125e+03 -9.654714546725541524e+00
2.184321491658291507e+03 -8.193575490065770239e+00
2.185838381583054343e+03 -6.003127381432784127e+00
2.187355271507817179e+03 -3.262438571454739922e+00
2.188872161432580015e+03 -1.951265108069942522e-01
2.190389051357342851e+03 2.948753909964481945e+00
2.191905941282105232e+03 5.912945602779863918e+00
2.193422831206868068e+03 8.455714187031357909e+00
2.194939721131630904e+03 1.036939029055586303e+01
2.196456611056393285e+03 1.149715342017288577e+01
2.197973500981156121e+03 1.174570493215435363e+01
2.199490390905918957e+03 1.109280982065507715e+01
2.201007280830681793e+03 9.589101225123307870e+00
2.202524170755444175e+03 7.354004318099589099e+00
2.204041060680207011e+03 4.566110267939956557e+00
2.205557950604969847e+03 1.448778091712561222e+00
2.207074840529732228e+03 -1.747873569202408106e+00
2.208591730454495064e+03 -4.767132305792504354e+00
2.210108620379257445e+03 -7.366389705801838161e+00
2.211625510304020736e+03 -9.336703037471529854e+00
2.213142400228783117e+03 -1.051964494329799393e+01
2.214659290153545953e+03 -1.082008416740808521e+01
2.216176180078308789e+03 -1.021386843256446042e+01
2.217693070003071171e+03 -8.749791365894303397e+00
2.219209959927834007e+03 -6.545685739064734499e+00
2.220726849852596843e+03 -3.778958161961532003e+00
2.222243739777359224e+03 -6.723276883577227192e-01
2.223760629702122060e+03 2.524083423898315637e+00
2.225277519626884896e+03 5.552865315996801776e+00
2.226794409551647732e+03 8.170023862465782827e+00
2.228311299476410113e+03 1.016460623693688703e+01
2.229828189401172949e+03 1.137567032899604058e+01
2.231345079325935785e+03 1.170523366366574969e+01
2.232861969250698166e+03 1.112616114248237942e+01
2.234378859175461002e+03 9.684358144487466902e+00
2.235895749100223384e+03 7.495093510232234024e+00
2.237412639024986674e+03 4.733748833557354985e+00
2.238929528949749056e+03 1.621738359498238635e+00
2.240446418874511892e+03 -1.591268357630969188e+00
2.241963308799274728e+03 -4.647392186694465188e+00
2.243480198724037109e+03 -7.301247953871135898e+00
2.244997088648799945e+03 -9.339642945815253228e+00
2.246513978573562326e+03 -1.059868892415271802e+01
2.248030868498325162e+03 -1.097695456929205626e+01
2.249547758423087998e+03 -1.044360382859741776e+01
2.251064648347850834e+03 -9.040868721203349168e+00
2.252581538272613670e+03 -6.880660314875224337e+00
2.254098428197376052e+03 -4.135592243607676188e+00
2.255615318122138888e+03 -1.025139464824664559e+00
2.257132208046901724e+03 2.201955029428323218e+00
2.258649097971664105e+03 5.287612411427749848e+00
2.260165987896426941e+03 7.985089221567463369e+00
2.261682877821189777e+03 1.007872946421607807e+01
2.263199767745952613e+03 1.140121440884736614e+01
2.264716657670714994e+03 1.184692884423181880e+01
2.266233547595477830e+03 1.138037515663880939e+01
2.267750437520240666e+03 1.003896471984608674e+01
2.269267327445003048e+03 7.929967657473484977e+00
2.270784217369765884e+03 5.221870765877268283e+00
2.272301107294528265e+03 2.130841624534314693e+00
2.273817997219291556e+03 -1.096611291682374034e+00
2.275334887144053937e+03 -4.203388741148227581e+00
2.276851777068816773e+03 -6.942375537520753426e+00
2.278368666993579609e+03 -9.096190156612381728e+00
2.279885556918341990e+03 -1.049452731620188040e+01
2.281402446843104826e+03 -1.102770665796358607e+01
2.282919336767867662e+03 -1.065534665368646117e+01
2.284436226692630044e+03 -9.409475210647860521e+00
2.285953116617392880e+03 -7.391835564697139205e+00
2.287470006542155716e+03 -4.765611964976473658e+00
2.288986896466918552e+03 -1.742246944722905200e+00
2.290503786391680933e+03 1.435585247480705151e+00
2.292020676316443769e+03 4.513477676444764164e+00
2.293537566241206605e+03 7.245694519371236986e+00
2.295054456165968986e+03 9.414841745299579401e+00
2.296571346090731822e+03 1.084922816147759050e+01
2.298088236015494203e+03 1.143652815668229294e+01
2.299605125940257494e+03 1.113265652149794782e+01
2.301122015865019875e+03 9.965151808370404041e+00
2.302638905789782712e+03 8.030806677154536999e+00
2.304155795714545548e+03 5.487745973487905715e+00
2.305672685639307929e+03 2.542598742575580495e+00
2.307189575564070765e+03 -5.661967702959549431e-01
2.308706465488833146e+03 -3.587607322252358788e+00
2.310223355413595982e+03 -6.278190280700196801e+00
2.311740245338358818e+03 -8.421627528786643779e+00
2.313257135263121654e+03 -9.846039790520517698e+00
2.314774025187884490e+03 -1.043769462968962358e+01
2.316290915112646871e+03 -1.015001365961049906e+01
2.317807805037409707e+03 -9.007164269167997617e+00
2.319324694962172543e+03 -7.101957760046741619e+00
2.320841584886934925e+03 -4.588234011927096567e+00
2.322358474811697761e+03 -1.668355769669473743e+00
2.323875364736460597e+03 1.423172218593907745e+00
2.325392254661223433e+03 4.438634148402289981e+00
2.326909144585985814e+03 7.137056384235502371e+00
2.328426034510748650e+03 9.303575649273348347e+00
2.329942924435511486e+03 1.076666480082443833e+01
2.331459814360273867e+03 1.141183397417658263e+01
2.332976704285036703e+03 1.119071098121235330e+01
2.334493594209799085e+03 1.012477870508594968e+01
2.336010484134561921e+03 8.303478619671793126e+00
2.337527374059324757e+03 5.876843676205234068e+00
2.339044263984087593e+03 3.043264053092515464e+00
2.340561153908850429e+03 3.338023824277184387e-02
2.342078043833612810e+03 -2.908591797993341554e+00
2.343594933758375646e+03 -5.544593843573895064e+00
2.345111823683138482e+03 -7.661924752346641831e+00
2.346628713607900863e+03 -9.090359007130983215e+00
2.348145603532663699e+03 -9.715807803455795977e+00
2.349662493457426535e+03 -9.489426667511141389e+00
2.351179383382189371e+03 -8.431442278938227730e+00
2.352696273306951753e+03 -6.629397921135796956e+00
2.354213163231714589e+03 -4.230967373918876007e+00
2.355730053156477425e+03 -1.431924779641733814e+00
2.357246943081239806e+03 1.539752196074653856e+00
2.358763833006002642e+03 4.442358071229930871e+00
2.360280722930765023e+03 7.040019964739192559e+00
2.361797612855528314e+03 9.121762945180666549e+00
2.363314502780290695e+03 1.051854236556275168e+01
2.364831392705053531e+03 1.111687100872388356e+01
2.366348282629816367e+03 1.086794507419561917e+01
2.367865172554578749e+03 9.791537296088588249e+00
2.369382062479341585e+03 7.974348338475708786e+00
2.370898952404103966e+03 5.562954925101649906e+00
2.372415842328866802e+03 2.751928844503684246e+00
2.373932732253629638e+03 -2.319100758576626564e-01
2.375449622178392474e+03 -3.147833016477273649e+00
2.376966512103155310e+03 -5.760651328209053901e+00
2.378483402027917691e+03 -7.859705688313963101e+00
2.380000291952680527e+03 -9.275863588488084233e+00
2.381517181877443363e+03 -9.895155412109611248e+00
2.383034071802205744e+03 -9.667951570963596808e+00
2.384550961726968580e+03 -8.612943637469136604e+00
2.386067851651730962e+03 -6.815611992826443810e+00
2.387584741576494253e+03 -4.421307341542804359e+00
2.389101631501256634e+03 -1.623507640291144583e+00
2.390618521426019470e+03 1.351799436569413260e+00
2.392135411350782306e+03 4.264346705293620587e+00
2.393652301275544687e+03 6.878958865030556424e+00
2.395169191200307523e+03 8.984502671768666460e+00
2.396686081125069904e+03 1.041088860044237308e+01
2.398202971049832740e+03 1.104275490243803759e+01
2.399719860974595576e+03 1.082873341032737002e+01
2.401236750899358412e+03 9.785553406414335242e+00
2.402753640824121248e+03 7.996656514829059148e+00
2.404270530748883630e+03 5.605438268337147534e+00
2.405787420673646466e+03 2.803665036225008844e+00
2.407304310598409302e+03 -1.839965212938148853e-01
2.408821200523171683e+03 -3.118087666738051933e+00
2.410338090447934519e+03 -5.763642008225649427e+00
2.411854980372697355e+03 -7.909090995009401936e+00
2.413371870297460191e+03 -9.383267114578519141e+00
2.414888760222222572e+03 -1.006913597877995592e+01
2.416405650146985408e+03 -9.913153291064377370e+00
2.417922540071748244e+03 -8.929496311449742763e+00
2.419439429996510626e+03 -7.198833307427797479e+00
2.420956319921273462e+03 -4.861735186380329310e+00
2.422473209846035843e+03 -2.107265494265537775e+00
2.423990099770799134e+03 8.423265924981491182e-01
2.425506989695561515e+03 3.749572056444214763e+00
2.427023879620324351e+03 6.380954872463066252e+00
2.428540769545087187e+03 8.525743880961137222e+00
2.430057659469849568e+03 1.001296436845596460e+01
2.431574549394612404e+03 1.072514124861037743e+01
2.433091439319374786e+03 1.060770724796003250e+01
2.434608329244137622e+03 9.673320142243888142e+00
2.436125219168900458e+03 8.000744527720197397e+00
2.437642109093663294e+03 5.728392623397830619e+00
2.439158999018426130e+03 3.043049751988764484e+00
2.440675888943188511e+03 1.646986560062595750e-01
2.442192778867951347e+03 -2.671328658925825383e+00
2.443709668792714183e+03 -5.233427649442011997e+00
2.445226558717476564e+03 -7.312484065146448664e+00
2.446743448642239400e+03 -8.738806427832107815e+00
2.448260338567001781e+03 -9.395860135893874698e+00
2.449777228491765072e+03 -9.229694016137578672e+00
2.451294118416527454e+03 -8.253298482904877886e+00
2.452811008341290290e+03 -6.545544159076837509e+00
2.454327898266053126e+03 -4.244787785003566682e+00
2.455844788190815507e+03 -1.537663133779369806e+00
2.457361678115578343e+03 1.356036315313910556e+00
2.458878568040340724e+03 4.201160417598825525e+00
2.460395457965103560e+03 6.766251557629400004e+00
2.461912347889866396e+03 8.842299664351548572e+00
2.463429237814629232e+03 1.025968633656743734e+01
2.464946127739392068e+03 1.090194748670737468e+01
2.466463017664154449e+03 1.071524073983972869e+01
2.467979907588917285e+03 9.712750646463016224e+00
2.469496797513680121e+03 7.973673600760929681e+00
2.471013687438442503e+03 5.636862212391706706e+00
2.472530577363205339e+03 2.889640424038260491e+00
2.474047467287968175e+03 -4.730893447185928469e-02
2.475564357212731011e+03 -2.937764733597730604e+00
2.477081247137493392e+03 -5.549057455480273404e+00
2.478598137062256228e+03 -7.670886293900724517e+00
2.480115026987019064e+03 -9.132342451940392181e+00
2.481631916911781445e+03 -9.815761601003314851e+00
2.483148806836544281e+03 -9.666283670278668083e+00
2.484665696761306663e+03 -8.696344054836361082e+00
2.486182586686069499e+03 -6.984729100595746587e+00
2.487699476610832335e+03 -4.670267400469910513e+00
2.489216366535595171e+03 -1.940661644787439855e+00
2.490733256460358007e+03 9.826414405772168070e-01
2.492250146385120388e+03 3.862324874677444342e+00
2.493767036309883224e+03 6.464378111050343989e+00
2.495283926234645605e+03 8.577029280854350901e+00
2.496800816159408441e+03 1.002790383746956060e+01
2.498317706084171277e+03 1.069802203198122825e+01
2.499834596008934113e+03 1.053150129128850487e+01
2.501351485933696949e+03 9.540174915920784926e+00
2.502868375858459331e+03 7.802747799292262698e+00
2.504385265783222167e+03 5.458550156286070987e+00
2.505902155707985003e+03 2.696386074699132607e+00
2.507419045632747384e+03 -2.606300633415449264e-01
2.508935935557510220e+03 -3.173031572513976162e+00
2.510452825482272601e+03 -5.804307276873905685e+00
2.511969715407035892e+03 -7.940003854718362675e+00
2.513486605331798273e+03 -9.405081942265191230e+00
2.515003495256561109e+03 -1.007812391413131614e+01
2.516520385181323945e+03 -9.901243087126820441e+00
2.518037275106086327e+03 -8.884888900178086857e+00
2.519554165030849163e+03 -7.107152742164021930e+00
2.521071054955611544e+03 -4.707621580266438066e+00
2.522587944880374380e+03 -1.876265794613210192e+00
2.524104834805137216e+03 1.161751716154118208e+00
2.525621724729900052e+03 4.164128327222612391e+00
2.527138614654662888e+03 6.890887300399370474e+00
2.528655504579425269e+03 9.123691224115555443e+00
2.530172394504188105e+03 1.068344817410454795e+01
2.531689284428950941e+03 1.144479053990426820e+01
2.533206174353713322e+03 1.134625597314653689e+01
2.534723064278476159e+03 1.039534395980721726e+01
2.536239954203238540e+03 8.668032550919065216e+00
2.537756844128001831e+03 6.302784836533682267e+00
2.539273734052764212e+03 3.489518073180264413e+00
2.540790623977527048e+03 4.544143280320725453e-01
2.542307513902289884e+03 -2.558212604277709801e+00
2.543824403827052265e+03 -5.305540521722812208e+00
2.545341293751815101e+03 -7.565776629877706938e+00
2.546858183676577482e+03 -9.156038331916549922e+00
2.548375073601340318e+03 -9.947136012240097358e+00
2.549891963526103154e+03 -9.874063383768659108e+00
2.551408853450865990e+03 -8.941343898461884265e+00
2.552925743375628826e+03 -7.222793627805310201e+00
2.554442633300391208e+03 -4.855708929055519540e+00
2.555959523225154044e+03 -2.029935212953295043e+00
2.557476413149916425e+03 1.027314748433578950e+00
2.558993303074679261e+03 4.069681427727021017e+00
2.560510192999442097e+03 6.851460071676023666e+00
2.562027082924204933e+03 9.147395313525679583e+00
2.563543972848967769e+03 1.077087837958893068e+01
2.565060862773730150e+03 1.158908137597313193e+01
2.566577752698492986e+03 1.153380592719947018e+01
2.568094642623255822e+03 1.060716476413633558e+01
2.569611532548018204e+03 8.881627526122777283e+00
2.571128422472781040e+03 6.494413095614907760e+00
2.572645312397543421e+03 3.636664142618076578e+00
2.574162202322306257e+03 5.382589013141760859e-01
2.575679092247069093e+03 -2.550533117079834433e+00
2.577195982171831929e+03 -5.379089035634206262e+00
2.578712872096594765e+03 -7.716562562635685296e+00
2.580229762021357146e+03 -9.370493187555698711e+00
2.581746651946119982e+03 -1.020239967727904684e+01
2.583263541870882364e+03 -1.013910063960912566e+01
2.584780431795645200e+03 -9.178843697132172963e+00
2.586297321720408036e+03 -7.391737748222367621e+00
2.587814211645170872e+03 -4.914437008645943905e+00
2.589331101569933708e+03 -1.939484804252064043e+00
2.590847991494696089e+03 1.299847257776417075e+00
2.592364881419458925e+03 4.548027283345595251e+00
2.593881771344221761e+03 7.547573798217450225e+00
2.595398661268984142e+03 1.005959402084750387e+01
2.596915551193746978e+03 1.188291238984768583e+01
2.598432441118509360e+03 1.287026038401356232e+01
2.599949331043272650e+03 1.294022911762464823e+01
2.601466220968035032e+03 1.208402056925677925e+01
2.602983110892797868e+03 1.036644513691157776e+01
2.604500000817560704e+03 7.921069828879065966e+00
2.606016890742323085e+03 4.939886514179405275e+00
2.607533780667085921e+03 1.658306264450508882e+00
2.609050670591848302e+03 -1.663340857067364231e+00
2.610567560516611138e+03 -4.760340944963108001e+00
2.612084450441373974e+03 -7.384541940524560033e+00
2.613601340366136810e+03 -9.324049400600747717e+00
2.615118230290899646e+03 -1.042010758047436170e+01
2.616635120215662027e+03 -1.057982107515260140e+01
2.618152010140424863e+03 -9.783699272384811962e+00
2.619668900065187245e+03 -8.087414049902600155e+00
2.621185789989950081e+03 -5.617618209329171997e+00
2.622702679914712917e+03 -2.562141891509097213e+00
2.624219569839475298e+03 8.446705522721759118e-01
2.625736459764238589e+03 4.340335339193591935e+00
2.627253349689000970e+03 7.654872740502788986e+00
2.628770239613763806e+03 1.053209505872519003e+01
2.630287129538526642e+03 1.274986178707415618e+01
2.631804019463289023e+03 1.413770397596294259e+01
2.633320909388051859e+03 1.459042536297983261e+01
2.634837799312814241e+03 1.407660333461971369e+01
2.636354689237577077e+03 1.264131336775620262e+01
2.637871579162339913e+03 1.040285461540848111e+01
2.639388469087102749e+03 7.543725914609285432e+00
2.640905359011865585e+03 4.296553494744813406e+00
2.642422248936627966e+03 9.260684197312918364e-01
2.643939138861390802e+03 -2.291457932275085874e+00
2.645456028786153183e+03 -5.089712641948437977e+00
2.646972918710916019e+03 -7.233093624741417926e+00
2.648489808635678855e+03 -8.535094087805781271e+00
2.650006698560441691e+03 -8.872883918648003743e+00
2.651523588485204527e+03 -8.196951623295714029e+00
2.653040478409966909e+03 -6.535057908144136896e+00
2.654557368334729745e+03 -3.990197554807192404e+00
2.656074258259492581e+03 -7.327347295055501863e-01
2.657591148184254962e+03 3.012668569110723560e+00
2.659108038109017798e+03 6.984306263786850266e+00
2.660624928033780179e+03 1.090351581686158511e+01
2.662141817958543470e+03 1.449603415575933596e+01
2.663658707883305851e+03 1.751296230363070805e+01
2.665175597808068687e+03 1.974971520537651770e+01
2.666692487732831523e+03 2.106149616050394258e+01
2.668209377657593905e+03 2.137411174198321007e+01
2.669726267582356741e+03 2.068931092426700147e+01
2.671243157507119122e+03 1.908426209097510906e+01
2.672760047431881958e+03 1.670523960837317645e+01
2.674276937356644794e+03 1.375604164575187482e+01
2.675793827281407630e+03 1.048206761503969986e+01
2.677310717206170466e+03 7.151315295888493573e+00
2.678827607130932847e+03 4.033788792116313360e+00
2.680344497055695683e+03 1.380921384803909469e+00
2.681861386980458064e+03 -5.933960231012239683e-01
2.683378276905220901e+03 -1.728727956924303699e+00
2.684895166829983737e+03 -1.929746509236113239e+00
2.686412056754746118e+03 -1.172762888357732125e+00
2.687928946679509409e+03 4.933140139010977476e-01
2.689445836604271790e+03 2.951605144991474639e+00
2.690962726529034626e+03 6.027051615925300254e+00
2.692479616453797462e+03 9.500545417720370978e+00
2.693996506378560298e+03 1.312624747155739335e+01
2.695513396303322679e+03 1.665070331187829211e+01
2.697030286228085515e+03 1.983224195327269257e+01
2.698547176152847896e+03 2.245913950788720115e+01
2.700064066077610732e+03 2.436514511142019757e+01
2.701580956002373114e+03 2.544119236624834102e+01
2.703097845927136404e+03 2.564243586678372822e+01
2.704614735851898786e+03 2.499013341900629115e+01
2.706131625776661622e+03 2.356830935256099835e+01
2.707648515701424458e+03 2.151554947230077630e+01
2.709165405626186839e+03 1.901266058771558676e+01
2.710682295550949675e+03 1.626724697966344024e+01
2.712199185475712056e+03 1.349648770220762195e+01
2.713716075400475347e+03 1.090952461809873242e+01
2.715232965325237728e+03 8.690882491514489772e+00
2.716749855250000564e+03 6.986239549493246770e+00
2.718266745174762946e+03 5.891659098777393133e+00
2.719783635099525782e+03 5.447097830649494377e+00
2.721300525024288618e+03 5.634649009727235480e+00
2.722817414949050999e+03 6.381588297138498511e+00
2.724334304873814290e+03 7.567898391745415232e+00
2.725851194798576671e+03 9.037587695783983577e+00
2.727368084723339507e+03 1.061281679700670466e+01
2.728884974648101888e+03 1.210962862211413693e+01
2.730401864572864724e+03 1.335396061136318657e+01
2.731918754497627560e+03 1.419660886432266800e+01
2.733435644422389942e+03 1.452591465563027207e+01
2.734952534347153232e+03 1.427714391339148214e+01
2.736469424271915614e+03 1.343781303742273536e+01
2.737986314196678450e+03 1.204855605114090267e+01
2.739503204121440831e+03 1.019950013945143752e+01
2.741020094046203667e+03 8.022488442377628814e+00
2.742536983970966048e+03 5.679830086196650640e+00
2.744053873895728884e+03 3.350540076127515032e+00
2.745570763820492175e+03 1.215233031232575200e+00
2.747087653745254556e+03 -5.590612195050078670e-01
2.748604543670017392e+03 -1.832893416658129215e+00
2.750121433594779774e+03 -2.506041119029102759e+00
2.751638323519542610e+03 -2.525845709794723781e+00
2.753155213444304991e+03 -1.891559942705660635e+00
2.754672103369068282e+03 -6.543602194263230531e-01
2.756188993293831118e+03 1.086960681538560625e+00
2.757705883218593499e+03 3.194245962660239080e+00
2.759222773143356335e+03 5.501471404869747062e+00
2.760739663068118716e+03 7.828518133530300460e+00
2.762256552992881552e+03 9.996067274548988024e+00
2.763773442917643933e+03 1.184037216117770797e+01
2.765290332842407224e+03 1.322667701777147897e+01
2.766807222767169606e+03 1.406016630281716751e+01
2.768324112691932442e+03 1.429353641523084306e+01
2.769841002616695278e+03 1.393056395723814767e+01
2.771357892541457659e+03 1.302537876559431318e+01
2.772874782466220495e+03 1.167750782412245059e+01
2.774391672390982876e+03 1.002310837429182122e+01
2.775908562315746167e+03 8.223125961668289463e+00
2.777425452240508548e+03 6.449369590164904409e+00
2.778942342165271384e+03 4.869670427076297159e+00
2.780459232090033765e+03 3.633368196705570874e+00
2.781976122014796601e+03 2.858344048785053992e+00
2.783493011939559437e+03 2.620692292546610069e+00
2.785009901864321819e+03 2.947906260605868578e+00
2.786526791789085109e+03 3.816163488178469176e+00
2.788043681713847491e+03 5.151956155688512062e+00
2.789560571638610327e+03 6.837952208295237533e+00
2.791077461563372708e+03 8.722620386163610462e+00
2.792594351488135544e+03 1.063283759059645028e+01
2.794111241412898380e+03 1.238844557815419556e+01
2.795628131337660761e+03 1.381755677910802227e+01
2.797145021262424052e+03 1.477134008222385120e+01
2.798661911187186433e+03 1.513705270548603110e+01
2.800178801111949269e+03 1.484822125459355746e+01
2.801695691036711651e+03 1.389110290231649891e+01
2.803212580961474487e+03 1.230685798695738953e+01
2.804729470886236868e+03 1.018921393030774425e+01
2.806246360810999704e+03 7.677768903236599662e+00
2.807763250735762995e+03 4.947442092061093533e+00
2.809280140660525376e+03 2.194896437246793841e+00
2.810797030585288212e+03 -3.769868645159256682e-01
2.812313920510050593e+03 -2.575335924962284029e+00
2.813830810434813429e+03 -4.232905262026311455e+00
2.815347700359575811e+03 -5.221809901249905295e+00
2.816864590284339101e+03 -5.464247556297482156e+00
2.818381480209101483e+03 -4.939315983460137005e+00
2.819898370133864319e+03 -3.685342316462691947e+00
2.821415260058627155e+03 -1.797499828786460974e+00
2.822932149983389536e+03 5.791336730263254573e-01
2.824449039908152372e+03 3.260553294753830489e+00
2.825965929832914753e+03 6.037989719900979324e+00
2.827482819757678044e+03 8.694145288015524997e+00
2.828999709682440425e+03 1.102021874053512818e+01
2.830516599607203261e+03 1.283236350111615209e+01
2.832033489531966097e+03 1.398626259735126887e+01
2.833550379456728479e+03 1.438864753976851318e+01
2.835067269381491315e+03 1.400482744915589528e+01
2.836584159306253696e+03 1.286160959819023475e+01
2.838101049231016987e+03 1.104535827839536033e+01
2.839617939155779368e+03 8.695326325438527348e+00
2.841134829080542204e+03 5.992771717013038568e+00
2.842651719005304585e+03 3.146710046167129793e+00
2.844168608930067421e+03 3.774251242072828583e-01
2.845685498854830257e+03 -2.100957460523045661e+00
2.847202388779592638e+03 -4.097450174133982159e+00
2.848719278704355929e+03 -5.459384603974076988e+00
2.850236168629118310e+03 -6.084581185253940205e+00
2.851753058553881147e+03 -5.929531763036323788e+00
2.853269948478643528e+03 -5.012934375006235399e+00
2.854786838403406364e+03 -3.414288280720512603e+00
2.856303728328169200e+03 -1.267649985379456723e+00
2.857820618252931581e+03 1.248963512639863938e+00
2.859337508177694872e+03 3.927690573297755172e+00
2.860854398102457253e+03 6.547344568578803425e+00
2.862371288027220089e+03 8.891028819884413181e+00
2.863888177951982470e+03 1.076344901040782709e+01
2.865405067876745306e+03 1.200654715239129189e+01
2.866921957801507688e+03 1.251221263209589019e+01
2.868438847726270524e+03 1.223105647948472097e+01
2.869955737651033814e+03 1.117654651747873551e+01
2.871472627575796196e+03 9.424168673762071791e+00
2.872989517500559032e+03 7.105674233647840232e+00
2.874506407425321413e+03 4.398862769314858312e+00
2.876023297350084249e+03 1.513704847952580979e+00
2.877540187274846630e+03 -1.324100816249270895e+00
2.879057077199609921e+03 -3.890837470142039400e+00
2.880573967124372302e+03 -5.982348885157317220e+00
2.882090857049135138e+03 -7.430098152009944279e+00
2.883607746973897974e+03 -8.114439258383505660e+00
2.885124636898660356e+03 -7.974055298174024919e+00
2.886641526823423192e+03 -7.010821298090127662e+00
2.888158416748185573e+03 -5.289712357491390904e+00
2.889675306672948864e+03 -2.933770168097024289e+00
2.891192196597711245e+03 -1.145317673561256494e-01
2.892709086522474081e+03 2.961317496719330311e+00
2.894225976447236917e+03 6.068007784441713071e+00
2.895742866371999298e+03 8.978193953671626204e+00
2.897259756296762134e+03 1.148052765378979778e+01
2.898776646221524516e+03 1.339590879105451826e+01
2.900293536146287806e+03 1.459114159093335772e+01
2.901810426071050188e+03 1.498893015287094421e+01
2.903327315995813024e+03 1.457344202799314914e+01
2.904844205920575405e+03 1.339102234400167468e+01
2.906361095845338241e+03 1.154602698661939897e+01
2.907877985770101077e+03 9.192130472436423005e+00
2.909394875694863458e+03 6.519821551090376310e+00
2.910911765619626749e+03 3.741098848717448355e+00
2.912428655544389130e+03 1.072596325287542562e+00
2.913945545469151966e+03 -1.281513112552983058e+00
2.915462435393914348e+03 -3.145476946263392026e+00
2.916979325318677184e+03 -4.385524345335848118e+00
2.918496215243439565e+03 -4.919966609587295814e+00
2.920013105168202401e+03 -4.725056113379056733e+00
2.921529995092965692e+03 -3.836166416796795708e+00
2.923046885017728073e+03 -2.344232914902438125e+00
2.924563774942490909e+03 -3.877731936257728385e-01
2.926080664867253290e+03 1.858841307802777454e+00
2.927597554792016126e+03 4.199893824159310007e+00
2.929114444716778507e+03 6.434424712527396117e+00
2.930631334641541343e+03 8.372620104743598191e+00
2.932148224566304634e+03 9.851163299423239650e+00
2.933665114491067015e+03 1.074631623865957941e+01
2.935182004415829851e+03 1.098368806742149495e+01
2.936698894340592233e+03 1.054392062933820640e+01
2.938215784265355069e+03 9.463854524518295008e+00
2.939732674190117450e+03 7.833106923034184987e+00
2.941249564114880741e+03 5.786363934229872719e+00
2.942766454039643122e+03 3.492035985967092415e+00
2.944283343964405958e+03 1.138216561200473542e+00
2.945800233889168794e+03 -1.082900618157349282e+00
2.947317123813931175e+03 -2.990870376236086869e+00
2.948834013738694011e+03 -4.431818451343101373e+00
2.950350903663456393e+03 -5.291032997656488490e+00
2.951867793588219683e+03 -5.502306029880864813e+00
2.953384683512982065e+03 -5.053272944043447623e+00
2.954901573437744901e+03 -3.986325784947945650e+00
2.956418463362507737e+03 -2.395037016198223512e+00
2.957935353287270118e+03 -4.163958660629176189e-01
2.959452243212032954e+03 1.780500721575509093e+00
2.960969133136795335e+03 4.008373386848139042e+00
2.962486023061558626e+03 6.077161635168430998e+00
2.964002912986321007e+03 7.809642654451998567e+00
2.965519802911083843e+03 9.055993399597277005e+00
2.967036692835846225e+03 9.706109313751120737e+00
2.968553582760609061e+03 9.698676888701855958e+00
2.970070472685371897e+03 9.026262254358403680e+00
2.971587362610134278e+03 7.736002544482887266e+00
2.973104252534897569e+03 5.925844536765441539e+00
2.974621142459659950e+03 3.736636982609027768e+00
2.976138032384422786e+03 1.340719797256282986e+00
2.977654922309185167e+03 -1.072062383590662638e+00
2.979171812233948003e+03 -3.309785844497364682e+00
2.980688702158710385e+03 -5.194059528010167348e+00
2.982205592083473221e+03 -6.574554749036197521e+00
2.983722482008236511e+03 -7.341272536023050854e+00
2.985239371932998893e+03 -7.433551639343163764e+00
2.986756261857761729e+03 -6.845084357534869213e+00
2.988273151782524110e+03 -5.624530744488382084e+00
2.989790041707286946e+03 -3.871678276252010775e+00
2.991306931632049327e+03 -1.729454815873171736e+00
2.992823821556812163e+03 6.275614661395763072e-01
2.994340711481575454e+03 3.007207831445370072e+00
2.995857601406337835e+03 5.215242281788255774e+00
2.997374491331100671e+03 7.071035507219616711e+00
2.998891381255863053e+03 8.422181002002107064e+00
3.000408271180625889e+03 9.156841854508456890e+00
3.001925161105388270e+03 9.212835169285026993e+00
3.003442051030151561e+03 8.582718245136248925e+00
3.004958940954913942e+03 7.314463241241101699e+00
3.006475830879676778e+03 5.507663051353086203e+00
3.007992720804439614e+03 3.305571726879563244e+00
3.009509610729201995e+03 8.836189332121915374e-01
3.011026500653964831e+03 -1.564677532794824799e+00
3.012543390578727212e+03 -3.843267140915467728e+00
3.014060280503490503e+03 -5.769337394414129960e+00
3.015577170428252884e+03 -7.188029904320499597e+00
3.017094060353015720e+03 -7.984916589078628668e+00
3.018610950277778102e+03 -8.095231216154417098e+00
3.020127840202540938e+03 -7.509112845004630721e+00
3.021644730127303774e+03 -6.272438921961541070e+00
3.023161620052066155e+03 -4.483180905404648087e+00
3.024678509976829446e+03 -2.283575728880928857e+00
3.026195399901591827e+03 1.512569075507919636e-01
3.027712289826354663e+03 2.627335610268198174e+00
3.029229179751117044e+03 4.947348974085523210e+00
3.030746069675879880e+03 6.926449077079592342e+00
3.032262959600642716e+03 8.407037558693234658e+00
3.033779849525405098e+03 9.271356813087496818e+00
3.035296739450168388e+03 9.450876136953233697e+00
3.036813629374930770e+03 8.931721180014559280e+00
3.038330519299693606e+03 7.755713879962049973e+00
3.039847409224455987e+03 6.016943498172653726e+00
3.041364299149218823e+03 3.854148915597513714e+00
3.042881189073981204e+03 1.439529036014683960e+00
3.044398078998744040e+03 -1.035115123382823521e+00
3.045914968923507331e+03 -3.373789349743595345e+00
3.047431858848269712e+03 -5.392025292514434298e+00
3.048948748773032548e+03 -6.931645263278318758e+00
3.050465638697794930e+03 -7.873386686914663812e+00
3.051982528622557766e+03 -8.146373855827937049e+00
3.053499418547320147e+03 -7.733679727679200866e+00
3.055016308472082983e+03 -6.673536311131803345e+00
3.056533198396846274e+03 -5.056103198187894776e+00
3.058050088321608655e+03 -3.016061705935516368e+00
3.059566978246371491e+03 -7.216380358924857630e-01
3.061083868171133872e+03 1.639054206747336151e+00
3.062600758095896708e+03 3.873246945331494828e+00
3.064117648020659090e+03 5.799095312185757578e+00
3.065634537945422380e+03 7.260343217446490804e+00
3.067151427870184762e+03 8.138895154676246690e+00
3.068668317794947598e+03 8.364282997173976497e+00
3.070185207719710434e+03 7.919268304500691968e+00
3.071702097644472815e+03 6.841133399923214675e+00
3.073218987569235651e+03 5.218562913856051644e+00
3.074735877493998032e+03 3.184373478657452239e+00
3.076252767418761323e+03 9.046840855318201147e-01
3.077769657343523704e+03 -1.434593712882366479e+00
3.079286547268286540e+03 -3.642851130117163105e+00
3.080803437193048921e+03 -5.540241485097427088e+00
3.082320327117811757e+03 -6.972253842521904055e+00
3.083837217042574594e+03 -7.822223940692470734e+00
3.085354106967336975e+03 -8.020773024471626655e+00
3.086870996892100266e+03 -7.551414159996159725e+00
3.088387886816862647e+03 -6.451875737876834549e+00
3.089904776741625483e+03 -4.811038098235179916e+00
3.091421666666387864e+03 -2.761733567645458187e+00
3.092938556591150700e+03 -4.699940847255053011e-01
3.094455446515913536e+03 1.878382918688762171e+00
3.095972336440675917e+03 4.092863702257624858e+00
3.097489226365439208e+03 5.993587635105289912e+00
3.099006116290201589e+03 7.425911995947308775e+00
3.100523006214964425e+03 8.272917775185588241e+00
3.102039896139726807e+03 8.464867304319851016e+00
3.103556786064489643e+03 7.984851085194986098e+00
3.105073675989252024e+03 6.870169134947608391e+00
3.106590565914014860e+03 5.209336617655093704e+00
3.108107455838778151e+03 3.134956688008552206e+00
3.109624345763540532e+03 8.130368303581063660e-01
3.111141235688303368e+03 -1.570388341269271182e+00
3.112658125613065749e+03 -3.824247946745761517e+00
3.114175015537828585e+03 -5.767829807755612492e+00
3.115691905462590967e+03 -7.245337909737628479e+00
3.117208795387353803e+03 -8.138438854743688111e+00
3.118725685312116184e+03 -8.375786513459457794e+00
3.120242575236879475e+03 -7.938758219997368748e+00
3.121759465161642311e+03 -6.862941674358804534e+00
3.123276355086404692e+03 -5.235254524935898601e+00
3.124793245011167528e+03 -3.186930730971886838e+00
3.126310134935929909e+03 -8.829408531033580143e-01
3.127827024860693200e+03 1.491299453101477823e+00
3.129343914785455581e+03 3.744860381614522726e+00
3.130860804710218417e+03 5.696664496717760429e+00
3.132377694634981253e+03 7.190050592643644656e+00
3.133894584559743635e+03 8.105362113116084899e+00
3.135411474484506471e+03 8.369547300362647491e+00
3.136928364409268852e+03 7.961999723030407594e+00
3.138445254334032143e+03 6.916171320478038176e+00
3.139962144258794524e+03 5.316831088449155196e+00
3.141479034183557360e+03 3.293193503646723919e+00
3.142995924108319741e+03 1.008473442512406004e+00
3.144512814033082577e+03 -1.353288110016086065e+00
3.146029703957845413e+03 -3.602063988385221904e+00
3.147546593882607795e+03 -5.557149447854652813e+00
3.149063483807371085e+03 -7.061705662224612823e+00
3.150580373732133467e+03 -7.995366995720289971e+00
3.152097263656896303e+03 -8.283897923694077292e+00
3.153614153581658684e+03 -7.905124085958138203e+00
3.155131043506421520e+03 -6.890662879118081285e+00
3.156647933431183901e+03 -5.323317922799854607e+00
3.158164823355946737e+03 -3.330351316935276085e+00
3.159681713280710028e+03 -1.073179654036046315e+00
3.161198603205472409e+03 1.265672491182390447e+00
3.162715493130235245e+03 3.497307562890540567e+00
3.164232383054997626e+03 5.441689327009631150e+00
3.165749272979760462e+03 6.942148106387569406e+00
3.167266162904522844e+03 7.877988451752370835e+00
3.168783052829285680e+03 8.174184766608810548e+00
3.170299942754048971e+03 7.807386063004480903e+00
3.171816832678811352e+03 6.807749258205758380e+00
3.173333722603574188e+03 5.256457131235346303e+00
3.174850612528336569e+03 3.279125062915924538e+00
3.176367502453099405e+03 1.035631916335137070e+00
3.177884392377861786e+03 -1.292801813925146037e+00
3.179401282302624622e+03 -3.518244308454963942e+00
3.180918172227387004e+03 -5.461210157692640621e+00
3.182435062152150294e+03 -6.965123087825322301e+00
3.183951952076913130e+03 -7.908918427252029204e+00
3.185468842001675512e+03 -8.216771142255939964e+00
3.186985731926438348e+03 -7.864167974179564702e+00
3.188502621851200729e+03 -6.879837698693354042e+00
3.190019511775964020e+03 -5.343387915404576027e+00
3.191536401700726401e+03 -3.378843063016237824e+00
3.193053291625489237e+03 -1.144608607055145111e+00
3.194570181550252073e+03 1.179326051235557227e+00
3.196087071475014454e+03 3.405911595253511504e+00
3.197603961399777290e+03 5.356117214305752050e+00
3.199120851324539672e+03 6.873347401439858118e+00
3.200637741249302962e+03 7.836035703783055695e+00
3.202154631174065344e+03 8.167402196434528250e+00
3.203671521098828180e+03 7.841591194903988260e+00
3.205188411023590561e+03 6.885698402343514601e+00
3.206705300948353397e+03 5.377528636884222557e+00
3.208222190873116233e+03 3.439269688087918109e+00
3.209739080797878614e+03 1.227596919100422568e+00
3.211255970722641905e+03 -1.078989562844240080e+00
3.212772860647404286e+03 -3.294571121675729852e+00
3.214289750572167122e+03 -5.240796762348251647e+00
3.215806640496929504e+03 -6.761240430587394101e+00
3.217323530421692340e+03 -7.733972774870432332e+00
3.218840420346454721e+03 -8.081336095423370836e+00
3.220357310271217557e+03 -7.776137999460114969e+00
3.221874200195980848e+03 -6.843769089424544205e+00
3.223391090120743229e+03 -5.360079377819812585e+00
3.224907980045506065e+03 -3.445190427584051918e+00
3.226424869970268446e+03 -1.253747824959383639e+00
3.227941759895031282e+03 1.037594917199774036e+00
3.229458649819793663e+03 3.244447625799730339e+00
3.230975539744556499e+03 5.189556256519224142e+00
3.232492429669319790e+03 6.717076588616399668e+00
3.234009319594082172e+03 7.705098196718737746e+00
3.235526209518845008e+03 8.075410865775271674e+00
3.237043099443607389e+03 7.799729578457484713e+00
3.238559989368370225e+03 6.901881156315551991e+00
3.240076879293132606e+03 5.455782332187514072e+00
3.241593769217895442e+03 3.579379043825479556e+00
3.243110659142657823e+03 1.425042594003538943e+00
3.244627549067421114e+03 -8.327962785564785309e-01
3.246144438992183950e+03 -3.011772432058006821e+00
3.247661328916946331e+03 -4.936326839948680600e+00
3.249178218841709167e+03 -6.451870913234211358e+00
3.250695108766471549e+03 -7.437231222745487536e+00
3.252211998691234839e+03 -7.814371817878527082e+00
3.253728888615997221e+03 -7.554612789354638203e+00
3.255245778540760057e+03 -6.680848031748205074e+00
3.256762668465522438e+03 -5.265589273696817507e+00
3.258279558390285274e+03 -3.425001114930917190e+00
3.259796448315048110e+03 -1.309415727280899278e+00
3.261313338239810491e+03 9.089001293221177225e-01
3.262830228164573782e+03 3.049731970466150521e+00
3.264347118089336163e+03 4.939524020678083716e+00
3.265864008014098999e+03 6.425422322982057288e+00
3.267380897938861381e+03 7.387618793640386983e+00
3.268897787863624217e+03 7.748999479348561259e+00
3.270414677788387053e+03 7.481319744297226570e+00
3.271931567713149434e+03 6.607411224608714662e+00
3.273448457637912725e+03 5.199247246332298289e+00
3.274965347562675106e+03 3.372028925691455736e+00
3.276482237487437942e+03 1.274776191240206025e+00
3.277999127412200323e+03 -9.218095605821582383e-01
3.279516017336963159e+03 -3.039224365854602983e+00
3.281032907261725541e+03 -4.905655368131464300e+00
3.282549797186488377e+03 -6.369913899636399535e+00
3.284066687111251667e+03 -7.313679247027306651e+00
3.285583577036014049e+03 -7.661062398580694932e+00
3.287100466960776885e+03 -7.384717205353737768e+00
3.288617356885539266e+03 -6.508006910550157897e+00
3.290134246810302102e+03 -5.103054140941876149e+00
3.291651136735064483e+03 -3.284836253435084341e+00
3.293168026659827319e+03 -1.201808343386477462e+00
3.294684916584590610e+03 9.761826932492776443e-01
3.296201806509352991e+03 3.071710634383923555e+00
3.297718696434115827e+03 4.914187282529268508e+00
3.299235586358878209e+03 6.353714774994026371e+00
3.300752476283641045e+03 7.273249525970506113e+00
3.302269366208403426e+03 7.598092075367651077e+00
3.303786256133166262e+03 7.301934533040586928e+00
3.305303146057928643e+03 6.408976872015668569e+00
3.306820035982691934e+03 4.991942355170476908e+00
3.308336925907454770e+03 3.166155005821116752e+00
3.309853815832217151e+03 1.080161294036909636e+00
3.311370705756979987e+03 -1.096341757655220128e+00
3.312887595681742368e+03 -3.186291718966738351e+00
3.314404485606505659e+03 -5.019640246880140211e+00
3.315921375531268041e+03 -6.447160217106539193e+00
3.317438265456030877e+03 -7.352560562677699529e+00
3.318955155380793258e+03 -7.661926450345958983e+00
3.320472045305556094e+03 -7.349719584176854781e+00
3.321988935230318930e+03 -6.440852560594099607e+00
3.323505825155081311e+03 -5.008669670874292379e+00
3.325022715079844602e+03 -3.168998534816819479e+00
3.326539605004606983e+03 -1.070755542978939712e+00
3.328056494929369819e+03 1.116132534636920415e+00
3.329573384854132200e+03 3.214510885031895970e+00
3.331090274778895036e+03 5.054364986102108936e+00
3.332607164703657872e+03 6.486609581243200751e+00
3.334124054628420254e+03 7.395180011132564069e+00
3.335640944553183544e+03 7.706445349956805302e+00
