0.000000000000000000e+00 -5.769985175194504379e+00
1.516889924762702568e+00 -5.508963009816093326e+00
3.033779849525405137e+00 -4.748452323679829057e+00
4.550669774288108371e+00 -3.554208837761956730e+00
6.067559699050810273e+00 -2.029613216312811996e+00
7.584449623813513064e+00 -3.069000024228145107e-01
9.101339548576216743e+00 1.464074225670406681e+00
1.061822947333891776e+01 3.128581169390989736e+00
1.213511939810162055e+01 4.540218719270364467e+00
1.365200932286432511e+01 5.573446203617378636e+00
1.516889924762702613e+01 6.134399913023046658e+00
1.668578917238972892e+01 6.169073310239477692e+00
1.820267909715243349e+01 5.668164474090922056e+00
1.971956902191513450e+01 4.668170143822203855e+00
2.123645894667783551e+01 3.248618345109601346e+00
2.275334887144054008e+01 1.525654099870351832e+00
2.427023879620324109e+01 -3.575016158992675996e-01
2.578712872096594566e+01 -2.242436126744006941e+00
2.730401864572865023e+01 -3.968789883728945256e+00
2.882090857049135124e+01 -5.387761114474833413e+00
3.033779849525405226e+01 -6.374742502253546661e+00
3.185468842001675682e+01 -6.840028667389024264e+00
3.337157834477945784e+01 -6.736688229874906675e+00
3.488846826954215885e+01 -6.064925167600278222e+00
3.640535819430486697e+01 -4.872542224870464622e+00
3.792224811906756798e+01 -3.251440663258979402e+00
3.943913804383026900e+01 -1.330419223194532652e+00
4.095602796859297001e+01 7.351563559000470205e-01
4.247291789335567103e+01 2.775979106379714345e+00
4.398980781811837204e+01 4.622692528485941921e+00
4.550669774288108016e+01 6.119907644149543913e+00
4.702358766764378117e+01 7.139187219979642229e+00
4.854047759240648219e+01 7.589916830543180559e+00
5.005736751716919031e+01 7.427149819205905779e+00
5.157425744193189132e+01 6.655756779723943417e+00
5.309114736669459944e+01 5.330510256764298127e+00
5.460803729145730046e+01 3.552067544796249088e+00
5.612492721621999436e+01 1.459151603011446641e+00
5.764181714098270248e+01 -7.824554789429296608e-01
5.915870706574540350e+01 -2.993226271360292401e+00
6.067559699050810451e+01 -4.994433821576766519e+00
6.219248691527081263e+01 -6.622746317641206915e+00
6.370937684003351364e+01 -7.743675853400482367e+00
6.522626676479622176e+01 -8.262772815932212467e+00
6.674315668955891567e+01 -8.133634953257841360e+00
6.826004661432160958e+01 -7.362054925999546029e+00
6.977693653908431770e+01 -6.005941656019998298e+00
7.129382646384702582e+01 -4.170993875327977385e+00
7.281071638860973394e+01 -2.002451067845536947e+00
7.432760631337242785e+01 3.264308289153139975e-01
7.584449623813513597e+01 2.628260470888513556e+00
7.736138616289784409e+01 4.716632728028698374e+00
7.887827608766053800e+01 6.421266961261804518e+00
8.039516601242323190e+01 7.601929479756426744e+00
8.191205593718594002e+01 8.159999524023307416e+00
8.342894586194864814e+01 8.046723344631601549e+00
8.494583578671134205e+01 7.267464955066477827e+00
8.646272571147405017e+01 5.881583830638366095e+00
8.797961563623674408e+01 3.997923313181996008e+00
8.949650556099945220e+01 1.766250170316814527e+00
9.101339548576216032e+01 -6.346833329350736186e-01
9.253028541052485423e+01 -3.011505377458326915e+00
9.404717533528756235e+01 -5.171866598009559723e+00
9.556406526005027047e+01 -6.940096165157031649e+00
9.708095518481296438e+01 -8.171601715299576796e+00
9.859784510957567250e+01 -8.764837619665279078e+00
1.001147350343383806e+02 -8.669856552870244926e+00
1.016316249591010887e+02 -7.892730551419617768e+00
1.031485148838637826e+02 -6.495458142646021393e+00
1.046654048086264908e+02 -4.591337194617739925e+00
1.061822947333891989e+02 -2.336149654487176264e+00
1.076991846581518928e+02 8.415532112623062833e-02
1.092160745829146009e+02 2.468306809762149001e+00
1.107329645076772806e+02 4.615903761678309181e+00
1.122498544324399887e+02 6.343655522618371734e+00
1.137667443572026968e+02 7.500363075338934316e+00
1.152836342819654050e+02 7.979427349816696768e+00
1.168005242067280989e+02 7.727863629778126686e+00
1.183174141314908070e+02 6.751076771057690884e+00
1.198343040562535151e+02 5.112988748843347864e+00
1.213511939810162090e+02 2.931481073791828873e+00
1.228680839057789171e+02 3.694901294744950548e-01
1.243849738305416253e+02 -2.377556694798633963e+00
1.259018637553043192e+02 -5.096980267565308864e+00
1.274187536800670273e+02 -7.575562455174225995e+00
1.289356436048297212e+02 -9.616407863470092465e+00
1.304525335295924435e+02 -1.105461320194181241e+01
1.319694234543551374e+02 -1.177049325911871946e+01
1.334863133791178313e+02 -1.169930312468721212e+01
1.350032033038805253e+02 -1.083667215663079375e+01
1.365200932286432192e+02 -9.239304339081524375e+00
1.380369831534059415e+02 -7.020875062555993473e+00
1.395538730781686354e+02 -4.343435991531025664e+00
1.410707630029313577e+02 -1.404997036945676347e+00
1.425876529276940516e+02 1.575741087196876222e+00
1.441045428524567455e+02 4.376303064570073786e+00
1.456214327772194679e+02 6.787671587479045421e+00
1.471383227019821618e+02 8.630478392901387963e+00
1.486552126267448557e+02 9.768878211197396411e+00
1.501721025515075780e+02 1.012101409269438079e+01
1.516889924762702719e+02 9.665253319778432939e+00
1.532058824010329658e+02 8.441708931771858104e+00
1.547227723257956882e+02 6.548935897816688723e+00
1.562396622505583821e+02 4.136073243466772631e+00
1.577565521753210760e+02 1.391063415116450042e+00
1.592734421000837699e+02 -1.474110873668691202e+00
1.607903320248464638e+02 -4.239998719055774856e+00
1.623072219496091861e+02 -6.696749173464394467e+00
1.638241118743718800e+02 -8.660328339196693648e+00
1.653410017991345740e+02 -9.986611456637547235e+00
1.668578917238972963e+02 -1.058225046237956057e+01
1.683747816486600186e+02 -1.041147888313515324e+01
1.698916715734226841e+02 -9.498343044222103515e+00
1.714085614981853780e+02 -7.924214949714105671e+00
1.729254514229481003e+02 -5.820818307091675692e+00
1.744423413477107943e+02 -3.359354813040456467e+00
1.759592312724734882e+02 -7.366245372963017291e-01
1.774761211972362105e+02 1.840732364555391909e+00
1.789930111219989044e+02 4.172603706527527656e+00
1.805099010467615983e+02 6.081075165926430159e+00
1.820267909715243206e+02 7.424160294868931587e+00
1.835436808962870145e+02 8.106514457484262692e+00
1.850605708210497085e+02 8.086307430384733763e+00
1.865774607458124308e+02 7.377744977068419807e+00
1.880943506705751247e+02 6.049084034687239431e+00
1.896112405953378186e+02 4.216350336383767328e+00
1.911281305201005409e+02 2.033311786707165947e+00
1.926450204448632348e+02 -3.214420815313106528e-01
1.941619103696259288e+02 -2.659238498510097415e+00
1.956788002943886511e+02 -4.796665011672336831e+00
1.971956902191513450e+02 -6.570268533952784651e+00
1.987125801439140389e+02 -7.849425187595560516e+00
2.002294700686767612e+02 -8.546357162896780935e+00
2.017463599934394551e+02 -8.622515865393161505e+00
2.032632499182021775e+02 -8.090855367905653850e+00
2.047801398429648714e+02 -7.013861235159871477e+00
2.062970297677275653e+02 -5.497548938682257358e+00
2.078139196924902876e+02 -3.681974616716783721e+00
2.093308096172529815e+02 -1.729082005248915976e+00
2.108476995420156754e+02 1.910798224139780288e-01
2.123645894667783978e+02 1.914609596206460873e+00
2.138814793915410917e+02 3.297292618399715103e+00
2.153983693163037856e+02 4.226311257266178956e+00
2.169152592410665079e+02 4.629176315674578213e+00
2.184321491658292018e+02 4.479169047014355698e+00
2.199490390905918673e+02 3.796881285161737729e+00
2.214659290153545612e+02 2.647770793576088799e+00
2.229828189401172835e+02 1.135982862828543327e+00
2.244997088648799775e+02 -6.050004852702257629e-01
2.260165987896426714e+02 -2.424061379509703240e+00
2.275334887144053937e+02 -4.165484736951333922e+00
2.290503786391680876e+02 -5.682218756446522967e+00
2.305672685639308099e+02 -6.848232477918722694e+00
2.320841584886935038e+02 -7.568931666347559428e+00
2.336010484134561977e+02 -7.788767556881182941e+00
2.351179383382189201e+02 -7.495418485923012852e+00
2.366348282629816140e+02 -6.720221081203034075e+00
2.381517181877443079e+02 -5.534850184062579004e+00
2.396686081125070302e+02 -4.044567598075112791e+00
2.411854980372697241e+02 -2.378651855086602485e+00
2.427023879620324180e+02 -6.788597000515295132e-01
2.442192778867951404e+02 9.130652735100093231e-01
2.457361678115578343e+02 2.267744373365369714e+00
2.472530577363205282e+02 3.279300609851871329e+00
2.487699476610832505e+02 3.874314963873549011e+00
2.502868375858459444e+02 4.017829473961224807e+00
2.518037275106086383e+02 3.715884086315087487e+00
2.533206174353713607e+02 3.014378208630711597e+00
2.548375073601340546e+02 1.994370218894894853e+00
2.563543972848967769e+02 7.642410739336301662e-01
2.578712872096594424e+02 -5.505753784312779064e-01
2.593881771344221647e+02 -1.819376759585081160e+00
2.609050670591848871e+02 -2.918435921672394073e+00
2.624219569839475525e+02 -3.742603791654484979e+00
2.639388469087102749e+02 -4.215221968286251730e+00
2.654557368334729972e+02 -4.295438991888027580e+00
2.669726267582356627e+02 -3.982247990653806191e+00
2.684895166829983282e+02 -3.314848991690239721e+00
2.700064066077610505e+02 -2.369262369463363438e+00
2.715232965325237728e+02 -1.251453037836208093e+00
2.730401864572864383e+02 -8.753929814896295458e-02
2.745570763820491607e+02 9.880717258774747158e-01
2.760739663068118830e+02 1.845582198401766849e+00
2.775908562315746053e+02 2.372585563927507302e+00
2.791077461563372708e+02 2.485571835020628395e+00
2.806246360810999931e+02 2.139085933785279003e+00
2.821415260058627155e+02 1.331654223982905227e+00
2.836584159306253810e+02 1.078603310420097328e-01
2.851753058553881033e+02 -1.443723657227059087e+00
2.866921957801508256e+02 -3.196687397997125757e+00
2.882090857049134911e+02 -4.996591530588917252e+00
2.897259756296762134e+02 -6.673683087251664148e+00
2.912428655544389358e+02 -8.057491247268973922e+00
2.927597554792016012e+02 -8.992086565008623467e+00
2.942766454039643236e+02 -9.350695619871828512e+00
2.957935353287270459e+02 -9.048381510688617624e+00
2.973104252534897114e+02 -8.051629475086677701e+00
2.988273151782524337e+02 -6.383907597863841765e+00
3.003442051030151561e+02 -4.126587802404193539e+00
3.018610950277778215e+02 -1.414987394171501656e+00
3.033779849525405439e+02 1.570303842127539484e+00
3.048948748773032662e+02 4.616244850616856965e+00
3.064117648020659317e+02 7.493382729113158724e+00
3.079286547268286540e+02 9.973884688577712154e+00
3.094455446515913764e+02 1.185013572060833198e+01
3.109624345763540418e+02 1.295238723103789624e+01
3.124793245011167642e+02 1.316397699268496879e+01
3.139962144258794865e+02 1.243279869243583846e+01
3.155131043506421520e+02 1.077796978835204555e+01
3.170299942754048175e+02 8.291009586556318922e+00
3.185468842001675398e+02 5.131267631449003552e+00
3.200637741249302621e+02 1.515802050250293576e+00
3.215806640496929276e+02 -2.295638433357278796e+00
3.230975539744556499e+02 -6.019463594104671245e+00
3.246144438992183723e+02 -9.369522068718124430e+00
3.261313338239810378e+02 -1.207918413119801748e+01
3.276482237487437601e+02 -1.392249526946311100e+01
3.291651136735064824e+02 -1.473270326546660414e+01
3.306820035982691479e+02 -1.441663275767396257e+01
3.321988935230318702e+02 -1.296367832917429830e+01
3.337157834477945926e+02 -1.044858848840905630e+01
3.352326733725572581e+02 -7.027688186310656171e+00
3.367495632973200372e+02 -2.928699966958675738e+00
3.382664532220827027e+02 1.565166903294711087e+00
3.397833431468453682e+02 6.135724730105728497e+00
3.413002330716080905e+02 1.045339517127014695e+01
3.428171229963707560e+02 1.420208909552598442e+01
3.443340129211335352e+02 1.710345884979870590e+01
3.458509028458962007e+02 1.893862092592112845e+01
3.473677927706589230e+02 1.956561552875984589e+01
3.488846826954215885e+02 1.893117779930021527e+01
3.504015726201843108e+02 1.707582101656617368e+01
3.519184625449469763e+02 1.413174289453107235e+01
3.534353524697097555e+02 1.031362276842600600e+01
3.549522423944724210e+02 5.902936500753145133e+00
3.564691323192351433e+02 1.226933031580047073e+00
3.579860222439978088e+02 -3.366149894005934673e+00
3.595029121687605311e+02 -7.533738606296770612e+00
3.610198020935231966e+02 -1.096538346248309281e+01
3.625366920182859758e+02 -1.340695558206146210e+01
3.640535819430486413e+02 -1.468066454012774180e+01
3.655704718678113636e+02 -1.469928857621175666e+01
3.670873617925740291e+02 -1.347344663151345046e+01
3.686042517173367514e+02 -1.111127649547467655e+01
3.701211416420994169e+02 -7.810474275138611588e+00
3.716380315668621961e+02 -3.843251150094332047e+00
3.731549214916248616e+02 4.646734892489506330e-01
3.746718114163875839e+02 4.759442860068808123e+00
3.761887013411502494e+02 8.686838798772550163e+00
3.777055912659129717e+02 1.192029621823878571e+01
3.792224811906756372e+02 1.418695038140503151e+01
3.807393711154384164e+02 1.528964634178892368e+01
3.822562610402010819e+02 1.512313976653565462e+01
3.837731509649638042e+02 1.368316097294428246e+01
3.852900408897264697e+02 1.106756571044966009e+01
3.868069308144891920e+02 7.469414373175681909e+00
3.883238207392518575e+02 3.162457629384269886e+00
3.898407106640145230e+02 -1.519889291022934019e+00
3.913576005887773022e+02 -6.210477320689346215e+00
3.928744905135399677e+02 -1.053725124417401204e+01
3.943913804383026900e+02 -1.415271985517144415e+01
3.959082703630653555e+02 -1.676174378358159700e+01
3.974251602878280778e+02 -1.814542915739443174e+01
3.989420502125908001e+02 -1.817920414750415148e+01
4.004589401373535225e+02 -1.684359890281153582e+01
4.019758300621161879e+02 -1.422681364516185809e+01
4.034927199868789103e+02 -1.051880112815916135e+01
4.050096099116415758e+02 -5.997258158198008005e+00
4.065264998364043549e+02 -1.006563754078463768e+00
4.080433897611670204e+02 4.068732302179307148e+00
4.095602796859297428e+02 8.833822729014441322e+00
4.110771696106924082e+02 1.291462425536998282e+01
4.125940595354551306e+02 1.598739019824285279e+01
4.141109494602177961e+02 1.780460514688006768e+01
4.156278393849805752e+02 1.821508739662625587e+01
4.171447293097432407e+02 1.717666552590038975e+01
4.186616192345059630e+02 1.476036885878800931e+01
4.201785091592686285e+02 1.114573320042321924e+01
4.216953990840313509e+02 6.607521541023088751e+00
4.232122890087940164e+02 1.494839469348910210e+00
4.247291789335567955e+02 -3.795767082190583785e+00
4.262460688583194610e+02 -8.851157017339069455e+00
4.277629587830821833e+02 -1.327398048367446393e+01
4.292798487078448488e+02 -1.671406505672210940e+01
4.307967386326075712e+02 -1.889632011961184688e+01
4.323136285573702366e+02 -1.964293408433144705e+01
4.338305184821330158e+02 -1.888807286705208455e+01
4.353474084068956813e+02 -1.668386634909004584e+01
4.368642983316584036e+02 -1.319714777991299570e+01
4.383811882564210691e+02 -8.697136352475263621e+00
4.398980781811837346e+02 -3.534968561361599981e+00
4.414149681059464569e+02 1.883367112695890633e+00
4.429318580307091224e+02 7.128606851855852966e+00
4.444487479554719016e+02 1.178184418957778234e+01
4.459656378802345671e+02 1.546758461847737109e+01
4.474825278049972894e+02 1.788361569028649356e+01
4.489994177297599549e+02 1.882531957153634394e+01
4.505163076545226772e+02 1.820247703783653392e+01
4.520331975792853427e+02 1.604719046175857500e+01
4.535500875040481219e+02 1.251224383292223763e+01
4.550669774288107874e+02 7.859966484782916929e+00
4.565838673535735097e+02 2.442415304587993052e+00
4.581007572783361752e+02 -3.325621236378094814e+00
4.596176472030988975e+02 -8.998719544964641770e+00
4.611345371278616199e+02 -1.413552602011699122e+01
4.626514270526243422e+02 -1.833335864092414269e+01
4.641683169773870077e+02 -2.125998485410567085e+01
4.656852069021497300e+02 -2.268006180639655156e+01
4.672020968269123955e+02 -2.247413038940771557e+01
4.687189867516751747e+02 -2.064862837019054354e+01
4.702358766764378402e+02 -1.733608579138764227e+01
4.717527666012005625e+02 -1.278543352205899630e+01
4.732696565259632280e+02 -7.343133198103732440e+00
4.747865464507259503e+02 -1.426562590906238714e+00
4.763034363754886158e+02 4.508292800327468264e+00
4.778203263002513950e+02 1.000233261582767952e+01
4.793372162250140605e+02 1.462924633288349696e+01
4.808541061497767828e+02 1.802901083116091030e+01
4.823709960745394483e+02 1.993633727802565403e+01
4.838878859993021706e+02 2.020180825310769990e+01
4.854047759240648361e+02 1.880401030015379860e+01
4.869216658488275016e+02 1.585166758546835908e+01
4.884385557735902808e+02 1.157556451432045463e+01
4.899554456983529462e+02 6.310847755636503464e+00
4.914723356231156686e+02 4.710579859534114178e-01
4.929892255478783341e+02 -5.484101314544270522e+00
4.945061154726410564e+02 -1.108474877566994898e+01
4.960230053974037219e+02 -1.588774802444281953e+01
4.975398953221665010e+02 -1.951166678662782417e+01
4.990567852469291665e+02 -2.166701268782038881e+01
5.005736751716918889e+02 -2.217934657318365055e+01
5.020905650964545544e+02 -2.100342515864107895e+01
5.036074550212172767e+02 -1.822722388347320077e+01
5.051243449459799422e+02 -1.406548348391346437e+01
5.066412348707427213e+02 -8.843247948819096038e+00
5.081581247955053868e+02 -2.970652288197669577e+00
5.096750147202681092e+02 3.089086576150772423e+00
5.111919046450307746e+02 8.855978731499291712e+00
5.127087945697935538e+02 1.387102385336924293e+01
5.142256844945561625e+02 1.773245525172262660e+01
5.157425744193188848e+02 2.012760110436285999e+01
5.172594643440816071e+02 2.085783294462558501e+01
5.187763542688443295e+02 1.985460683583901442e+01
5.202932441936070518e+02 1.718529765723092950e+01
5.218101341183697741e+02 1.304832737595266323e+01
5.233270240431323828e+02 7.757931361493872302e+00
5.248439139678951051e+02 1.719726342557780008e+00
5.263608038926578274e+02 -4.601025277418934856e+00
5.278776938174205497e+02 -1.071597543123347407e+01
5.293945837421832721e+02 -1.615220410516815619e+01
5.309114736669459944e+02 -2.048964985197941502e+01
5.324283635917086031e+02 -2.339449301286427030e+01
5.339452535164713254e+02 -2.464583478782443748e+01
5.354621434412340477e+02 -2.415353369092237301e+01
5.369790333659966564e+02 -2.196575049738626362e+01
5.384959232907594924e+02 -1.826555985399593496e+01
5.400128132155221010e+02 -1.335684809805647966e+01
5.415297031402848233e+02 -7.640564767802223045e+00
5.430465930650475457e+02 -1.583162806079678742e+00
5.445634829898102680e+02 4.320311372279324047e+00
5.460803729145728767e+02 9.585582010877638837e+00
5.475972628393357127e+02 1.377785820835025987e+01
5.491141527640983213e+02 1.654682989332977172e+01
5.506310426888610436e+02 1.765515546754324916e+01
5.521479326136237660e+02 1.699815070241025339e+01
5.536648225383864883e+02 1.461307131901634371e+01
5.551817124631492106e+02 1.067719470118976410e+01
5.566986023879119330e+02 5.494785920529544399e+00
5.582154923126745416e+02 -5.260893126956537325e-01
5.597323822374372639e+02 -6.905136146812047571e+00
5.612492721621999863e+02 -1.312734713051148283e+01
5.627661620869627086e+02 -1.868354229944789324e+01
5.642830520117254309e+02 -2.311075672640841461e+01
5.657999419364881533e+02 -2.602929348804797272e+01
5.673168318612507619e+02 -2.717350428753951164e+01
5.688337217860134842e+02 -2.641383647354653519e+01
5.703506117107762066e+02 -2.376835753881216462e+01
5.718675016355389289e+02 -1.940278444378717637e+01
5.733843915603016512e+02 -1.361894183894949784e+01
5.749012814850643736e+02 -6.832480411052349822e+00
5.764181714098269822e+02 4.584670014755080625e-01
5.779350613345897045e+02 7.711294872507622244e+00
5.794519512593524269e+02 1.438066874300674414e+01
5.809688411841151492e+02 1.996076443007306978e+01
5.824857311088778715e+02 2.402470847279543520e+01
5.840026210336404802e+02 2.625812778638478306e+01
5.855195109584032025e+02 2.648416148704885487e+01
5.870364008831659248e+02 2.467794179087187700e+01
5.885532908079286472e+02 2.096936343148630755e+01
5.900701807326912558e+02 1.563386922795045386e+01
5.915870706574540918e+02 9.071912595672005253e+00
5.931039605822167005e+02 1.778643056766015196e+00
5.946208505069794228e+02 -5.693871201132449933e+00
5.961377404317421451e+02 -1.277897937539696649e+01
5.976546303565048674e+02 -1.893907249656201586e+01
5.991715202812674761e+02 -2.370711393695746594e+01
6.006884102060303121e+02 -2.672284483180137471e+01
6.022053001307929208e+02 -2.776083678356572193e+01
6.037221900555556431e+02 -2.674818933156063849e+01
6.052390799803183654e+02 -2.377046823377279239e+01
6.067559699050810877e+02 -1.906539080800687813e+01
6.082728598298436964e+02 -1.300471571491294753e+01
6.097897497546065324e+02 -6.065712563581397987e+00
6.113066396793691410e+02 1.205600082080874325e+00
6.128235296041318634e+02 8.236614966863566423e+00
6.143404195288945857e+02 1.447243568023045235e+01
6.158573094536573080e+02 1.941888352539081808e+01
6.173741993784200304e+02 2.268087355336926336e+01
6.188910893031827527e+02 2.399317527949115814e+01
6.204079792279453613e+02 2.324116010817615319e+01
6.219248691527080837e+02 2.046991152139084136e+01
6.234417590774708060e+02 1.588097563290117620e+01
6.249586490022335283e+02 9.816988733215691099e+00
6.264755389269962507e+02 2.735360325278623606e+00
6.279924288517589730e+02 -4.826958505955000867e+00
6.295093187765215816e+02 -1.229489714961536251e+01
6.310262087012843040e+02 -1.909967050774624298e+01
6.325430986260470263e+02 -2.472272540203351099e+01
6.340599885508096349e+02 -2.873582004462990369e+01
6.355768784755724710e+02 -3.083412667407948859e+01
6.370937684003350796e+02 -3.085978789492289209e+01
6.386106583250978019e+02 -2.881409778230177920e+01
6.401275482498605243e+02 -2.485736184906911461e+01
6.416444381746232466e+02 -1.929644681221697766e+01
6.431613280993858552e+02 -1.256098724721102222e+01
6.446782180241486913e+02 -5.170097224529011548e+00
6.461951079489112999e+02 2.307827732042074143e+00
6.477119978736740222e+02 9.299096954175569252e+00
6.492288877984367446e+02 1.526908462481524964e+01
6.507457777231994669e+02 1.976352140218805786e+01
6.522626676479620755e+02 2.244351589203546027e+01
6.537795575727249116e+02 2.311159341399799771e+01
6.552964474974875202e+02 2.172673946520640698e+01
6.568133374222502425e+02 1.840729134048073945e+01
6.583302273470129649e+02 1.342146674726489231e+01
6.598471172717756872e+02 7.166279251668026262e+00
6.613640071965382958e+02 1.364921387809753528e-01
6.628808971213011318e+02 -7.113965427018345444e+00
6.643977870460637405e+02 -1.401511323521648755e+01
6.659146769708264628e+02 -2.002521101243313240e+01
6.674315668955891852e+02 -2.467278411032447494e+01
6.689484568203519075e+02 -2.759312380479251914e+01
6.704653467451145161e+02 -2.855643692826537361e+01
6.719822366698773521e+02 -2.748547358773740967e+01
6.734991265946400745e+02 -2.446128366386637509e+01
6.750160165194026831e+02 -1.971667830896737073e+01
6.765329064441654054e+02 -1.361792944825315388e+01
6.780497963689280141e+02 -6.636153700350093665e+00
6.795666862936907364e+02 6.893739561948730721e-01
6.810835762184535724e+02 7.793109095106274253e+00
6.826004661432161811e+02 1.412706403248981069e+01
6.841173560679789034e+02 1.920316361274794659e+01
6.856342459927415121e+02 2.263084629845145557e+01
6.871511359175043481e+02 2.414700518312246658e+01
6.886680258422670704e+02 2.363596779041760598e+01
6.901849157670296790e+02 2.113799538056333915e+01
6.917018056917924014e+02 1.684568046993503998e+01
6.932186956165551237e+02 1.108856497310643796e+01
6.947355855413178460e+02 4.307216994264890353e+00
6.962524754660804547e+02 -2.981179589187912704e+00
6.977693653908431770e+02 -1.022301543716302774e+01
6.992862553156060130e+02 -1.687107893621132249e+01
7.008031452403686217e+02 -2.242667270160147552e+01
7.023200351651313440e+02 -2.647775267148834644e+01
7.038369250898939526e+02 -2.873014305852014516e+01
7.053538150146567887e+02 -2.902943334049315993e+01
7.068707049394195110e+02 -2.737190126227816833e+01
7.083875948641821196e+02 -2.390367008854480346e+01
7.099044847889448420e+02 -1.890823097125061025e+01
7.114213747137075643e+02 -1.278336980664722233e+01
7.129382646384702866e+02 -6.009361229484616373e+00
7.144551545632328953e+02 8.890337737203307666e-01
7.159720444879956176e+02 7.383758014810974046e+00
7.174889344127584536e+02 1.298459321540058298e+01
7.190058243375210623e+02 1.727701849220541419e+01
7.205227142622837846e+02 1.995384457514695953e+01
7.220396041870463932e+02 2.083818028372542841e+01
7.235564941118092293e+02 1.989598165219505432e+01
7.250733840365719516e+02 1.723726236721356031e+01
7.265902739613345602e+02 1.310594119935094071e+01
7.281071638860972826e+02 7.859197033306174696e+00
7.296240538108598912e+02 1.938024506717155093e+00
7.311409437356227272e+02 -4.168631314664658305e+00
7.326578336603853359e+02 -9.963287824536035231e+00
7.341747235851480582e+02 -1.497974566974868438e+01
7.356916135099107805e+02 -1.882016037734544156e+01
7.372085034346735029e+02 -2.118643960936552162e+01
7.387253933594362252e+02 -2.190350278387299809e+01
7.402422832841988338e+02 -2.093259453947808879e+01
7.417591732089615562e+02 -1.837363869229954005e+01
7.432760631337243922e+02 -1.445649167195902862e+01
7.447929530584870008e+02 -9.521834777370727920e+00
7.463098429832497231e+02 -3.993263403383274568e+00
7.478267329080123318e+02 1.657175827576967020e+00
7.493436228327751678e+02 6.947236673283894604e+00
7.508605127575378901e+02 1.142345813247241182e+01
7.523774026823004988e+02 1.469777764705610679e+01
7.538942926070632211e+02 1.647886419883937492e+01
7.554111825318259434e+02 1.659568896508454117e+01
7.569280724565886658e+02 1.501147262364735724e+01
7.584449623813512744e+02 1.182691548075059984e+01
7.599618523061139967e+02 7.272468309820248500e+00
7.614787422308768328e+02 1.690270600233155784e+00
7.629956321556394414e+02 -4.492799882821794100e+00
7.645125220804021637e+02 -1.079882117344249437e+01
7.660294120051647724e+02 -1.673658976261475217e+01
7.675463019299276084e+02 -2.184045938468619497e+01
7.690631918546903307e+02 -2.570718322285515356e+01
7.705800817794529394e+02 -2.802784947283763373e+01
7.720969717042156617e+02 -2.861239232755838557e+01
7.736138616289783840e+02 -2.740475053477411649e+01
7.751307515537411064e+02 -2.448748668202111034e+01
7.766476414785037150e+02 -2.007551344024167150e+01
7.781645314032664373e+02 -1.449943219846497300e+01
7.796814213280290460e+02 -8.179807008795680900e+00
7.811983112527918820e+02 -1.594408165728147253e+00
7.827152011775546043e+02 4.758990762251412043e+00
7.842320911023172130e+02 1.040133395634498292e+01
7.857489810270799353e+02 1.490948071887601500e+01
7.872658709518427713e+02 1.794896404498716436e+01
7.887827608766053800e+02 1.929975097044327725e+01
7.902996508013681023e+02 1.887300151020412642e+01
7.918165407261307109e+02 1.671753538509876691e+01
7.933334306508935470e+02 1.301552771066588932e+01
7.948503205756561556e+02 8.067802160948007284e+00
7.963672105004188779e+02 2.269905994563536478e+00
7.978841004251816003e+02 -3.919128402396943489e+00
7.994009903499443226e+02 -1.001286255321406315e+01
8.009178802747070449e+02 -1.553552662887079450e+01
8.024347701994696536e+02 -2.005909795912882743e+01
8.039516601242323759e+02 -2.323648009814550974e+01
8.054685500489952119e+02 -2.482819592545348897e+01
8.069854399737578206e+02 -2.472052724370701426e+01
8.085023298985205429e+02 -2.293371304263453325e+01
8.100192198232831515e+02 -1.961960496301460566e+01
8.115361097480459875e+02 -1.504900923309781646e+01
8.130529996728087099e+02 -9.589753908303096708e+00
8.145698895975713185e+02 -3.677244975838672048e+00
8.160867795223340408e+02 2.220141940789807755e+00
8.176036694470967632e+02 7.638091292476208771e+00
8.191205593718594855e+02 1.215287688684541578e+01
8.206374492966220942e+02 1.541452065568469187e+01
8.221543392213848165e+02 1.717398819811684518e+01
8.236712291461476525e+02 1.730230863648425199e+01
8.251881190709102611e+02 1.580015079440781278e+01
8.267050089956729835e+02 1.279714498004293866e+01
8.282218989204355921e+02 8.541049630920763747e+00
8.297387888451983144e+02 3.377660746522779256e+00
8.312556787699611505e+02 -2.276913442186661030e+00
8.327725686947237591e+02 -7.969396473291836536e+00
8.342894586194864814e+02 -1.324527364193658485e+01
8.358063485442490901e+02 -1.768466777925003086e+01
8.373232384690119261e+02 -2.093533759204148836e+01
8.388401283937745347e+02 -2.274021442657270242e+01
8.403570183185372571e+02 -2.295733469366271606e+01
8.418739082432998657e+02 -2.157063315144650772e+01
8.433907981680627017e+02 -1.869078812988738392e+01
8.449076880928254241e+02 -1.454609587783098057e+01
8.464245780175880327e+02 -9.464135330845454774e+00
8.479414679423507550e+02 -3.845705006137727811e+00
8.494583578671135911e+02 1.866885975912644380e+00
8.509752477918761997e+02 7.224657223085159785e+00
8.524921377166389220e+02 1.180717776388855356e+01
8.540090276414015307e+02 1.525540302855800334e+01
8.555259175661643667e+02 1.729956447058279423e+01
8.570428074909269753e+02 1.777995008451941672e+01
8.585596974156896977e+02 1.665898372128037153e+01
8.600765873404524200e+02 1.402370271010493852e+01
8.615934772652151423e+02 1.007849172915833336e+01
8.631103671899778647e+02 5.128696030974398745e+00
8.646272571147404733e+02 -4.435512527414766093e-01
8.661441470395031956e+02 -6.209350632431223538e+00
8.676610369642660316e+02 -1.172652314767151971e+01
8.691779268890286403e+02 -1.657392296710124668e+01
8.706948168137913626e+02 -2.038388898960465312e+01
8.722117067385539713e+02 -2.287031315325716818e+01
8.737285966633168073e+02 -2.385016469833046671e+01
8.752454865880795296e+02 -2.325683847503994883e+01
8.767623765128421383e+02 -2.114434871105208202e+01
8.782792664376048606e+02 -1.768211509401405479e+01
8.797961563623674692e+02 -1.314082787911733519e+01
8.813130462871303052e+02 -7.870574560615502868e+00
8.828299362118929139e+02 -2.273007897995278359e+00
8.843468261366556362e+02 3.230212609640730648e+00
8.858637160614182449e+02 8.230200931065478898e+00
8.873806059861810809e+02 1.236226839952309930e+01
8.888974959109438032e+02 1.533354401948934331e+01
8.904143858357064119e+02 1.694466647571249140e+01
8.919312757604691342e+02 1.710391048770370404e+01
8.934481656852319702e+02 1.583272236476651429e+01
8.949650556099945788e+02 1.326232718838515368e+01
8.964819455347573012e+02 9.621777895886983956e+00
8.979988354595199098e+02 5.218488408347687013e+00
8.995157253842827458e+02 4.128758908770009950e-01
9.010326153090453545e+02 -4.410814201479174912e+00
9.025495052338080768e+02 -8.875146863683754717e+00
9.040663951585706855e+02 -1.263915636324508007e+01
9.055832850833335215e+02 -1.542468613680159173e+01
9.071001750080962438e+02 -1.703736032528677313e+01
9.086170649328588524e+02 -1.738058723675764838e+01
9.101339548576215748e+02 -1.646156762340110191e+01
9.116508447823844108e+02 -1.438892936925391197e+01
9.131677347071470194e+02 -1.136228257005108944e+01
9.146846246319097418e+02 -7.654631160934920686e+00
9.162015145566723504e+02 -3.589138193000994459e+00
9.177184044814351864e+02 4.878225217011780135e-01
9.192352944061977951e+02 4.235119090294060307e+00
9.207521843309605174e+02 7.344512380984152600e+00
9.222690742557232397e+02 9.565287872073632514e+00
9.237859641804858484e+02 1.072391742283488725e+01
9.253028541052486844e+02 1.073722008718261556e+01
9.268197440300112930e+02 9.618030337168447019e+00
9.283366339547740154e+02 7.472995988168027459e+00
9.298535238795366240e+02 4.492766726220614792e+00
9.313704138042994600e+02 9.354458580699166470e-01
9.328873037290621824e+02 -2.895286259063248213e+00
9.344041936538247910e+02 -6.675551198066756342e+00
9.359210835785875133e+02 -1.008806151006008101e+01
9.374379735033503493e+02 -1.284813230499438674e+01
9.389548634281129580e+02 -1.472681014735421101e+01
9.404717533528756803e+02 -1.556926579230993646e+01
9.419886432776382890e+02 -1.530699677190272112e+01
9.435055332024011250e+02 -1.396289962981638588e+01
9.450224231271637336e+02 -1.164885728680031995e+01
9.465393130519264560e+02 -8.556096697620100500e+00
9.480562029766890646e+02 -4.939156150085377561e+00
9.495730929014519006e+02 -1.094813193562667486e+00
9.510899828262146229e+02 2.662277590002948724e+00
9.526068727509772316e+02 6.025234339281226426e+00
9.541237626757399539e+02 8.719793398783775018e+00
9.556406526005027899e+02 1.052633987061715004e+01
9.571575425252653986e+02 1.129735617339302856e+01
9.586744324500281209e+02 1.096890672025136126e+01
9.601913223747907296e+02 9.565271320104351105e+00
9.617082122995535656e+02 7.196402828907191740e+00
9.632251022243161742e+02 4.048469762794175253e+00
9.647419921490788965e+02 3.683043616449319102e-01
9.662588820738415052e+02 -3.556934337845201632e+00
9.677757719986043412e+02 -7.423193760891767745e+00
9.692926619233670635e+02 -1.093412967859574536e+01
9.708095518481296722e+02 -1.382486852369041230e+01
9.723264417728923945e+02 -1.588300552015888201e+01
9.738433316976550032e+02 -1.696515376874639358e+01
9.753602216224178392e+02 -1.700773483314299028e+01
9.768771115471805615e+02 -1.603118095359360495e+01
9.783940014719431701e+02 -1.413726301019825371e+01
9.799108913967058925e+02 -1.149982198104336995e+01
9.814277813214686148e+02 -8.349718757685954174e+00
9.829446712462313371e+02 -4.955284078293269445e+00
9.844615611709940595e+02 -1.599909272371642377e+00
9.859784510957566681e+02 1.441359246203633093e+00
9.874953410205195041e+02 3.924290658038418478e+00
9.890122309452821128e+02 5.655165188896035922e+00
9.905291208700448351e+02 6.506095144487321846e+00
9.920460107948074437e+02 6.424743517379988056e+00
9.935629007195702798e+02 5.437682178253702148e+00
9.950797906443330021e+02 3.647161462911498120e+00
9.965966805690956107e+02 1.221608735380781630e+00
9.981135704938583331e+02 -1.619309689046160683e+00
9.996304604186211691e+02 -4.623783422242578212e+00
1.001147350343383778e+03 -7.529492109036944214e+00
1.002664240268146500e+03 -1.008595856848053707e+01
1.004181130192909109e+03 -1.207574948847346974e+01
1.005698020117671945e+03 -1.333275595411359937e+01
1.007214910042434553e+03 -1.375603587449198173e+01
1.008731799967197276e+03 -1.331807516464357555e+01
1.010248689891959884e+03 -1.206679309256798582e+01
1.011765579816722720e+03 -1.012114062191418107e+01
1.013282469741485443e+03 -7.660675533631486012e+00
1.014799359666248051e+03 -4.910000381045118267e+00
1.016316249591010774e+03 -2.119377460517513967e+00
1.017833139515773610e+03 4.568463466236579729e-01
1.019350029440536218e+03 2.582189053647653942e+00
1.020866919365298941e+03 4.058509408976480159e+00
1.022383809290061549e+03 4.743282436800214441e+00
1.023900699214824272e+03 4.562212789179533878e+00
1.025417589139587108e+03 3.516110473371246936e+00
1.026934479064349716e+03 1.681429833015903874e+00
1.028451368989112325e+03 -7.956003940059234170e-01
1.029968258913874934e+03 -3.710793978669248983e+00
1.031485148838637770e+03 -6.818811842132380008e+00
1.033002038763400606e+03 -9.853575933442972001e+00
1.034518928688163214e+03 -1.255060730096199251e+01
1.036035818612925823e+03 -1.466943506896112126e+01
1.037552708537688659e+03 -1.601420733000846752e+01
1.039069598462451268e+03 -1.645077356757887088e+01
1.040586488387214104e+03 -1.591879023596379916e+01
1.042103378311976712e+03 -1.443780386306858254e+01
1.043620268236739548e+03 -1.210675686783024219e+01
1.045137158161502157e+03 -9.096900251174673713e+00
1.046654048086264766e+03 -5.638640420075983428e+00
1.048170938011027602e+03 -2.003350153860943728e+00
1.049687827935790210e+03 1.518405211621613127e+00
1.051204717860553046e+03 4.640470723026762556e+00
1.052721607785315655e+03 7.104615526379608248e+00
1.054238497710078263e+03 8.702032158110995397e+00
1.055755387634841099e+03 9.291046458460547441e+00
1.057272277559603708e+03 8.809559009880645775e+00
1.058789167484366544e+03 7.281157061353465743e+00
1.060306057409129153e+03 4.814342738409061795e+00
1.061822947333891989e+03 1.594878195229648687e+00
1.063339837258654597e+03 -2.128193576117439534e+00
1.064856727183417206e+03 -6.061777548563513029e+00
1.066373617108180042e+03 -9.891698378927982205e+00
1.067890507032942651e+03 -1.330759578805376719e+01
1.069407396957705487e+03 -1.602775701776163686e+01
1.070924286882468095e+03 -1.782189184951043259e+01
1.072441176807230704e+03 -1.853000847520552696e+01
1.073958066731993313e+03 -1.807585041144033866e+01
1.075474956656756149e+03 -1.647378192869896907e+01
1.076991846581518985e+03 -1.382852821687162148e+01
1.078508736506281593e+03 -1.032774533266883310e+01
1.080025626431044202e+03 -6.227968311583159000e+00
1.081542516355807038e+03 -1.835017611383592095e+00
1.083059406280569647e+03 2.519608572828491155e+00
1.084576296205332483e+03 6.504501811647594778e+00
1.086093186130095091e+03 9.814236878981400736e+00
1.087610076054857927e+03 1.219333969995960132e+01
1.089126965979620536e+03 1.345642473290223862e+01
1.090643855904383145e+03 1.350289564744213067e+01
1.092160745829145753e+03 1.232503111786793326e+01
1.093677635753908589e+03 1.000880055305104932e+01
1.095194525678671425e+03 6.727330968128924837e+00
1.096711415603434034e+03 2.727529948160326345e+00
1.098228305528196643e+03 -1.689085927206691817e+00
1.099745195452959479e+03 -6.189846342903413401e+00
1.101262085377722087e+03 -1.043681380302103356e+01
1.102778975302484923e+03 -1.411305496524362013e+01
1.104295865227247532e+03 -1.694721918997137422e+01
1.105812755152010368e+03 -1.873448138559077591e+01
1.107329645076772977e+03 -1.935219591685774887e+01
1.108846535001535585e+03 -1.876902997753277091e+01
1.110363424926298421e+03 -1.704686473085684639e+01
1.111880314851061030e+03 -1.433532911671061605e+01
1.113397204775823866e+03 -1.085941837321447778e+01
1.114914094700586475e+03 -6.901200020726291129e+00
1.116430984625349083e+03 -2.777080214305787997e+00
1.117947874550111692e+03 1.187544656773490637e+00
1.119464764474874528e+03 4.684220625968851692e+00
1.120981654399637364e+03 7.445879732514572247e+00
1.122498544324399973e+03 9.267844517494649992e+00
1.124015434249162581e+03 1.002372291918042890e+01
1.125532324173925417e+03 9.674936227702751523e+00
1.127049214098688026e+03 8.273136367318466355e+00
1.128566104023450862e+03 5.955341513317581992e+00
1.130082993948213471e+03 2.932204870757423532e+00
1.131599883872976307e+03 -5.296167503422841705e-01
1.133116773797738915e+03 -4.129554486962625504e+00
1.134633663722501524e+03 -7.557881995164560607e+00
1.136150553647264132e+03 -1.052112399299692314e+01
1.137667443572026968e+03 -1.276605987245958751e+01
1.139184333496789804e+03 -1.410037967185819063e+01
1.140701223421552413e+03 -1.440832252837023653e+01
1.142218113346315022e+03 -1.366003517282632984e+01
1.143735003271077858e+03 -1.191389722099893689e+01
1.145251893195840466e+03 -9.311629895089978959e+00
1.146768783120603302e+03 -6.066589416545363989e+00
1.148285673045365911e+03 -2.446198490293668204e+00
1.149802562970128747e+03 1.250055506334998290e+00
1.151319452894891356e+03 4.715267178462594799e+00
1.152836342819653964e+03 7.660400765319666405e+00
1.154353232744416573e+03 9.838161448799770170e+00
1.155870122669179409e+03 1.106350580718755339e+01
1.157387012593942245e+03 1.122911706556666900e+01
1.158903902518704854e+03 1.031457661699167438e+01
1.160420792443467462e+03 8.388472142047811886e+00
1.161937682368230298e+03 5.603253577576942313e+00
1.163454572292992907e+03 2.183235176099620034e+00
1.164971462217755743e+03 -1.593302386431003193e+00
1.166488352142518352e+03 -5.416476326763570270e+00
1.168005242067280960e+03 -8.969834327411536634e+00
1.169522131992043796e+03 -1.195603706156524559e+01
1.171039021916806405e+03 -1.412111469306848832e+01
1.172555911841569241e+03 -1.527533107176705940e+01
1.174072801766331850e+03 -1.530895784118968805e+01
1.175589691691094686e+03 -1.420166660555159766e+01
1.177106581615857294e+03 -1.202475820798297157e+01
1.178623471540619903e+03 -8.936023099267881520e+00
1.180140361465382512e+03 -5.167619563939269689e+00
1.181657251390145348e+03 -1.007919552390867279e+00
1.183174141314908184e+03 3.221240294873897625e+00
1.184691031239670792e+03 7.190091515085450524e+00
1.186207921164433401e+03 1.058721106240873411e+01
1.187724811089196237e+03 1.314443814803563271e+01
1.189241701013958846e+03 1.465842954905071949e+01
1.190758590938721682e+03 1.500711675474258655e+01
1.192275480863484290e+03 1.415973272597858568e+01
1.193792370788247126e+03 1.217958813638841420e+01
1.195309260713009735e+03 9.219355832939122308e+00
1.196826150637772344e+03 5.509221570684296410e+00
1.198343040562534952e+03 1.338830809648838160e+00
1.199859930487297788e+03 -2.965540373952393338e+00
1.201376820412060624e+03 -7.066777468086850256e+00
1.202893710336823233e+03 -1.064362978540386884e+01
1.204410600261585842e+03 -1.341619355359131305e+01
1.205927490186348678e+03 -1.516814065838264725e+01
1.207444380111111286e+03 -1.576391493756968032e+01
1.208961270035874122e+03 -1.515951762220763044e+01
1.210478159960636731e+03 -1.340601401065063314e+01
1.211995049885399567e+03 -1.064547400102747865e+01
1.213511939810162175e+03 -7.099663303195163699e+00
1.215028829734924784e+03 -3.052381665510618625e+00
1.216545719659687393e+03 1.173147122082679017e+00
1.218062609584450229e+03 5.240032107121802341e+00
1.219579499509213065e+03 8.824564699685387481e+00
1.221096389433975673e+03 1.164201776123767829e+01
1.222613279358738282e+03 1.346933362484550045e+01
1.224130169283500891e+03 1.416288770122005758e+01
1.225647059208263727e+03 1.366990679148723764e+01
1.227163949133026563e+03 1.203262758237075580e+01
1.228680839057789171e+03 9.384860615157482044e+00
1.230197728982551780e+03 5.941231963578506026e+00
1.231714618907314616e+03 1.979960394805352797e+00
1.233231508832077225e+03 -2.179454927012111298e+00
1.234748398756840061e+03 -6.201853518634186990e+00
1.236265288681602669e+03 -9.763291476025695914e+00
1.237782178606365505e+03 -1.257702857159166498e+01
1.239299068531128114e+03 -1.441654510666218947e+01
1.240815958455890723e+03 -1.513374556301644347e+01
1.242332848380653331e+03 -1.467089006052678180e+01
1.243849738305416167e+03 -1.306529542965829371e+01
1.245366628230179003e+03 -1.044642535357259661e+01
1.246883518154941612e+03 -7.025597370864067770e+00
1.248400408079704221e+03 -3.079124932568556794e+00
1.249917298004467057e+03 1.073762029005323804e+00
1.251434187929229665e+03 5.096456446985924593e+00
1.252951077853992501e+03 8.661934297464853216e+00
1.254467967778755110e+03 1.147898183522592674e+01
1.255984857703517946e+03 1.331559346088703855e+01
1.257501747628280555e+03 1.401766863204331770e+01
1.259018637553043163e+03 1.352151063590435243e+01
1.260535527477805772e+03 1.185912412812626471e+01
1.262052417402568608e+03 9.155882662494587265e+00
1.263569307327331444e+03 5.620746126792941055e+00
1.265086197252094053e+03 1.529802453565321851e+00
1.266603087176856661e+03 -2.795559277830356404e+00
1.268119977101619270e+03 -7.014108724244003668e+00
1.269636867026382106e+03 -1.079184145883119683e+01
1.271153756951144942e+03 -1.382849927706082482e+01
1.272670646875907551e+03 -1.588143278337850006e+01
1.274187536800670159e+03 -1.678490705215618206e+01
1.275704426725432995e+03 -1.646331417234094374e+01
1.277221316650195604e+03 -1.493724186031597689e+01
1.278738206574958213e+03 -1.232191628464429023e+01
1.280255096499721049e+03 -8.818144359500523777e+00
1.281771986424483885e+03 -4.696477579170227123e+00
1.283288876349246493e+03 -2.758583839322292230e-01
1.284805766274009102e+03 4.101551878094031878e+00
1.286322656198771710e+03 8.097361961871884617e+00
1.287839546123534546e+03 1.140361262097077777e+01
1.289356436048297383e+03 1.376699558367790743e+01
1.290873325973059991e+03 1.500871060464713125e+01
1.292390215897822600e+03 1.503839102304767650e+01
1.293907105822585436e+03 1.386100228345805263e+01
1.295423995747348044e+03 1.157617852591790353e+01
1.296940885672110880e+03 8.370064789918636450e+00
1.298457775596873489e+03 4.500328485556921443e+00
1.299974665521636325e+03 2.755460136202769750e-01
1.301491555446398934e+03 -3.969384416808362293e+00
1.303008445371161542e+03 -7.899839986898693489e+00
1.304525335295924151e+03 -1.120796112344285689e+01
1.306042225220686987e+03 -1.363692438419277231e+01
1.307559115145449823e+03 -1.500107637701759344e+01
1.309076005070212432e+03 -1.520033942272249305e+01
1.310592894994975040e+03 -1.422776041974854877e+01
1.312109784919737649e+03 -1.216962409831925207e+01
1.313626674844500485e+03 -9.198146453115919385e+00
1.315143564769263321e+03 -5.557356002207776591e+00
1.316660454694025930e+03 -1.543312331157219441e+00
1.318177344618788538e+03 2.519740062976635997e+00
1.319694234543551374e+03 6.305364971637074767e+00
1.321211124468313983e+03 9.510991603657517501e+00
1.322728014393076592e+03 1.188195412296849973e+01
1.324244904317839428e+03 1.323160019110628127e+01
1.325761794242602264e+03 1.345587587730200951e+01
1.327278684167364872e+03 1.254124164566616351e+01
1.328795574092127481e+03 1.056531189735854248e+01
1.330312464016890090e+03 7.690195408412795253e+00
1.331829353941652926e+03 4.149098953578567617e+00
1.333346243866415762e+03 2.272945334919904692e-01
1.334863133791178370e+03 -3.761001121349860643e+00
1.336380023715940979e+03 -7.497963449930369784e+00
1.337896913640703815e+03 -1.068767058199220266e+01
1.339413803565466424e+03 -1.307973780085202620e+01
1.340930693490229032e+03 -1.448918406016984406e+01
1.342447583414991868e+03 -1.481094804835608336e+01
1.343964473339754704e+03 -1.402790700651441469e+01
1.345481363264517313e+03 -1.221177819103394135e+01
1.346998253189280149e+03 -9.516857933890982224e+00
1.348515143114042758e+03 -6.167130297151214968e+00
1.350032033038805366e+03 -2.437809888046417850e+00
1.351548922963568202e+03 1.367171279571549158e+00
1.353065812888330811e+03 4.939900585454361170e+00
1.354582702813093420e+03 7.993439170784207626e+00
1.356099592737856028e+03 1.028497624913874553e+01
1.357616482662618864e+03 1.163531704236075193e+01
1.359133372587381473e+03 1.194313960487198756e+01
1.360650262512144309e+03 1.119288300428513772e+01
1.362167152436907145e+03 9.455647414724161592e+00
1.363684042361669754e+03 6.883053644836319762e+00
1.365200932286432362e+03 3.694579587183369984e+00
1.366717822211194971e+03 1.594179967138922571e-01
1.368234712135957807e+03 -3.425658610205392307e+00
1.369751602060720415e+03 -6.760619819078040216e+00
1.371268491985483024e+03 -9.566706249556522934e+00
1.372785381910246088e+03 -1.160917283754647400e+01
1.374302271835008696e+03 -1.271640208380831893e+01
1.375819161759771305e+03 -1.279384035484163284e+01
1.377336051684534141e+03 -1.183163265836186540e+01
1.378852941609296749e+03 -9.905344189015369949e+00
1.380369831534059358e+03 -7.169718738082755394e+00
1.381886721458821967e+03 -3.845989258958517176e+00
1.383403611383584803e+03 -2.037787223073256049e-01
1.384920501308347639e+03 3.460932408351930167e+00
1.386437391233110247e+03 6.849977606182072520e+00
1.387954281157873083e+03 9.687347720278820518e+00
1.389471171082635692e+03 1.174172669385701262e+01
1.390988061007398301e+03 1.284538752328846023e+01
1.392504950932160909e+03 1.290791259364082855e+01
1.394021840856923745e+03 1.192362312485189868e+01
1.395538730781686354e+03 9.972113370584438030e+00
1.397055620706449190e+03 7.211845017073608588e+00
1.398572510631212026e+03 3.867320574167671499e+00
1.400089400555974635e+03 2.108758009376490161e-01
1.401606290480737243e+03 -3.459431856597642074e+00
1.403123180405499852e+03 -6.844044610032107734e+00
1.404640070330262688e+03 -9.666269430940747753e+00
1.406156960255025297e+03 -1.169480841038286023e+01
1.407673850179787905e+03 -1.276262377908313894e+01
1.409190740104550741e+03 -1.278060333351098166e+01
1.410707630029313577e+03 -1.174491283293902733e+01
1.412224519954076186e+03 -9.737433190798190807e+00
1.413741409878839022e+03 -6.919240610902258837e+00
1.415258299803601631e+03 -3.517651860563462130e+00
1.416775189728364239e+03 1.921210449262596986e-01
1.418292079653126848e+03 3.909224646087941402e+00
1.419808969577889684e+03 7.331526161219849236e+00
1.421325859502652293e+03 1.018011127021588891e+01
1.422842749427415129e+03 1.222193206283991884e+01
1.424359639352177965e+03 1.328876761046423383e+01
1.425876529276940573e+03 1.329095651670510847e+01
1.427393419201703182e+03 1.222478272254426201e+01
1.428910309126465791e+03 1.017290873659569073e+01
1.430427199051228627e+03 7.297812896326910881e+00
1.431944088975991235e+03 3.828753765731233827e+00
1.433460978900753844e+03 4.330949717554555961e-02
1.434977868825516907e+03 -3.755019572008515549e+00
1.436494758750279516e+03 -7.261336376606670306e+00
1.438011648675042125e+03 -1.019401753227397478e+01
1.439528538599804961e+03 -1.231753151446437400e+01
1.441045428524567569e+03 -1.346155496556201925e+01
1.442562318449330178e+03 -1.353483488449699834e+01
1.444079208374092786e+03 -1.253266781164272459e+01
1.445596098298855622e+03 -1.053738233536269675e+01
1.447112988223618459e+03 -7.711776742013682906e+00
1.448629878148381067e+03 -4.286033722239281474e+00
1.450146768073143903e+03 -5.391626224188860173e-01
1.451663657997906512e+03 3.223536016634640511e+00
1.453180547922669120e+03 6.695165001919248127e+00
1.454697437847431729e+03 9.592088305576689677e+00
1.456214327772194565e+03 1.167694041472292810e+01
1.457731217696957174e+03 1.277792227427491767e+01
1.459248107621719782e+03 1.280281677154368758e+01
1.460764997546482846e+03 1.174658179790829315e+01
1.462281887471245454e+03 9.691897003029641411e+00
1.463798777396008063e+03 6.802609659080055771e+00
1.465315667320770672e+03 3.310599603434343230e+00
1.466832557245533508e+03 -5.028834359427543088e-01
1.468349447170296116e+03 -4.329907907988849836e+00
1.469866337095058725e+03 -7.860743609933657616e+00
1.471383227019821561e+03 -1.080892918868303809e+01
1.472900116944584397e+03 -1.293449512589132055e+01
1.474417006869347006e+03 -1.406345942456977838e+01
1.475933896794109842e+03 -1.410201187046297022e+01
1.477450786718872450e+03 -1.304423008465109390e+01
1.478967676643635059e+03 -1.097269226471389558e+01
1.480484566568397668e+03 -8.051925491826358083e+00
1.482001456493160504e+03 -4.515208417959235554e+00
1.483518346417923112e+03 -6.457861327209691860e-01
1.485035236342685948e+03 3.245990640216496637e+00
1.486552126267448784e+03 6.847757073609522571e+00
1.488069016192211393e+03 9.870427476799939370e+00
1.489585906116974002e+03 1.207164106370600365e+01
1.491102796041736610e+03 1.327545677553125358e+01
1.492619685966499446e+03 1.338669382018807141e+01
1.494136575891262055e+03 1.239874519127809727e+01
1.495653465816024664e+03 1.039421793162720675e+01
1.497170355740787727e+03 7.538333912306546480e+00
1.498687245665550336e+03 4.065611586552440038e+00
1.500204135590312944e+03 2.608950784071283335e-01
1.501721025515075780e+03 -3.563742206474024510e+00
1.503237915439838389e+03 -7.094354017523197165e+00
1.504754805364600998e+03 -1.004068434593452253e+01
1.506271695289363606e+03 -1.215986167970608278e+01
1.507788585214126442e+03 -1.327629497639374989e+01
1.509305475138889051e+03 -1.329614469002216381e+01
1.510822365063651887e+03 -1.221517766397478688e+01
1.512339254988414723e+03 -1.011934799875727364e+01
1.513856144913177332e+03 -7.178034244306259026e+00
1.515373034837939940e+03 -3.630459003288038389e+00
1.516889924762702549e+03 2.336279326878589746e-01
1.518406814687465385e+03 4.097452513266890861e+00
1.519923704612227993e+03 7.643009767830194257e+00
1.521440594536990602e+03 1.057705902003428378e+01
1.522957484461753666e+03 1.265520809326139151e+01
1.524474374386516274e+03 1.370212036122862820e+01
1.525991264311278883e+03 1.362618508226461245e+01
1.527508154236041491e+03 1.242743368088212286e+01
1.529025044160804327e+03 1.019802725562551871e+01
1.530541934085566936e+03 7.115240107561364269e+00
1.532058824010329545e+03 3.427472250234549822e+00
1.533575713935092381e+03 -5.656084522150270910e-01
1.535092603859855217e+03 -4.537212720610495964e+00
1.536609493784617825e+03 -8.159927704686742445e+00
1.538126383709380661e+03 -1.113242874262665438e+01
1.539643273634143270e+03 -1.320423911919504611e+01
1.541160163558905879e+03 -1.419651844961924425e+01
1.542677053483668487e+03 -1.401717079411675471e+01
1.544193943408431323e+03 -1.266901371822454436e+01
1.545710833333193932e+03 -1.025030359379263523e+01
1.547227723257956768e+03 -6.947526285855716743e+00
1.548744613182719604e+03 -3.020986780829013618e+00
1.550261503107482213e+03 1.215684000511931151e+00
1.551778393032244821e+03 5.420489307399400936e+00
1.553295282957007430e+03 9.250507583777972442e+00
1.554812172881770266e+03 1.238961631618362524e+01
1.556329062806532875e+03 1.457426438098102395e+01
1.557845952731295483e+03 1.561520202796861412e+01
1.559362842656058092e+03 1.541339017134173517e+01
1.560879732580821155e+03 1.396876801293346126e+01
1.562396622505583764e+03 1.138112419215416971e+01
1.563913512430346600e+03 7.842946725198867597e+00
1.565430402355109209e+03 3.624770698899676624e+00
1.566947292279871817e+03 -9.458515798384765638e-01
1.568464182204634426e+03 -5.510114316550540181e+00
1.569981072129397262e+03 -9.706422079230904387e+00
1.571497962054159871e+03 -1.319929071949206367e+01
1.573014851978922707e+03 -1.570637308535495791e+01
1.574531741903685543e+03 -1.702143296100188152e+01
1.576048631828448151e+03 -1.703140144426640745e+01
1.577565521753210760e+03 -1.572611185946934143e+01
1.579082411677973369e+03 -1.319988614345990108e+01
1.580599301602736205e+03 -9.644791907141794240e+00
1.582116191527498813e+03 -5.336053761636451398e+00
1.583633081452261422e+03 -6.107320086111344137e-01
1.585149971377024485e+03 4.158674040211453260e+00
1.586666861301787094e+03 8.593625923530911592e+00
1.588183751226549703e+03 1.233962498053448620e+01
1.589700641151312311e+03 1.509457836323408486e+01
1.591217531076075147e+03 1.663318246838613135e+01
1.592734421000837756e+03 1.682535806276275991e+01
1.594251310925600364e+03 1.564723352063781014e+01
1.595768200850363201e+03 1.318375694449798274e+01
1.597285090775126037e+03 9.622678575456504291e+00
1.598801980699888645e+03 5.240329609311221937e+00
1.600318870624651481e+03 3.802779542934060508e-01
1.601835760549414090e+03 -4.573486600901418342e+00
1.603352650474176698e+03 -9.226741764845774796e+00
1.604869540398939307e+03 -1.320622127022514114e+01
1.606386430323702143e+03 -1.618933499113265029e+01
1.607903320248464752e+03 -1.793005631325170768e+01
1.609420210173227360e+03 -1.827890373043847205e+01
1.610937100097990424e+03 -1.719540078216559209e+01
1.612453990022753032e+03 -1.475198590010634803e+01
1.613970879947515641e+03 -1.112901549440827509e+01
1.615487769872278250e+03 -6.601206801341606756e+00
1.617004659797041086e+03 -1.516546049948355401e+00
1.618521549721803694e+03 3.730711502908462762e+00
1.620038439646566303e+03 8.730848086208345293e+00
1.621555329571328912e+03 1.309088393853997800e+01
1.623072219496091975e+03 1.646563769500767904e+01
1.624589109420854584e+03 1.858519060308675108e+01
1.626105999345617420e+03 1.927657097355190530e+01
1.627622889270380028e+03 1.847792125498296656e+01
1.629139779195142637e+03 1.624399506346802013e+01
1.630656669119905246e+03 1.274250971921640740e+01
1.632173559044668082e+03 8.241598132882568706e+00
1.633690448969430690e+03 3.089305703869347219e+00
1.635207338894193526e+03 -2.313292177641738334e+00
1.636724228818956362e+03 -7.543268304268433866e+00
1.638241118743718971e+03 -1.218888789547316165e+01
1.639758008668481580e+03 -1.588193342421747722e+01
1.641274898593244188e+03 -1.832677150381502074e+01
1.642791788518007024e+03 -1.932387001101855617e+01
1.644308678442769633e+03 -1.878590118462567560e+01
1.645825568367532242e+03 -1.674514169946754905e+01
1.647342458292295305e+03 -1.335155879315386152e+01
1.648859348217057914e+03 -8.861699340503268019e+00
1.650376238141820522e+03 -3.619219224988587502e+00
1.651893128066583131e+03 1.971453186497734045e+00
1.653410017991345967e+03 7.476284899460267752e+00
1.654926907916108576e+03 1.246522053183847234e+01
1.656443797840871184e+03 1.654556827899700266e+01
1.657960687765634020e+03 1.939258938862757731e+01
1.659477577690396629e+03 2.077490498470800162e+01
1.660994467615159465e+03 2.057273518457480321e+01
1.662511357539922301e+03 1.878754232555638737e+01
1.664028247464684910e+03 1.554231920088594343e+01
1.665545137389447518e+03 1.107249208954674558e+01
1.667062027314210127e+03 5.708139910865636324e+00
1.668578917238972963e+03 -1.510923324833732817e-01
1.670095807163735572e+03 -6.066438630614817917e+00
1.671612697088498180e+03 -1.159345176949437750e+01
1.673129587013261244e+03 -1.631584254149998614e+01
1.674646476938023852e+03 -1.987709467991021484e+01
1.676163366862786461e+03 -2.200740874611606301e+01
1.677680256787549069e+03 -2.254389635955730853e+01
1.679197146712311906e+03 -2.144247651080642214e+01
1.680714036637074514e+03 -1.878057644102939250e+01
1.682230926561837123e+03 -1.475045947123945567e+01
1.683747816486599731e+03 -9.643734591773531761e+00
1.685264706411362795e+03 -3.828290016902381687e+00
1.686781596336125403e+03 2.280518678833439949e+00
1.688298486260888239e+03 8.252151887747666947e+00
1.689815376185650848e+03 1.367410314363235813e+01
1.691332266110413457e+03 1.818344894244268772e+01
1.692849156035176065e+03 2.149427109711190909e+01
1.694366045959938901e+03 2.341882573398798684e+01
1.695882935884701510e+03 2.388083362870990811e+01
1.697399825809464346e+03 2.291989369925417108e+01
1.698916715734227182e+03 2.068672536310723586e+01
1.700433605658989791e+03 1.742967038897194954e+01
1.701950495583752399e+03 1.347357353350883358e+01
1.703467385508515008e+03 9.192759321348029644e+00
1.704984275433277844e+03 4.980282732821235570e+00
1.706501165358040453e+03 1.215918211306527219e+00
1.708018055282803061e+03 -1.764557994888321213e+00
1.709534945207565670e+03 -3.696349313232085709e+00
1.711051835132328733e+03 -4.406746920122115441e+00
1.712568725057091342e+03 -3.828701592534831555e+00
1.714085614981853951e+03 -2.005801776917707890e+00
1.715602504906616787e+03 9.117118672197979112e-01
1.717119394831379395e+03 4.679549542077280577e+00
1.718636284756142004e+03 8.979560471337570959e+00
1.720153174680904840e+03 1.344587047179048689e+01
1.721670064605667449e+03 1.769486136972721724e+01
1.723186954530430285e+03 2.135658132430209832e+01
1.724703844455193121e+03 2.410506412560604517e+01
1.726220734379955729e+03 2.568512547105028787e+01
1.727737624304718338e+03 2.593348768508126057e+01
1.729254514229480947e+03 2.479253857703060149e+01
1.730771404154243783e+03 2.231561884332107581e+01
1.732288294079006391e+03 1.866340869082646847e+01
1.733805184003769000e+03 1.409169436376345175e+01
1.735322073928532063e+03 8.931482548601277216e+00
1.736838963853294672e+03 3.563040618328034981e+00
1.738355853778057281e+03 -1.614075047019071674e+00
1.739872743702819889e+03 -6.212620248566255832e+00
1.741389633627582725e+03 -9.888380500802202988e+00
1.742906523552345334e+03 -1.236756069990004470e+01
1.744423413477107943e+03 -1.346866580820753789e+01
1.745940303401870551e+03 -1.311712768079348024e+01
1.747457193326633615e+03 -1.135150787019388829e+01
1.748974083251396223e+03 -8.320773769471580650e+00
1.750490973176159059e+03 -4.272852812783594523e+00
1.752007863100921668e+03 4.646394530097314735e-01
1.753524753025684277e+03 5.509981553761799766e+00
1.755041642950446885e+03 1.045722273849196071e+01
1.756558532875209721e+03 1.490799806832132823e+01
1.758075422799972330e+03 1.850277223502030211e+01
1.759592312724734938e+03 2.094904733949242370e+01
1.761109202649498002e+03 2.204430975078959420e+01
1.762626092574260610e+03 2.169190690329140736e+01
1.764142982499023219e+03 1.990860346361179367e+01
1.765659872423785828e+03 1.682322342233804591e+01
1.767176762348548664e+03 1.266648829264477527e+01
1.768693652273311272e+03 7.752856051899106760e+00
1.770210542198073881e+03 2.455795848731180619e+00
1.771727432122836490e+03 -2.821549952621478674e+00
1.773244322047599553e+03 -7.678002817516338396e+00
1.774761211972362162e+03 -1.174579159112650650e+01
1.776278101897124770e+03 -1.471932788607314890e+01
1.777794991821887606e+03 -1.637905183578604706e+01
1.779311881746650215e+03 -1.660847813171774590e+01
1.780828771671412824e+03 -1.540311069846961978e+01
1.782345661596175660e+03 -1.287053711668076517e+01
1.783862551520938268e+03 -9.221710071052411806e+00
1.785379441445701104e+03 -4.754117628880504043e+00
1.786896331370463940e+03 1.718177913969431425e-01
1.788413221295226549e+03 5.161240603724077225e+00
1.789930111219989158e+03 9.816009450863971253e+00
1.791447001144751766e+03 1.376603256469531900e+01
1.792963891069514602e+03 1.669832280296612836e+01
1.794480780994277211e+03 1.838148873184349341e+01
1.795997670919039820e+03 1.868374251842760003e+01
1.797514560843802428e+03 1.758302040554486467e+01
1.799031450768565492e+03 1.516843620110919844e+01
1.800548340693328100e+03 1.163297299046334210e+01
1.802065230618090709e+03 7.258008996359392562e+00
1.803582120542853545e+03 2.390915643582053995e+00
1.805099010467616154e+03 -2.582491128012233794e+00
1.806615900392378762e+03 -7.268464029265109261e+00
1.808132790317141371e+03 -1.129639163588769257e+01
1.809649680241904207e+03 -1.434797170194148030e+01
1.811166570166667043e+03 -1.618219821109433809e+01
1.812683460091429879e+03 -1.665420570844285919e+01
1.814200350016192488e+03 -1.572650368120313402e+01
1.815717239940955096e+03 -1.347173727318747360e+01
1.817234129865717705e+03 -1.006678047889411687e+01
1.818751019790480541e+03 -5.778651119339712317e+00
1.820267909715243150e+03 -9.433794101369702423e-01
1.821784799640005758e+03 4.060486778437019773e+00
1.823301689564768822e+03 8.841640011130996513e+00
1.824818579489531430e+03 1.302668479964192372e+01
1.826335469414294039e+03 1.628930870198169600e+01
1.827852359339056648e+03 1.837566574264162611e+01
1.829369249263819484e+03 1.912399128319368202e+01
1.830886139188582092e+03 1.847692888095661345e+01
1.832403029113344701e+03 1.648562911730742542e+01
1.833919919038107309e+03 1.330533168770872976e+01
1.835436808962870373e+03 9.182813542795276618e+00
1.836953698887632981e+03 4.436724470887992489e+00
1.838470588812395590e+03 -5.676130653049950014e-01
1.839987478737158426e+03 -5.446934295558989447e+00
1.841504368661921035e+03 -9.830018462522264855e+00
1.843021258586683643e+03 -1.338656870422564182e+01
1.844538148511446479e+03 -1.585272171682253806e+01
1.846055038436209088e+03 -1.705120016693820162e+01
1.847571928360971697e+03 -1.690455305392549690e+01
1.849088818285734760e+03 -1.544048206883692309e+01
1.850605708210497369e+03 -1.278888120379277815e+01
1.852122598135259977e+03 -9.170872330237346048e+00
1.853639488060022586e+03 -4.880749231081875195e+00
1.855156377984785422e+03 -2.622969540818491652e-01
1.856673267909548031e+03 4.318611136118923888e+00
1.858190157834310639e+03 8.502953462743715107e+00
1.859707047759073248e+03 1.196674394062466895e+01
1.861223937683836311e+03 1.444623935390415070e+01
1.862740827608598920e+03 1.575819938798821163e+01
1.864257717533361529e+03 1.581363183788519322e+01
1.865774607458124365e+03 1.462398089606767293e+01
1.867291497382886973e+03 1.229932134382655029e+01
1.868808387307649582e+03 9.038757531681572033e+00
1.870325277232412191e+03 5.113842609744223999e+00
1.871842167157175027e+03 8.463817344763815420e-01
1.873359057081937863e+03 -3.417580215891678375e+00
1.874875947006700699e+03 -7.335494613697990829e+00
1.876392836931463307e+03 -1.059555353651138709e+01
1.877909726856225916e+03 -1.294128084269203960e+01
1.879426616780988525e+03 -1.419153287362140148e+01
1.880943506705751361e+03 -1.425434934145801513e+01
1.882460396630513969e+03 -1.313359431386236054e+01
1.883977286555276578e+03 -1.092790794127260945e+01
1.885494176480039641e+03 -7.822105003207211915e+00
1.887011066404802250e+03 -4.071757274728748044e+00
1.888527956329564859e+03 1.776465679661860461e-02
1.890044846254327467e+03 4.116080736236583881e+00
1.891561736179090303e+03 7.894417663847240085e+00
1.893078626103852912e+03 1.105191442802020774e+01
1.894595516028615521e+03 1.333951763668362034e+01
1.896112405953378129e+03 1.457957255562443066e+01
1.897629295878140965e+03 1.467957122466433617e+01
1.899146185802903801e+03 1.363899532445275220e+01
1.900663075727666410e+03 1.154874990641705423e+01
1.902179965652429246e+03 8.583279614761320175e+00
1.903696855577191855e+03 4.986043830889401285e+00
1.905213745501954463e+03 1.049554567048047504e+00
1.906730635426717299e+03 -2.908390935999307203e+00
1.908247525351479908e+03 -6.570355806608420224e+00
1.909764415276242516e+03 -9.644720978966189406e+00
1.911281305201005580e+03 -1.188891506977646984e+01
1.912798195125768189e+03 -1.312856743688853989e+01
1.914315085050530797e+03 -1.327107241271774107e+01
1.915831974975293406e+03 -1.231250929455123000e+01
1.917348864900056242e+03 -1.033740141064370910e+01
1.918865754824818850e+03 -7.511374876853187388e+00
1.920382644749581459e+03 -4.067347047459827003e+00
1.921899534674344068e+03 -2.863905373629683226e-01
1.923416424599107131e+03 3.525160049812536389e+00
1.924933314523869740e+03 7.060498232554307307e+00
1.926450204448632348e+03 1.003702966705645849e+01
1.927967094373395184e+03 1.221896619584778065e+01
1.929483984298157793e+03 1.343602435332207357e+01
1.931000874222920402e+03 1.359674520682784937e+01
1.932517764147683010e+03 1.269539245172908082e+01
1.934034654072445846e+03 1.081190741113303488e+01
1.935551543997208682e+03 8.104960725505200969e+00
1.937068433921971518e+03 4.798695787471920937e+00
1.938585323846734127e+03 1.164263785867448942e+00
1.940102213771496736e+03 -2.502335778990487203e+00
1.941619103696259344e+03 -5.904304939611018987e+00
1.943135993621022180e+03 -8.768039480133042574e+00
1.944652883545784789e+03 -1.086512915097899779e+01
1.946169773470547398e+03 -1.203060076103854747e+01
1.947686663395310006e+03 -1.217594966821596536e+01
1.949203553320073070e+03 -1.129593162236539605e+01
1.950720443244835678e+03 -9.468594347977751013e+00
1.952237333169598287e+03 -6.848575517071496144e+00
1.953754223094361123e+03 -3.654236642951985026e+00
1.955271113019123732e+03 -1.496972343609114242e-01
1.956788002943886340e+03 3.376759366163567755e+00
1.958304892868648949e+03 6.636150120079469694e+00
1.959821782793411785e+03 9.362223971438664805e+00
1.961338672718174621e+03 1.133296842809991745e+01
1.962855562642937230e+03 1.238846074204761294e+01
1.964372452567700066e+03 1.244363462715127788e+01
1.965889342492462674e+03 1.149494883607298945e+01
1.967406232417225283e+03 9.620439573476637918e+00
1.968923122341988119e+03 6.973174433796033966e+00
1.970440012266750728e+03 3.768658013452276911e+00
1.971956902191513336e+03 2.672256616979361565e-01
1.973473792116276400e+03 -3.247137037615763333e+00
1.974990682041039008e+03 -6.489827568716380668e+00
1.976507571965801617e+03 -9.198646932501002738e+00
1.978024461890564226e+03 -1.115494836132488565e+01
1.979541351815327062e+03 -1.220121207355508020e+01
1.981058241740089670e+03 -1.225363729824298176e+01
1.982575131664852279e+03 -1.130874898806176887e+01
1.984092021589614887e+03 -9.443502475247393946e+00
1.985608911514377951e+03 -6.808895409992660852e+00
1.987125801439140560e+03 -3.617620126359364363e+00
1.988642691363903168e+03 -1.267688879130994817e-01
1.990159581288666004e+03 3.382999237916274993e+00
1.991676471213428613e+03 6.630139554145137559e+00
1.993193361138191221e+03 9.354916162709656646e+00
1.994710251062953830e+03 1.134027874986497153e+01
1.996227140987716666e+03 1.242924237710615998e+01
1.997744030912479275e+03 1.253737750261856121e+01
1.999260920837242338e+03 1.165941559845915876e+01
2.000777810762004947e+03 9.869453036541125712e+00
2.002294700686767555e+03 7.314753700195300468e+00
2.003811590611530164e+03 4.203667183829480791e+00
2.005328480536293000e+03 7.886528356770831083e-01
2.006845370461055609e+03 -2.654207784817751214e+00
2.008362260385818217e+03 -5.847547654725179456e+00
2.009879150310580826e+03 -8.535092844255501632e+00
2.011396040235343889e+03 -1.050227662740732093e+01
2.012912930160106498e+03 -1.159342974519010561e+01
2.014429820084869107e+03 -1.172416779471663162e+01
2.015946710009631943e+03 -1.088798768730232069e+01
2.017463599934394551e+03 -9.156554894648127885e+00
2.018980489859157160e+03 -6.673673714750323782e+00
2.020497379783919769e+03 -3.643442770800084496e+00
2.022014269708682605e+03 -3.135662744064269813e-01
2.023531159633445441e+03 3.044819443890755206e+00
2.025048049558208049e+03 6.159166212307075838e+00
2.026564939482970885e+03 8.777597531251178253e+00
2.028081829407733494e+03 1.068927034710299218e+01
2.029598719332496103e+03 1.174137277019025838e+01
2.031115609257258939e+03 1.185139034436011585e+01
2.032632499182021547e+03 1.101365822480986623e+01
2.034149389106784156e+03 9.299679946677482434e+00
2.035666279031547219e+03 6.852197845635943807e+00
2.037183168956309828e+03 3.873504861823767520e+00
2.038700058881072437e+03 6.089517118933069906e-01
2.040216948805835045e+03 -2.673010122876217753e+00
2.041733838730597881e+03 -5.702631505071400930e+00
2.043250728655360490e+03 -8.230750147378168791e+00
2.044767618580123099e+03 -1.004898783536498641e+01
2.046284508504885707e+03 -1.100663041540251541e+01
2.047801398429648543e+03 -1.102283061648807738e+01
2.049318288354411379e+03 -1.009315309972876662e+01
2.050835178279174215e+03 -8.289938999557247001e+00
2.052352068203936597e+03 -5.756466596754819420e+00
2.053868958128699433e+03 -2.695385320418859365e+00
2.055385848053462269e+03 6.476383407981578522e-01
2.056902737978224650e+03 4.003739362274839841e+00
2.058419627902987486e+03 7.102535644007154758e+00
2.059936517827749867e+03 9.693922538975787262e+00
2.061453407752513158e+03 1.156822344947788928e+01
2.062970297677275539e+03 1.257307397398452231e+01
2.064487187602038375e+03 1.262568214459903615e+01
2.066004077526801211e+03 1.171948138703453068e+01
2.067520967451563592e+03 9.924645668885565541e+00
2.069037857376326428e+03 7.382431287486825866e+00
2.070554747301089265e+03 4.293806954200432457e+00
2.072071637225851646e+03 9.032932058203682057e-01
2.073588527150614482e+03 -2.520683230116288698e+00
2.075105417075377318e+03 -5.707335540639127736e+00
2.076622307000140154e+03 -8.405227843058939996e+00
2.078139196924902535e+03 -1.040240450917169213e+01
2.079656086849665371e+03 -1.154332078991804167e+01
2.081172976774428207e+03 -1.174121732894518821e+01
2.082689866699190588e+03 -1.098494966709098186e+01
2.084206756623953424e+03 -9.339731445692301293e+00
2.085723646548716260e+03 -6.941740565029389742e+00
2.087240536473479096e+03 -3.987031490270510847e+00
2.088757426398241478e+03 -7.156544506514153081e-01
2.090274316323004314e+03 2.607733335183218593e+00
2.091791206247767150e+03 5.715198893361055354e+00
2.093308096172529531e+03 8.357087720165793598e+00
2.094824986097292367e+03 1.032206621440514382e+01
2.096341876022055203e+03 1.145404188642926790e+01
2.097858765946817584e+03 1.166460472295403328e+01
2.099375655871580420e+03 1.093999573049976881e+01
2.100892545796343256e+03 9.342050804572958000e+00
2.102409435721106092e+03 7.003053966814640319e+00
2.103926325645868474e+03 4.114924495920129210e+00
2.105443215570631310e+03 9.136180548366755749e-01
2.106960105495394146e+03 -2.339994041862482277e+00
2.108476995420156527e+03 -5.381221587260842654e+00
2.109993885344919363e+03 -7.962925630288661516e+00
2.111510775269682199e+03 -9.875439901228800110e+00
2.113027665194445035e+03 -1.096344063166323224e+01
2.114544555119207416e+03 -1.113841001997917246e+01
2.116061445043970252e+03 -1.038569547084136779e+01
2.117578334968733088e+03 -8.765603468573171853e+00
2.119095224893495470e+03 -6.408448251971481824e+00
2.120612114818258306e+03 -3.503962523366221049e+00
2.122129004743020687e+03 -2.859310193085445873e-01
2.123645894667783978e+03 2.986708585545138739e+00
2.125162784592546359e+03 6.050770073730326715e+00
2.126679674517309195e+03 8.660041507865413379e+00
2.128196564442072031e+03 1.060511617579861365e+01
2.129713454366834412e+03 1.173023569404657707e+01
2.131230344291597248e+03 1.194579203114337496e+01
2.132747234216360084e+03 1.123548660636367558e+01
2.134264124141122466e+03 9.657576241421576668e+00
2.135781014065885302e+03 7.340112730413825837e+00
2.137297903990648138e+03 4.470566676216781055e+00
2.138814793915410974e+03 1.280678044085121092e+00
2.140331683840173355e+03 -1.972240736993430943e+00
2.141848573764936191e+03 -5.026039123814610932e+00
2.143365463689699027e+03 -7.634828054612063042e+00
2.144882353614461408e+03 -9.588745258626799384e+00
2.146399243539224244e+03 -1.073079632713730192e+01
2.147916133463986625e+03 -1.096941908489375983e+01
2.149433023388749916e+03 -1.028576491926285641e+01
2.150949913313512297e+03 -8.735117461453484111e+00
2.152466803238275133e+03 -6.442341903956465110e+00
2.153983693163037969e+03 -3.591739140084321935e+00
2.155500583087800351e+03 -4.121290853461074266e-01
2.157017473012563187e+03 2.841629232644770298e+00
2.158534362937326023e+03 5.909187733611497073e+00
2.160051252862088404e+03 8.545671525273963454e+00
2.161568142786851240e+03 1.054136421860347461e+01
2.163085032711614076e+03 1.173853217174446506e+01
2.164601922636376912e+03 1.204403596480178962e+01
2.166118812561139293e+03 1.143671847393567020e+01
2.167635702485902129e+03 9.968981001699129152e+00
2.169152592410664965e+03 7.762427940748274580e+00
2.170669482335427347e+03 4.997938567071265048e+00
2.172186372260190183e+03 1.900973252129886770e+00
2.173703262184953019e+03 -1.276695462475772480e+00
2.175220152109715855e+03 -4.277349665418830327e+00
2.176737042034478236e+03 -6.858146010512347956e+00
2.178253931959241072e+03 -8.810709277175851284e+00
2.179770821884003908e+03 -9.977920656339311023e+00
2.181287711808766289e+03 -1.026654960775590553e+01
2.182804601733529125e+03 -9.654714546725720936e+00
2.184321491658291507e+03 -8.193575490065887479e+00
2.185838381583054343e+03 -6.003127381432841858e+00
2.187355271507817179e+03 -3.262438571454732816e+00
2.188872161432580015e+03 -1.951265108069066834e-01
2.190389051357342851e+03 2.948753909964629827e+00
2.191905941282105232e+03 5.912945602780062870e+00
2.193422831206868068e+03 8.455714187031597717e+00
2.194939721131630904e+03 1.036939029055611705e+01
2.196456611056393285e+03 1.149715342017313979e+01
2.197973500981156121e+03 1.174570493215457745e+01
2.199490390905918957e+03 1.109280982065526189e+01
2.201007280830681793e+03 9.589101225123437544e+00
2.202524170755444175e+03 7.354004318099648607e+00
2.204041060680207011e+03 4.566110267939942347e+00
2.205557950604969847e+03 1.448778091712483951e+00
2.207074840529732228e+03 -1.747873569202559541e+00
2.208591730454495064e+03 -4.767132305792710412e+00
2.210108620379257445e+03 -7.366389705802077970e+00
2.211625510304020736e+03 -9.336703037471792754e+00
2.213142400228783117e+03 -1.051964494329825328e+01
2.214659290153545953e+03 -1.082008416740832679e+01
2.216176180078308789e+03 -1.021386843256466115e+01
2.217693070003071171e+03 -8.749791365894447281e+00
2.219209959927834007e+03 -6.545685739064803776e+00
2.220726849852596843e+03 -3.778958161961527118e+00
2.222243739777359224e+03 -6.723276883576401186e-01
2.223760629702122060e+03 2.524083423898474621e+00
2.225277519626884896e+03 5.552865315997012274e+00
2.226794409551647732e+03 8.170023862466031517e+00
2.228311299476410113e+03 1.016460623693715881e+01
2.229828189401172949e+03 1.137567032899631769e+01
2.231345079325935785e+03 1.170523366366600371e+01
2.232861969250698166e+03 1.112616114248259258e+01
2.234378859175461002e+03 9.684358144487624998e+00
2.235895749100223384e+03 7.495093510232324618e+00
2.237412639024986674e+03 4.733748833557374525e+00
2.238929528949749056e+03 1.621738359498176241e+00
2.240446418874511892e+03 -1.591268357631095531e+00
2.241963308799274728e+03 -4.647392186694659699e+00
2.243480198724037109e+03 -7.301247953871373930e+00
2.244997088648799945e+03 -9.339642945815516129e+00
2.246513978573562326e+03 -1.059868892415298625e+01
2.248030868498325162e+03 -1.097695456929230495e+01
2.249547758423087998e+03 -1.044360382859763270e+01
2.251064648347850834e+03 -9.040868721203516145e+00
2.252581538272613670e+03 -6.880660314875315819e+00
2.254098428197376052e+03 -4.135592243607693064e+00
2.255615318122138888e+03 -1.025139464824606605e+00
2.257132208046901724e+03 2.201955029428454225e+00
2.258649097971664105e+03 5.287612411427942583e+00
2.260165987896426941e+03 7.985089221567701401e+00
2.261682877821189777e+03 1.007872946421634452e+01
2.263199767745952613e+03 1.140121440884762904e+01
2.264716657670714994e+03 1.184692884423206571e+01
2.266233547595477830e+03 1.138037515663902433e+01
2.267750437520240666e+03 1.003896471984624839e+01
2.269267327445003048e+03 7.929967657473584453e+00
2.270784217369765884e+03 5.221870765877298481e+00
2.272301107294528265e+03 2.130841624534270284e+00
2.273817997219291556e+03 -1.096611291682488387e+00
2.275334887144053937e+03 -4.203388741148402552e+00
2.276851777068816773e+03 -6.942375537520970141e+00
2.278368666993579609e+03 -9.096190156612623312e+00
2.279885556918341990e+03 -1.049452731620212020e+01
2.281402446843104826e+03 -1.102770665796381167e+01
2.282919336767867662e+03 -1.065534665368666012e+01
2.284436226692630044e+03 -9.409475210648006183e+00
2.285953116617392880e+03 -7.391835564697225358e+00
2.287470006542155716e+03 -4.765611964976486092e+00
2.288986896466918552e+03 -1.742246944722840141e+00
2.290503786391680933e+03 1.435585247480829274e+00
2.292020676316443769e+03 4.513477676444955122e+00
2.293537566241206605e+03 7.245694519371467912e+00
2.295054456165968986e+03 9.414841745299833420e+00
2.296571346090731822e+03 1.084922816147785340e+01
2.298088236015494203e+03 1.143652815668254519e+01
2.299605125940257494e+03 1.113265652149815921e+01
2.301122015865019875e+03 9.965151808370560360e+00
2.302638905789782712e+03 8.030806677154622264e+00
2.304155795714545548e+03 5.487745973487921702e+00
2.305672685639307929e+03 2.542598742575516990e+00
2.307189575564070765e+03 -5.661967702960820636e-01
2.308706465488833146e+03 -3.587607322252542197e+00
2.310223355413595982e+03 -6.278190280700423287e+00
2.311740245338358818e+03 -8.421627528786899575e+00
2.313257135263121654e+03 -9.846039790520773494e+00
2.314774025187884490e+03 -1.043769462968987050e+01
2.316290915112646871e+03 -1.015001365961070334e+01
2.317807805037409707e+03 -9.007164269168152160e+00
2.319324694962172543e+03 -7.101957760046831325e+00
2.320841584886934925e+03 -4.588234011927104561e+00
2.322358474811697761e+03 -1.668355769669406685e+00
2.323875364736460597e+03 1.423172218594050520e+00
2.325392254661223433e+03 4.438634148402497814e+00
2.326909144585985814e+03 7.137056384235744844e+00
2.328426034510748650e+03 9.303575649273621906e+00
2.329942924435511486e+03 1.076666480082471722e+01
2.331459814360273867e+03 1.141183397417684731e+01
2.332976704285036703e+03 1.119071098121258423e+01
2.334493594209799085e+03 1.012477870508612909e+01
2.336010484134561921e+03 8.303478619671905037e+00
2.337527374059324757e+03 5.876843676205272260e+00
2.339044263984087593e+03 3.043264053092468835e+00
2.340561153908850429e+03 3.338023824265849010e-02
2.342078043833612810e+03 -2.908591797993526740e+00
2.343594933758375646e+03 -5.544593843574119774e+00
2.345111823683138482e+03 -7.661924752346903844e+00
2.346628713607900863e+03 -9.090359007131251445e+00
2.348145603532663699e+03 -9.715807803456044667e+00
2.349662493457426535e+03 -9.489426667511356328e+00
2.351179383382189371e+03 -8.431442278938391155e+00
2.352696273306951753e+03 -6.629397921135898208e+00
2.354213163231714589e+03 -4.230967373918906205e+00
2.355730053156477425e+03 -1.431924779641694068e+00
2.357246943081239806e+03 1.539752196074766211e+00
2.358763833006002642e+03 4.442358071230112948e+00
2.360280722930765023e+03 7.040019964739411940e+00
2.361797612855528314e+03 9.121762945180915239e+00
2.363314502780290695e+03 1.051854236556300748e+01
2.364831392705053531e+03 1.111687100872413225e+01
2.366348282629816367e+03 1.086794507419583233e+01
2.367865172554578749e+03 9.791537296088753450e+00
2.369382062479341585e+03 7.974348338475805598e+00
2.370898952404103966e+03 5.562954925101675663e+00
2.372415842328866802e+03 2.751928844503635840e+00
2.373932732253629638e+03 -2.319100758577757326e-01
2.375449622178392474e+03 -3.147833016477458390e+00
2.376966512103155310e+03 -5.760651328209274169e+00
2.378483402027917691e+03 -7.859705688314216232e+00
2.380000291952680527e+03 -9.275863588488345357e+00
2.381517181877443363e+03 -9.895155412109858162e+00
2.383034071802205744e+03 -9.667951570963806418e+00
2.384550961726968580e+03 -8.612943637469294700e+00
2.386067851651730962e+03 -6.815611992826534404e+00
2.387584741576494253e+03 -4.421307341542816793e+00
2.389101631501256634e+03 -1.623507640291081522e+00
2.390618521426019470e+03 1.351799436569547819e+00
2.392135411350782306e+03 4.264346705293821316e+00
2.393652301275544687e+03 6.878958865030799785e+00
2.395169191200307523e+03 8.984502671768932913e+00
2.396686081125069904e+03 1.041088860044265374e+01
2.398202971049832740e+03 1.104275490243830049e+01
2.399719860974595576e+03 1.082873341032760450e+01
2.401236750899358412e+03 9.785553406414511102e+00
2.402753640824121248e+03 7.996656514829166618e+00
2.404270530748883630e+03 5.605438268337177732e+00
2.405787420673646466e+03 2.803665036224953333e+00
2.407304310598409302e+03 -1.839965212939475014e-01
2.408821200523171683e+03 -3.118087666738245556e+00
2.410338090447934519e+03 -5.763642008225897229e+00
2.411854980372697355e+03 -7.909090995009675495e+00
2.413371870297460191e+03 -9.383267114578806911e+00
2.414888760222222572e+03 -1.006913597878022237e+01
2.416405650146985408e+03 -9.913153291064615402e+00
2.417922540071748244e+03 -8.929496311449929280e+00
2.419439429996510626e+03 -7.198833307427919159e+00
2.420956319921273462e+03 -4.861735186380375495e+00
2.422473209846035843e+03 -2.107265494265497363e+00
2.423990099770799134e+03 8.423265924982643593e-01
2.425506989695561515e+03 3.749572056444390178e+00
2.427023879620324351e+03 6.380954872463298955e+00
2.428540769545087187e+03 8.525743880961400123e+00
2.430057659469849568e+03 1.001296436845623994e+01
2.431574549394612404e+03 1.072514124861064388e+01
2.433091439319374786e+03 1.060770724796026165e+01
2.434608329244137622e+03 9.673320142244062225e+00
2.436125219168900458e+03 8.000744527720319965e+00
2.437642109093663294e+03 5.728392623397868810e+00
2.439158999018426130e+03 3.043049751988725848e+00
2.440675888943188511e+03 1.646986560061503568e-01
2.442192778867951347e+03 -2.671328658925997246e+00
2.443709668792714183e+03 -5.233427649442237595e+00
2.445226558717476564e+03 -7.312484065146708900e+00
2.446743448642239400e+03 -8.738806427832376045e+00
2.448260338567001781e+03 -9.395860135894135823e+00
2.449777228491765072e+03 -9.229694016137809598e+00
2.451294118416527454e+03 -8.253298482905057298e+00
2.452811008341290290e+03 -6.545544159076950308e+00
2.454327898266053126e+03 -4.244787785003606650e+00
2.455844788190815507e+03 -1.537663133779326285e+00
2.457361678115578343e+03 1.356036315314029128e+00
2.458878568040340724e+03 4.201160417599011154e+00
2.460395457965103560e+03 6.766251557629639812e+00
2.461912347889866396e+03 8.842299664351807920e+00
2.463429237814629232e+03 1.025968633656771978e+01
2.464946127739392068e+03 1.090194748670764113e+01
2.466463017664154449e+03 1.071524073983995429e+01
2.467979907588917285e+03 9.712750646463193860e+00
2.469496797513680121e+03 7.973673600761041591e+00
2.471013687438442503e+03 5.636862212391741345e+00
2.472530577363205339e+03 2.889640424038213418e+00
2.474047467287968175e+03 -4.730893447198253332e-02
2.475564357212731011e+03 -2.937764733597913569e+00
2.477081247137493392e+03 -5.549057455480511436e+00
2.478598137062256228e+03 -7.670886293900995412e+00
2.480115026987019064e+03 -9.132342451940674621e+00
2.481631916911781445e+03 -9.815761601003586634e+00
2.483148806836544281e+03 -9.666283670278900786e+00
2.484665696761306663e+03 -8.696344054836536941e+00
2.486182586686069499e+03 -6.984729100595842510e+00
2.487699476610832335e+03 -4.670267400469931829e+00
2.489216366535595171e+03 -1.940661644787382567e+00
2.490733256460358007e+03 9.826414405773542526e-01
2.492250146385120388e+03 3.862324874677653064e+00
2.493767036309883224e+03 6.464378111050606002e+00
2.495283926234645605e+03 8.577029280854640447e+00
2.496800816159408441e+03 1.002790383746986080e+01
2.498317706084171277e+03 1.069802203198150892e+01
2.499834596008934113e+03 1.053150129128874646e+01
2.501351485933696949e+03 9.540174915920971443e+00
2.502868375858459331e+03 7.802747799292385267e+00
2.504385265783222167e+03 5.458550156286098520e+00
2.505902155707985003e+03 2.696386074699080648e+00
2.507419045632747384e+03 -2.606300633416857582e-01
2.508935935557510220e+03 -3.173031572514189325e+00
2.510452825482272601e+03 -5.804307276874176580e+00
2.511969715407035892e+03 -7.940003854718681531e+00
2.513486605331798273e+03 -9.405081942265514527e+00
2.515003495256561109e+03 -1.007812391413162700e+01
2.516520385181323945e+03 -9.901243087127092224e+00
2.518037275106086327e+03 -8.884888900178308901e+00
2.519554165030849163e+03 -7.107152742164164039e+00
2.521071054955611544e+03 -4.707621580266503791e+00
2.522587944880374380e+03 -1.876265794613185545e+00
2.524104834805137216e+03 1.161751716154231673e+00
2.525621724729900052e+03 4.164128327222804238e+00
2.527138614654662888e+03 6.890887300399620941e+00
2.528655504579425269e+03 9.123691224115857423e+00
2.530172394504188105e+03 1.068344817410486236e+01
2.531689284428950941e+03 1.144479053990457373e+01
2.533206174353713322e+03 1.134625597314680689e+01
2.534723064278476159e+03 1.039534395980743220e+01
2.536239954203238540e+03 8.668032550919210877e+00
2.537756844128001831e+03 6.302784836533747992e+00
2.539273734052764212e+03 3.489518073180232882e+00
2.540790623977527048e+03 4.544143280319501432e-01
2.542307513902289884e+03 -2.558212604277906976e+00
2.543824403827052265e+03 -5.305540521723067116e+00
2.545341293751815101e+03 -7.565776629878015136e+00
2.546858183676577482e+03 -9.156038331916873219e+00
2.548375073601340318e+03 -9.947136012240413550e+00
2.549891963526103154e+03 -9.874063383768948654e+00
2.551408853450865990e+03 -8.941343898462125850e+00
2.552925743375628826e+03 -7.222793627805472738e+00
2.554442633300391208e+03 -4.855708929055599476e+00
2.555959523225154044e+03 -2.029935212953285717e+00
2.557476413149916425e+03 1.027314748433668434e+00
2.558993303074679261e+03 4.069681427727196876e+00
2.560510192999442097e+03 6.851460071676262586e+00
2.562027082924204933e+03 9.147395313525969129e+00
2.563543972848967769e+03 1.077087837958924332e+01
2.565060862773730150e+03 1.158908137597343568e+01
2.566577752698492986e+03 1.153380592719974906e+01
2.568094642623255822e+03 1.060716476413656295e+01
2.569611532548018204e+03 8.881627526122930050e+00
2.571128422472781040e+03 6.494413095614982367e+00
2.572645312397543421e+03 3.636664142618062812e+00
2.574162202322306257e+03 5.382589013140697265e-01
2.575679092247069093e+03 -2.550533117080017398e+00
2.577195982171831929e+03 -5.379089035634458504e+00
2.578712872096594765e+03 -7.716562562635988165e+00
2.580229762021357146e+03 -9.370493187556022008e+00
2.581746651946119982e+03 -1.020239967727936659e+01
2.583263541870882364e+03 -1.013910063960941343e+01
2.584780431795645200e+03 -9.178843697132409218e+00
2.586297321720408036e+03 -7.391737748222531934e+00
2.587814211645170872e+03 -4.914437008646023841e+00
2.589331101569933708e+03 -1.939484804252060712e+00
2.590847991494696089e+03 1.299847257776512111e+00
2.592364881419458925e+03 4.548027283345779992e+00
2.593881771344221761e+03 7.547573798217699803e+00
2.595398661268984142e+03 1.005959402084780585e+01
2.596915551193746978e+03 1.188291238984800913e+01
2.598432441118509360e+03 1.287026038401389094e+01
2.599949331043272650e+03 1.294022911762494132e+01
2.601466220968035032e+03 1.208402056925701729e+01
2.602983110892797868e+03 1.036644513691174296e+01
2.604500000817560704e+03 7.921069828879146790e+00
2.606016890742323085e+03 4.939886514179390176e+00
2.607533780667085921e+03 1.658306264450394973e+00
2.609050670591848302e+03 -1.663340857067559853e+00
2.610567560516611138e+03 -4.760340944963374454e+00
2.612084450441373974e+03 -7.384541940524878889e+00
2.613601340366136810e+03 -9.324049400601092330e+00
2.615118230290899646e+03 -1.042010758047471342e+01
2.616635120215662027e+03 -1.057982107515292114e+01
2.618152010140424863e+03 -9.783699272385089074e+00
2.619668900065187245e+03 -8.087414049902799107e+00
2.621185789989950081e+03 -5.617618209329280354e+00
2.622702679914712917e+03 -2.562141891509116753e+00
2.624219569839475298e+03 8.446705522722540715e-01
2.625736459764238589e+03 4.340335339193763353e+00
2.627253349689000970e+03 7.654872740503032347e+00
2.628770239613763806e+03 1.053209505872549734e+01
2.630287129538526642e+03 1.274986178707449369e+01
2.631804019463289023e+03 1.413770397596328898e+01
2.633320909388051859e+03 1.459042536298015769e+01
2.634837799312814241e+03 1.407660333461998903e+01
2.636354689237577077e+03 1.264131336775640868e+01
2.637871579162339913e+03 1.040285461540859657e+01
2.639388469087102749e+03 7.543725914609312966e+00
2.640905359011865585e+03 4.296553494744744128e+00
2.642422248936627966e+03 9.260684197311304100e-01
2.643939138861390802e+03 -2.291457932275324350e+00
2.645456028786153183e+03 -5.089712641948729299e+00
2.646972918710916019e+03 -7.233093624741737671e+00
2.648489808635678855e+03 -8.535094087806113450e+00
2.650006698560441691e+03 -8.872883918648319934e+00
2.651523588485204527e+03 -8.196951623295975153e+00
2.653040478409966909e+03 -6.535057908144326078e+00
2.654557368334729745e+03 -3.990197554807300317e+00
2.656074258259492581e+03 -7.327347295055549603e-01
2.657591148184254962e+03 3.012668569110815042e+00
2.659108038109017798e+03 6.984306263787038560e+00
2.660624928033780179e+03 1.090351581686184801e+01
2.662141817958543470e+03 1.449603415575965926e+01
2.663658707883305851e+03 1.751296230363106687e+01
2.665175597808068687e+03 1.974971520537689074e+01
2.666692487732831523e+03 2.106149616050429074e+01
2.668209377657593905e+03 2.137411174198350139e+01
2.669726267582356741e+03 2.068931092426721108e+01
2.671243157507119122e+03 1.908426209097522985e+01
2.672760047431881958e+03 1.670523960837319777e+01
2.674276937356644794e+03 1.375604164575178956e+01
2.675793827281407630e+03 1.048206761503951157e+01
2.677310717206170466e+03 7.151315295888217349e+00
2.678827607130932847e+03 4.033788792115966970e+00
2.680344497055695683e+03 1.380921384803526220e+00
2.681861386980458064e+03 -5.933960231016242037e-01
2.683378276905220901e+03 -1.728727956924682729e+00
2.684895166829983737e+03 -1.929746509236450080e+00
2.686412056754746118e+03 -1.172762888357994360e+00
2.687928946679509409e+03 4.933140139009284941e-01
2.689445836604271790e+03 2.951605144991411578e+00
2.690962726529034626e+03 6.027051615925348216e+00
2.692479616453797462e+03 9.500545417720529073e+00
2.693996506378560298e+03 1.312624747155765093e+01
2.695513396303322679e+03 1.665070331187863317e+01
2.697030286228085515e+03 1.983224195327308337e+01
2.698547176152847896e+03 2.245913950788762037e+01
2.700064066077610732e+03 2.436514511142060968e+01
2.701580956002373114e+03 2.544119236624871760e+01
2.703097845927136404e+03 2.564243586678404796e+01
2.704614735851898786e+03 2.499013341900651852e+01
2.706131625776661622e+03 2.356830935256112269e+01
2.707648515701424458e+03 2.151554947230079051e+01
2.709165405626186839e+03 1.901266058771549439e+01
2.710682295550949675e+03 1.626724697966325195e+01
2.712199185475712056e+03 1.349648770220735017e+01
2.713716075400475347e+03 1.090952461809840202e+01
2.715232965325237728e+03 8.690882491514127395e+00
2.716749855250000564e+03 6.986239549492880840e+00
2.718266745174762946e+03 5.891659098777044079e+00
2.719783635099525782e+03 5.447097830649211048e+00
2.721300525024288618e+03 5.634649009727027646e+00
2.722817414949050999e+03 6.381588297138389265e+00
2.724334304873814290e+03 7.567898391745409015e+00
2.725851194798576671e+03 9.037587695784075947e+00
2.727368084723339507e+03 1.061281679700689651e+01
2.728884974648101888e+03 1.210962862211441049e+01
2.730401864572864724e+03 1.335396061136352230e+01
2.731918754497627560e+03 1.419660886432303393e+01
2.733435644422389942e+03 1.452591465563064865e+01
2.734952534347153232e+03 1.427714391339183209e+01
2.736469424271915614e+03 1.343781303742303734e+01
2.737986314196678450e+03 1.204855605114112826e+01
2.739503204121440831e+03 1.019950013945157608e+01
2.741020094046203667e+03 8.022488442377671447e+00
2.742536983970966048e+03 5.679830086196570704e+00
2.744053873895728884e+03 3.350540076127342282e+00
2.745570763820492175e+03 1.215233031232317407e+00
2.747087653745254556e+03 -5.590612195053352718e-01
2.748604543670017392e+03 -1.832893416658494257e+00
2.750121433594779774e+03 -2.506041119029467801e+00
2.751638323519542610e+03 -2.525845709795085714e+00
2.753155213444304991e+03 -1.891559942705976827e+00
2.754672103369068282e+03 -6.543602194265694116e-01
2.756188993293831118e+03 1.086960681538414297e+00
2.757705883218593499e+03 3.194245962660199112e+00
2.759222773143356335e+03 5.501471404869809234e+00
2.760739663068118716e+03 7.828518133530473655e+00
2.762256552992881552e+03 9.996067274549258030e+00
2.763773442917643933e+03 1.184037216117805968e+01
2.765290332842407224e+03 1.322667701777187688e+01
2.766807222767169606e+03 1.406016630281759205e+01
2.768324112691932442e+03 1.429353641523126228e+01
2.769841002616695278e+03 1.393056395723854024e+01
2.771357892541457659e+03 1.302537876559464891e+01
2.772874782466220495e+03 1.167750782412271349e+01
2.774391672390982876e+03 1.002310837429198997e+01
2.775908562315746167e+03 8.223125961668362294e+00
2.777425452240508548e+03 6.449369590164874211e+00
2.778942342165271384e+03 4.869670427076179031e+00
2.780459232090033765e+03 3.633368196705377695e+00
2.781976122014796601e+03 2.858344048784807523e+00
2.783493011939559437e+03 2.620692292546320523e+00
2.785009901864321819e+03 2.947906260605571482e+00
2.786526791789085109e+03 3.816163488178194729e+00
2.788043681713847491e+03 5.151956155688282912e+00
2.789560571638610327e+03 6.837952208295063450e+00
2.791077461563372708e+03 8.722620386163512762e+00
2.792594351488135544e+03 1.063283759059643074e+01
2.794111241412898380e+03 1.238844557815425595e+01
2.795628131337660761e+03 1.381755677910815905e+01
2.797145021262424052e+03 1.477134008222405370e+01
2.798661911187186433e+03 1.513705270548627446e+01
2.800178801111949269e+03 1.484822125459382747e+01
2.801695691036711651e+03 1.389110290231677425e+01
2.803212580961474487e+03 1.230685798695764710e+01
2.804729470886236868e+03 1.018921393030796629e+01
2.806246360810999704e+03 7.677768903236758646e+00
2.807763250735762995e+03 4.947442092061185015e+00
2.809280140660525376e+03 2.194896437246817378e+00
2.810797030585288212e+03 -3.769868645159699660e-01
2.812313920510050593e+03 -2.575335924962398160e+00
2.813830810434813429e+03 -4.232905262026470439e+00
2.815347700359575811e+03 -5.221809901250093588e+00
2.816864590284339101e+03 -5.464247556297684660e+00
2.818381480209101483e+03 -4.939315983460333292e+00
2.819898370133864319e+03 -3.685342316462850487e+00
2.821415260058627155e+03 -1.797499828786575549e+00
2.822932149983389536e+03 5.791336730262799382e-01
2.824449039908152372e+03 3.260553294753851805e+00
2.825965929832914753e+03 6.037989719901074359e+00
2.827482819757678044e+03 8.694145288015697304e+00
2.828999709682440425e+03 1.102021874053536088e+01
2.830516599607203261e+03 1.283236350111642565e+01
2.832033489531966097e+03 1.398626259735156907e+01
2.833550379456728479e+03 1.438864753976881339e+01
2.835067269381491315e+03 1.400482744915618127e+01
2.836584159306253696e+03 1.286160959819047989e+01
2.838101049231016987e+03 1.104535827839555040e+01
2.839617939155779368e+03 8.695326325438639259e+00
2.841134829080542204e+03 5.992771717013063437e+00
2.842651719005304585e+03 3.146710046167068064e+00
2.844168608930067421e+03 3.774251242071440249e-01
2.845685498854830257e+03 -2.100957460523258380e+00
2.847202388779592638e+03 -4.097450174134245948e+00
2.848719278704355929e+03 -5.459384603974374528e+00
2.850236168629118310e+03 -6.084581185254253732e+00
2.851753058553881147e+03 -5.929531763036617775e+00
2.853269948478643528e+03 -5.012934375006500964e+00
2.854786838403406364e+03 -3.414288280720713775e+00
2.856303728328169200e+03 -1.267649985379582844e+00
2.857820618252931581e+03 1.248963512639810203e+00
2.859337508177694872e+03 3.927690573297791587e+00
2.860854398102457253e+03 6.547344568578926882e+00
2.862371288027220089e+03 8.891028819884610357e+00
2.863888177951982470e+03 1.076344901040808111e+01
2.865405067876745306e+03 1.200654715239157255e+01
2.866921957801507688e+03 1.251221263209619750e+01
2.868438847726270524e+03 1.223105647948501229e+01
2.869955737651033814e+03 1.117654651747899130e+01
2.871472627575796196e+03 9.424168673762276072e+00
2.872989517500559032e+03 7.105674233647967242e+00
2.874506407425321413e+03 4.398862769314902721e+00
2.876023297350084249e+03 1.513704847952523469e+00
2.877540187274846630e+03 -1.324100816249417667e+00
2.879057077199609921e+03 -3.890837470142257892e+00
2.880573967124372302e+03 -5.982348885157598772e+00
2.882090857049135138e+03 -7.430098152010269352e+00
2.883607746973897974e+03 -8.114439258383857378e+00
2.885124636898660356e+03 -7.974055298174377526e+00
2.886641526823423192e+03 -7.010821298090452736e+00
2.888158416748185573e+03 -5.289712357491664463e+00
2.889675306672948864e+03 -2.933770168097220576e+00
2.891192196597711245e+03 -1.145317673562510907e-01
2.892709086522474081e+03 2.961317496719298781e+00
2.894225976447236917e+03 6.068007784441773467e+00
2.895742866371999298e+03 8.978193953671775418e+00
2.897259756296762134e+03 1.148052765379001272e+01
2.898776646221524516e+03 1.339590879105478294e+01
2.900293536146287806e+03 1.459114159093365792e+01
2.901810426071050188e+03 1.498893015287125863e+01
2.903327315995813024e+03 1.457344202799343869e+01
2.904844205920575405e+03 1.339102234400192692e+01
2.906361095845338241e+03 1.154602698661960503e+01
2.907877985770101077e+03 9.192130472436554456e+00
2.909394875694863458e+03 6.519821551090431377e+00
2.910911765619626749e+03 3.741098848717424818e+00
2.912428655544389130e+03 1.072596325287448193e+00
2.913945545469151966e+03 -1.281513112553129830e+00
2.915462435393914348e+03 -3.145476946263590534e+00
2.916979325318677184e+03 -4.385524345336063057e+00
2.918496215243439565e+03 -4.919966609587508977e+00
2.920013105168202401e+03 -4.725056113379252132e+00
2.921529995092965692e+03 -3.836166416796948031e+00
2.923046885017728073e+03 -2.344232914902539378e+00
2.924563774942490909e+03 -3.877731936258026479e-01
2.926080664867253290e+03 1.858841307802817866e+00
2.927597554792016126e+03 4.199893824159424582e+00
2.929114444716778507e+03 6.434424712527572865e+00
2.930631334641541343e+03 8.372620104743820235e+00
2.932148224566304634e+03 9.851163299423500774e+00
2.933665114491067015e+03 1.074631623865985475e+01
2.935182004415829851e+03 1.098368806742176496e+01
2.936698894340592233e+03 1.054392062933844088e+01
2.938215784265355069e+03 9.463854524518485078e+00
2.939732674190117450e+03 7.833106923034302227e+00
2.941249564114880741e+03 5.786363934229925121e+00
2.942766454039643122e+03 3.492035985967055556e+00
2.944283343964405958e+03 1.138216561200355637e+00
2.945800233889168794e+03 -1.082900618157531802e+00
2.947317123813931175e+03 -2.990870376236329342e+00
2.948834013738694011e+03 -4.431818451343382925e+00
2.950350903663456393e+03 -5.291032997656794024e+00
2.951867793588219683e+03 -5.502306029881163241e+00
2.953384683512982065e+03 -5.053272944043716741e+00
2.954901573437744901e+03 -3.986325784948172135e+00
2.956418463362507737e+03 -2.395037016198376723e+00
2.957935353287270118e+03 -4.163958660629986097e-01
2.959452243212032954e+03 1.780500721575501322e+00
2.960969133136795335e+03 4.008373386848220754e+00
2.962486023061558626e+03 6.077161635168589093e+00
2.964002912986321007e+03 7.809642654452209065e+00
2.965519802911083843e+03 9.055993399597527471e+00
2.967036692835846225e+03 9.706109313751396073e+00
2.968553582760609061e+03 9.698676888702131293e+00
2.970070472685371897e+03 9.026262254358663029e+00
2.971587362610134278e+03 7.736002544483098653e+00
2.973104252534897569e+03 5.925844536765596082e+00
2.974621142459659950e+03 3.736636982609102375e+00
2.976138032384422786e+03 1.340719797256288537e+00
2.977654922309185167e+03 -1.072062383590745238e+00
2.979171812233948003e+03 -3.309785844497526774e+00
2.980688702158710385e+03 -5.194059528010392057e+00
2.982205592083473221e+03 -6.574554749036460422e+00
2.983722482008236511e+03 -7.341272536023338624e+00
2.985239371932998893e+03 -7.433551639343455975e+00
2.986756261857761729e+03 -6.845084357535140107e+00
2.988273151782524110e+03 -5.624530744488603240e+00
2.989790041707286946e+03 -3.871678276252178197e+00
2.991306931632049327e+03 -1.729454815873263440e+00
2.992823821556812163e+03 6.275614661395665372e-01
2.994340711481575454e+03 3.007207831445443347e+00
2.995857601406337835e+03 5.215242281788400547e+00
2.997374491331100671e+03 7.071035507219827210e+00
2.998891381255863053e+03 8.422181002002364636e+00
3.000408271180625889e+03 9.156841854508730449e+00
3.001925161105388270e+03 9.212835169285302328e+00
3.003442051030151561e+03 8.582718245136511825e+00
3.004958940954913942e+03 7.314463241241322855e+00
3.006475830879676778e+03 5.507663051353246075e+00
3.007992720804439614e+03 3.305571726879656502e+00
3.009509610729201995e+03 8.836189332122048601e-01
3.011026500653964831e+03 -1.564677532794886083e+00
3.012543390578727212e+03 -3.843267140915612057e+00
3.014060280503490503e+03 -5.769337394414340459e+00
3.015577170428252884e+03 -7.188029904320753616e+00
3.017094060353015720e+03 -7.984916589078911109e+00
3.018610950277778102e+03 -8.095231216154704867e+00
3.020127840202540938e+03 -7.509112845004896286e+00
3.021644730127303774e+03 -6.272438921961771108e+00
3.023161620052066155e+03 -4.483180905404822170e+00
3.024678509976829446e+03 -2.283575728881027889e+00
3.026195399901591827e+03 1.512569075507702865e-01
3.027712289826354663e+03 2.627335610268250132e+00
3.029229179751117044e+03 4.947348974085656437e+00
3.030746069675879880e+03 6.926449077079790406e+00
3.032262959600642716e+03 8.407037558693481571e+00
3.033779849525405098e+03 9.271356813087768600e+00
3.035296739450168388e+03 9.450876136953514361e+00
3.036813629374930770e+03 8.931721180014836392e+00
3.038330519299693606e+03 7.755713879962293333e+00
3.039847409224455987e+03 6.016943498172844684e+00
3.041364299149218823e+03 3.854148915597630953e+00
3.042881189073981204e+03 1.439529036014723928e+00
3.044398078998744040e+03 -1.035115123382858382e+00
3.045914968923507331e+03 -3.373789349743700150e+00
3.047431858848269712e+03 -5.392025292514607493e+00
3.048948748773032548e+03 -6.931645263278541691e+00
3.050465638697794930e+03 -7.873386686914919608e+00
3.051982528622557766e+03 -8.146373855828194621e+00
3.053499418547320147e+03 -7.733679727679453997e+00
3.055016308472082983e+03 -6.673536311132023613e+00
3.056533198396846274e+03 -5.056103198188063530e+00
3.058050088321608655e+03 -3.016061705935623394e+00
3.059566978246371491e+03 -7.216380358925204019e-01
3.061083868171133872e+03 1.639054206747377229e+00
3.062600758095896708e+03 3.873246945331598301e+00
3.064117648020659090e+03 5.799095312185924556e+00
3.065634537945422380e+03 7.260343217446708408e+00
3.067151427870184762e+03 8.138895154676497157e+00
3.068668317794947598e+03 8.364282997174230516e+00
3.070185207719710434e+03 7.919268304500933553e+00
3.071702097644472815e+03 6.841133399923429614e+00
3.073218987569235651e+03 5.218562913856219510e+00
3.074735877493998032e+03 3.184373478657552603e+00
3.076252767418761323e+03 9.046840855318587504e-01
3.077769657343523704e+03 -1.434593712882407557e+00
3.079286547268286540e+03 -3.642851130117267022e+00
3.080803437193048921e+03 -5.540241485097599394e+00
3.082320327117811757e+03 -6.972253842522111000e+00
3.083837217042574594e+03 -7.822223940692708766e+00
3.085354106967336975e+03 -8.020773024471868240e+00
3.086870996892100266e+03 -7.551414159996388875e+00
3.088387886816862647e+03 -6.451875737877038830e+00
3.089904776741625483e+03 -4.811038098235332683e+00
3.091421666666387864e+03 -2.761733567645550114e+00
3.092938556591150700e+03 -4.699940847255281162e-01
3.094455446515913536e+03 1.878382918688810355e+00
3.095972336440675917e+03 4.092863702257737657e+00
3.097489226365439208e+03 5.993587635105463107e+00
3.099006116290201589e+03 7.425911995947530819e+00
3.100523006214964425e+03 8.272917775185835154e+00
3.102039896139726807e+03 8.464867304320105035e+00
3.103556786064489643e+03 7.984851085195232123e+00
3.105073675989252024e+03 6.870169134947822442e+00
3.106590565914014860e+03 5.209336617655260682e+00
3.108107455838778151e+03 3.134956688008654790e+00
3.109624345763540532e+03 8.130368303581435585e-01
3.111141235688303368e+03 -1.570388341269310928e+00
3.112658125613065749e+03 -3.824247946745869431e+00
3.114175015537828585e+03 -5.767829807755779470e+00
3.115691905462590967e+03 -7.245337909737837201e+00
3.117208795387353803e+03 -8.138438854743927919e+00
3.118725685312116184e+03 -8.375786513459704707e+00
3.120242575236879475e+03 -7.938758219997609444e+00
3.121759465161642311e+03 -6.862941674359009703e+00
3.123276355086404692e+03 -5.235254524936055809e+00
3.124793245011167528e+03 -3.186930730971983650e+00
3.126310134935929909e+03 -8.829408531033864360e-01
3.127827024860693200e+03 1.491299453101514905e+00
3.129343914785455581e+03 3.744860381614630640e+00
3.130860804710218417e+03 5.696664496717930959e+00
3.132377694634981253e+03 7.190050592643848937e+00
3.133894584559743635e+03 8.105362113116331813e+00
3.135411474484506471e+03 8.369547300362897957e+00
3.136928364409268852e+03 7.961999723030647402e+00
3.138445254334032143e+03 6.916171320478252227e+00
3.139962144258794524e+03 5.316831088449320397e+00
3.141479034183557360e+03 3.293193503646828280e+00
3.142995924108319741e+03 1.008473442512448415e+00
3.144512814033082577e+03 -1.353288110016116041e+00
3.146029703957845413e+03 -3.602063988385328930e+00
3.147546593882607795e+03 -5.557149447854808244e+00
3.149063483807371085e+03 -7.061705662224810887e+00
3.150580373732133467e+03 -7.995366995720512904e+00
3.152097263656896303e+03 -8.283897923694311771e+00
3.153614153581658684e+03 -7.905124085958359359e+00
3.155131043506421520e+03 -6.890662879118273132e+00
3.156647933431183901e+03 -5.323317922800001156e+00
3.158164823355946737e+03 -3.330351316935360906e+00
3.159681713280710028e+03 -1.073179654036072073e+00
3.161198603205472409e+03 1.265672491182426196e+00
3.162715493130235245e+03 3.497307562890649812e+00
3.164232383054997626e+03 5.441689327009792798e+00
3.165749272979760462e+03 6.942148106387785234e+00
3.167266162904522844e+03 7.877988451752610644e+00
3.168783052829285680e+03 8.174184766609064567e+00
3.170299942754048971e+03 7.807386063004720711e+00
3.171816832678811352e+03 6.807749258205967990e+00
3.173333722603574188e+03 5.256457131235508839e+00
3.174850612528336569e+03 3.279125062916029343e+00
3.176367502453099405e+03 1.035631916335175040e+00
3.177884392377861786e+03 -1.292801813925174459e+00
3.179401282302624622e+03 -3.518244308455053648e+00
3.180918172227387004e+03 -5.461210157692795164e+00
3.182435062152150294e+03 -6.965123087825510595e+00
3.183951952076913130e+03 -7.908918427252249472e+00
3.185468842001675512e+03 -8.216771142256165561e+00
3.186985731926438348e+03 -7.864167974179776976e+00
3.188502621851200729e+03 -6.879837698693538783e+00
3.190019511775964020e+03 -5.343387915404716360e+00
3.191536401700726401e+03 -3.378843063016320869e+00
3.193053291625489237e+03 -1.144608607055159322e+00
3.194570181550252073e+03 1.179326051235611850e+00
3.196087071475014454e+03 3.405911595253633628e+00
3.197603961399777290e+03 5.356117214305923468e+00
3.199120851324539672e+03 6.873347401440081050e+00
3.200637741249302962e+03 7.836035703783302608e+00
3.202154631174065344e+03 8.167402196434780492e+00
3.203671521098828180e+03 7.841591194904232509e+00
3.205188411023590561e+03 6.885698402343720659e+00
3.206705300948353397e+03 5.377528636884382429e+00
3.208222190873116233e+03 3.439269688088018029e+00
3.209739080797878614e+03 1.227596919100458983e+00
3.211255970722641905e+03 -1.078989562844268058e+00
3.212772860647404286e+03 -3.294571121675832437e+00
3.214289750572167122e+03 -5.240796762348407967e+00
3.215806640496929504e+03 -6.761240430587594830e+00
3.217323530421692340e+03 -7.733972774870663258e+00
3.218840420346454721e+03 -8.081336095423605315e+00
3.220357310271217557e+03 -7.776137999460338790e+00
3.221874200195980848e+03 -6.843769089424743157e+00
3.223391090120743229e+03 -5.360079377819960911e+00
3.224907980045506065e+03 -3.445190427584138959e+00
3.226424869970268446e+03 -1.253747824959410728e+00
3.227941759895031282e+03 1.037594917199815114e+00
3.229458649819793663e+03 3.244447625799845358e+00
3.230975539744556499e+03 5.189556256519385791e+00
3.232492429669319790e+03 6.717076588616618160e+00
3.234009319594082172e+03 7.705098196718980219e+00
3.235526209518845008e+03 8.075410865775520364e+00
3.237043099443607389e+03 7.799729578457725410e+00
3.238559989368370225e+03 6.901881156315766930e+00
3.240076879293132606e+03 5.455782332187687267e+00
3.241593769217895442e+03 3.579379043825596796e+00
3.243110659142657823e+03 1.425042594003584018e+00
3.244627549067421114e+03 -8.327962785565052872e-01
3.246144438992183950e+03 -3.011772432058096527e+00
3.247661328916946331e+03 -4.936326839948832479e+00
3.249178218841709167e+03 -6.451870913234406757e+00
3.250695108766471549e+03 -7.437231222745722903e+00
3.252211998691234839e+03 -7.814371817878766890e+00
3.253728888615997221e+03 -7.554612789354869129e+00
3.255245778540760057e+03 -6.680848031748408467e+00
3.256762668465522438e+03 -5.265589273696980044e+00
3.258279558390285274e+03 -3.425001114931026436e+00
3.259796448315048110e+03 -1.309415727280943020e+00
3.261313338239810491e+03 9.089001293221368183e-01
3.262830228164573782e+03 3.049731970466238451e+00
3.264347118089336163e+03 4.939524020678232930e+00
3.265864008014098999e+03 6.425422322982253576e+00
3.267380897938861381e+03 7.387618793640613468e+00
3.268897787863624217e+03 7.748999479348799291e+00
3.270414677788387053e+03 7.481319744297451280e+00
3.271931567713149434e+03 6.607411224608917166e+00
3.273448457637912725e+03 5.199247246332464378e+00
3.274965347562675106e+03 3.372028925691564538e+00
3.276482237487437942e+03 1.274776191240253986e+00
3.277999127412200323e+03 -9.218095605821742256e-01
3.279516017336963159e+03 -3.039224365854685583e+00
3.281032907261725541e+03 -4.905655368131601968e+00
3.282549797186488377e+03 -6.369913899636580723e+00
3.284066687111251667e+03 -7.313679247027526920e+00
3.285583577036014049e+03 -7.661062398580922306e+00
3.287100466960776885e+03 -7.384717205353949154e+00
3.288617356885539266e+03 -6.508006910550351520e+00
3.290134246810302102e+03 -5.103054140942026251e+00
3.291651136735064483e+03 -3.284836253435182485e+00
3.293168026659827319e+03 -1.201808343386515432e+00
3.294684916584590610e+03 9.761826932493111730e-01
3.296201806509352991e+03 3.071710634384020366e+00
3.297718696434115827e+03 4.914187282529415945e+00
3.299235586358878209e+03 6.353714774994212888e+00
3.300752476283641045e+03 7.273249525970726381e+00
3.302269366208403426e+03 7.598092075367876674e+00
3.303786256133166262e+03 7.301934533040808972e+00
3.305303146057928643e+03 6.408976872015861304e+00
3.306820035982691934e+03 4.991942355170619905e+00
3.308336925907454770e+03 3.166155005821209567e+00
3.309853815832217151e+03 1.080161294036945829e+00
3.311370705756979987e+03 -1.096341757655248328e+00
3.312887595681742368e+03 -3.186291718966837383e+00
3.314404485606505659e+03 -5.019640246880293866e+00
3.315921375531268041e+03 -6.447160217106734592e+00
3.317438265456030877e+03 -7.352560562677918909e+00
3.318955155380793258e+03 -7.661926450346187245e+00
3.320472045305556094e+03 -7.349719584177072385e+00
3.321988935230318930e+03 -6.440852560594286125e+00
3.323505825155081311e+03 -5.008669670874438040e+00
3.325022715079844602e+03 -3.168998534816910961e+00
3.326539605004606983e+03 -1.070755542978958141e+00
3.328056494929369819e+03 1.116132534636955054e+00
3.329573384854132200e+03 3.214510885031995446e+00
3.331090274778895036e+03 5.054364986102262591e+00
3.332607164703657872e+03 6.486609581243401479e+00
3.334124054628420254e+03 7.395180011132781672e+00
3.335640944553183544e+03 7.706445349957033564e+00
